-- phpMyAdmin SQL Dump
-- version 4.9.5
-- https://www.phpmyadmin.net/
--
-- Host: localhost:3306
-- Generation Time: May 14, 2021 at 09:21 PM
-- Server version: 10.2.37-MariaDB-cll-lve
-- PHP Version: 7.3.27

SET SQL_MODE = "NO_AUTO_VALUE_ON_ZERO";
SET AUTOCOMMIT = 0;
START TRANSACTION;
SET time_zone = "+00:00";


/*!40101 SET @OLD_CHARACTER_SET_CLIENT=@@CHARACTER_SET_CLIENT */;
/*!40101 SET @OLD_CHARACTER_SET_RESULTS=@@CHARACTER_SET_RESULTS */;
/*!40101 SET @OLD_COLLATION_CONNECTION=@@COLLATION_CONNECTION */;
/*!40101 SET NAMES utf8mb4 */;

--
-- Database: `qccrightchoice_newcrmri_testing`
--

-- --------------------------------------------------------

--
-- Table structure for table `com_vtiger_workflows`
--

CREATE TABLE `com_vtiger_workflows` (
  `workflow_id` int(11) NOT NULL,
  `module_name` varchar(100) DEFAULT NULL,
  `summary` varchar(400) NOT NULL,
  `test` text DEFAULT NULL,
  `execution_condition` int(11) NOT NULL,
  `defaultworkflow` int(1) DEFAULT NULL,
  `type` varchar(255) DEFAULT NULL,
  `filtersavedinnew` int(1) DEFAULT NULL,
  `schtypeid` int(10) DEFAULT NULL,
  `schdayofmonth` varchar(100) DEFAULT NULL,
  `schdayofweek` varchar(100) DEFAULT NULL,
  `schannualdates` varchar(100) DEFAULT NULL,
  `schtime` varchar(50) DEFAULT NULL,
  `nexttrigger_time` datetime DEFAULT NULL,
  `status` tinyint(1) DEFAULT 1,
  `workflowname` varchar(100) DEFAULT NULL
) ENGINE=InnoDB DEFAULT CHARSET=utf8;

--
-- Dumping data for table `com_vtiger_workflows`
--

INSERT INTO `com_vtiger_workflows` (`workflow_id`, `module_name`, `summary`, `test`, `execution_condition`, `defaultworkflow`, `type`, `filtersavedinnew`, `schtypeid`, `schdayofmonth`, `schdayofweek`, `schannualdates`, `schtime`, `nexttrigger_time`, `status`, `workflowname`) VALUES
(1, 'Invoice', 'UpdateInventoryProducts On Every Save', '[{\"fieldname\":\"subject\",\"operation\":\"does not contain\",\"value\":\"`!`\"}]', 3, 1, 'basic', 5, NULL, NULL, NULL, NULL, NULL, NULL, 1, 'UpdateInventoryProducts On Every Save'),
(2, 'Accounts', 'Send Email to user when Notifyowner is True', '[{\"fieldname\":\"notify_owner\",\"operation\":\"is\",\"value\":\"true:boolean\"}]', 2, 1, 'basic', 5, NULL, NULL, NULL, NULL, NULL, NULL, 1, 'Send Email to user when Notifyowner is True'),
(3, 'Contacts', 'Send Email to user when Notifyowner is True', '[{\"fieldname\":\"notify_owner\",\"operation\":\"is\",\"value\":\"true:boolean\"}]', 2, 1, 'basic', 5, NULL, NULL, NULL, NULL, NULL, NULL, 1, 'Send Email to user when Notifyowner is True'),
(4, 'Contacts', 'Send Email to user when Portal User is True', '[{\"fieldname\":\"portal\",\"operation\":\"is\",\"value\":\"1\",\"valuetype\":\"rawtext\",\"joincondition\":\"and\",\"groupjoin\":\"and\",\"groupid\":\"0\"},{\"fieldname\":\"email\",\"operation\":\"is not empty\",\"value\":\"\",\"valuetype\":\"rawtext\",\"joincondition\":\"\",\"groupjoin\":\"and\",\"groupid\":\"0\"}]', 3, 1, 'basic', 6, NULL, NULL, NULL, NULL, NULL, NULL, 1, 'Send Email to user when Portal User is True'),
(5, 'Potentials', 'Send Email to users on Potential creation', NULL, 1, 1, 'basic', 5, NULL, NULL, NULL, NULL, NULL, NULL, 1, 'Send Email to users on Potential creation'),
(6, 'Contacts', 'Workflow for Contact Creation or Modification', '', 3, 1, 'basic', 5, NULL, NULL, NULL, NULL, NULL, NULL, 1, 'Workflow for Contact Creation or Modification'),
(7, 'HelpDesk', 'Ticket Creation From Portal : Send Email to Record Owner and Contact', '[{\"fieldname\":\"from_portal\",\"operation\":\"is\",\"value\":1,\"valuetype\":\"rawtext\",\"joincondition\":\"and\",\"groupjoin\":\"and\",\"groupid\":0}]', 1, 1, 'basic', 6, NULL, NULL, NULL, NULL, NULL, NULL, 1, 'Ticket Creation From Portal : Send Email to Record Owner and Contact'),
(9, 'HelpDesk', 'Send Email to Contact on Ticket Update', '[{\"fieldname\":\"(contact_id : (Contacts) emailoptout)\",\"operation\":\"is\",\"value\":\"0\",\"valuetype\":\"rawtext\",\"joincondition\":\"and\",\"groupjoin\":\"and\",\"groupid\":\"0\"},{\"fieldname\":\"from_portal\",\"operation\":\"is\",\"value\":0,\"valuetype\":\"rawtext\",\"joincondition\":\"and\",\"groupjoin\":\"and\",\"groupid\":0},{\"fieldname\":\"ticketstatus\",\"operation\":\"has changed to\",\"value\":\"Closed\",\"valuetype\":\"rawtext\",\"joincondition\":\"or\",\"groupjoin\":\"and\",\"groupid\":\"1\"},{\"fieldname\":\"solution\",\"operation\":\"has changed\",\"value\":\"\",\"valuetype\":\"\",\"joincondition\":\"or\",\"groupjoin\":\"and\",\"groupid\":\"1\"},{\"fieldname\":\"description\",\"operation\":\"has changed\",\"value\":\"\",\"valuetype\":\"\",\"joincondition\":\"or\",\"groupjoin\":\"and\",\"groupid\":\"1\"}]', 3, 1, 'basic', 6, NULL, NULL, NULL, NULL, NULL, NULL, 1, 'Send Email to Contact on Ticket Update'),
(10, 'Events', 'Workflow for Events when Send Notification is True', '[{\"fieldname\":\"sendnotification\",\"operation\":\"is\",\"value\":\"true:boolean\"}]', 3, 1, 'basic', 5, NULL, NULL, NULL, NULL, NULL, NULL, 1, 'Workflow for Events when Send Notification is True'),
(11, 'Calendar', 'Workflow for Calendar Todos when Send Notification is True', '[{\"fieldname\":\"sendnotification\",\"operation\":\"is\",\"value\":\"true:boolean\"}]', 3, 1, 'basic', 5, NULL, NULL, NULL, NULL, NULL, NULL, 1, 'Workflow for Calendar Todos when Send Notification is True'),
(12, 'Potentials', 'Calculate or Update forecast amount', '', 3, 1, 'basic', 5, NULL, NULL, NULL, NULL, NULL, NULL, 1, 'Calculate or Update forecast amount'),
(13, 'Events', 'Workflow for Events when Send Notification is True', '[{\"fieldname\":\"sendnotification\",\"operation\":\"is\",\"value\":\"true:boolean\"}]', 3, 1, 'basic', 5, NULL, NULL, NULL, NULL, NULL, NULL, 1, 'Workflow for Events when Send Notification is True'),
(14, 'Calendar', 'Workflow for Calendar Todos when Send Notification is True', '[{\"fieldname\":\"sendnotification\",\"operation\":\"is\",\"value\":\"true:boolean\"}]', 3, 1, 'basic', 5, NULL, NULL, NULL, NULL, NULL, NULL, 1, 'Workflow for Calendar Todos when Send Notification is True'),
(15, 'HelpDesk', 'Comment Added From CRM : Send Email to Organization', '[{\"fieldname\":\"_VT_add_comment\",\"operation\":\"is added\",\"value\":\"\",\"valuetype\":\"rawtext\",\"joincondition\":\"\",\"groupjoin\":\"and\",\"groupid\":\"0\"},{\"fieldname\":\"from_portal\",\"operation\":\"is\",\"value\":\"0\",\"valuetype\":\"rawtext\",\"joincondition\":\"\",\"groupjoin\":\"and\",\"groupid\":\"0\"},{\"fieldname\":\"(parent_id : (Accounts) emailoptout)\",\"operation\":\"is\",\"value\":\"0\",\"valuetype\":\"rawtext\",\"joincondition\":\"and\",\"groupjoin\":\"and\",\"groupid\":\"0\"}]', 3, 1, 'basic', 6, NULL, NULL, NULL, NULL, NULL, NULL, 1, 'Comment Added From CRM : Send Email to Organization'),
(16, 'PurchaseOrder', 'Update Inventory Products On Every Save', NULL, 3, 1, 'basic', 5, NULL, NULL, NULL, NULL, NULL, NULL, 1, 'Update Inventory Products On Every Save'),
(17, 'HelpDesk', 'Comment Added From Portal : Send Email to Record Owner', '[{\"fieldname\":\"_VT_add_comment\",\"operation\":\"is added\",\"value\":\"\",\"valuetype\":\"rawtext\",\"joincondition\":\"\",\"groupjoin\":\"and\",\"groupid\":\"0\"},{\"fieldname\":\"from_portal\",\"operation\":\"is\",\"value\":\"1\",\"valuetype\":\"rawtext\",\"joincondition\":\"\",\"groupjoin\":\"and\",\"groupid\":\"0\"}]', 3, 1, 'basic', 6, NULL, NULL, NULL, NULL, NULL, NULL, 1, 'Comment Added From Portal : Send Email to Record Owner'),
(18, 'HelpDesk', 'Comment Added From CRM : Send Email to Contact, where Contact is not a Portal User', '[{\"fieldname\":\"(contact_id : (Contacts) portal)\",\"operation\":\"is\",\"value\":\"0\",\"valuetype\":\"rawtext\",\"joincondition\":\"and\",\"groupjoin\":\"and\",\"groupid\":\"0\"},{\"fieldname\":\"_VT_add_comment\",\"operation\":\"is added\",\"value\":\"\",\"valuetype\":\"rawtext\",\"joincondition\":\"\",\"groupjoin\":\"and\",\"groupid\":\"0\"},{\"fieldname\":\"from_portal\",\"operation\":\"is\",\"value\":\"0\",\"valuetype\":\"rawtext\",\"joincondition\":\"\",\"groupjoin\":\"and\",\"groupid\":\"0\"},{\"fieldname\":\"(contact_id : (Contacts) emailoptout)\",\"operation\":\"is\",\"value\":\"0\",\"valuetype\":\"rawtext\",\"joincondition\":\"and\",\"groupjoin\":\"and\",\"groupid\":\"0\"}]', 3, 1, 'basic', 6, NULL, NULL, NULL, NULL, NULL, NULL, 1, 'Comment Added From CRM : Send Email to Contact, where Contact is not a Portal User'),
(19, 'HelpDesk', 'Comment Added From CRM : Send Email to Contact, where Contact is Portal User', '[{\"fieldname\":\"(contact_id : (Contacts) portal)\",\"operation\":\"is\",\"value\":\"1\",\"valuetype\":\"rawtext\",\"joincondition\":\"and\",\"groupjoin\":\"and\",\"groupid\":\"0\"},{\"fieldname\":\"_VT_add_comment\",\"operation\":\"is added\",\"value\":\"\",\"valuetype\":\"rawtext\",\"joincondition\":\"\",\"groupjoin\":\"and\",\"groupid\":\"0\"},{\"fieldname\":\"from_portal\",\"operation\":\"is\",\"value\":\"0\",\"valuetype\":\"rawtext\",\"joincondition\":\"\",\"groupjoin\":\"and\",\"groupid\":\"0\"},{\"fieldname\":\"(contact_id : (Contacts) emailoptout)\",\"operation\":\"is\",\"value\":\"0\",\"valuetype\":\"rawtext\",\"joincondition\":\"and\",\"groupjoin\":\"and\",\"groupid\":\"0\"}]', 3, 1, 'basic', 6, NULL, NULL, NULL, NULL, NULL, NULL, 1, 'Comment Added From CRM : Send Email to Contact, where Contact is Portal User'),
(20, 'HelpDesk', 'Send Email to Record Owner on Ticket Update', '[{\"fieldname\":\"from_portal\",\"operation\":\"is\",\"value\":0,\"valuetype\":\"rawtext\",\"joincondition\":\"and\",\"groupjoin\":\"and\",\"groupid\":0},{\"fieldname\":\"ticketstatus\",\"operation\":\"has changed to\",\"value\":\"Closed\",\"valuetype\":\"rawtext\",\"joincondition\":\"or\",\"groupjoin\":\"and\",\"groupid\":\"1\"},{\"fieldname\":\"solution\",\"operation\":\"has changed\",\"value\":\"\",\"valuetype\":\"\",\"joincondition\":\"or\",\"groupjoin\":\"and\",\"groupid\":\"1\"},{\"fieldname\":\"assigned_user_id\",\"operation\":\"has changed\",\"value\":\"\",\"valuetype\":\"\",\"joincondition\":\"or\",\"groupjoin\":\"and\",\"groupid\":\"1\"},{\"fieldname\":\"description\",\"operation\":\"has changed\",\"value\":\"\",\"valuetype\":\"\",\"joincondition\":\"or\",\"groupjoin\":\"and\",\"groupid\":\"1\"}]', 3, 1, 'basic', 6, NULL, NULL, NULL, NULL, NULL, NULL, 1, 'Send Email to Record Owner on Ticket Update'),
(21, 'HelpDesk', 'Ticket Creation From CRM : Send Email to Record Owner', '[{\"fieldname\":\"from_portal\",\"operation\":\"is\",\"value\":\"0\",\"valuetype\":\"rawtext\",\"joincondition\":\"\",\"groupjoin\":\"and\",\"groupid\":\"0\"}]', 1, 1, 'basic', 6, NULL, NULL, NULL, NULL, NULL, NULL, 1, 'Ticket Creation From CRM : Send Email to Record Owner'),
(22, 'HelpDesk', 'Send Email to Organization on Ticket Update', '[{\"fieldname\":\"(parent_id : (Accounts) emailoptout)\",\"operation\":\"is\",\"value\":\"0\",\"valuetype\":\"rawtext\",\"joincondition\":\"and\",\"groupjoin\":\"and\",\"groupid\":\"0\"},{\"fieldname\":\"from_portal\",\"operation\":\"is\",\"value\":0,\"valuetype\":\"rawtext\",\"joincondition\":\"and\",\"groupjoin\":\"and\",\"groupid\":0},{\"fieldname\":\"ticketstatus\",\"operation\":\"has changed to\",\"value\":\"Closed\",\"valuetype\":\"rawtext\",\"joincondition\":\"or\",\"groupjoin\":\"and\",\"groupid\":\"1\"},{\"fieldname\":\"solution\",\"operation\":\"has changed\",\"value\":\"\",\"valuetype\":\"\",\"joincondition\":\"or\",\"groupjoin\":\"and\",\"groupid\":\"1\"},{\"fieldname\":\"description\",\"operation\":\"has changed\",\"value\":\"\",\"valuetype\":\"\",\"joincondition\":\"or\",\"groupjoin\":\"and\",\"groupid\":\"1\"}]', 3, 1, 'basic', 6, NULL, NULL, NULL, NULL, NULL, NULL, 1, 'Send Email to Organization on Ticket Update'),
(23, 'HelpDesk', 'Ticket Creation From CRM : Send Email to Organization', '[{\"fieldname\":\"(parent_id : (Accounts) emailoptout)\",\"operation\":\"is\",\"value\":\"0\",\"valuetype\":\"rawtext\",\"joincondition\":\"and\",\"groupjoin\":\"and\",\"groupid\":\"0\"},{\"fieldname\":\"from_portal\",\"operation\":\"is\",\"value\":\"0\",\"valuetype\":\"rawtext\",\"joincondition\":\"\",\"groupjoin\":\"and\",\"groupid\":\"0\"}]', 1, 1, 'basic', 6, NULL, NULL, NULL, NULL, NULL, NULL, 1, 'Ticket Creation From CRM : Send Email to Organization'),
(24, 'HelpDesk', 'Ticket Creation From CRM : Send Email to Contact', '[{\"fieldname\":\"(contact_id : (Contacts) emailoptout)\",\"operation\":\"is\",\"value\":\"0\",\"valuetype\":\"rawtext\",\"joincondition\":\"and\",\"groupjoin\":\"and\",\"groupid\":\"0\"},{\"fieldname\":\"from_portal\",\"operation\":\"is\",\"value\":\"0\",\"valuetype\":\"rawtext\",\"joincondition\":\"\",\"groupjoin\":\"and\",\"groupid\":\"0\"}]', 1, 1, 'basic', 6, NULL, NULL, NULL, NULL, NULL, NULL, 1, 'Ticket Creation From CRM : Send Email to Contact');

-- --------------------------------------------------------

--
-- Table structure for table `com_vtiger_workflows_seq`
--

CREATE TABLE `com_vtiger_workflows_seq` (
  `id` int(11) NOT NULL
) ENGINE=InnoDB DEFAULT CHARSET=utf8;

--
-- Dumping data for table `com_vtiger_workflows_seq`
--

INSERT INTO `com_vtiger_workflows_seq` (`id`) VALUES
(24);

-- --------------------------------------------------------

--
-- Table structure for table `com_vtiger_workflowtasks`
--

CREATE TABLE `com_vtiger_workflowtasks` (
  `task_id` int(11) NOT NULL,
  `workflow_id` int(11) DEFAULT NULL,
  `summary` varchar(400) NOT NULL,
  `task` text DEFAULT NULL
) ENGINE=InnoDB DEFAULT CHARSET=utf8;

--
-- Dumping data for table `com_vtiger_workflowtasks`
--

INSERT INTO `com_vtiger_workflowtasks` (`task_id`, `workflow_id`, `summary`, `task`) VALUES
(1, 1, '', 'O:18:\"VTEntityMethodTask\":6:{s:18:\"executeImmediately\";b:1;s:10:\"workflowId\";i:1;s:7:\"summary\";s:0:\"\";s:6:\"active\";b:1;s:10:\"methodName\";s:15:\"UpdateInventory\";s:2:\"id\";i:1;}'),
(2, 2, 'An account has been created ', 'O:11:\"VTEmailTask\":9:{s:18:\"executeImmediately\";s:0:\"\";s:10:\"workflowId\";s:1:\"2\";s:7:\"summary\";s:28:\"An account has been created \";s:6:\"active\";s:1:\"1\";s:10:\"methodName\";s:11:\"NotifyOwner\";s:9:\"recepient\";s:36:\"$(assigned_user_id : (Users) email1)\";s:7:\"subject\";s:26:\"Regarding Account Creation\";s:7:\"content\";s:301:\"An Account has been assigned to you on vtigerCRM<br>Details of account are :<br><br>AccountId:<b>$account_no</b><br>AccountName:<b>$accountname</b><br>Rating:<b>$rating</b><br>Industry:<b>$industry</b><br>AccountType:<b>$accounttype</b><br>Description:<b>$description</b><br><br><br>Thank You<br>Admin\";s:2:\"id\";s:1:\"2\";}'),
(3, 3, 'An contact has been created ', 'O:11:\"VTEmailTask\":9:{s:18:\"executeImmediately\";s:0:\"\";s:10:\"workflowId\";s:1:\"3\";s:7:\"summary\";s:28:\"An contact has been created \";s:6:\"active\";s:1:\"1\";s:10:\"methodName\";s:11:\"NotifyOwner\";s:9:\"recepient\";s:36:\"$(assigned_user_id : (Users) email1)\";s:7:\"subject\";s:26:\"Regarding Contact Creation\";s:7:\"content\";s:305:\"An Contact has been assigned to you on vtigerCRM<br>Details of Contact are :<br><br>Contact Id:<b>$contact_no</b><br>LastName:<b>$lastname</b><br>FirstName:<b>$firstname</b><br>Lead Source:<b>$leadsource</b><br>Department:<b>$department</b><br>Description:<b>$description</b><br><br><br>Thank You<br>Admin\";s:2:\"id\";s:1:\"3\";}'),
(4, 4, 'Email Customer Portal Login Details', 'O:18:\"VTEntityMethodTask\":6:{s:18:\"executeImmediately\";b:1;s:10:\"workflowId\";i:4;s:7:\"summary\";s:35:\"Email Customer Portal Login Details\";s:6:\"active\";b:1;s:10:\"methodName\";s:22:\"SendPortalLoginDetails\";s:2:\"id\";i:4;}'),
(5, 5, 'An Potential has been created ', 'O:11:\"VTEmailTask\":8:{s:18:\"executeImmediately\";s:0:\"\";s:10:\"workflowId\";s:1:\"5\";s:7:\"summary\";s:30:\"An Potential has been created \";s:6:\"active\";s:1:\"1\";s:9:\"recepient\";s:36:\"$(assigned_user_id : (Users) email1)\";s:7:\"subject\";s:30:\"Regarding Potential Assignment\";s:7:\"content\";s:342:\"An Potential has been assigned to you on vtigerCRM<br>Details of Potential are :<br><br>Potential No:<b>$potential_no</b><br>Potential Name:<b>$potentialname</b><br>Amount:<b>$amount</b><br>Expected Close Date:<b>$closingdate ($_DATE_FORMAT_)</b><br>Type:<b>$opportunity_type</b><br><br><br>Description :$description<br><br>Thank You<br>Admin\";s:2:\"id\";s:1:\"5\";}'),
(6, 6, 'An contact has been created ', 'O:11:\"VTEmailTask\":8:{s:18:\"executeImmediately\";s:0:\"\";s:10:\"workflowId\";s:1:\"6\";s:7:\"summary\";s:28:\"An contact has been created \";s:6:\"active\";s:1:\"1\";s:9:\"recepient\";s:36:\"$(assigned_user_id : (Users) email1)\";s:7:\"subject\";s:28:\"Regarding Contact Assignment\";s:7:\"content\";s:384:\"An Contact has been assigned to you on vtigerCRM<br>Details of Contact are :<br><br>Contact Id:<b>$contact_no</b><br>LastName:<b>$lastname</b><br>FirstName:<b>$firstname</b><br>Lead Source:<b>$leadsource</b><br>Department:<b>$department</b><br>Description:<b>$description</b><br><br><br>And <b>CustomerPortal Login Details</b> is sent to the EmailID :-$email<br><br>Thank You<br>Admin\";s:2:\"id\";s:1:\"6\";}'),
(7, 7, 'Notify Related Contact when Ticket is created from Portal', 'O:11:\"VTEmailTask\":9:{s:18:\"executeImmediately\";s:1:\"0\";s:7:\"summary\";s:57:\"Notify Related Contact when Ticket is created from Portal\";s:6:\"active\";s:1:\"1\";s:2:\"id\";s:1:\"7\";s:10:\"workflowId\";s:1:\"7\";s:9:\"fromEmail\";s:93:\"$(general : (__VtigerMeta__) supportName)&lt;$(general : (__VtigerMeta__) supportEmailId)&gt;\";s:9:\"recepient\";s:33:\",$(contact_id : (Contacts) email)\";s:7:\"subject\";s:93:\"[From Portal] $ticket_no [ Ticket Id : $(general : (__VtigerMeta__) recordId) ] $ticket_title\";s:7:\"content\";s:158:\"Ticket No : $ticket_no<br>\n							  Ticket ID : $(general : (__VtigerMeta__) recordId)<br>\n							  Ticket Title : $ticket_title<br><br>\n							  $description\";}'),
(10, 9, 'Send Email to Contact on Ticket Update', 'O:11:\"VTEmailTask\":9:{s:18:\"executeImmediately\";s:1:\"0\";s:7:\"summary\";s:38:\"Send Email to Contact on Ticket Update\";s:6:\"active\";s:1:\"1\";s:2:\"id\";s:2:\"10\";s:9:\"fromEmail\";s:93:\"$(general : (__VtigerMeta__) supportName)&lt;$(general : (__VtigerMeta__) supportEmailId)&gt;\";s:9:\"recepient\";s:33:\",$(contact_id : (Contacts) email)\";s:7:\"subject\";s:79:\"$ticket_no [ Ticket Id : $(general : (__VtigerMeta__) recordId) ] $ticket_title\";s:7:\"content\";s:624:\"Ticket ID : $(general : (__VtigerMeta__) recordId)<br>Ticket Title : $ticket_title<br><br>\n								Dear $(contact_id : (Contacts) lastname) $(contact_id : (Contacts) firstname),<br><br>\n								The Ticket is replied the details are :<br><br>\n								Ticket No : $ticket_no<br>\n								Status : $ticketstatus<br>\n								Category : $ticketcategories<br>\n								Severity : $ticketseverities<br>\n								Priority : $ticketpriorities<br><br>\n								Description : <br>$description<br><br>\n								Solution : <br>$solution<br>\n								The comments are : <br>\n								$allComments<br><br>\n								Regards<br>Support Administrator\";s:10:\"workflowId\";s:1:\"9\";}'),
(13, 12, 'update forecast amount', 'O:18:\"VTUpdateFieldsTask\":7:{s:18:\"executeImmediately\";b:1;s:43:\"\0VTUpdateFieldsTask\0referenceFieldFocusList\";a:0:{}s:10:\"workflowId\";i:12;s:7:\"summary\";s:22:\"update forecast amount\";s:6:\"active\";b:1;s:19:\"field_value_mapping\";s:95:\"[{\"fieldname\":\"forecast_amount\",\"valuetype\":\"expression\",\"value\":\"amount * probability / 100\"}]\";s:2:\"id\";i:13;}'),
(14, 13, 'Send Notification Email to Record Owner', 'O:11:\"VTEmailTask\":8:{s:18:\"executeImmediately\";s:0:\"\";s:10:\"workflowId\";s:2:\"13\";s:7:\"summary\";s:39:\"Send Notification Email to Record Owner\";s:6:\"active\";s:1:\"1\";s:9:\"recepient\";s:36:\"$(assigned_user_id : (Users) email1)\";s:7:\"subject\";s:17:\"Event :  $subject\";s:7:\"content\";s:771:\"$(assigned_user_id : (Users) last_name) $(assigned_user_id : (Users) first_name) ,<br/><b>Activity Notification Details:</b><br/>Subject             : $subject<br/>Start date and time : $date_start ($(general : (__VtigerMeta__) usertimezone))<br/>End date and time   : $due_date ($(general : (__VtigerMeta__) usertimezone)) <br/>Status              : $eventstatus <br/>Priority            : $taskpriority <br/>Related To          : $(parent_id : (Leads) lastname) $(parent_id : (Leads) firstname) $(parent_id : (Accounts) accountname) $(parent_id : (Potentials) potentialname) $(parent_id : (HelpDesk) ticket_title) $(parent_id : (Campaigns) campaignname) <br/>Contacts List       : $contact_id <br/>Location            : $location <br/>Description         : $description\";s:2:\"id\";s:2:\"14\";}'),
(15, 14, 'Send Notification Email to Record Owner', 'O:11:\"VTEmailTask\":8:{s:18:\"executeImmediately\";s:0:\"\";s:10:\"workflowId\";s:2:\"14\";s:7:\"summary\";s:39:\"Send Notification Email to Record Owner\";s:6:\"active\";s:1:\"1\";s:9:\"recepient\";s:36:\"$(assigned_user_id : (Users) email1)\";s:7:\"subject\";s:16:\"Task :  $subject\";s:7:\"content\";s:689:\"$(assigned_user_id : (Users) last_name) $(assigned_user_id : (Users) first_name) ,<br/><b>Task Notification Details:</b><br/>Subject : $subject<br/>Start date and time : $date_start ($(general : (__VtigerMeta__) usertimezone))<br/>End date and time   : $due_date ($_DATE_FORMAT_) <br/>Status              : $taskstatus <br/>Priority            : $taskpriority <br/>Related To          : $(parent_id : (Leads) lastname) $(parent_id : (Leads) firstname) $(parent_id : (Accounts) accountname) $(parent_id : (Potentials) potentialname) $(parent_id : (HelpDesk) ticket_title) $(parent_id : (Campaigns) campaignname) <br/>Contacts List       : $contact_id <br/>Description         : $description\";s:2:\"id\";s:2:\"15\";}'),
(18, 16, 'Update Inventory Products', 'O:18:\"VTEntityMethodTask\":6:{s:18:\"executeImmediately\";b:1;s:10:\"workflowId\";i:16;s:7:\"summary\";s:25:\"Update Inventory Products\";s:6:\"active\";b:1;s:10:\"methodName\";s:15:\"UpdateInventory\";s:2:\"id\";i:18;}'),
(19, 17, 'Comment Added From Portal : Send Email to Record Owner', 'O:11:\"VTEmailTask\":9:{s:18:\"executeImmediately\";s:1:\"0\";s:7:\"summary\";s:54:\"Comment Added From Portal : Send Email to Record Owner\";s:6:\"active\";s:1:\"1\";s:2:\"id\";s:2:\"19\";s:10:\"workflowId\";s:2:\"17\";s:9:\"fromEmail\";s:112:\"$(contact_id : (Contacts) lastname) $(contact_id : (Contacts) firstname)&lt;$(contact_id : (Contacts) email)&gt;\";s:9:\"recepient\";s:37:\",$(assigned_user_id : (Users) email1)\";s:7:\"subject\";s:92:\"Respond to Ticket ID## $(general : (__VtigerMeta__) recordId) ## in Customer Portal - URGENT\";s:7:\"content\";s:325:\"Dear $(assigned_user_id : (Users) last_name) $(assigned_user_id : (Users) first_name),<br><br>\n								Customer has provided the following additional information to your reply:<br><br>\n								<b>$lastComment</b><br><br>\n								Kindly respond to above ticket at the earliest.<br><br>\n								Regards<br>Support Administrator\";}'),
(20, 18, 'Comment Added From CRM : Send Email to Contact, where Contact is not a Portal User', 'O:11:\"VTEmailTask\":9:{s:18:\"executeImmediately\";s:1:\"0\";s:7:\"summary\";s:82:\"Comment Added From CRM : Send Email to Contact, where Contact is not a Portal User\";s:6:\"active\";s:1:\"1\";s:2:\"id\";s:2:\"20\";s:10:\"workflowId\";s:2:\"18\";s:9:\"fromEmail\";s:93:\"$(general : (__VtigerMeta__) supportName)&lt;$(general : (__VtigerMeta__) supportEmailId)&gt;\";s:9:\"recepient\";s:33:\",$(contact_id : (Contacts) email)\";s:7:\"subject\";s:79:\"$ticket_no [ Ticket Id : $(general : (__VtigerMeta__) recordId) ] $ticket_title\";s:7:\"content\";s:514:\"Dear $(contact_id : (Contacts) lastname) $(contact_id : (Contacts) firstname),<br><br>\n							The Ticket is replied the details are :<br><br>\n							Ticket No : $ticket_no<br>\n							Status : $ticketstatus<br>\n							Category : $ticketcategories<br>\n							Severity : $ticketseverities<br>\n							Priority : $ticketpriorities<br><br>\n							Description : <br>$description<br><br>\n							Solution : <br>$solution<br>\n							The comments are : <br>\n							$allComments<br><br>\n							Regards<br>Support Administrator\";}'),
(21, 19, 'Comment Added From CRM : Send Email to Contact, where Contact is Portal User', 'O:11:\"VTEmailTask\":9:{s:18:\"executeImmediately\";s:1:\"0\";s:7:\"summary\";s:76:\"Comment Added From CRM : Send Email to Contact, where Contact is Portal User\";s:6:\"active\";s:1:\"1\";s:2:\"id\";s:2:\"21\";s:10:\"workflowId\";s:2:\"19\";s:9:\"fromEmail\";s:93:\"$(general : (__VtigerMeta__) supportName)&lt;$(general : (__VtigerMeta__) supportEmailId)&gt;\";s:9:\"recepient\";s:33:\",$(contact_id : (Contacts) email)\";s:7:\"subject\";s:79:\"$ticket_no [ Ticket Id : $(general : (__VtigerMeta__) recordId) ] $ticket_title\";s:7:\"content\";s:547:\"Ticket No : $ticket_no<br>\n										Ticket Id : $(general : (__VtigerMeta__) recordId)<br>\n										Subject : $ticket_title<br><br>\n										Dear $(contact_id : (Contacts) lastname) $(contact_id : (Contacts) firstname),<br><br>\n										There is a reply to <b>$ticket_title</b> in the \"Customer Portal\" at VTiger.\n										You can use the following link to view the replies made:<br>\n										<a href=\"$(general : (__VtigerMeta__) portaldetailviewurl)\">Ticket Details</a><br><br>\n										Thanks<br>$(general : (__VtigerMeta__) supportName)\";}'),
(22, 15, 'Comment Added From CRM : Send Email to Organization', 'O:11:\"VTEmailTask\":9:{s:18:\"executeImmediately\";s:1:\"0\";s:7:\"summary\";s:51:\"Comment Added From CRM : Send Email to Organization\";s:6:\"active\";s:1:\"1\";s:2:\"id\";s:2:\"22\";s:10:\"workflowId\";s:2:\"15\";s:9:\"fromEmail\";s:93:\"$(general : (__VtigerMeta__) supportName)&lt;$(general : (__VtigerMeta__) supportEmailId)&gt;\";s:9:\"recepient\";s:34:\",$(parent_id : (Accounts) email1),\";s:7:\"subject\";s:79:\"$ticket_no [ Ticket Id : $(general : (__VtigerMeta__) recordId) ] $ticket_title\";s:7:\"content\";s:589:\"Ticket ID : $(general : (__VtigerMeta__) recordId)<br>Ticket Title : $ticket_title<br><br>\n								Dear $(parent_id : (Accounts) accountname),<br><br>\n								The Ticket is replied the details are :<br><br>\n								Ticket No : $ticket_no<br>\n								Status : $ticketstatus<br>\n								Category : $ticketcategories<br>\n								Severity : $ticketseverities<br>\n								Priority : $ticketpriorities<br><br>\n								Description : <br>$description<br><br>\n								Solution : <br>$solution<br>\n								The comments are : <br>\n								$allComments<br><br>\n								Regards<br>Support Administrator\";}'),
(23, 7, 'Notify Record Owner when Ticket is created from Portal', 'O:11:\"VTEmailTask\":9:{s:18:\"executeImmediately\";s:1:\"0\";s:7:\"summary\";s:54:\"Notify Record Owner when Ticket is created from Portal\";s:6:\"active\";s:1:\"1\";s:2:\"id\";s:2:\"23\";s:10:\"workflowId\";s:1:\"7\";s:9:\"fromEmail\";s:124:\"$(contact_id : (Contacts) lastname) $(contact_id : (Contacts) firstname)&lt;$(general : (__VtigerMeta__) supportEmailId)&gt;\";s:9:\"recepient\";s:37:\",$(assigned_user_id : (Users) email1)\";s:7:\"subject\";s:93:\"[From Portal] $ticket_no [ Ticket Id : $(general : (__VtigerMeta__) recordId) ] $ticket_title\";s:7:\"content\";s:158:\"Ticket No : $ticket_no<br>\n							  Ticket ID : $(general : (__VtigerMeta__) recordId)<br>\n							  Ticket Title : $ticket_title<br><br>\n							  $description\";}'),
(24, 20, 'Send Email to Record Owner on Ticket Update', 'O:11:\"VTEmailTask\":9:{s:18:\"executeImmediately\";s:1:\"0\";s:7:\"summary\";s:43:\"Send Email to Record Owner on Ticket Update\";s:6:\"active\";s:1:\"1\";s:2:\"id\";s:2:\"24\";s:10:\"workflowId\";s:2:\"20\";s:9:\"fromEmail\";s:93:\"$(general : (__VtigerMeta__) supportName)&lt;$(general : (__VtigerMeta__) supportEmailId)&gt;\";s:9:\"recepient\";s:37:\",$(assigned_user_id : (Users) email1)\";s:7:\"subject\";s:40:\"Ticket Number : $ticket_no $ticket_title\";s:7:\"content\";s:596:\"Ticket ID : $(general : (__VtigerMeta__) recordId)<br>Ticket Title : $ticket_title<br><br>\n								Dear $(assigned_user_id : (Users) last_name) $(assigned_user_id : (Users) first_name),<br><br>\n								The Ticket is replied the details are :<br><br>\n								Ticket No : $ticket_no<br>\n								Status : $ticketstatus<br>\n								Category : $ticketcategories<br>\n								Severity : $ticketseverities<br>\n								Priority : $ticketpriorities<br><br>\n								Description : <br>$description<br><br>\n								Solution : <br>$solution\n								$allComments<br><br>\n								Regards<br>Support Administrator\";}'),
(25, 21, 'Ticket Creation From CRM : Send Email to Record Owner', 'O:11:\"VTEmailTask\":9:{s:18:\"executeImmediately\";s:1:\"0\";s:7:\"summary\";s:53:\"Ticket Creation From CRM : Send Email to Record Owner\";s:6:\"active\";s:1:\"1\";s:2:\"id\";s:2:\"25\";s:10:\"workflowId\";s:2:\"21\";s:9:\"fromEmail\";s:93:\"$(general : (__VtigerMeta__) supportName)&lt;$(general : (__VtigerMeta__) supportEmailId)&gt;\";s:9:\"recepient\";s:37:\",$(assigned_user_id : (Users) email1)\";s:7:\"subject\";s:40:\"Ticket Number : $ticket_no $ticket_title\";s:7:\"content\";s:596:\"Ticket ID : $(general : (__VtigerMeta__) recordId)<br>Ticket Title : $ticket_title<br><br>\n								Dear $(assigned_user_id : (Users) last_name) $(assigned_user_id : (Users) first_name),<br><br>\n								The Ticket is replied the details are :<br><br>\n								Ticket No : $ticket_no<br>\n								Status : $ticketstatus<br>\n								Category : $ticketcategories<br>\n								Severity : $ticketseverities<br>\n								Priority : $ticketpriorities<br><br>\n								Description : <br>$description<br><br>\n								Solution : <br>$solution\n								$allComments<br><br>\n								Regards<br>Support Administrator\";}'),
(26, 22, 'Send Email to Organization on Ticket Update', 'O:11:\"VTEmailTask\":9:{s:18:\"executeImmediately\";s:1:\"0\";s:7:\"summary\";s:43:\"Send Email to Organization on Ticket Update\";s:6:\"active\";s:1:\"1\";s:2:\"id\";s:2:\"26\";s:9:\"fromEmail\";s:93:\"$(general : (__VtigerMeta__) supportName)&lt;$(general : (__VtigerMeta__) supportEmailId)&gt;\";s:9:\"recepient\";s:33:\",$(parent_id : (Accounts) email1)\";s:7:\"subject\";s:79:\"$ticket_no [ Ticket Id : $(general : (__VtigerMeta__) recordId) ] $ticket_title\";s:7:\"content\";s:589:\"Ticket ID : $(general : (__VtigerMeta__) recordId)<br>Ticket Title : $ticket_title<br><br>\n								Dear $(parent_id : (Accounts) accountname),<br><br>\n								The Ticket is replied the details are :<br><br>\n								Ticket No : $ticket_no<br>\n								Status : $ticketstatus<br>\n								Category : $ticketcategories<br>\n								Severity : $ticketseverities<br>\n								Priority : $ticketpriorities<br><br>\n								Description : <br>$description<br><br>\n								Solution : <br>$solution<br>\n								The comments are : <br>\n								$allComments<br><br>\n								Regards<br>Support Administrator\";s:10:\"workflowId\";s:2:\"22\";}'),
(27, 23, 'Ticket Creation From CRM : Send Email to Organization', 'O:11:\"VTEmailTask\":9:{s:18:\"executeImmediately\";s:1:\"0\";s:7:\"summary\";s:53:\"Ticket Creation From CRM : Send Email to Organization\";s:6:\"active\";s:1:\"1\";s:2:\"id\";s:2:\"27\";s:9:\"fromEmail\";s:93:\"$(general : (__VtigerMeta__) supportName)&lt;$(general : (__VtigerMeta__) supportEmailId)&gt;\";s:9:\"recepient\";s:33:\",$(parent_id : (Accounts) email1)\";s:7:\"subject\";s:79:\"$ticket_no [ Ticket Id : $(general : (__VtigerMeta__) recordId) ] $ticket_title\";s:7:\"content\";s:589:\"Ticket ID : $(general : (__VtigerMeta__) recordId)<br>Ticket Title : $ticket_title<br><br>\n								Dear $(parent_id : (Accounts) accountname),<br><br>\n								The Ticket is replied the details are :<br><br>\n								Ticket No : $ticket_no<br>\n								Status : $ticketstatus<br>\n								Category : $ticketcategories<br>\n								Severity : $ticketseverities<br>\n								Priority : $ticketpriorities<br><br>\n								Description : <br>$description<br><br>\n								Solution : <br>$solution<br>\n								The comments are : <br>\n								$allComments<br><br>\n								Regards<br>Support Administrator\";s:10:\"workflowId\";s:2:\"23\";}'),
(28, 24, 'Ticket Creation From CRM : Send Email to Contact', 'O:11:\"VTEmailTask\":9:{s:18:\"executeImmediately\";s:1:\"0\";s:7:\"summary\";s:48:\"Ticket Creation From CRM : Send Email to Contact\";s:6:\"active\";s:1:\"1\";s:2:\"id\";s:2:\"28\";s:9:\"fromEmail\";s:93:\"$(general : (__VtigerMeta__) supportName)&lt;$(general : (__VtigerMeta__) supportEmailId)&gt;\";s:9:\"recepient\";s:33:\",$(contact_id : (Contacts) email)\";s:7:\"subject\";s:79:\"$ticket_no [ Ticket Id : $(general : (__VtigerMeta__) recordId) ] $ticket_title\";s:7:\"content\";s:624:\"Ticket ID : $(general : (__VtigerMeta__) recordId)<br>Ticket Title : $ticket_title<br><br>\n								Dear $(contact_id : (Contacts) lastname) $(contact_id : (Contacts) firstname),<br><br>\n								The Ticket is replied the details are :<br><br>\n								Ticket No : $ticket_no<br>\n								Status : $ticketstatus<br>\n								Category : $ticketcategories<br>\n								Severity : $ticketseverities<br>\n								Priority : $ticketpriorities<br><br>\n								Description : <br>$description<br><br>\n								Solution : <br>$solution<br>\n								The comments are : <br>\n								$allComments<br><br>\n								Regards<br>Support Administrator\";s:10:\"workflowId\";s:2:\"24\";}');

-- --------------------------------------------------------

--
-- Table structure for table `com_vtiger_workflowtasks_entitymethod`
--

CREATE TABLE `com_vtiger_workflowtasks_entitymethod` (
  `workflowtasks_entitymethod_id` int(11) NOT NULL,
  `module_name` varchar(100) DEFAULT NULL,
  `method_name` varchar(100) DEFAULT NULL,
  `function_path` varchar(400) DEFAULT NULL,
  `function_name` varchar(100) DEFAULT NULL
) ENGINE=InnoDB DEFAULT CHARSET=utf8;

--
-- Dumping data for table `com_vtiger_workflowtasks_entitymethod`
--

INSERT INTO `com_vtiger_workflowtasks_entitymethod` (`workflowtasks_entitymethod_id`, `module_name`, `method_name`, `function_path`, `function_name`) VALUES
(1, 'SalesOrder', 'UpdateInventory', 'include/InventoryHandler.php', 'handleInventoryProductRel'),
(2, 'Invoice', 'UpdateInventory', 'include/InventoryHandler.php', 'handleInventoryProductRel'),
(3, 'Contacts', 'SendPortalLoginDetails', 'modules/Contacts/ContactsHandler.php', 'Contacts_sendCustomerPortalLoginDetails'),
(4, 'HelpDesk', 'NotifyOnPortalTicketCreation', 'modules/HelpDesk/HelpDeskHandler.php', 'HelpDesk_nofifyOnPortalTicketCreation'),
(5, 'HelpDesk', 'NotifyOnPortalTicketComment', 'modules/HelpDesk/HelpDeskHandler.php', 'HelpDesk_notifyOnPortalTicketComment'),
(6, 'HelpDesk', 'NotifyOwnerOnTicketChange', 'modules/HelpDesk/HelpDeskHandler.php', 'HelpDesk_notifyOwnerOnTicketChange'),
(7, 'HelpDesk', 'NotifyParentOnTicketChange', 'modules/HelpDesk/HelpDeskHandler.php', 'HelpDesk_notifyParentOnTicketChange'),
(8, 'ModComments', 'CustomerCommentFromPortal', 'modules/ModComments/ModCommentsHandler.php', 'CustomerCommentFromPortal'),
(9, 'ModComments', 'TicketOwnerComments', 'modules/ModComments/ModCommentsHandler.php', 'TicketOwnerComments'),
(10, 'PurchaseOrder', 'UpdateInventory', 'include/InventoryHandler.php', 'handleInventoryProductRel');

-- --------------------------------------------------------

--
-- Table structure for table `com_vtiger_workflowtasks_entitymethod_seq`
--

CREATE TABLE `com_vtiger_workflowtasks_entitymethod_seq` (
  `id` int(11) NOT NULL
) ENGINE=InnoDB DEFAULT CHARSET=utf8;

--
-- Dumping data for table `com_vtiger_workflowtasks_entitymethod_seq`
--

INSERT INTO `com_vtiger_workflowtasks_entitymethod_seq` (`id`) VALUES
(10);

-- --------------------------------------------------------

--
-- Table structure for table `com_vtiger_workflowtasks_seq`
--

CREATE TABLE `com_vtiger_workflowtasks_seq` (
  `id` int(11) NOT NULL
) ENGINE=InnoDB DEFAULT CHARSET=utf8;

--
-- Dumping data for table `com_vtiger_workflowtasks_seq`
--

INSERT INTO `com_vtiger_workflowtasks_seq` (`id`) VALUES
(28);

-- --------------------------------------------------------

--
-- Table structure for table `com_vtiger_workflowtask_queue`
--

CREATE TABLE `com_vtiger_workflowtask_queue` (
  `task_id` int(11) DEFAULT NULL,
  `entity_id` varchar(100) DEFAULT NULL,
  `do_after` int(11) DEFAULT NULL,
  `relatedinfo` varchar(255) DEFAULT NULL,
  `task_contents` text DEFAULT NULL
) ENGINE=InnoDB DEFAULT CHARSET=utf8;

--
-- Dumping data for table `com_vtiger_workflowtask_queue`
--

INSERT INTO `com_vtiger_workflowtask_queue` (`task_id`, `entity_id`, `do_after`, `relatedinfo`, `task_contents`) VALUES
(15, '9x5', 0, 'false', '{\"fromEmail\":\"lucas@gmail.com\",\"fromName\":\"Lucas Thom\",\"replyTo\":\"shashidhargr111@gmail.com\",\"toEmail\":\"lucas@gmail.com\",\"ccEmail\":\"\",\"bccEmail\":\"\",\"subject\":\"Task :  Elite\",\"content\":\"Thom Lucas ,<br\\/><b>Task Notification Details:<\\/b><br\\/>Subject : Elite<br\\/>Start date and time : 2020-12-17 11:09 AM ((UTC) Coordinated Universal Time, Greenwich Mean Time)<br\\/>End date and time   : 2020-12-31 (yyyy-mm-dd) <br\\/>Status              : Not Started <br\\/>Priority            : High <br\\/>Related To          : lead New south     <br\\/>Contacts List       :  <br\\/>Description         : <br><br>\"}'),
(6, '12x8', 0, 'false', '{\"fromEmail\":\"shashidhargr111@gmail.com\",\"fromName\":\"RightChoice Administrator\",\"replyTo\":\"shashidhargr111@gmail.com\",\"toEmail\":\"shashidhargr111@gmail.com\",\"ccEmail\":\"\",\"bccEmail\":\"\",\"subject\":\"Regarding Contact Assignment\",\"content\":\"An Contact has been assigned to you on vtigerCRM<br>Details of Contact are :<br><br>Contact Id:<b>CON1<\\/b><br>LastName:<b>qad<\\/b><br>FirstName:<b>qa<\\/b><br>Lead Source:<b><\\/b><br>Department:<b><\\/b><br>Description:<b><\\/b><br><br><br>And <b>CustomerPortal Login Details<\\/b> is sent to the EmailID :-<br><br>Thank You<br>Admin<br><br>\"}'),
(5, '13x9', 0, 'false', '{\"fromEmail\":\"shashidhargr111@gmail.com\",\"fromName\":\"RightChoice Administrator\",\"replyTo\":\"shashidhargr111@gmail.com\",\"toEmail\":\"shashidhargr111@gmail.com\",\"ccEmail\":\"\",\"bccEmail\":\"\",\"subject\":\"Regarding Potential Assignment\",\"content\":\"An Potential has been assigned to you on vtigerCRM<br>Details of Potential are :<br><br>Potential No:<b>POT1<\\/b><br>Potential Name:<b>sd<\\/b><br>Amount:<b>\\u20b90<\\/b><br>Expected Close Date:<b>11-12-2020 (dd-mm-yyyy)<\\/b><br>Type:<b><\\/b><br><br><br>Description :<br><br>Thank You<br>Admin<br><br>\"}'),
(6, '12x16', 0, 'false', '{\"fromEmail\":\"shashidhargr111@gmail.com\",\"fromName\":\"RightChoice Administrator\",\"replyTo\":\"shashidhargr111@gmail.com\",\"toEmail\":\"shashidhargr111@gmail.com\",\"ccEmail\":\"\",\"bccEmail\":\"\",\"subject\":\"Regarding Contact Assignment\",\"content\":\"An Contact has been assigned to you on vtigerCRM<br>Details of Contact are :<br><br>Contact Id:<b>CON2<\\/b><br>LastName:<b>rahu<\\/b><br>FirstName:<b>rahul<\\/b><br>Lead Source:<b><\\/b><br>Department:<b><\\/b><br>Description:<b><\\/b><br><br><br>And <b>CustomerPortal Login Details<\\/b> is sent to the EmailID :-<br><br>Thank You<br>Admin<br><br>\"}'),
(6, '12x17', 0, 'false', '{\"fromEmail\":\"shashidhargr111@gmail.com\",\"fromName\":\"RightChoice Administrator\",\"replyTo\":\"shashidhargr111@gmail.com\",\"toEmail\":\"shashidhargr111@gmail.com\",\"ccEmail\":\"\",\"bccEmail\":\"\",\"subject\":\"Regarding Contact Assignment\",\"content\":\"An Contact has been assigned to you on vtigerCRM<br>Details of Contact are :<br><br>Contact Id:<b>CON3<\\/b><br>LastName:<b>rahu<\\/b><br>FirstName:<b>raul<\\/b><br>Lead Source:<b><\\/b><br>Department:<b><\\/b><br>Description:<b><\\/b><br><br><br>And <b>CustomerPortal Login Details<\\/b> is sent to the EmailID :-<br><br>Thank You<br>Admin<br><br>\"}'),
(25, '17x18', 0, 'false', '{\"fromEmail\":\"shashidhargr111@gmail.com\",\"fromName\":\"your-support name\",\"replyTo\":\"shashidhargr111@gmail.com\",\"toEmail\":\",shashidhargr111@gmail.com\",\"ccEmail\":\"\",\"bccEmail\":\"\",\"subject\":\"Ticket Number : TT1 right\",\"content\":\"Ticket ID : 18<br>Ticket Title : right<br><br>\\n\\t\\t\\t\\t\\t\\t\\t\\tDear Administrator RightChoice,<br><br>\\n\\t\\t\\t\\t\\t\\t\\t\\tThe Ticket is replied the details are :<br><br>\\n\\t\\t\\t\\t\\t\\t\\t\\tTicket No : TT1<br>\\n\\t\\t\\t\\t\\t\\t\\t\\tStatus : Open<br>\\n\\t\\t\\t\\t\\t\\t\\t\\tCategory : <br>\\n\\t\\t\\t\\t\\t\\t\\t\\tSeverity : <br>\\n\\t\\t\\t\\t\\t\\t\\t\\tPriority : Low<br><br>\\n\\t\\t\\t\\t\\t\\t\\t\\tDescription : <br><br><br>\\n\\t\\t\\t\\t\\t\\t\\t\\tSolution : <br>\\n\\t\\t\\t\\t\\t\\t\\t\\t<br><br>\\n\\t\\t\\t\\t\\t\\t\\t\\tRegards<br>Support Administrator<br><br>\"}'),
(6, '12x95', 0, 'false', '{\"fromEmail\":\"shan@aussiebuspartners.com\",\"fromName\":\"Queensland Cleaning Club\",\"replyTo\":\"shashidhargr111@gmail.com\",\"toEmail\":\"shan@aussiebuspartners.com\",\"ccEmail\":\"\",\"bccEmail\":\"\",\"subject\":\"Regarding Contact Assignment\",\"content\":\"An Contact has been assigned to you on vtigerCRM<br>Details of Contact are :<br><br>Contact Id:<b>CON4<\\/b><br>LastName:<b>vv<\\/b><br>FirstName:<b>ss<\\/b><br>Lead Source:<b><\\/b><br>Department:<b><\\/b><br>Description:<b><\\/b><br><br><br>And <b>CustomerPortal Login Details<\\/b> is sent to the EmailID :-srinivas.comx@gmail.com<br><br>Thank You<br>Admin<br><br>\"}'),
(6, '12x96', 0, 'false', '{\"fromEmail\":\"shan@aussiebuspartners.com\",\"fromName\":\"Queensland Cleaning Club\",\"replyTo\":\"shashidhargr111@gmail.com\",\"toEmail\":\"shan@aussiebuspartners.com\",\"ccEmail\":\"\",\"bccEmail\":\"\",\"subject\":\"Regarding Contact Assignment\",\"content\":\"An Contact has been assigned to you on vtigerCRM<br>Details of Contact are :<br><br>Contact Id:<b>CON5<\\/b><br>LastName:<b>vv<\\/b><br>FirstName:<b>ss<\\/b><br>Lead Source:<b><\\/b><br>Department:<b><\\/b><br>Description:<b><\\/b><br><br><br>And <b>CustomerPortal Login Details<\\/b> is sent to the EmailID :-srinivas.comx@gmail.com<br><br>Thank You<br>Admin<br><br>\"}'),
(5, '13x112', 0, 'false', '{\"fromEmail\":\"shan@aussiebuspartners.com\",\"fromName\":\"Queensland Cleaning Club\",\"replyTo\":\"shashidhargr111@gmail.com\",\"toEmail\":\"shan@aussiebuspartners.com\",\"ccEmail\":\"\",\"bccEmail\":\"\",\"subject\":\"Regarding Potential Assignment\",\"content\":\"An Potential has been assigned to you on vtigerCRM<br>Details of Potential are :<br><br>Potential No:<b>POT2<\\/b><br>Potential Name:<b>comx<\\/b><br>Amount:<b>\\u20b90<\\/b><br>Expected Close Date:<b>02-03-2021 (dd-mm-yyyy)<\\/b><br>Type:<b><\\/b><br><br><br>Description :<br><br>Thank You<br>Admin<br><br>\"}'),
(6, '12x117', 0, 'false', '{\"fromEmail\":\"shan@aussiebuspartners.com\",\"fromName\":\"Queensland Cleaning Club\",\"replyTo\":\"qcc@gmail.com\",\"toEmail\":\"shan@aussiebuspartners.com\",\"ccEmail\":\"\",\"bccEmail\":\"\",\"subject\":\"Regarding Contact Assignment\",\"content\":\"An Contact has been assigned to you on vtigerCRM<br>Details of Contact are :<br><br>Contact Id:<b>CON6<\\/b><br>LastName:<b>q<\\/b><br>FirstName:<b>Test 1<\\/b><br>Lead Source:<b><\\/b><br>Department:<b><\\/b><br>Description:<b><\\/b><br><br><br>And <b>CustomerPortal Login Details<\\/b> is sent to the EmailID :-<br><br>Thank You<br>Admin<br><br>\"}'),
(6, '12x117', 0, 'false', '{\"fromEmail\":\"shan@aussiebuspartners.com\",\"fromName\":\"Queensland Cleaning Club\",\"replyTo\":\"qcc@gmail.com\",\"toEmail\":\"shan@aussiebuspartners.com\",\"ccEmail\":\"\",\"bccEmail\":\"\",\"subject\":\"Regarding Contact Assignment\",\"content\":\"An Contact has been assigned to you on vtigerCRM<br>Details of Contact are :<br><br>Contact Id:<b>CON6<\\/b><br>LastName:<b>leo<\\/b><br>FirstName:<b>John<\\/b><br>Lead Source:<b>Cold Call<\\/b><br>Department:<b><\\/b><br>Description:<b><\\/b><br><br><br>And <b>CustomerPortal Login Details<\\/b> is sent to the EmailID :-<br><br>Thank You<br>Admin<br><br>\"}'),
(6, '12x119', 0, 'false', '{\"fromEmail\":\"shan@aussiebuspartners.com\",\"fromName\":\"Queensland Cleaning Club\",\"replyTo\":\"qcc@gmail.com\",\"toEmail\":\"shan@aussiebuspartners.com\",\"ccEmail\":\"\",\"bccEmail\":\"\",\"subject\":\"Regarding Contact Assignment\",\"content\":\"An Contact has been assigned to you on vtigerCRM<br>Details of Contact are :<br><br>Contact Id:<b>CON7<\\/b><br>LastName:<b>lee<\\/b><br>FirstName:<b>Lawrence<\\/b><br>Lead Source:<b><\\/b><br>Department:<b><\\/b><br>Description:<b><\\/b><br><br><br>And <b>CustomerPortal Login Details<\\/b> is sent to the EmailID :-lawrence@gmail.com<br><br>Thank You<br>Admin<br><br>\"}'),
(5, '13x120', 0, 'false', '{\"fromEmail\":\"shan@aussiebuspartners.com\",\"fromName\":\"Queensland Cleaning Club\",\"replyTo\":\"qcc@gmail.com\",\"toEmail\":\"shan@aussiebuspartners.com\",\"ccEmail\":\"\",\"bccEmail\":\"\",\"subject\":\"Regarding Potential Assignment\",\"content\":\"An Potential has been assigned to you on vtigerCRM<br>Details of Potential are :<br><br>Potential No:<b>POT3<\\/b><br>Potential Name:<b>Mathiew<\\/b><br>Amount:<b>\\u20b90<\\/b><br>Expected Close Date:<b>29-03-2021 (dd-mm-yyyy)<\\/b><br>Type:<b><\\/b><br><br><br>Description :<br><br>Thank You<br>Admin<br><br>\"}'),
(6, '12x125', 0, 'false', '{\"fromEmail\":\"hello@seva-cleaning.com.au\",\"fromName\":\"Hello\",\"replyTo\":\"qcc@gmail.com\",\"toEmail\":\"hello@seva-cleaning.com.au\",\"ccEmail\":\"\",\"bccEmail\":\"\",\"subject\":\"Regarding Contact Assignment\",\"content\":\"An Contact has been assigned to you on vtigerCRM<br>Details of Contact are :<br><br>Contact Id:<b>CON8<\\/b><br>LastName:<b>Singh<\\/b><br>FirstName:<b>Gurjeet<\\/b><br>Lead Source:<b><\\/b><br>Department:<b><\\/b><br>Description:<b><\\/b><br><br><br>And <b>CustomerPortal Login Details<\\/b> is sent to the EmailID :-qldcleaningclub@gmail.com<br><br>Thank You<br>Admin<br><br>\"}'),
(6, '12x128', 0, 'false', '{\"fromEmail\":\"hello@seva-cleaning.com.au\",\"fromName\":\"Hello\",\"replyTo\":\"qcc@gmail.com\",\"toEmail\":\"hello@seva-cleaning.com.au\",\"ccEmail\":\"\",\"bccEmail\":\"\",\"subject\":\"Regarding Contact Assignment\",\"content\":\"An Contact has been assigned to you on vtigerCRM<br>Details of Contact are :<br><br>Contact Id:<b>CON9<\\/b><br>LastName:<b>Singh<\\/b><br>FirstName:<b>Gurjeet<\\/b><br>Lead Source:<b><\\/b><br>Department:<b><\\/b><br>Description:<b><\\/b><br><br><br>And <b>CustomerPortal Login Details<\\/b> is sent to the EmailID :-qldcleaningclub@gmail.com<br><br>Thank You<br>Admin<br><br>\"}'),
(6, '12x130', 0, 'false', '{\"fromEmail\":\"hello@seva-cleaning.com.au\",\"fromName\":\"Hello\",\"replyTo\":\"qcc@gmail.com\",\"toEmail\":\"hello@seva-cleaning.com.au\",\"ccEmail\":\"\",\"bccEmail\":\"\",\"subject\":\"Regarding Contact Assignment\",\"content\":\"An Contact has been assigned to you on vtigerCRM<br>Details of Contact are :<br><br>Contact Id:<b>CON10<\\/b><br>LastName:<b>Singh<\\/b><br>FirstName:<b>Parm<\\/b><br>Lead Source:<b><\\/b><br>Department:<b><\\/b><br>Description:<b><\\/b><br><br><br>And <b>CustomerPortal Login Details<\\/b> is sent to the EmailID :-parmdiamond@gmail.com<br><br>Thank You<br>Admin<br><br>\"}'),
(6, '12x132', 0, 'false', '{\"fromEmail\":\"shan@aussiebuspartners.com\",\"fromName\":\"Queensland Cleaning Club\",\"replyTo\":\"qcc@gmail.com\",\"toEmail\":\"shan@aussiebuspartners.com\",\"ccEmail\":\"\",\"bccEmail\":\"\",\"subject\":\"Regarding Contact Assignment\",\"content\":\"An Contact has been assigned to you on vtigerCRM<br>Details of Contact are :<br><br>Contact Id:<b>CON11<\\/b><br>LastName:<b>t<\\/b><br>FirstName:<b>geroge<\\/b><br>Lead Source:<b><\\/b><br>Department:<b><\\/b><br>Description:<b><\\/b><br><br><br>And <b>CustomerPortal Login Details<\\/b> is sent to the EmailID :-<br><br>Thank You<br>Admin<br><br>\"}'),
(6, '12x223', 0, 'false', '{\"fromEmail\":\"shan@aussiebuspartners.com\",\"fromName\":\"Queensland Cleaning Club\",\"replyTo\":\"qcc@gmail.com\",\"toEmail\":\"shan@aussiebuspartners.com\",\"ccEmail\":\"\",\"bccEmail\":\"\",\"subject\":\"Regarding Contact Assignment\",\"content\":\"An Contact has been assigned to you on vtigerCRM<br>Details of Contact are :<br><br>Contact Id:<b>CON12<\\/b><br>LastName:<b>test<\\/b><br>FirstName:<b>QA.test<\\/b><br>Lead Source:<b><\\/b><br>Department:<b><\\/b><br>Description:<b><\\/b><br><br><br>And <b>CustomerPortal Login Details<\\/b> is sent to the EmailID :-<br><br>Thank You<br>Admin<br><br>\"}'),
(6, '12x224', 0, 'false', '{\"fromEmail\":\"shan@aussiebuspartners.com\",\"fromName\":\"Queensland Cleaning Club\",\"replyTo\":\"qcc@gmail.com\",\"toEmail\":\"shan@aussiebuspartners.com\",\"ccEmail\":\"\",\"bccEmail\":\"\",\"subject\":\"Regarding Contact Assignment\",\"content\":\"An Contact has been assigned to you on vtigerCRM<br>Details of Contact are :<br><br>Contact Id:<b>CON13<\\/b><br>LastName:<b>test<\\/b><br>FirstName:<b>QA.test<\\/b><br>Lead Source:<b><\\/b><br>Department:<b><\\/b><br>Description:<b><\\/b><br><br><br>And <b>CustomerPortal Login Details<\\/b> is sent to the EmailID :-<br><br>Thank You<br>Admin<br><br>\"}'),
(6, '12x225', 0, 'false', '{\"fromEmail\":\"shan@aussiebuspartners.com\",\"fromName\":\"Queensland Cleaning Club\",\"replyTo\":\"qcc@gmail.com\",\"toEmail\":\"shan@aussiebuspartners.com\",\"ccEmail\":\"\",\"bccEmail\":\"\",\"subject\":\"Regarding Contact Assignment\",\"content\":\"An Contact has been assigned to you on vtigerCRM<br>Details of Contact are :<br><br>Contact Id:<b>CON14<\\/b><br>LastName:<b>test<\\/b><br>FirstName:<b>QA.test<\\/b><br>Lead Source:<b><\\/b><br>Department:<b><\\/b><br>Description:<b><\\/b><br><br><br>And <b>CustomerPortal Login Details<\\/b> is sent to the EmailID :-<br><br>Thank You<br>Admin<br><br>\"}');

-- --------------------------------------------------------

--
-- Table structure for table `com_vtiger_workflowtemplates`
--

CREATE TABLE `com_vtiger_workflowtemplates` (
  `template_id` int(11) NOT NULL,
  `module_name` varchar(100) DEFAULT NULL,
  `title` varchar(400) DEFAULT NULL,
  `template` text DEFAULT NULL
) ENGINE=InnoDB DEFAULT CHARSET=utf8;

-- --------------------------------------------------------

--
-- Table structure for table `com_vtiger_workflow_activatedonce`
--

CREATE TABLE `com_vtiger_workflow_activatedonce` (
  `workflow_id` int(11) NOT NULL,
  `entity_id` int(11) NOT NULL
) ENGINE=InnoDB DEFAULT CHARSET=utf8;

-- --------------------------------------------------------

--
-- Table structure for table `com_vtiger_workflow_tasktypes`
--

CREATE TABLE `com_vtiger_workflow_tasktypes` (
  `id` int(11) NOT NULL,
  `tasktypename` varchar(255) NOT NULL,
  `label` varchar(255) DEFAULT NULL,
  `classname` varchar(255) DEFAULT NULL,
  `classpath` varchar(255) DEFAULT NULL,
  `templatepath` varchar(255) DEFAULT NULL,
  `modules` varchar(500) DEFAULT NULL,
  `sourcemodule` varchar(255) DEFAULT NULL
) ENGINE=InnoDB DEFAULT CHARSET=utf8;

--
-- Dumping data for table `com_vtiger_workflow_tasktypes`
--

INSERT INTO `com_vtiger_workflow_tasktypes` (`id`, `tasktypename`, `label`, `classname`, `classpath`, `templatepath`, `modules`, `sourcemodule`) VALUES
(1, 'VTEmailTask', 'Send Mail', 'VTEmailTask', 'modules/com_vtiger_workflow/tasks/VTEmailTask.inc', 'modules/Settings/Workflows/Tasks/VTEmailTask.tpl', '{\"include\":[],\"exclude\":[]}', ''),
(2, 'VTEntityMethodTask', 'Invoke Custom Function', 'VTEntityMethodTask', 'modules/com_vtiger_workflow/tasks/VTEntityMethodTask.inc', 'modules/Settings/Workflows/Tasks/VTEntityMethodTask.tpl', '{\"include\":[],\"exclude\":[]}', ''),
(3, 'VTCreateTodoTask', 'Create Todo', 'VTCreateTodoTask', 'modules/com_vtiger_workflow/tasks/VTCreateTodoTask.inc', 'modules/Settings/Workflows/Tasks/VTCreateTodoTask.tpl', '{\"include\":[\"Leads\",\"Accounts\",\"Potentials\",\"Contacts\",\"HelpDesk\",\"Campaigns\",\"Quotes\",\"PurchaseOrder\",\"SalesOrder\",\"Invoice\",\"Project\"],\"exclude\":[\"Calendar\",\"FAQ\",\"Events\"]}', ''),
(4, 'VTCreateEventTask', 'Create Event', 'VTCreateEventTask', 'modules/com_vtiger_workflow/tasks/VTCreateEventTask.inc', 'modules/Settings/Workflows/Tasks/VTCreateEventTask.tpl', '{\"include\":[\"Leads\",\"Accounts\",\"Potentials\",\"Contacts\",\"HelpDesk\",\"Campaigns\",\"Project\"],\"exclude\":[\"Calendar\",\"FAQ\",\"Events\"]}', ''),
(5, 'VTUpdateFieldsTask', 'Update Fields', 'VTUpdateFieldsTask', 'modules/com_vtiger_workflow/tasks/VTUpdateFieldsTask.inc', 'modules/Settings/Workflows/Tasks/VTUpdateFieldsTask.tpl', '{\"include\":[],\"exclude\":[]}', ''),
(6, 'VTCreateEntityTask', 'Create Entity', 'VTCreateEntityTask', 'modules/com_vtiger_workflow/tasks/VTCreateEntityTask.inc', 'modules/Settings/Workflows/Tasks/VTCreateEntityTask.tpl', '{\"include\":[],\"exclude\":[]}', ''),
(7, 'VTSMSTask', 'SMS Task', 'VTSMSTask', 'modules/com_vtiger_workflow/tasks/VTSMSTask.inc', 'modules/Settings/Workflows/Tasks/VTSMSTask.tpl', '{\"include\":[],\"exclude\":[]}', 'SMSNotifier');

-- --------------------------------------------------------

--
-- Table structure for table `com_vtiger_workflow_tasktypes_seq`
--

CREATE TABLE `com_vtiger_workflow_tasktypes_seq` (
  `id` int(11) NOT NULL
) ENGINE=InnoDB DEFAULT CHARSET=utf8;

--
-- Dumping data for table `com_vtiger_workflow_tasktypes_seq`
--

INSERT INTO `com_vtiger_workflow_tasktypes_seq` (`id`) VALUES
(7);

-- --------------------------------------------------------

--
-- Table structure for table `vtiger_account`
--

CREATE TABLE `vtiger_account` (
  `accountid` int(19) NOT NULL DEFAULT 0,
  `account_no` varchar(100) NOT NULL,
  `accountname` varchar(100) NOT NULL,
  `parentid` int(19) DEFAULT 0,
  `account_type` varchar(200) DEFAULT NULL,
  `industry` varchar(200) DEFAULT NULL,
  `annualrevenue` decimal(25,8) DEFAULT NULL,
  `rating` varchar(200) DEFAULT NULL,
  `ownership` varchar(50) DEFAULT NULL,
  `siccode` varchar(50) DEFAULT NULL,
  `tickersymbol` varchar(30) DEFAULT NULL,
  `phone` varchar(30) DEFAULT NULL,
  `otherphone` varchar(30) DEFAULT NULL,
  `email1` varchar(100) DEFAULT NULL,
  `email2` varchar(100) DEFAULT NULL,
  `website` varchar(100) DEFAULT NULL,
  `fax` varchar(30) DEFAULT NULL,
  `employees` int(10) DEFAULT 0,
  `emailoptout` varchar(3) DEFAULT '0',
  `notify_owner` varchar(3) DEFAULT '0',
  `isconvertedfromlead` varchar(3) DEFAULT '0',
  `tags` varchar(1) DEFAULT NULL
) ENGINE=InnoDB DEFAULT CHARSET=utf8;

--
-- Dumping data for table `vtiger_account`
--

INSERT INTO `vtiger_account` (`accountid`, `account_no`, `accountname`, `parentid`, `account_type`, `industry`, `annualrevenue`, `rating`, `ownership`, `siccode`, `tickersymbol`, `phone`, `otherphone`, `email1`, `email2`, `website`, `fax`, `employees`, `emailoptout`, `notify_owner`, `isconvertedfromlead`, `tags`) VALUES
(4, 'ACC1', 'New south', 0, '', '', 0.00000000, '', '', '', '', '', '', '', '', '', '', 0, '0', '0', '0', ''),
(10, 'ACC2', 'qa', 0, '', '', 0.00000000, '', '', '', '', '', '', '', '', '', '', 0, '0', '0', '0', ''),
(24, 'ACC3', 'testing', 0, '', '', 0.00000000, '', '', '', '', '', '', '', '', '', '', 0, '0', '0', '0', ''),
(25, 'ACC4', 'testing23', 0, '', '', 0.00000000, '', '', '', '', '', '', '', '', '', '', 0, '0', '0', '0', ''),
(63, 'ACC5', 'qqqqqq', 0, '', '', 0.00000000, '', '', '', '', '6479736534', '', 'user@gmail.com', 'user@gmail.com', '', '', 0, '0', '0', '0', ''),
(74, 'ACC6', 'Billzy', 0, '', '', 0.00000000, '', '', '26602796298', '', '1300BILLZY', '', 'bills@billzy.com', 'srinivas.comx@gmail.com', '', '', 0, '0', '0', '0', ''),
(75, 'ACC7', 'Lab Gear', 0, '', '', 0.00000000, '', 'Lab Gear Pty Ltd', '40156379814', '', '733681112', '', 'accounts@labgearaustralia.com.au', '', '', '', 0, '0', '0', '0', ''),
(76, 'ACC8', 'Pallet Masters', 0, '', '', 0.00000000, '', 'Pallet Masters Pty Ltd', '82010304462', '', '732834288', '', 'admin@palletmasters.com.au', '', '', '', 0, '0', '0', '0', ''),
(77, 'ACC9', 'Polyworld', 0, '', '', 0.00000000, '', 'Polyworld Pty Ltd', '20066654340', '', '1300888654', '', 'accounts@polyworld.com.au', '', '', '', 0, '0', '0', '0', ''),
(78, 'ACC10', 'Wonderment', 0, '', '', 0.00000000, '', 'Wonderment Pty Ltd', '33162526856', '', '412867007', '', 'andrew@wonderment.com.au', '', '', '', 0, '0', '0', '0', ''),
(79, 'ACC11', 'Smenco', 0, '', '', 0.00000000, '', 'Smenco Pty Ltd', '51109272602', '', '1300728422', '', 'accounts@smenco.com.au', '', '', '', 0, '0', '0', '0', ''),
(80, 'ACC12', 'Hypoxi Body Boutique Bulimba', 0, '', '', 0.00000000, '', 'Hypoxi Body Boutique Bulimba Pty Ltd', '30155399232', '', '733993865', '', 'info@hypoxibulimba.com.au', '', '', '', 0, '0', '0', '0', ''),
(81, 'ACC13', 'Unique Window Services', 0, '', '', 0.00000000, '', 'Unique Window Services', '70661531870', '', '732655771', '', 'accounts@uniqueeindowservices.com', '', '', '', 0, '0', '0', '0', ''),
(82, 'ACC14', 'Jden Pty Ltd', 0, '', '', 0.00000000, '', 'Robert Walden', '56100802800', '', '411334534', '', '', '', '', '', 0, '0', '0', '0', ''),
(83, 'ACC15', 'Genomics For Life', 0, '', '', 0.00000000, '', 'Genomics For Life Pty Ltd', '69163460937', '', '1800445433', '', 'accounts@genomicsforlife.com.au', '', '', '', 0, '0', '0', '0', ''),
(84, 'ACC16', 'Alpetros Nu 22', 0, '', '', 0.00000000, '', 'Alpetros Nu 22', '54047550847', '', '732751195', '', 'accounts@apolloladscaping.com.au', '', '', '', 0, '0', '0', '0', ''),
(85, 'ACC17', 'Salvation Army', 0, '', '', 0.00000000, '', 'Holiday Houses', '32234126186', '', 'holidayhouses@salvationarmy.or', '', '', '', '', '', 0, '0', '0', '0', ''),
(86, 'ACC18', 'Silver Chef', 0, '', '', 0.00000000, '', 'Silver Chef', '28011245828', '', '1800119687', '', 'cjenkins@silverchef.com.au', '', '', '', 0, '0', '0', '0', ''),
(87, 'ACC19', 'GS Majoris Pty Ltd', 0, '', '', 0.00000000, '', 'Wendy', '30612982439', '', '', '', 'kmfmanagement@gmail.com', '', '', '', 0, '0', '0', '0', ''),
(88, 'ACC20', 'Birrunga Gallery & Dining', 0, '', '', 0.00000000, '', 'Birrunga Gallery & Dining', '65942669817', '', '738442610', '', 'suz@birrunga.com.au', '', '', '', 0, '0', '0', '0', ''),
(89, 'ACC21', 'Superior Air Parts', 0, '', '', 0.00000000, '', 'Superior Air Parts', '17059693640', '', '737174604', '', 'sue@superiorairparts.com.au', '', '', '', 0, '0', '0', '0', ''),
(90, 'ACC22', 'TMPC', 0, '', '', 0.00000000, '', 'TMPC', '70010660009', '', '738660000', '', 'sam.aiiport@tmpc.com.au', '', '', '', 0, '0', '0', '0', ''),
(91, 'ACC23', 'Bartercard Brisbane', 0, '', '', 0.00000000, '', 'Bartercard Brisbane', '44168816135', '', '732454766', '', 'accounts@bartercard.com', '', '', '', 0, '0', '0', '0', ''),
(92, 'ACC24', 'Snap Fitness Chermside', 0, '', '', 0.00000000, '', 'Chris', '', '', '428357860', '', 'chris@itscotia.com.au', '', '', '', 0, '0', '0', '0', ''),
(222, 'ACC25', 'test', 0, '', '', 0.00000000, '', 'QA.test test', '', '', '817638172', '', '', '', '', '', 0, '0', '0', '0', '');

-- --------------------------------------------------------

--
-- Table structure for table `vtiger_accountbillads`
--

CREATE TABLE `vtiger_accountbillads` (
  `accountaddressid` int(19) NOT NULL DEFAULT 0,
  `bill_city` varchar(30) DEFAULT NULL,
  `bill_code` varchar(30) DEFAULT NULL,
  `bill_country` varchar(30) DEFAULT NULL,
  `bill_state` varchar(30) DEFAULT NULL,
  `bill_street` varchar(250) DEFAULT NULL,
  `bill_pobox` varchar(30) DEFAULT NULL
) ENGINE=InnoDB DEFAULT CHARSET=utf8;

--
-- Dumping data for table `vtiger_accountbillads`
--

INSERT INTO `vtiger_accountbillads` (`accountaddressid`, `bill_city`, `bill_code`, `bill_country`, `bill_state`, `bill_street`, `bill_pobox`) VALUES
(4, '', '', '', '', '', ''),
(10, '', '', '', '', '', ''),
(24, '', '', '', '', '', ''),
(25, '', '', '', '', '', ''),
(63, 'dfaf', 'adsfa', '', 'Indiana', 'dfasfasfa', ''),
(74, 'Sherwood', '4075', 'Australia', 'QLD', '1/450 Sherwood Road', ''),
(75, 'Milton,', '4064', 'Australia', 'Milton,', '30 Finchley Street', ''),
(76, 'Clontraf,', '4019', 'Australia', 'QLD', '1 Grice Street', ''),
(77, 'Clontraf,', '4019', 'Australia', 'QLD', '14-20 Robson Street', ''),
(78, 'Clontraf,', '4019', 'Australia', 'QLD', '2A Waraba Street', ''),
(79, 'Morningside,', '4170', 'Australia', 'QLD', '2/471 Lytton Road', ''),
(80, 'Morningside,', '4170', 'Australia', 'QLD', '17/104  Barwon Street', ''),
(81, 'Geebung,', '4034', 'Australia', 'QLD', '1/45 Kingtel Place', ''),
(82, 'Kedron,', '4031', 'Australia', 'QLD', '43/49 Colac Street,', ''),
(83, 'Milton,', '4064', 'Australia', 'QLD', '1/11 Parkview Street', ''),
(84, 'Coopers Plains', '4108', 'Australia', 'QLD', '14 Musgrave Road', ''),
(85, '', '', '', '', '', ''),
(86, 'West End', '4101', 'Australia', 'QLD', 'Park Tower, 20 Pidgeon Close', ''),
(87, 'Mansfield,', '4122', 'Australia', 'QLD', '23 O\'Connor Crescent', ''),
(88, '', '4000', 'Australia', 'QLD', 'Basement Leve\n300 Adelaide Street', ''),
(89, 'Coopers Plains', '4108', 'Australia', 'QLD', '14 Musgrave Road,', ''),
(90, 'Nundah', '4012', 'Australia', 'QLD', 'Ground Floor / 33 Nundah Street', ''),
(91, 'Capalaba', '4157', 'Australia', 'QLD', '1/13 Merrit Street', ''),
(92, 'Chermside,', '4032', 'Australia', 'QLD', '831 Gympie Road', ''),
(222, 'bangalore', '560068', 'India', 'Karnataka', 'Chamrajpet', '');

-- --------------------------------------------------------

--
-- Table structure for table `vtiger_accountrating`
--

CREATE TABLE `vtiger_accountrating` (
  `accountratingid` int(19) NOT NULL,
  `rating` varchar(200) NOT NULL,
  `sortorderid` int(19) NOT NULL DEFAULT 0,
  `presence` int(1) NOT NULL DEFAULT 1
) ENGINE=InnoDB DEFAULT CHARSET=utf8;

-- --------------------------------------------------------

--
-- Table structure for table `vtiger_accountscf`
--

CREATE TABLE `vtiger_accountscf` (
  `accountid` int(19) NOT NULL DEFAULT 0
) ENGINE=InnoDB DEFAULT CHARSET=utf8;

--
-- Dumping data for table `vtiger_accountscf`
--

INSERT INTO `vtiger_accountscf` (`accountid`) VALUES
(4),
(10),
(24),
(25),
(63),
(74),
(75),
(76),
(77),
(78),
(79),
(80),
(81),
(82),
(83),
(84),
(85),
(86),
(87),
(88),
(89),
(90),
(91),
(92),
(222);

-- --------------------------------------------------------

--
-- Table structure for table `vtiger_accountshipads`
--

CREATE TABLE `vtiger_accountshipads` (
  `accountaddressid` int(19) NOT NULL DEFAULT 0,
  `ship_city` varchar(30) DEFAULT NULL,
  `ship_code` varchar(30) DEFAULT NULL,
  `ship_country` varchar(30) DEFAULT NULL,
  `ship_state` varchar(30) DEFAULT NULL,
  `ship_pobox` varchar(30) DEFAULT NULL,
  `ship_street` varchar(250) DEFAULT NULL
) ENGINE=InnoDB DEFAULT CHARSET=utf8;

--
-- Dumping data for table `vtiger_accountshipads`
--

INSERT INTO `vtiger_accountshipads` (`accountaddressid`, `ship_city`, `ship_code`, `ship_country`, `ship_state`, `ship_pobox`, `ship_street`) VALUES
(4, '', '', '', '', '', ''),
(10, '', '', '', '', '', ''),
(24, '', '', '', '', '', ''),
(25, '', '', '', '', '', ''),
(63, 'dfaf', 'adsfa', '', 'Indiana', '', 'adfafa'),
(74, '', '', 'Australia', '', '', ''),
(75, '', '', '', '', '', ''),
(76, '', '', '', '', '', ''),
(77, '', '', '', '', '', ''),
(78, '', '', '', '', '', ''),
(79, '', '', '', '', '', ''),
(80, '', '', '', '', '', ''),
(81, '', '', '', '', '', ''),
(82, '', '', '', '', '', ''),
(83, '', '', '', '', '', ''),
(84, '', '', '', '', '', ''),
(85, '', '', '', '', '', ''),
(86, '', '', '', '', '', ''),
(87, '', '', '', '', '', ''),
(88, '', '', '', '', '', ''),
(89, '', '', '', '', '', ''),
(90, '', '', '', '', '', ''),
(91, '', '', '', '', '', ''),
(92, '', '', '', '', '', ''),
(222, 'bangalore', '560068', 'India', 'Karnataka', '', '');

-- --------------------------------------------------------

--
-- Table structure for table `vtiger_accounttype`
--

CREATE TABLE `vtiger_accounttype` (
  `accounttypeid` int(19) NOT NULL,
  `accounttype` varchar(200) NOT NULL,
  `presence` int(1) NOT NULL DEFAULT 1,
  `picklist_valueid` int(19) NOT NULL DEFAULT 0,
  `sortorderid` int(11) DEFAULT NULL,
  `color` varchar(10) DEFAULT NULL
) ENGINE=InnoDB DEFAULT CHARSET=utf8;

--
-- Dumping data for table `vtiger_accounttype`
--

INSERT INTO `vtiger_accounttype` (`accounttypeid`, `accounttype`, `presence`, `picklist_valueid`, `sortorderid`, `color`) VALUES
(2, 'Analyst', 1, 2, 1, NULL),
(3, 'Competitor', 1, 3, 2, NULL),
(4, 'Customer', 1, 4, 3, NULL),
(5, 'Integrator', 1, 5, 4, NULL),
(6, 'Investor', 1, 6, 5, NULL),
(7, 'Partner', 1, 7, 6, NULL),
(8, 'Press', 1, 8, 7, NULL),
(9, 'Prospect', 1, 9, 8, NULL),
(10, 'Reseller', 1, 10, 9, NULL),
(11, 'Other', 1, 11, 10, NULL);

-- --------------------------------------------------------

--
-- Table structure for table `vtiger_accounttype_seq`
--

CREATE TABLE `vtiger_accounttype_seq` (
  `id` int(11) NOT NULL
) ENGINE=InnoDB DEFAULT CHARSET=utf8;

--
-- Dumping data for table `vtiger_accounttype_seq`
--

INSERT INTO `vtiger_accounttype_seq` (`id`) VALUES
(11);

-- --------------------------------------------------------

--
-- Table structure for table `vtiger_actionmapping`
--

CREATE TABLE `vtiger_actionmapping` (
  `actionid` int(19) NOT NULL,
  `actionname` varchar(200) NOT NULL,
  `securitycheck` int(19) DEFAULT NULL
) ENGINE=InnoDB DEFAULT CHARSET=utf8;

--
-- Dumping data for table `vtiger_actionmapping`
--

INSERT INTO `vtiger_actionmapping` (`actionid`, `actionname`, `securitycheck`) VALUES
(0, 'Save', 0),
(0, 'SavePriceBook', 1),
(0, 'SaveVendor', 1),
(1, 'DetailViewAjax', 1),
(1, 'EditView', 0),
(1, 'PriceBookEditView', 1),
(1, 'QuickCreate', 1),
(1, 'VendorEditView', 1),
(2, 'Delete', 0),
(2, 'DeletePriceBook', 1),
(2, 'DeleteVendor', 1),
(3, 'index', 0),
(3, 'Popup', 1),
(4, 'DetailView', 0),
(4, 'PriceBookDetailView', 1),
(4, 'TagCloud', 1),
(4, 'VendorDetailView', 1),
(5, 'Import', 0),
(6, 'Export', 0),
(7, 'CreateView', 0),
(8, 'Merge', 0),
(9, 'ConvertLead', 0),
(10, 'DuplicatesHandling', 0),
(11, 'ReceiveIncomingCalls', 0),
(12, 'MakeOutgoingCalls', 0),
(13, 'Print', 0);

-- --------------------------------------------------------

--
-- Table structure for table `vtiger_activity`
--

CREATE TABLE `vtiger_activity` (
  `activityid` int(19) NOT NULL DEFAULT 0,
  `subject` varchar(255) DEFAULT NULL,
  `semodule` varchar(20) DEFAULT NULL,
  `activitytype` varchar(200) NOT NULL,
  `date_start` date NOT NULL,
  `due_date` date DEFAULT NULL,
  `time_start` varchar(50) DEFAULT NULL,
  `time_end` varchar(50) DEFAULT NULL,
  `sendnotification` varchar(3) NOT NULL DEFAULT '0',
  `duration_hours` varchar(200) DEFAULT NULL,
  `duration_minutes` varchar(200) DEFAULT NULL,
  `status` varchar(200) DEFAULT NULL,
  `eventstatus` varchar(200) DEFAULT NULL,
  `priority` varchar(200) DEFAULT NULL,
  `location` varchar(150) DEFAULT NULL,
  `notime` varchar(3) NOT NULL DEFAULT '0',
  `visibility` varchar(50) NOT NULL DEFAULT 'all',
  `recurringtype` varchar(200) DEFAULT NULL,
  `tags` varchar(1) DEFAULT NULL
) ENGINE=InnoDB DEFAULT CHARSET=utf8;

--
-- Dumping data for table `vtiger_activity`
--

INSERT INTO `vtiger_activity` (`activityid`, `subject`, `semodule`, `activitytype`, `date_start`, `due_date`, `time_start`, `time_end`, `sendnotification`, `duration_hours`, `duration_minutes`, `status`, `eventstatus`, `priority`, `location`, `notime`, `visibility`, `recurringtype`, `tags`) VALUES
(5, 'Elite', NULL, 'Task', '2020-12-17', '2020-12-31', '11:09:00', '', '1', '348', '51', 'Not Started', '', 'High', '', '0', 'Private', '', ''),
(6, 'Meeting', NULL, 'Meeting', '2020-12-17', '2020-12-17', '11:12:00', '12:30:00', '0', '1', '18', NULL, 'Planned', '', '', '0', 'Public', '', ''),
(27, 'Task-TEST', NULL, 'Task', '2021-02-12', '2021-02-13', '10:42:00', '', '0', '37', '18', 'Not Started', '', '', '', '0', 'Private', '', ''),
(28, 'TSK-1', NULL, 'Meeting', '2021-02-11', '2021-02-11', '10:44:00', '10:49:00', '0', '0', '5', NULL, 'Planned', '', '', '0', 'Public', '', ''),
(29, 'TASK-A', NULL, 'Task', '2021-02-01', '2021-02-28', '07:34:00', '', '0', '664', '26', 'In Progress', '', '', '', '0', 'Private', '', ''),
(30, 'Task-001', NULL, 'Call', '2021-02-01', '2021-02-28', '07:35:00', '13:00:00', '0', '653', '25', NULL, 'Planned', '', '', '0', 'Public', '--None--', ''),
(31, 'Call-1', NULL, 'Mobile Call', '2021-02-02', '2021-02-27', '07:41:00', '07:46:00', '0', '600', '5', NULL, 'Planned', '', '', '0', 'Public', '--None--', ''),
(32, 'Task-Stand UP', NULL, 'Call', '2021-02-12', '2021-02-12', '16:30:00', '17:30:00', '0', '1', '0', NULL, 'Planned', 'High', '', '0', 'Public', '--None--', ''),
(33, 'Stand Up -New', NULL, 'Task', '2021-02-12', '2021-02-12', '17:00:00', '', '0', '7', '0', 'Not Started', '', '', '', '0', 'Private', '', ''),
(34, 'Logout', NULL, 'Call', '2021-02-12', '2021-02-12', '18:00:00', '18:30:00', '0', '0', '30', NULL, 'Planned', '', '', '0', 'Public', '', ''),
(35, 'Email', NULL, 'Call', '2021-02-13', '2021-02-19', '12:05:00', '13:30:00', '0', '145', '25', NULL, 'Planned', '', '', '0', 'Public', '', ''),
(36, 'Meeting', NULL, 'Meeting', '2021-02-16', '2021-02-16', '11:56:00', '12:30:00', '0', '0', '34', NULL, 'Planned', 'High', '', '0', 'Public', '--None--', ''),
(68, 'lll', NULL, 'Call', '2021-02-18', '2021-02-18', '08:09:00', '08:14:00', '0', '0', '5', NULL, 'Planned', '', '', '0', 'Public', '', ''),
(69, 'lll', NULL, 'Call', '2021-02-18', '2021-02-18', '08:09:00', '08:14:00', '0', '0', '5', NULL, 'Planned', '', '', '0', 'Public', '', ''),
(70, 'call', NULL, 'Call', '2021-02-18', '2021-02-18', '08:16:00', '08:21:00', '0', '0', '5', NULL, 'Planned', '', '', '0', 'Public', '', ''),
(71, 'ca', NULL, 'Call', '2021-02-18', '2021-02-18', '08:20:00', '08:25:00', '0', '0', '5', NULL, 'Planned', '', '', '0', 'Public', '', ''),
(72, 'call', NULL, 'Call', '2021-02-18', '2021-02-18', '08:36:00', '08:41:00', '0', '0', '5', NULL, 'Planned', '', '', '0', 'Public', '', ''),
(73, 'testing', NULL, 'Call', '2021-02-18', '2021-02-18', '09:29:00', '09:34:00', '0', '0', '5', NULL, 'Planned', '', '', '0', 'Public', '', ''),
(108, 'Task', NULL, 'Call', '2021-02-23', '2021-02-23', '11:35:00', '11:40:00', '0', '0', '5', NULL, 'Planned', '', '', '0', 'Public', '', ''),
(109, 'Task', NULL, 'Call', '2021-02-23', '2021-02-23', '11:35:00', '11:40:00', '0', '0', '5', NULL, 'Planned', '', '', '0', 'Public', '--None--', ''),
(110, 'Task', NULL, 'Call', '2021-02-23', '2021-02-23', '11:35:00', '11:40:00', '0', '0', '5', NULL, 'Planned', '', '', '0', 'Public', '--None--', ''),
(114, 'Invitation', '', 'Emails', '2021-03-11', NULL, '01:37', NULL, '0', NULL, NULL, NULL, NULL, NULL, NULL, '0', 'all', NULL, ''),
(126, 'project', '', 'Emails', '2021-04-01', NULL, '06:31', NULL, '0', NULL, NULL, NULL, NULL, NULL, NULL, '0', 'all', NULL, ''),
(127, 'project', '', 'Emails', '2021-04-01', NULL, '06:32', NULL, '0', NULL, NULL, NULL, NULL, NULL, NULL, '0', 'all', NULL, ''),
(129, 'project', '', 'Emails', '2021-04-01', NULL, '06:33', NULL, '0', NULL, NULL, NULL, NULL, NULL, NULL, '0', 'all', NULL, ''),
(131, 'ssadsdd', '', 'Emails', '2021-04-01', NULL, '06:35', NULL, '0', NULL, NULL, NULL, NULL, NULL, NULL, '0', 'all', NULL, ''),
(133, 'project', '', 'Emails', '2021-04-01', NULL, '08:54', NULL, '0', NULL, NULL, NULL, NULL, NULL, NULL, '0', 'all', NULL, ''),
(214, 'Invitation', '', 'Emails', '2021-04-05', NULL, '12:19', NULL, '0', NULL, NULL, NULL, NULL, NULL, NULL, '0', 'all', NULL, ''),
(216, 'Activity Reminder', '', 'Emails', '2021-04-06', NULL, '05:16', NULL, '0', NULL, NULL, NULL, NULL, NULL, NULL, '0', 'all', NULL, ''),
(217, 'project', '', 'Emails', '2021-04-06', NULL, '05:17', NULL, '0', NULL, NULL, NULL, NULL, NULL, NULL, '0', 'all', NULL, ''),
(218, 'project', '', 'Emails', '2021-04-06', NULL, '05:19', NULL, '0', NULL, NULL, NULL, NULL, NULL, NULL, '0', 'all', NULL, ''),
(219, 'Staff', '', 'Emails', '2021-04-09', NULL, '07:42', NULL, '0', NULL, NULL, NULL, NULL, NULL, NULL, '0', 'all', NULL, ''),
(220, 'Staff', '', 'Emails', '2021-04-13', NULL, '02:18', NULL, '0', NULL, NULL, NULL, NULL, NULL, NULL, '0', 'all', NULL, ''),
(221, 'test', NULL, 'Task', '2021-05-12', '2021-05-12', '11:28:00', '', '0', '7', '2', 'Not Started', '', '', '', '0', 'Private', '', '');

-- --------------------------------------------------------

--
-- Table structure for table `vtiger_activitycf`
--

CREATE TABLE `vtiger_activitycf` (
  `activityid` int(19) NOT NULL DEFAULT 0,
  `cf_963` varchar(255) DEFAULT ''
) ENGINE=InnoDB DEFAULT CHARSET=utf8;

--
-- Dumping data for table `vtiger_activitycf`
--

INSERT INTO `vtiger_activitycf` (`activityid`, `cf_963`) VALUES
(5, ''),
(6, ''),
(27, ''),
(28, ''),
(29, ''),
(30, ''),
(31, ''),
(32, ''),
(33, ''),
(34, ''),
(35, ''),
(36, ''),
(68, ''),
(69, ''),
(70, ''),
(71, ''),
(72, ''),
(73, ''),
(108, ''),
(109, ''),
(110, ''),
(221, '');

-- --------------------------------------------------------

--
-- Table structure for table `vtiger_activityproductrel`
--

CREATE TABLE `vtiger_activityproductrel` (
  `activityid` int(19) NOT NULL DEFAULT 0,
  `productid` int(19) NOT NULL DEFAULT 0
) ENGINE=InnoDB DEFAULT CHARSET=utf8;

-- --------------------------------------------------------

--
-- Table structure for table `vtiger_activitytype`
--

CREATE TABLE `vtiger_activitytype` (
  `activitytypeid` int(19) NOT NULL,
  `activitytype` varchar(200) NOT NULL,
  `presence` int(1) NOT NULL DEFAULT 1,
  `picklist_valueid` int(19) NOT NULL DEFAULT 0,
  `sortorderid` int(11) DEFAULT NULL,
  `color` varchar(10) DEFAULT NULL
) ENGINE=InnoDB DEFAULT CHARSET=utf8;

--
-- Dumping data for table `vtiger_activitytype`
--

INSERT INTO `vtiger_activitytype` (`activitytypeid`, `activitytype`, `presence`, `picklist_valueid`, `sortorderid`, `color`) VALUES
(1, 'Call', 0, 12, 0, NULL),
(2, 'Meeting', 0, 13, 1, NULL),
(3, 'Mobile Call', 0, 295, 1, NULL),
(4, 'Task', 1, 310, 2, '#ffffff'),
(5, 'Other', 1, 311, 3, '#ffffff');

-- --------------------------------------------------------

--
-- Table structure for table `vtiger_activitytype_seq`
--

CREATE TABLE `vtiger_activitytype_seq` (
  `id` int(11) NOT NULL
) ENGINE=InnoDB DEFAULT CHARSET=utf8;

--
-- Dumping data for table `vtiger_activitytype_seq`
--

INSERT INTO `vtiger_activitytype_seq` (`id`) VALUES
(3);

-- --------------------------------------------------------

--
-- Table structure for table `vtiger_activity_recurring_info`
--

CREATE TABLE `vtiger_activity_recurring_info` (
  `activityid` int(19) NOT NULL,
  `recurrenceid` int(19) NOT NULL
) ENGINE=InnoDB DEFAULT CHARSET=utf8;

-- --------------------------------------------------------

--
-- Table structure for table `vtiger_activity_reminder`
--

CREATE TABLE `vtiger_activity_reminder` (
  `activity_id` int(11) NOT NULL,
  `reminder_time` int(11) NOT NULL,
  `reminder_sent` int(2) NOT NULL,
  `recurringid` int(19) NOT NULL
) ENGINE=InnoDB DEFAULT CHARSET=utf8;

--
-- Dumping data for table `vtiger_activity_reminder`
--

INSERT INTO `vtiger_activity_reminder` (`activity_id`, `reminder_time`, `reminder_sent`, `recurringid`) VALUES
(36, 0, 0, 0),
(68, 0, 0, 0),
(69, 0, 0, 0),
(70, 0, 0, 0),
(71, 0, 0, 0),
(72, 0, 0, 0),
(73, 0, 0, 0),
(108, 0, 0, 0),
(109, 0, 0, 0),
(110, 0, 0, 0),
(221, 0, 0, 0);

-- --------------------------------------------------------

--
-- Table structure for table `vtiger_activity_reminder_popup`
--

CREATE TABLE `vtiger_activity_reminder_popup` (
  `reminderid` int(19) NOT NULL,
  `semodule` varchar(100) NOT NULL,
  `recordid` int(19) NOT NULL,
  `date_start` date NOT NULL,
  `time_start` varchar(100) NOT NULL,
  `status` int(2) NOT NULL
) ENGINE=InnoDB DEFAULT CHARSET=utf8;

--
-- Dumping data for table `vtiger_activity_reminder_popup`
--

INSERT INTO `vtiger_activity_reminder_popup` (`reminderid`, `semodule`, `recordid`, `date_start`, `time_start`, `status`) VALUES
(1, 'Calendar', 27, '2021-02-12', '10:42:00', 0),
(2, 'Events', 32, '2021-02-12', '16:30:00', 0),
(3, 'Calendar', 33, '2021-02-12', '17:00:00', 1),
(4, 'Events', 34, '2021-02-12', '18:00:00', 0),
(5, 'Events', 35, '2021-02-13', '12:05:00', 0),
(6, 'Events', 36, '2021-02-16', '11:56:00', 1),
(7, 'Calendar', 221, '2021-05-12', '11:28:00', 0);

-- --------------------------------------------------------

--
-- Table structure for table `vtiger_activity_view`
--

CREATE TABLE `vtiger_activity_view` (
  `activity_viewid` int(19) NOT NULL,
  `activity_view` varchar(200) NOT NULL,
  `sortorderid` int(19) NOT NULL DEFAULT 0,
  `presence` int(1) NOT NULL DEFAULT 1
) ENGINE=InnoDB DEFAULT CHARSET=utf8;

--
-- Dumping data for table `vtiger_activity_view`
--

INSERT INTO `vtiger_activity_view` (`activity_viewid`, `activity_view`, `sortorderid`, `presence`) VALUES
(1, 'Today', 0, 1),
(2, 'This Week', 1, 1),
(3, 'This Month', 2, 1),
(4, 'This Year', 3, 1),
(5, 'Agenda', 4, 1);

-- --------------------------------------------------------

--
-- Table structure for table `vtiger_activity_view_seq`
--

CREATE TABLE `vtiger_activity_view_seq` (
  `id` int(11) NOT NULL
) ENGINE=InnoDB DEFAULT CHARSET=utf8;

--
-- Dumping data for table `vtiger_activity_view_seq`
--

INSERT INTO `vtiger_activity_view_seq` (`id`) VALUES
(5);

-- --------------------------------------------------------

--
-- Table structure for table `vtiger_announcement`
--

CREATE TABLE `vtiger_announcement` (
  `creatorid` int(19) NOT NULL,
  `announcement` text DEFAULT NULL,
  `title` varchar(255) DEFAULT NULL,
  `time` timestamp NOT NULL DEFAULT current_timestamp() ON UPDATE current_timestamp()
) ENGINE=InnoDB DEFAULT CHARSET=utf8;

-- --------------------------------------------------------

--
-- Table structure for table `vtiger_app2tab`
--

CREATE TABLE `vtiger_app2tab` (
  `tabid` int(11) DEFAULT NULL,
  `appname` varchar(20) DEFAULT NULL,
  `sequence` int(19) DEFAULT NULL,
  `visible` int(3) DEFAULT 1
) ENGINE=InnoDB DEFAULT CHARSET=utf8;

--
-- Dumping data for table `vtiger_app2tab`
--

INSERT INTO `vtiger_app2tab` (`tabid`, `appname`, `sequence`, `visible`) VALUES
(30, 'SUPPORT', 3, 0),
(34, 'TOOLS', 6, 0),
(35, 'INVENTORY', 2, 0),
(39, 'TOOLS', 5, 0),
(45, 'TOOLS', 1, 0),
(49, 'SETTINGS', 1, 1),
(2, 'SALES', 1, 0),
(20, 'SALES', 2, 0),
(4, 'SALES', 6, 0),
(6, 'SALES', 7, 0),
(14, 'SALES', 4, 0),
(35, 'SALES', 3, 0),
(4, 'MARKETING', 3, 1),
(6, 'MARKETING', 4, 1),
(7, 'MARKETING', 2, 1),
(26, 'MARKETING', 1, 1),
(4, 'INVENTORY', 8, 0),
(6, 'INVENTORY', 9, 0),
(22, 'INVENTORY', 5, 0),
(23, 'INVENTORY', 4, 0),
(14, 'INVENTORY', 1, 0),
(18, 'INVENTORY', 7, 0),
(19, 'INVENTORY', 3, 0),
(21, 'INVENTORY', 6, 0),
(4, 'SUPPORT', 6, 0),
(6, 'SUPPORT', 7, 0),
(13, 'SUPPORT', 1, 0),
(15, 'SUPPORT', 2, 0),
(42, 'SUPPORT', 4, 0),
(48, 'PROJECT', 1, 0),
(47, 'PROJECT', 2, 0),
(46, 'PROJECT', 3, 0),
(4, 'PROJECT', 4, 0),
(6, 'PROJECT', 5, 0),
(44, 'SALES', 5, 0),
(44, 'SUPPORT', 5, 0),
(24, 'TOOLS', 2, 0),
(27, 'TOOLS', 4, 0),
(2, 'MARKETING', 5, 1),
(6, 'RIGHTCLEAN', 1, 1),
(54, 'RIGHTCLEAN', 2, 1),
(53, 'RIGHTCLEAN', 3, 1),
(57, 'RIGHTCLEAN', 4, 1),
(29, 'RIGHTCLEAN', 5, 1),
(55, 'RIGHTCLEAN', 6, 1),
(56, 'RIGHTCLEAN', 7, 1);

-- --------------------------------------------------------

--
-- Table structure for table `vtiger_assets`
--

CREATE TABLE `vtiger_assets` (
  `assetsid` int(11) NOT NULL,
  `asset_no` varchar(30) NOT NULL,
  `account` int(19) DEFAULT NULL,
  `product` int(19) NOT NULL,
  `serialnumber` varchar(200) DEFAULT NULL,
  `datesold` date DEFAULT NULL,
  `dateinservice` date DEFAULT NULL,
  `assetstatus` varchar(200) DEFAULT 'In Service',
  `tagnumber` varchar(300) DEFAULT NULL,
  `invoiceid` int(19) DEFAULT NULL,
  `shippingmethod` varchar(200) DEFAULT NULL,
  `shippingtrackingnumber` varchar(200) DEFAULT NULL,
  `assetname` varchar(100) DEFAULT NULL,
  `contact` int(19) DEFAULT NULL,
  `tags` varchar(1) DEFAULT NULL
) ENGINE=InnoDB DEFAULT CHARSET=utf8;

-- --------------------------------------------------------

--
-- Table structure for table `vtiger_assetscf`
--

CREATE TABLE `vtiger_assetscf` (
  `assetsid` int(19) NOT NULL
) ENGINE=InnoDB DEFAULT CHARSET=utf8;

-- --------------------------------------------------------

--
-- Table structure for table `vtiger_assetstatus`
--

CREATE TABLE `vtiger_assetstatus` (
  `assetstatusid` int(11) NOT NULL,
  `assetstatus` varchar(200) NOT NULL,
  `presence` int(1) NOT NULL DEFAULT 1,
  `picklist_valueid` int(11) NOT NULL DEFAULT 0,
  `sortorderid` int(11) DEFAULT 0,
  `color` varchar(10) DEFAULT NULL
) ENGINE=InnoDB DEFAULT CHARSET=utf8;

--
-- Dumping data for table `vtiger_assetstatus`
--

INSERT INTO `vtiger_assetstatus` (`assetstatusid`, `assetstatus`, `presence`, `picklist_valueid`, `sortorderid`, `color`) VALUES
(1, 'In Service', 1, 235, 1, NULL),
(2, 'Out-of-service', 1, 236, 2, NULL);

-- --------------------------------------------------------

--
-- Table structure for table `vtiger_assetstatus_seq`
--

CREATE TABLE `vtiger_assetstatus_seq` (
  `id` int(11) NOT NULL
) ENGINE=InnoDB DEFAULT CHARSET=utf8;

--
-- Dumping data for table `vtiger_assetstatus_seq`
--

INSERT INTO `vtiger_assetstatus_seq` (`id`) VALUES
(2);

-- --------------------------------------------------------

--
-- Table structure for table `vtiger_asterisk`
--

CREATE TABLE `vtiger_asterisk` (
  `server` varchar(30) DEFAULT NULL,
  `port` varchar(30) DEFAULT NULL,
  `username` varchar(50) DEFAULT NULL,
  `password` varchar(50) DEFAULT NULL,
  `version` varchar(50) DEFAULT NULL
) ENGINE=InnoDB DEFAULT CHARSET=utf8;

-- --------------------------------------------------------

--
-- Table structure for table `vtiger_asteriskextensions`
--

CREATE TABLE `vtiger_asteriskextensions` (
  `userid` int(11) DEFAULT NULL,
  `asterisk_extension` varchar(50) DEFAULT NULL,
  `use_asterisk` varchar(3) DEFAULT NULL
) ENGINE=InnoDB DEFAULT CHARSET=utf8;

--
-- Dumping data for table `vtiger_asteriskextensions`
--

INSERT INTO `vtiger_asteriskextensions` (`userid`, `asterisk_extension`, `use_asterisk`) VALUES
(1, NULL, NULL),
(5, NULL, NULL),
(7, NULL, NULL),
(8, NULL, NULL),
(9, NULL, NULL),
(10, NULL, NULL),
(11, NULL, NULL),
(12, NULL, NULL),
(13, NULL, NULL),
(14, NULL, NULL),
(15, NULL, NULL),
(16, NULL, NULL),
(17, NULL, NULL),
(18, NULL, NULL),
(19, NULL, NULL),
(20, NULL, NULL),
(21, NULL, NULL),
(22, NULL, NULL),
(23, NULL, NULL);

-- --------------------------------------------------------

--
-- Table structure for table `vtiger_asteriskincomingcalls`
--

CREATE TABLE `vtiger_asteriskincomingcalls` (
  `from_number` varchar(50) DEFAULT NULL,
  `from_name` varchar(50) DEFAULT NULL,
  `to_number` varchar(50) DEFAULT NULL,
  `callertype` varchar(30) DEFAULT NULL,
  `flag` int(19) DEFAULT NULL,
  `timer` int(19) DEFAULT NULL,
  `refuid` varchar(255) DEFAULT NULL
) ENGINE=InnoDB DEFAULT CHARSET=utf8;

-- --------------------------------------------------------

--
-- Table structure for table `vtiger_asteriskincomingevents`
--

CREATE TABLE `vtiger_asteriskincomingevents` (
  `uid` varchar(255) NOT NULL,
  `channel` varchar(100) DEFAULT NULL,
  `from_number` bigint(20) DEFAULT NULL,
  `from_name` varchar(100) DEFAULT NULL,
  `to_number` bigint(20) DEFAULT NULL,
  `callertype` varchar(100) DEFAULT NULL,
  `timer` int(20) DEFAULT NULL,
  `flag` varchar(3) DEFAULT NULL,
  `pbxrecordid` int(19) DEFAULT NULL,
  `relcrmid` int(19) DEFAULT NULL
) ENGINE=InnoDB DEFAULT CHARSET=utf8;

-- --------------------------------------------------------

--
-- Table structure for table `vtiger_attachments`
--

CREATE TABLE `vtiger_attachments` (
  `attachmentsid` int(19) NOT NULL,
  `name` varchar(255) NOT NULL,
  `description` text DEFAULT NULL,
  `type` varchar(100) DEFAULT NULL,
  `path` text DEFAULT NULL,
  `storedname` varchar(255) DEFAULT NULL,
  `subject` varchar(255) DEFAULT NULL
) ENGINE=InnoDB DEFAULT CHARSET=utf8;

--
-- Dumping data for table `vtiger_attachments`
--

INSERT INTO `vtiger_attachments` (`attachmentsid`, `name`, `description`, `type`, `path`, `storedname`, `subject`) VALUES
(12, 'kit.png', '', 'image/png', 'storage/2020/December/week3/', '121523b727c5e78bcc1b38508c939d5b.png', NULL),
(134, 'image001.png', 'image001.png', 'image/png', 'storage/2021/April/week1/', NULL, NULL),
(135, 'image002.png', 'image002.png', 'image/png', 'storage/2021/April/week1/', NULL, NULL),
(136, 'image003.gif', 'image003.gif', 'image/gif', 'storage/2021/April/week1/', NULL, NULL),
(137, 'image004.gif', 'image004.gif', 'image/gif', 'storage/2021/April/week1/', NULL, NULL),
(138, 'image005.jpg', 'image005.jpg', 'image/jpeg', 'storage/2021/April/week1/', NULL, NULL),
(139, 'image006.gif', 'image006.gif', 'image/gif', 'storage/2021/April/week1/', NULL, NULL),
(140, 'image007.gif', 'image007.gif', 'image/gif', 'storage/2021/April/week1/', NULL, NULL),
(141, 'image001.png', 'image001.png', 'image/png', 'storage/2021/April/week1/', NULL, NULL),
(142, 'image002.gif', 'image002.gif', 'image/gif', 'storage/2021/April/week1/', NULL, NULL),
(143, 'image003.gif', 'image003.gif', 'image/gif', 'storage/2021/April/week1/', NULL, NULL),
(144, 'image004.jpg', 'image004.jpg', 'image/jpeg', 'storage/2021/April/week1/', NULL, NULL),
(145, 'image005.gif', 'image005.gif', 'image/gif', 'storage/2021/April/week1/', NULL, NULL),
(146, 'image006.gif', 'image006.gif', 'image/gif', 'storage/2021/April/week1/', NULL, NULL),
(147, 'image007.png', 'image007.png', 'image/png', 'storage/2021/April/week1/', NULL, NULL),
(148, 'image008.png', 'image008.png', 'image/png', 'storage/2021/April/week1/', NULL, NULL),
(149, 'image001.png', 'image001.png', 'image/png', 'storage/2021/April/week1/', NULL, NULL),
(150, 'image002.gif', 'image002.gif', 'image/gif', 'storage/2021/April/week1/', NULL, NULL),
(151, 'image003.gif', 'image003.gif', 'image/gif', 'storage/2021/April/week1/', NULL, NULL),
(152, 'image004.jpg', 'image004.jpg', 'image/jpeg', 'storage/2021/April/week1/', NULL, NULL),
(153, 'image005.gif', 'image005.gif', 'image/gif', 'storage/2021/April/week1/', NULL, NULL),
(154, 'image006.gif', 'image006.gif', 'image/gif', 'storage/2021/April/week1/', NULL, NULL),
(155, 'image007.png', 'image007.png', 'image/png', 'storage/2021/April/week1/', NULL, NULL),
(156, 'image008.png', 'image008.png', 'image/png', 'storage/2021/April/week1/', NULL, NULL),
(157, 'image001.png', 'image001.png', 'image/png', 'storage/2021/April/week1/', NULL, NULL),
(158, 'image002.gif', 'image002.gif', 'image/gif', 'storage/2021/April/week1/', NULL, NULL),
(159, 'image003.gif', 'image003.gif', 'image/gif', 'storage/2021/April/week1/', NULL, NULL),
(160, 'image004.jpg', 'image004.jpg', 'image/jpeg', 'storage/2021/April/week1/', NULL, NULL),
(161, 'image005.gif', 'image005.gif', 'image/gif', 'storage/2021/April/week1/', NULL, NULL),
(162, 'image006.gif', 'image006.gif', 'image/gif', 'storage/2021/April/week1/', NULL, NULL),
(163, 'image007.png', 'image007.png', 'image/png', 'storage/2021/April/week1/', NULL, NULL),
(164, 'image008.png', 'image008.png', 'image/png', 'storage/2021/April/week1/', NULL, NULL),
(165, 'image001.png', 'image001.png', 'image/png', 'storage/2021/April/week1/', NULL, NULL),
(166, 'image002.gif', 'image002.gif', 'image/gif', 'storage/2021/April/week1/', NULL, NULL),
(167, 'image003.gif', 'image003.gif', 'image/gif', 'storage/2021/April/week1/', NULL, NULL),
(168, 'image004.jpg', 'image004.jpg', 'image/jpeg', 'storage/2021/April/week1/', NULL, NULL),
(169, 'image005.gif', 'image005.gif', 'image/gif', 'storage/2021/April/week1/', NULL, NULL),
(170, 'image006.gif', 'image006.gif', 'image/gif', 'storage/2021/April/week1/', NULL, NULL),
(171, 'image001.png', 'image001.png', 'image/png', 'storage/2021/April/week1/', NULL, NULL),
(172, 'image013.png', 'image013.png', 'image/png', 'storage/2021/April/week1/', NULL, NULL),
(173, 'image014.png', 'image014.png', 'image/png', 'storage/2021/April/week1/', NULL, NULL),
(174, 'image003.jpg', 'image003.jpg', 'image/jpeg', 'storage/2021/April/week1/', NULL, NULL),
(175, 'image005.jpg', 'image005.jpg', 'image/jpeg', 'storage/2021/April/week1/', NULL, NULL),
(176, 'image007.jpg', 'image007.jpg', 'image/jpeg', 'storage/2021/April/week1/', NULL, NULL),
(177, 'image009.jpg', 'image009.jpg', 'image/jpeg', 'storage/2021/April/week1/', NULL, NULL),
(178, 'image011.jpg', 'image011.jpg', 'image/jpeg', 'storage/2021/April/week1/', NULL, NULL),
(179, 'image012.jpg', 'image012.jpg', 'image/jpeg', 'storage/2021/April/week1/', NULL, NULL),
(180, 'image015.jpg', 'image015.jpg', 'image/jpeg', 'storage/2021/April/week1/', NULL, NULL),
(181, 'image016.jpg', 'image016.jpg', 'image/jpeg', 'storage/2021/April/week1/', NULL, NULL),
(182, 'image017.jpg', 'image017.jpg', 'image/jpeg', 'storage/2021/April/week1/', NULL, NULL),
(183, 'image018.jpg', 'image018.jpg', 'image/jpeg', 'storage/2021/April/week1/', NULL, NULL),
(184, 'image029.jpg', 'image029.jpg', 'image/jpeg', 'storage/2021/April/week1/', NULL, NULL),
(185, 'image001.jpg', 'image001.jpg', 'image/jpeg', 'storage/2021/April/week1/', NULL, NULL),
(186, 'image002.png', 'image002.png', 'image/png', 'storage/2021/April/week1/', NULL, NULL),
(187, 'image003.jpg', 'image003.jpg', 'image/jpeg', 'storage/2021/April/week1/', NULL, NULL),
(188, 'image004.jpg', 'image004.jpg', 'image/jpeg', 'storage/2021/April/week1/', NULL, NULL),
(189, 'image005.jpg', 'image005.jpg', 'image/jpeg', 'storage/2021/April/week1/', NULL, NULL),
(190, 'image006.jpg', 'image006.jpg', 'image/jpeg', 'storage/2021/April/week1/', NULL, NULL),
(191, 'image007.jpg', 'image007.jpg', 'image/jpeg', 'storage/2021/April/week1/', NULL, NULL),
(192, 'image002.jpg', 'image002.jpg', 'image/jpeg', 'storage/2021/April/week1/', NULL, NULL),
(193, 'image003.png', 'image003.png', 'image/png', 'storage/2021/April/week1/', NULL, NULL),
(194, 'image004.jpg', 'image004.jpg', 'image/jpeg', 'storage/2021/April/week1/', NULL, NULL),
(195, 'image005.jpg', 'image005.jpg', 'image/jpeg', 'storage/2021/April/week1/', NULL, NULL),
(196, 'image006.jpg', 'image006.jpg', 'image/jpeg', 'storage/2021/April/week1/', NULL, NULL),
(197, 'image007.jpg', 'image007.jpg', 'image/jpeg', 'storage/2021/April/week1/', NULL, NULL),
(198, 'image008.jpg', 'image008.jpg', 'image/jpeg', 'storage/2021/April/week1/', NULL, NULL),
(199, 'image009.jpg', 'image009.jpg', 'image/jpeg', 'storage/2021/April/week1/', NULL, NULL),
(200, 'image010.png', 'image010.png', 'image/png', 'storage/2021/April/week1/', NULL, NULL),
(201, 'image011.png', 'image011.png', 'image/png', 'storage/2021/April/week1/', NULL, NULL),
(202, 'image012.jpg', 'image012.jpg', 'image/jpeg', 'storage/2021/April/week1/', NULL, NULL),
(203, 'image013.jpg', 'image013.jpg', 'image/jpeg', 'storage/2021/April/week1/', NULL, NULL),
(204, 'image014.jpg', 'image014.jpg', 'image/jpeg', 'storage/2021/April/week1/', NULL, NULL),
(205, 'image015.jpg', 'image015.jpg', 'image/jpeg', 'storage/2021/April/week1/', NULL, NULL),
(206, 'image001.jpg', 'image001.jpg', 'image/jpeg', 'storage/2021/April/week1/', NULL, NULL),
(207, 'image002.png', 'image002.png', 'image/png', 'storage/2021/April/week1/', NULL, NULL),
(208, 'image003.jpg', 'image003.jpg', 'image/jpeg', 'storage/2021/April/week1/', NULL, NULL),
(209, 'image004.jpg', 'image004.jpg', 'image/jpeg', 'storage/2021/April/week1/', NULL, NULL),
(210, 'image005.jpg', 'image005.jpg', 'image/jpeg', 'storage/2021/April/week1/', NULL, NULL),
(211, 'image006.jpg', 'image006.jpg', 'image/jpeg', 'storage/2021/April/week1/', NULL, NULL),
(212, 'image007.jpg', 'image007.jpg', 'image/jpeg', 'storage/2021/April/week1/', NULL, NULL);

-- --------------------------------------------------------

--
-- Table structure for table `vtiger_attachmentsfolder`
--

CREATE TABLE `vtiger_attachmentsfolder` (
  `folderid` int(19) NOT NULL,
  `foldername` varchar(200) NOT NULL,
  `description` varchar(250) DEFAULT NULL,
  `createdby` int(19) NOT NULL,
  `sequence` int(19) DEFAULT NULL
) ENGINE=InnoDB DEFAULT CHARSET=utf8;

--
-- Dumping data for table `vtiger_attachmentsfolder`
--

INSERT INTO `vtiger_attachmentsfolder` (`folderid`, `foldername`, `description`, `createdby`, `sequence`) VALUES
(1, 'Default', 'This is a Default Folder', 1, 1);

-- --------------------------------------------------------

--
-- Table structure for table `vtiger_attachmentsfolder_seq`
--

CREATE TABLE `vtiger_attachmentsfolder_seq` (
  `id` int(11) NOT NULL
) ENGINE=InnoDB DEFAULT CHARSET=utf8;

--
-- Dumping data for table `vtiger_attachmentsfolder_seq`
--

INSERT INTO `vtiger_attachmentsfolder_seq` (`id`) VALUES
(1);

-- --------------------------------------------------------

--
-- Table structure for table `vtiger_audit_trial`
--

CREATE TABLE `vtiger_audit_trial` (
  `auditid` int(19) NOT NULL,
  `userid` int(19) DEFAULT NULL,
  `module` varchar(255) DEFAULT NULL,
  `action` varchar(255) DEFAULT NULL,
  `recordid` varchar(20) DEFAULT NULL,
  `actiondate` datetime DEFAULT NULL
) ENGINE=InnoDB DEFAULT CHARSET=utf8;

-- --------------------------------------------------------

--
-- Table structure for table `vtiger_blocks`
--

CREATE TABLE `vtiger_blocks` (
  `blockid` int(19) NOT NULL,
  `tabid` int(19) NOT NULL,
  `blocklabel` varchar(100) NOT NULL,
  `sequence` int(10) DEFAULT NULL,
  `show_title` int(2) DEFAULT NULL,
  `visible` int(2) NOT NULL DEFAULT 0,
  `create_view` int(2) NOT NULL DEFAULT 0,
  `edit_view` int(2) NOT NULL DEFAULT 0,
  `detail_view` int(2) NOT NULL DEFAULT 0,
  `display_status` int(1) NOT NULL DEFAULT 1,
  `iscustom` int(1) NOT NULL DEFAULT 0
) ENGINE=InnoDB DEFAULT CHARSET=utf8;

--
-- Dumping data for table `vtiger_blocks`
--

INSERT INTO `vtiger_blocks` (`blockid`, `tabid`, `blocklabel`, `sequence`, `show_title`, `visible`, `create_view`, `edit_view`, `detail_view`, `display_status`, `iscustom`) VALUES
(1, 2, 'LBL_OPPORTUNITY_INFORMATION', 1, 0, 0, 0, 0, 0, 1, 0),
(2, 2, 'LBL_CUSTOM_INFORMATION', 2, 0, 0, 0, 0, 0, 1, 0),
(3, 2, 'LBL_DESCRIPTION_INFORMATION', 3, 0, 0, 0, 0, 0, 1, 0),
(4, 4, 'LBL_CONTACT_INFORMATION', 1, 0, 0, 0, 0, 0, 1, 0),
(5, 4, 'LBL_CUSTOM_INFORMATION', 2, 0, 0, 0, 0, 0, 1, 0),
(6, 4, 'LBL_CUSTOMER_PORTAL_INFORMATION', 3, 0, 0, 0, 0, 0, 1, 0),
(7, 4, 'LBL_ADDRESS_INFORMATION', 4, 0, 0, 0, 0, 0, 1, 0),
(8, 4, 'LBL_DESCRIPTION_INFORMATION', 5, 0, 0, 0, 0, 0, 1, 0),
(9, 6, 'LBL_ACCOUNT_INFORMATION', 1, 0, 0, 0, 0, 0, 1, 0),
(10, 6, 'LBL_CUSTOM_INFORMATION', 2, 0, 0, 0, 0, 0, 1, 0),
(11, 6, 'LBL_ADDRESS_INFORMATION', 3, 0, 0, 0, 0, 0, 1, 0),
(12, 6, 'LBL_DESCRIPTION_INFORMATION', 4, 0, 0, 0, 0, 0, 1, 0),
(13, 7, 'LBL_LEAD_INFORMATION', 1, 0, 0, 0, 0, 0, 1, 0),
(14, 7, 'LBL_CUSTOM_INFORMATION', 2, 0, 0, 0, 0, 0, 1, 0),
(15, 7, 'LBL_ADDRESS_INFORMATION', 3, 0, 0, 0, 0, 0, 1, 0),
(16, 7, 'LBL_DESCRIPTION_INFORMATION', 4, 0, 0, 0, 0, 0, 1, 0),
(17, 8, 'LBL_NOTE_INFORMATION', 1, 0, 0, 0, 0, 0, 1, 0),
(18, 8, 'LBL_FILE_INFORMATION', 3, 1, 0, 0, 0, 0, 1, 0),
(19, 9, 'LBL_TASK_INFORMATION', 1, 0, 0, 0, 0, 0, 1, 0),
(20, 9, 'LBL_DESCRIPTION_INFORMATION', 3, 1, 0, 0, 0, 0, 1, 0),
(21, 10, 'LBL_EMAIL_INFORMATION', 1, 0, 0, 0, 0, 0, 1, 0),
(22, 10, 'Emails_Block1', 2, 1, 0, 0, 0, 0, 1, 0),
(23, 10, 'Emails_Block2', 3, 1, 0, 0, 0, 0, 1, 0),
(24, 10, 'Emails_Block3', 4, 1, 0, 0, 0, 0, 1, 0),
(25, 13, 'LBL_TICKET_INFORMATION', 1, 0, 0, 0, 0, 0, 1, 0),
(26, 13, '', 2, 1, 0, 0, 0, 0, 1, 0),
(27, 13, 'LBL_CUSTOM_INFORMATION', 3, 0, 0, 0, 0, 0, 1, 0),
(28, 13, 'LBL_DESCRIPTION_INFORMATION', 4, 0, 0, 0, 0, 0, 1, 0),
(29, 13, 'LBL_TICKET_RESOLUTION', 5, 0, 0, 1, 0, 0, 1, 0),
(30, 13, 'LBL_COMMENTS', 6, 0, 0, 1, 0, 0, 1, 0),
(31, 14, 'LBL_PRODUCT_INFORMATION', 1, 0, 0, 0, 0, 0, 1, 0),
(32, 14, 'LBL_PRICING_INFORMATION', 2, 0, 0, 0, 0, 0, 1, 0),
(33, 14, 'LBL_STOCK_INFORMATION', 3, 0, 0, 0, 0, 0, 1, 0),
(34, 14, 'LBL_CUSTOM_INFORMATION', 4, 0, 0, 0, 0, 0, 1, 0),
(35, 14, 'LBL_IMAGE_INFORMATION', 5, 0, 0, 0, 0, 0, 1, 0),
(36, 14, 'LBL_DESCRIPTION_INFORMATION', 6, 0, 0, 0, 0, 0, 1, 0),
(37, 15, 'LBL_FAQ_INFORMATION', 1, 0, 0, 0, 0, 0, 1, 0),
(38, 15, 'LBL_COMMENT_INFORMATION', 4, 0, 0, 1, 0, 0, 1, 0),
(39, 16, 'LBL_EVENT_INFORMATION', 1, 0, 0, 0, 0, 0, 0, 0),
(40, 16, 'LBL_REMINDER_INFORMATION', 2, 0, 0, 0, 0, 0, 1, 0),
(41, 16, 'LBL_DESCRIPTION_INFORMATION', 5, 0, 0, 0, 0, 0, 1, 0),
(42, 18, 'LBL_VENDOR_INFORMATION', 1, 0, 0, 0, 0, 0, 1, 0),
(43, 18, 'LBL_CUSTOM_INFORMATION', 2, 0, 0, 0, 0, 0, 1, 0),
(44, 18, 'LBL_VENDOR_ADDRESS_INFORMATION', 3, 0, 0, 0, 0, 0, 1, 0),
(45, 18, 'LBL_DESCRIPTION_INFORMATION', 4, 0, 0, 0, 0, 0, 1, 0),
(46, 19, 'LBL_PRICEBOOK_INFORMATION', 1, 0, 0, 0, 0, 0, 1, 0),
(47, 19, 'LBL_CUSTOM_INFORMATION', 2, 0, 0, 0, 0, 0, 1, 0),
(48, 19, 'LBL_DESCRIPTION_INFORMATION', 3, 0, 0, 0, 0, 0, 1, 0),
(49, 20, 'LBL_QUOTE_INFORMATION', 1, 0, 0, 0, 0, 0, 1, 0),
(50, 20, 'LBL_CUSTOM_INFORMATION', 2, 0, 0, 0, 0, 0, 1, 0),
(51, 20, 'LBL_ADDRESS_INFORMATION', 3, 0, 0, 0, 0, 0, 1, 0),
(52, 20, 'LBL_RELATED_PRODUCTS', 4, 0, 0, 0, 0, 0, 1, 0),
(53, 20, 'LBL_TERMS_INFORMATION', 5, 0, 0, 0, 0, 0, 1, 0),
(54, 20, 'LBL_DESCRIPTION_INFORMATION', 6, 0, 0, 0, 0, 0, 1, 0),
(55, 21, 'LBL_PO_INFORMATION', 1, 0, 0, 0, 0, 0, 1, 0),
(56, 21, 'LBL_CUSTOM_INFORMATION', 2, 0, 0, 0, 0, 0, 1, 0),
(57, 21, 'LBL_ADDRESS_INFORMATION', 3, 0, 0, 0, 0, 0, 1, 0),
(58, 21, 'LBL_RELATED_PRODUCTS', 4, 0, 0, 0, 0, 0, 1, 0),
(59, 21, 'LBL_TERMS_INFORMATION', 5, 0, 0, 0, 0, 0, 1, 0),
(60, 21, 'LBL_DESCRIPTION_INFORMATION', 6, 0, 0, 0, 0, 0, 1, 0),
(61, 22, 'LBL_SO_INFORMATION', 1, 0, 0, 0, 0, 0, 1, 0),
(62, 22, 'LBL_CUSTOM_INFORMATION', 3, 0, 0, 0, 0, 0, 1, 0),
(63, 22, 'LBL_ADDRESS_INFORMATION', 4, 0, 0, 0, 0, 0, 1, 0),
(64, 22, 'LBL_RELATED_PRODUCTS', 5, 0, 0, 0, 0, 0, 1, 0),
(65, 22, 'LBL_TERMS_INFORMATION', 6, 0, 0, 0, 0, 0, 1, 0),
(66, 22, 'LBL_DESCRIPTION_INFORMATION', 7, 0, 0, 0, 0, 0, 1, 0),
(67, 23, 'LBL_INVOICE_INFORMATION', 1, 0, 0, 0, 0, 0, 1, 0),
(68, 23, 'LBL_CUSTOM_INFORMATION', 2, 0, 0, 0, 0, 0, 1, 0),
(69, 23, 'LBL_ADDRESS_INFORMATION', 3, 0, 0, 0, 0, 0, 1, 0),
(70, 23, 'LBL_RELATED_PRODUCTS', 4, 0, 0, 0, 0, 0, 1, 0),
(71, 23, 'LBL_TERMS_INFORMATION', 5, 0, 0, 0, 0, 0, 1, 0),
(72, 23, 'LBL_DESCRIPTION_INFORMATION', 6, 0, 0, 0, 0, 0, 1, 0),
(73, 4, 'LBL_IMAGE_INFORMATION', 6, 0, 0, 0, 0, 0, 1, 0),
(74, 26, 'LBL_CAMPAIGN_INFORMATION', 1, 0, 0, 0, 0, 0, 1, 0),
(75, 26, 'LBL_CUSTOM_INFORMATION', 2, 0, 0, 0, 0, 0, 1, 0),
(76, 26, 'LBL_EXPECTATIONS_AND_ACTUALS', 3, 0, 0, 0, 0, 0, 1, 0),
(77, 29, 'LBL_USERLOGIN_ROLE', 1, 0, 0, 0, 0, 0, 1, 0),
(78, 29, 'LBL_CURRENCY_CONFIGURATION', 3, 0, 0, 0, 0, 0, 1, 0),
(79, 29, 'LBL_MORE_INFORMATION', 4, 0, 0, 0, 0, 0, 1, 0),
(80, 29, 'LBL_ADDRESS_INFORMATION', 5, 0, 0, 0, 0, 0, 1, 0),
(81, 26, 'LBL_DESCRIPTION_INFORMATION', 4, 0, 0, 0, 0, 0, 1, 0),
(82, 29, 'LBL_USER_IMAGE_INFORMATION', 5, 0, 0, 0, 0, 0, 1, 0),
(83, 29, 'LBL_USER_ADV_OPTIONS', 6, 0, 0, 0, 0, 0, 1, 0),
(84, 8, 'LBL_DESCRIPTION', 2, 0, 0, 0, 0, 0, 1, 0),
(85, 22, 'Recurring Invoice Information', 2, 0, 0, 0, 0, 0, 1, 0),
(86, 9, 'LBL_CUSTOM_INFORMATION', 4, 0, 0, 0, 0, 0, 1, 0),
(87, 16, 'LBL_CUSTOM_INFORMATION', 6, 0, 0, 0, 0, 0, 1, 0),
(88, 30, 'LBL_SERVICE_CONTRACT_INFORMATION', 1, 0, 0, 0, 0, 0, 1, 0),
(89, 30, 'LBL_CUSTOM_INFORMATION', 2, 0, 0, 0, 0, 0, 1, 0),
(90, 34, 'LBL_PBXMANAGER_INFORMATION', 1, 0, 0, 0, 0, 0, 1, 0),
(91, 35, 'LBL_SERVICE_INFORMATION', 1, 0, 0, 0, 0, 0, 1, 0),
(92, 35, 'LBL_PRICING_INFORMATION', 2, 0, 0, 0, 0, 0, 1, 0),
(93, 35, 'LBL_CUSTOM_INFORMATION', 3, 0, 0, 0, 0, 0, 1, 0),
(94, 35, 'LBL_DESCRIPTION_INFORMATION', 4, 0, 0, 0, 0, 0, 1, 0),
(95, 38, 'LBL_MODCOMMENTS_INFORMATION', 1, 0, 0, 0, 0, 0, 1, 0),
(96, 38, 'LBL_OTHER_INFORMATION', 2, 0, 0, 0, 0, 0, 1, 0),
(97, 38, 'LBL_CUSTOM_INFORMATION', 3, 0, 0, 0, 0, 0, 1, 0),
(98, 42, 'LBL_ASSET_INFORMATION', 1, 0, 0, 0, 0, 0, 1, 0),
(99, 42, 'LBL_CUSTOM_INFORMATION', 2, 0, 0, 0, 0, 0, 1, 0),
(100, 42, 'LBL_DESCRIPTION_INFORMATION', 4, 0, 0, 0, 0, 0, 1, 0),
(101, 44, 'LBL_SMSNOTIFIER_INFORMATION', 1, 0, 0, 0, 0, 0, 1, 0),
(102, 44, 'LBL_CUSTOM_INFORMATION', 2, 0, 0, 0, 0, 0, 1, 0),
(103, 44, 'StatusInformation', 3, 0, 0, 0, 0, 0, 1, 0),
(104, 46, 'LBL_PROJECT_MILESTONE_INFORMATION', 1, 0, 0, 0, 0, 0, 1, 0),
(105, 46, 'LBL_CUSTOM_INFORMATION', 2, 0, 0, 0, 0, 0, 1, 0),
(106, 46, 'LBL_DESCRIPTION_INFORMATION', 3, 0, 0, 0, 0, 0, 1, 0),
(107, 47, 'LBL_PROJECT_TASK_INFORMATION', 1, 0, 0, 0, 0, 0, 1, 0),
(108, 47, 'LBL_CUSTOM_INFORMATION', 2, 0, 0, 0, 0, 0, 1, 0),
(109, 47, 'LBL_DESCRIPTION_INFORMATION', 3, 0, 0, 0, 0, 0, 1, 0),
(110, 48, 'LBL_PROJECT_INFORMATION', 1, 0, 0, 0, 0, 0, 1, 0),
(111, 48, 'LBL_CUSTOM_INFORMATION', 2, 0, 0, 0, 0, 0, 1, 0),
(112, 48, 'LBL_DESCRIPTION_INFORMATION', 3, 0, 0, 0, 0, 0, 1, 0),
(113, 23, 'LBL_ITEM_DETAILS', 5, 0, 0, 0, 0, 0, 1, 0),
(114, 22, 'LBL_ITEM_DETAILS', 5, 0, 0, 0, 0, 0, 1, 0),
(115, 21, 'LBL_ITEM_DETAILS', 5, 0, 0, 0, 0, 0, 1, 0),
(116, 20, 'LBL_ITEM_DETAILS', 5, 0, 0, 0, 0, 0, 1, 0),
(117, 16, 'LBL_RECURRENCE_INFORMATION', 3, 0, 0, 0, 0, 0, 1, 0),
(118, 29, 'LBL_CALENDAR_SETTINGS', 2, 0, 0, 0, 0, 0, 1, 0),
(119, 16, 'LBL_RELATED_TO', 4, 0, 0, 0, 0, 0, 1, 0),
(120, 9, 'LBL_REMINDER_INFORMATION', 2, 0, 0, 0, 0, 0, 1, 0),
(121, 42, 'Main Service', 3, 0, 0, 0, 0, 0, 1, 1),
(136, 53, 'Module Field', 1, 0, 0, 0, 0, 0, 1, 0),
(140, 54, 'Module Field', 1, 0, 0, 0, 0, 0, 1, 0),
(141, 55, 'LBL_LOCATIONMAP_INFORMATION', 1, 0, 0, 0, 0, 0, 1, 0),
(142, 56, 'LBL_EMPLOYEEROASTER_INFORMATION', 1, 0, 0, 0, 0, 0, 1, 0),
(143, 57, 'Module Field', 1, 0, 0, 0, 0, 0, 1, 0);

-- --------------------------------------------------------

--
-- Table structure for table `vtiger_blocks_seq`
--

CREATE TABLE `vtiger_blocks_seq` (
  `id` int(11) NOT NULL
) ENGINE=InnoDB DEFAULT CHARSET=utf8;

--
-- Dumping data for table `vtiger_blocks_seq`
--

INSERT INTO `vtiger_blocks_seq` (`id`) VALUES
(143);

-- --------------------------------------------------------

--
-- Table structure for table `vtiger_calendarsharedtype`
--

CREATE TABLE `vtiger_calendarsharedtype` (
  `calendarsharedtypeid` int(11) NOT NULL,
  `calendarsharedtype` varchar(200) NOT NULL,
  `sortorderid` int(11) DEFAULT NULL,
  `presence` int(11) NOT NULL DEFAULT 1
) ENGINE=InnoDB DEFAULT CHARSET=utf8;

--
-- Dumping data for table `vtiger_calendarsharedtype`
--

INSERT INTO `vtiger_calendarsharedtype` (`calendarsharedtypeid`, `calendarsharedtype`, `sortorderid`, `presence`) VALUES
(1, 'public', 0, 1),
(2, 'private', 1, 1),
(3, 'seletedusers', 2, 1);

-- --------------------------------------------------------

--
-- Table structure for table `vtiger_calendarsharedtype_seq`
--

CREATE TABLE `vtiger_calendarsharedtype_seq` (
  `id` int(11) NOT NULL
) ENGINE=InnoDB DEFAULT CHARSET=utf8;

--
-- Dumping data for table `vtiger_calendarsharedtype_seq`
--

INSERT INTO `vtiger_calendarsharedtype_seq` (`id`) VALUES
(3);

-- --------------------------------------------------------

--
-- Table structure for table `vtiger_calendar_default_activitytypes`
--

CREATE TABLE `vtiger_calendar_default_activitytypes` (
  `id` int(19) NOT NULL,
  `module` varchar(50) DEFAULT NULL,
  `fieldname` varchar(50) DEFAULT NULL,
  `defaultcolor` varchar(50) DEFAULT NULL,
  `isdefault` int(11) DEFAULT 1,
  `conditions` varchar(255) DEFAULT ''
) ENGINE=InnoDB DEFAULT CHARSET=utf8;

--
-- Dumping data for table `vtiger_calendar_default_activitytypes`
--

INSERT INTO `vtiger_calendar_default_activitytypes` (`id`, `module`, `fieldname`, `defaultcolor`, `isdefault`, `conditions`) VALUES
(1, 'Events', '[\"date_start\",\"due_date\"]', '#17309A', 1, ''),
(2, 'Calendar', '[\"date_start\",\"due_date\"]', '#3A87AD', 1, ''),
(3, 'Potentials', '[\"closingdate\"]', '#AA6705', 1, ''),
(4, 'Contacts', '[\"support_end_date\"]', '#953B39', 1, ''),
(5, 'Contacts', '[\"birthday\"]', '#545252', 1, ''),
(6, 'Invoice', '[\"duedate\"]', '#87865D', 1, ''),
(7, 'Project', '[\"startdate\",\"targetenddate\"]', '#C71585', 1, ''),
(8, 'ProjectTask', '[\"startdate\",\"enddate\"]', '#006400', 1, '');

-- --------------------------------------------------------

--
-- Table structure for table `vtiger_calendar_default_activitytypes_seq`
--

CREATE TABLE `vtiger_calendar_default_activitytypes_seq` (
  `id` int(11) NOT NULL
) ENGINE=InnoDB DEFAULT CHARSET=utf8;

--
-- Dumping data for table `vtiger_calendar_default_activitytypes_seq`
--

INSERT INTO `vtiger_calendar_default_activitytypes_seq` (`id`) VALUES
(8);

-- --------------------------------------------------------

--
-- Table structure for table `vtiger_calendar_user_activitytypes`
--

CREATE TABLE `vtiger_calendar_user_activitytypes` (
  `id` int(19) NOT NULL,
  `defaultid` int(19) DEFAULT NULL,
  `userid` int(19) DEFAULT NULL,
  `color` varchar(50) DEFAULT NULL,
  `visible` int(19) DEFAULT 1
) ENGINE=InnoDB DEFAULT CHARSET=utf8;

--
-- Dumping data for table `vtiger_calendar_user_activitytypes`
--

INSERT INTO `vtiger_calendar_user_activitytypes` (`id`, `defaultid`, `userid`, `color`, `visible`) VALUES
(1, 1, 1, '#17309A', 1),
(2, 2, 1, '#3A87AD', 1),
(3, 3, 1, '#AA6705', 1),
(4, 4, 1, '#953B39', 1),
(5, 5, 1, '#545252', 1),
(6, 6, 1, '#87865D', 1),
(7, 7, 1, '#C71585', 1),
(8, 8, 1, '#006400', 1),
(9, 1, 5, '#17309A', 1),
(10, 2, 5, '#3A87AD', 1),
(11, 3, 5, '#AA6705', 1),
(12, 4, 5, '#953B39', 1),
(13, 5, 5, '#545252', 1),
(14, 6, 5, '#87865D', 1),
(15, 7, 5, '#C71585', 1),
(16, 8, 5, '#006400', 1),
(17, 1, 7, '#17309A', 1),
(18, 2, 7, '#3A87AD', 1),
(19, 3, 7, '#AA6705', 1),
(20, 4, 7, '#953B39', 1),
(21, 5, 7, '#545252', 1),
(22, 6, 7, '#87865D', 1),
(23, 7, 7, '#C71585', 1),
(24, 8, 7, '#006400', 1),
(25, 1, 8, '#17309A', 1),
(26, 2, 8, '#3A87AD', 1),
(27, 3, 8, '#AA6705', 1),
(28, 4, 8, '#953B39', 1),
(29, 5, 8, '#545252', 1),
(30, 6, 8, '#87865D', 1),
(31, 7, 8, '#C71585', 1),
(32, 8, 8, '#006400', 1),
(33, 1, 9, '#17309A', 1),
(34, 2, 9, '#3A87AD', 1),
(35, 3, 9, '#AA6705', 1),
(36, 4, 9, '#953B39', 1),
(37, 5, 9, '#545252', 1),
(38, 6, 9, '#87865D', 1),
(39, 7, 9, '#C71585', 1),
(40, 8, 9, '#006400', 1),
(41, 1, 10, '#17309A', 0),
(42, 2, 10, '#3A87AD', 0),
(43, 3, 10, '#AA6705', 0),
(44, 4, 10, '#953B39', 0),
(45, 5, 10, '#545252', 0),
(46, 6, 10, '#87865D', 1),
(47, 7, 10, '#C71585', 1),
(48, 8, 10, '#006400', 1),
(49, 1, 11, '#17309A', 0),
(50, 2, 11, '#3A87AD', 0),
(51, 3, 11, '#AA6705', 0),
(52, 4, 11, '#953B39', 0),
(53, 5, 11, '#545252', 0),
(54, 6, 11, '#87865D', 0),
(55, 7, 11, '#C71585', 0),
(56, 8, 11, '#006400', 1),
(57, 1, 12, '#17309A', 0),
(58, 2, 12, '#3A87AD', 1),
(59, 3, 12, '#AA6705', 1),
(60, 4, 12, '#953B39', 1),
(61, 5, 12, '#545252', 1),
(62, 6, 12, '#87865D', 1),
(63, 7, 12, '#C71585', 1),
(64, 8, 12, '#006400', 1),
(65, 1, 13, '#17309A', 1),
(66, 2, 13, '#3A87AD', 1),
(67, 3, 13, '#AA6705', 1),
(68, 4, 13, '#953B39', 1),
(69, 5, 13, '#545252', 1),
(70, 6, 13, '#87865D', 1),
(71, 7, 13, '#C71585', 1),
(72, 8, 13, '#006400', 1),
(73, 1, 14, '#17309A', 1),
(74, 2, 14, '#3A87AD', 1),
(75, 3, 14, '#AA6705', 1),
(76, 4, 14, '#953B39', 1),
(77, 5, 14, '#545252', 1),
(78, 6, 14, '#87865D', 1),
(79, 7, 14, '#C71585', 1),
(80, 8, 14, '#006400', 1),
(81, 1, 15, '#17309A', 1),
(82, 2, 15, '#3A87AD', 1),
(83, 3, 15, '#AA6705', 1),
(84, 4, 15, '#953B39', 1),
(85, 5, 15, '#545252', 1),
(86, 6, 15, '#87865D', 1),
(87, 7, 15, '#C71585', 1),
(88, 8, 15, '#006400', 1),
(89, 1, 16, '#17309A', 1),
(90, 2, 16, '#3A87AD', 1),
(91, 3, 16, '#AA6705', 1),
(92, 4, 16, '#953B39', 1),
(93, 5, 16, '#545252', 1),
(94, 6, 16, '#87865D', 1),
(95, 7, 16, '#C71585', 1),
(96, 8, 16, '#006400', 1),
(97, 1, 17, '#17309A', 1),
(98, 2, 17, '#3A87AD', 1),
(99, 3, 17, '#AA6705', 1),
(100, 4, 17, '#953B39', 1),
(101, 5, 17, '#545252', 1),
(102, 6, 17, '#87865D', 1),
(103, 7, 17, '#C71585', 1),
(104, 8, 17, '#006400', 1),
(105, 1, 18, '#17309A', 1),
(106, 2, 18, '#3A87AD', 1),
(107, 3, 18, '#AA6705', 1),
(108, 4, 18, '#953B39', 1),
(109, 5, 18, '#545252', 1),
(110, 6, 18, '#87865D', 1),
(111, 7, 18, '#C71585', 1),
(112, 8, 18, '#006400', 1),
(113, 1, 19, '#17309A', 1),
(114, 2, 19, '#3A87AD', 1),
(115, 3, 19, '#AA6705', 1),
(116, 4, 19, '#953B39', 1),
(117, 5, 19, '#545252', 1),
(118, 6, 19, '#87865D', 1),
(119, 7, 19, '#C71585', 1),
(120, 8, 19, '#006400', 1),
(121, 1, 20, '#17309A', 1),
(122, 2, 20, '#3A87AD', 1),
(123, 3, 20, '#AA6705', 1),
(124, 4, 20, '#953B39', 1),
(125, 5, 20, '#545252', 1),
(126, 6, 20, '#87865D', 1),
(127, 7, 20, '#C71585', 1),
(128, 8, 20, '#006400', 1),
(129, 1, 21, '#17309A', 1),
(130, 2, 21, '#3A87AD', 1),
(131, 3, 21, '#AA6705', 1),
(132, 4, 21, '#953B39', 1),
(133, 5, 21, '#545252', 1),
(134, 6, 21, '#87865D', 1),
(135, 7, 21, '#C71585', 1),
(136, 8, 21, '#006400', 1),
(137, 1, 22, '#17309A', 1),
(138, 2, 22, '#3A87AD', 1),
(139, 3, 22, '#AA6705', 1),
(140, 4, 22, '#953B39', 1),
(141, 5, 22, '#545252', 1),
(142, 6, 22, '#87865D', 1),
(143, 7, 22, '#C71585', 1),
(144, 8, 22, '#006400', 1),
(145, 1, 23, '#17309A', 1),
(146, 2, 23, '#3A87AD', 1),
(147, 3, 23, '#AA6705', 1),
(148, 4, 23, '#953B39', 1),
(149, 5, 23, '#545252', 1),
(150, 6, 23, '#87865D', 1),
(151, 7, 23, '#C71585', 1),
(152, 8, 23, '#006400', 1);

-- --------------------------------------------------------

--
-- Table structure for table `vtiger_calendar_user_activitytypes_seq`
--

CREATE TABLE `vtiger_calendar_user_activitytypes_seq` (
  `id` int(11) NOT NULL
) ENGINE=InnoDB DEFAULT CHARSET=utf8;

--
-- Dumping data for table `vtiger_calendar_user_activitytypes_seq`
--

INSERT INTO `vtiger_calendar_user_activitytypes_seq` (`id`) VALUES
(152);

-- --------------------------------------------------------

--
-- Table structure for table `vtiger_callduration`
--

CREATE TABLE `vtiger_callduration` (
  `calldurationid` int(11) NOT NULL,
  `callduration` varchar(200) NOT NULL,
  `sortorderid` int(11) DEFAULT NULL,
  `presence` int(11) NOT NULL DEFAULT 1
) ENGINE=InnoDB DEFAULT CHARSET=utf8;

--
-- Dumping data for table `vtiger_callduration`
--

INSERT INTO `vtiger_callduration` (`calldurationid`, `callduration`, `sortorderid`, `presence`) VALUES
(1, '5', 0, 1),
(2, '10', 1, 1),
(3, '30', 2, 1),
(4, '60', 3, 1),
(5, '120', 4, 1);

-- --------------------------------------------------------

--
-- Table structure for table `vtiger_callduration_seq`
--

CREATE TABLE `vtiger_callduration_seq` (
  `id` int(11) NOT NULL
) ENGINE=InnoDB DEFAULT CHARSET=utf8;

--
-- Dumping data for table `vtiger_callduration_seq`
--

INSERT INTO `vtiger_callduration_seq` (`id`) VALUES
(5);

-- --------------------------------------------------------

--
-- Table structure for table `vtiger_campaign`
--

CREATE TABLE `vtiger_campaign` (
  `campaign_no` varchar(100) NOT NULL,
  `campaignname` varchar(255) DEFAULT NULL,
  `campaigntype` varchar(200) DEFAULT NULL,
  `campaignstatus` varchar(200) DEFAULT NULL,
  `expectedrevenue` decimal(25,8) DEFAULT NULL,
  `budgetcost` decimal(25,8) DEFAULT NULL,
  `actualcost` decimal(25,8) DEFAULT NULL,
  `expectedresponse` varchar(200) DEFAULT NULL,
  `numsent` decimal(11,0) DEFAULT NULL,
  `product_id` int(19) DEFAULT NULL,
  `sponsor` varchar(255) DEFAULT NULL,
  `targetaudience` varchar(255) DEFAULT NULL,
  `targetsize` int(19) DEFAULT NULL,
  `expectedresponsecount` int(19) DEFAULT NULL,
  `expectedsalescount` int(19) DEFAULT NULL,
  `expectedroi` decimal(25,8) DEFAULT NULL,
  `actualresponsecount` int(19) DEFAULT NULL,
  `actualsalescount` int(19) DEFAULT NULL,
  `actualroi` decimal(25,8) DEFAULT NULL,
  `campaignid` int(19) NOT NULL,
  `closingdate` date DEFAULT NULL,
  `tags` varchar(1) DEFAULT NULL
) ENGINE=InnoDB DEFAULT CHARSET=utf8;

--
-- Dumping data for table `vtiger_campaign`
--

INSERT INTO `vtiger_campaign` (`campaign_no`, `campaignname`, `campaigntype`, `campaignstatus`, `expectedrevenue`, `budgetcost`, `actualcost`, `expectedresponse`, `numsent`, `product_id`, `sponsor`, `targetaudience`, `targetsize`, `expectedresponsecount`, `expectedsalescount`, `expectedroi`, `actualresponsecount`, `actualsalescount`, `actualroi`, `campaignid`, `closingdate`, `tags`) VALUES
('CAM1', 'testing', 'Conference', 'Planning', 0.00000000, 0.00000000, 0.00000000, '', 0, 0, '', '', 0, 0, 0, 0.00000000, 0, 0, 0.00000000, 2, '2020-12-18', ''),
('CAM2', 'zxv', '', 'Planning', 0.00000000, 0.00000000, 0.00000000, '', 0, 0, '', '', 0, 0, 0, 0.00000000, 0, 0, 0.00000000, 94, '2021-02-24', ''),
('CAM3', 'Test', '', '', 0.00000000, 0.00000000, 0.00000000, '', 0, 0, '', '', 0, 0, 0, 0.00000000, 0, 0, 0.00000000, 115, '2021-03-30', ''),
('CAM4', 'Test', '', '', 0.00000000, 0.00000000, 0.00000000, '', 0, 0, '', '', 0, 0, 0, 0.00000000, 0, 0, 0.00000000, 116, '2021-03-29', '');

-- --------------------------------------------------------

--
-- Table structure for table `vtiger_campaignaccountrel`
--

CREATE TABLE `vtiger_campaignaccountrel` (
  `campaignid` int(19) DEFAULT NULL,
  `accountid` int(19) DEFAULT NULL,
  `campaignrelstatusid` int(19) DEFAULT NULL
) ENGINE=InnoDB DEFAULT CHARSET=utf8;

-- --------------------------------------------------------

--
-- Table structure for table `vtiger_campaigncontrel`
--

CREATE TABLE `vtiger_campaigncontrel` (
  `campaignid` int(19) NOT NULL DEFAULT 0,
  `contactid` int(19) NOT NULL DEFAULT 0,
  `campaignrelstatusid` int(19) NOT NULL DEFAULT 0
) ENGINE=InnoDB DEFAULT CHARSET=utf8;

--
-- Dumping data for table `vtiger_campaigncontrel`
--

INSERT INTO `vtiger_campaigncontrel` (`campaignid`, `contactid`, `campaignrelstatusid`) VALUES
(116, 117, 1);

-- --------------------------------------------------------

--
-- Table structure for table `vtiger_campaignleadrel`
--

CREATE TABLE `vtiger_campaignleadrel` (
  `campaignid` int(19) NOT NULL DEFAULT 0,
  `leadid` int(19) NOT NULL DEFAULT 0,
  `campaignrelstatusid` int(19) NOT NULL DEFAULT 0
) ENGINE=InnoDB DEFAULT CHARSET=utf8;

-- --------------------------------------------------------

--
-- Table structure for table `vtiger_campaignrelstatus`
--

CREATE TABLE `vtiger_campaignrelstatus` (
  `campaignrelstatusid` int(19) DEFAULT NULL,
  `campaignrelstatus` varchar(256) DEFAULT NULL,
  `sortorderid` int(19) DEFAULT NULL,
  `presence` int(19) DEFAULT NULL,
  `color` varchar(10) DEFAULT NULL
) ENGINE=InnoDB DEFAULT CHARSET=utf8;

--
-- Dumping data for table `vtiger_campaignrelstatus`
--

INSERT INTO `vtiger_campaignrelstatus` (`campaignrelstatusid`, `campaignrelstatus`, `sortorderid`, `presence`, `color`) VALUES
(2, 'Contacted - Successful', 1, 1, NULL),
(3, 'Contacted - Unsuccessful', 2, 1, NULL),
(4, 'Contacted - Never Contact Again', 3, 1, NULL);

-- --------------------------------------------------------

--
-- Table structure for table `vtiger_campaignrelstatus_seq`
--

CREATE TABLE `vtiger_campaignrelstatus_seq` (
  `id` int(11) NOT NULL
) ENGINE=InnoDB DEFAULT CHARSET=utf8;

--
-- Dumping data for table `vtiger_campaignrelstatus_seq`
--

INSERT INTO `vtiger_campaignrelstatus_seq` (`id`) VALUES
(4);

-- --------------------------------------------------------

--
-- Table structure for table `vtiger_campaignscf`
--

CREATE TABLE `vtiger_campaignscf` (
  `campaignid` int(19) NOT NULL DEFAULT 0
) ENGINE=InnoDB DEFAULT CHARSET=utf8;

--
-- Dumping data for table `vtiger_campaignscf`
--

INSERT INTO `vtiger_campaignscf` (`campaignid`) VALUES
(2),
(94),
(115),
(116);

-- --------------------------------------------------------

--
-- Table structure for table `vtiger_campaignstatus`
--

CREATE TABLE `vtiger_campaignstatus` (
  `campaignstatusid` int(19) NOT NULL,
  `campaignstatus` varchar(200) NOT NULL,
  `presence` int(1) NOT NULL DEFAULT 1,
  `picklist_valueid` int(19) NOT NULL DEFAULT 0,
  `sortorderid` int(11) DEFAULT NULL,
  `color` varchar(10) DEFAULT NULL
) ENGINE=InnoDB DEFAULT CHARSET=utf8;

--
-- Dumping data for table `vtiger_campaignstatus`
--

INSERT INTO `vtiger_campaignstatus` (`campaignstatusid`, `campaignstatus`, `presence`, `picklist_valueid`, `sortorderid`, `color`) VALUES
(2, 'Planning', 1, 15, 1, NULL),
(3, 'Active', 1, 16, 2, NULL),
(4, 'Inactive', 1, 17, 3, NULL),
(5, 'Completed', 1, 18, 4, NULL),
(6, 'Cancelled', 1, 19, 5, NULL);

-- --------------------------------------------------------

--
-- Table structure for table `vtiger_campaignstatus_seq`
--

CREATE TABLE `vtiger_campaignstatus_seq` (
  `id` int(11) NOT NULL
) ENGINE=InnoDB DEFAULT CHARSET=utf8;

--
-- Dumping data for table `vtiger_campaignstatus_seq`
--

INSERT INTO `vtiger_campaignstatus_seq` (`id`) VALUES
(6);

-- --------------------------------------------------------

--
-- Table structure for table `vtiger_campaigntype`
--

CREATE TABLE `vtiger_campaigntype` (
  `campaigntypeid` int(19) NOT NULL,
  `campaigntype` varchar(200) NOT NULL,
  `presence` int(1) NOT NULL DEFAULT 1,
  `picklist_valueid` int(19) NOT NULL DEFAULT 0,
  `sortorderid` int(11) DEFAULT NULL,
  `color` varchar(10) DEFAULT NULL
) ENGINE=InnoDB DEFAULT CHARSET=utf8;

--
-- Dumping data for table `vtiger_campaigntype`
--

INSERT INTO `vtiger_campaigntype` (`campaigntypeid`, `campaigntype`, `presence`, `picklist_valueid`, `sortorderid`, `color`) VALUES
(2, 'Conference', 1, 21, 1, NULL),
(3, 'Webinar', 1, 22, 2, NULL),
(4, 'Trade Show', 1, 23, 3, NULL),
(5, 'Public Relations', 1, 24, 4, NULL),
(6, 'Partners', 1, 25, 5, NULL),
(7, 'Referral Program', 1, 26, 6, NULL),
(8, 'Advertisement', 1, 27, 7, NULL),
(9, 'Banner Ads', 1, 28, 8, NULL),
(10, 'Direct Mail', 1, 29, 9, NULL),
(11, 'Email', 1, 30, 10, NULL),
(12, 'Telemarketing', 1, 31, 11, NULL),
(13, 'Others', 1, 32, 12, NULL);

-- --------------------------------------------------------

--
-- Table structure for table `vtiger_campaigntype_seq`
--

CREATE TABLE `vtiger_campaigntype_seq` (
  `id` int(11) NOT NULL
) ENGINE=InnoDB DEFAULT CHARSET=utf8;

--
-- Dumping data for table `vtiger_campaigntype_seq`
--

INSERT INTO `vtiger_campaigntype_seq` (`id`) VALUES
(13);

-- --------------------------------------------------------

--
-- Table structure for table `vtiger_carrier`
--

CREATE TABLE `vtiger_carrier` (
  `carrierid` int(19) NOT NULL,
  `carrier` varchar(200) NOT NULL,
  `presence` int(1) NOT NULL DEFAULT 1,
  `picklist_valueid` int(19) NOT NULL DEFAULT 0,
  `sortorderid` int(11) DEFAULT NULL,
  `color` varchar(10) DEFAULT NULL
) ENGINE=InnoDB DEFAULT CHARSET=utf8;

--
-- Dumping data for table `vtiger_carrier`
--

INSERT INTO `vtiger_carrier` (`carrierid`, `carrier`, `presence`, `picklist_valueid`, `sortorderid`, `color`) VALUES
(1, 'FedEx', 1, 33, 0, NULL),
(2, 'UPS', 1, 34, 1, NULL),
(3, 'USPS', 1, 35, 2, NULL),
(4, 'DHL', 1, 36, 3, NULL),
(5, 'BlueDart', 1, 37, 4, NULL);

-- --------------------------------------------------------

--
-- Table structure for table `vtiger_carrier_seq`
--

CREATE TABLE `vtiger_carrier_seq` (
  `id` int(11) NOT NULL
) ENGINE=InnoDB DEFAULT CHARSET=utf8;

--
-- Dumping data for table `vtiger_carrier_seq`
--

INSERT INTO `vtiger_carrier_seq` (`id`) VALUES
(5);

-- --------------------------------------------------------

--
-- Table structure for table `vtiger_cf_963`
--

CREATE TABLE `vtiger_cf_963` (
  `cf_963id` int(11) NOT NULL,
  `cf_963` varchar(200) NOT NULL,
  `sortorderid` int(11) DEFAULT NULL,
  `presence` int(11) NOT NULL DEFAULT 1,
  `color` varchar(10) DEFAULT NULL
) ENGINE=InnoDB DEFAULT CHARSET=utf8;

--
-- Dumping data for table `vtiger_cf_963`
--

INSERT INTO `vtiger_cf_963` (`cf_963id`, `cf_963`, `sortorderid`, `presence`, `color`) VALUES
(1, 'Not Started', 0, 1, NULL),
(2, 'In Progress', 1, 1, NULL),
(3, 'Deferred', 2, 1, NULL),
(4, 'Pending Input', 3, 1, NULL),
(5, 'Planned', 4, 1, NULL),
(6, 'Completed', 5, 1, NULL);

-- --------------------------------------------------------

--
-- Table structure for table `vtiger_cf_963_seq`
--

CREATE TABLE `vtiger_cf_963_seq` (
  `id` int(11) NOT NULL
) ENGINE=InnoDB DEFAULT CHARSET=latin1;

--
-- Dumping data for table `vtiger_cf_963_seq`
--

INSERT INTO `vtiger_cf_963_seq` (`id`) VALUES
(6);

-- --------------------------------------------------------

--
-- Table structure for table `vtiger_cntactivityrel`
--

CREATE TABLE `vtiger_cntactivityrel` (
  `contactid` int(19) NOT NULL DEFAULT 0,
  `activityid` int(19) NOT NULL DEFAULT 0
) ENGINE=InnoDB DEFAULT CHARSET=utf8;

-- --------------------------------------------------------

--
-- Table structure for table `vtiger_contactaddress`
--

CREATE TABLE `vtiger_contactaddress` (
  `contactaddressid` int(19) NOT NULL DEFAULT 0,
  `mailingcity` varchar(40) DEFAULT NULL,
  `mailingstreet` varchar(250) DEFAULT NULL,
  `mailingcountry` varchar(40) DEFAULT NULL,
  `othercountry` varchar(30) DEFAULT NULL,
  `mailingstate` varchar(30) DEFAULT NULL,
  `mailingpobox` varchar(30) DEFAULT NULL,
  `othercity` varchar(40) DEFAULT NULL,
  `otherstate` varchar(50) DEFAULT NULL,
  `mailingzip` varchar(30) DEFAULT NULL,
  `otherzip` varchar(30) DEFAULT NULL,
  `otherstreet` varchar(250) DEFAULT NULL,
  `otherpobox` varchar(30) DEFAULT NULL
) ENGINE=InnoDB DEFAULT CHARSET=utf8;

--
-- Dumping data for table `vtiger_contactaddress`
--

INSERT INTO `vtiger_contactaddress` (`contactaddressid`, `mailingcity`, `mailingstreet`, `mailingcountry`, `othercountry`, `mailingstate`, `mailingpobox`, `othercity`, `otherstate`, `mailingzip`, `otherzip`, `otherstreet`, `otherpobox`) VALUES
(8, '', '', '', '', '', '', '', '', '', '', '', ''),
(16, '', '', '', '', '', '', '', '', '', '', '', ''),
(17, '', '', '', '', '', '', '', '', '', '', '', ''),
(95, '', '', '', '', '', '', '', '', '', '', '', ''),
(96, '', '', '', '', '', '', '', '', '', '', '', ''),
(117, '', '', '', '', '', '', '', '', '', '', '', ''),
(119, '', '', '', '', '', '', '', '', '', '', '', ''),
(125, '', '', '', '', '', '', '', '', '', '', '', ''),
(128, '', '', '', '', '', '', '', '', '', '', '', ''),
(130, '', '', '', '', '', '', '', '', '', '', '', ''),
(132, '', '', '', '', '', '', '', '', '', '', '', ''),
(223, '', '', '', '', '', '', '', '', '', '', '', ''),
(224, '', '', '', '', '', '', '', '', '', '', '', ''),
(225, '', '', '', '', '', '', '', '', '', '', '', '');

-- --------------------------------------------------------

--
-- Table structure for table `vtiger_contactdetails`
--

CREATE TABLE `vtiger_contactdetails` (
  `contactid` int(19) NOT NULL DEFAULT 0,
  `contact_no` varchar(100) NOT NULL,
  `accountid` int(19) DEFAULT NULL,
  `salutation` varchar(200) DEFAULT NULL,
  `firstname` varchar(40) DEFAULT NULL,
  `lastname` varchar(80) NOT NULL,
  `email` varchar(100) DEFAULT NULL,
  `phone` varchar(50) DEFAULT NULL,
  `mobile` varchar(50) DEFAULT NULL,
  `title` varchar(50) DEFAULT NULL,
  `department` varchar(30) DEFAULT NULL,
  `fax` varchar(50) DEFAULT NULL,
  `reportsto` varchar(30) DEFAULT NULL,
  `training` varchar(50) DEFAULT NULL,
  `usertype` varchar(50) DEFAULT NULL,
  `contacttype` varchar(50) DEFAULT NULL,
  `otheremail` varchar(100) DEFAULT NULL,
  `secondaryemail` varchar(100) DEFAULT NULL,
  `donotcall` varchar(3) DEFAULT NULL,
  `emailoptout` varchar(3) DEFAULT '0',
  `imagename` varchar(150) DEFAULT NULL,
  `reference` varchar(3) DEFAULT NULL,
  `notify_owner` varchar(3) DEFAULT '0',
  `isconvertedfromlead` varchar(3) DEFAULT '0',
  `tags` varchar(1) DEFAULT NULL
) ENGINE=InnoDB DEFAULT CHARSET=utf8;

--
-- Dumping data for table `vtiger_contactdetails`
--

INSERT INTO `vtiger_contactdetails` (`contactid`, `contact_no`, `accountid`, `salutation`, `firstname`, `lastname`, `email`, `phone`, `mobile`, `title`, `department`, `fax`, `reportsto`, `training`, `usertype`, `contacttype`, `otheremail`, `secondaryemail`, `donotcall`, `emailoptout`, `imagename`, `reference`, `notify_owner`, `isconvertedfromlead`, `tags`) VALUES
(8, 'CON1', 0, '', 'qa', 'qad', '', '', '', '', '', '', '0', NULL, NULL, NULL, NULL, '', '0', '0', '', '0', '0', '0', ''),
(16, 'CON2', 0, 'Mr.', 'rahul', 'rahu', '', '', '', '', '', '', '0', NULL, NULL, NULL, NULL, '', '0', '0', '', '0', '0', '0', ''),
(17, 'CON3', 0, '', 'raul', 'rahu', '', '', '', '', '', '', '0', NULL, NULL, NULL, NULL, '', '0', '0', '', '0', '0', '0', ''),
(95, 'CON4', 0, '', 'ss', 'vv', 'srinivas.comx@gmail.com', '+612315445545', '', '', '', '', '0', NULL, NULL, NULL, NULL, '', '0', '0', '', '0', '0', '0', ''),
(96, 'CON5', 0, '', 'ss', 'vv', 'srinivas.comx@gmail.com', '+612315445545', '', '', '', '', '0', NULL, NULL, NULL, NULL, '', '0', '0', '', '0', '0', '0', ''),
(117, 'CON6', 0, '', 'John', 'leo', '', '046732323', '32324234243', '', '', '', '0', NULL, NULL, NULL, NULL, '', '0', '0', '', '0', '0', '0', ''),
(119, 'CON7', 0, '', 'Lawrence', 'lee', 'lawrence@gmail.com', '6487478278', '', '', '', '', '0', NULL, NULL, NULL, NULL, '', '0', '0', '', '0', '0', '0', ''),
(125, 'CON8', 0, 'Dr.', 'Gurjeet', 'Singh', 'qldcleaningclub@gmail.com', '0426984066', '', '', '', '', '0', NULL, NULL, NULL, NULL, '', '0', '0', '', '0', '0', '0', ''),
(128, 'CON9', 0, '', 'Gurjeet', 'Singh', 'qldcleaningclub@gmail.com', '0426984066', '', '', '', '', '0', NULL, NULL, NULL, NULL, '', '0', '0', '', '0', '0', '0', ''),
(130, 'CON10', 0, 'Mr.', 'Parm', 'Singh', 'parmdiamond@gmail.com', '0426984066', '', '', '', '', '0', NULL, NULL, NULL, NULL, '', '0', '0', '', '0', '0', '0', ''),
(132, 'CON11', 0, '', 'geroge', 't', '', '', '', '', '', '', '0', NULL, NULL, NULL, NULL, '', '0', '0', '', '0', '0', '0', ''),
(223, 'CON12', 0, '', 'QA.test', 'test', '', '817638172', '', '', '', '', '0', NULL, NULL, NULL, NULL, '', '0', '0', '', '0', '0', '0', ''),
(224, 'CON13', 0, '', 'QA.test', 'test', '', '817638172', '', '', '', '', '0', NULL, NULL, NULL, NULL, '', '0', '0', '', '0', '0', '0', ''),
(225, 'CON14', 0, '', 'QA.test', 'test', '', '817638172', '', '', '', '', '0', NULL, NULL, NULL, NULL, '', '0', '0', '', '0', '0', '0', '');

-- --------------------------------------------------------

--
-- Table structure for table `vtiger_contactscf`
--

CREATE TABLE `vtiger_contactscf` (
  `contactid` int(19) NOT NULL DEFAULT 0
) ENGINE=InnoDB DEFAULT CHARSET=utf8;

--
-- Dumping data for table `vtiger_contactscf`
--

INSERT INTO `vtiger_contactscf` (`contactid`) VALUES
(8),
(16),
(17),
(95),
(96),
(117),
(119),
(125),
(128),
(130),
(132),
(223),
(224),
(225);

-- --------------------------------------------------------

--
-- Table structure for table `vtiger_contactsubdetails`
--

CREATE TABLE `vtiger_contactsubdetails` (
  `contactsubscriptionid` int(19) NOT NULL DEFAULT 0,
  `homephone` varchar(50) DEFAULT NULL,
  `otherphone` varchar(50) DEFAULT NULL,
  `assistant` varchar(30) DEFAULT NULL,
  `assistantphone` varchar(50) DEFAULT NULL,
  `birthday` date DEFAULT NULL,
  `laststayintouchrequest` int(30) DEFAULT 0,
  `laststayintouchsavedate` int(19) DEFAULT 0,
  `leadsource` varchar(200) DEFAULT NULL
) ENGINE=InnoDB DEFAULT CHARSET=utf8;

--
-- Dumping data for table `vtiger_contactsubdetails`
--

INSERT INTO `vtiger_contactsubdetails` (`contactsubscriptionid`, `homephone`, `otherphone`, `assistant`, `assistantphone`, `birthday`, `laststayintouchrequest`, `laststayintouchsavedate`, `leadsource`) VALUES
(8, '', '', '', '', NULL, 0, 0, ''),
(16, '', '', '', '', NULL, 0, 0, ''),
(17, '', '', '', '', NULL, 0, 0, ''),
(95, '', '', '', '', NULL, 0, 0, ''),
(96, '', '', '', '', NULL, 0, 0, ''),
(117, '4234243', '42342', '', '', NULL, 0, 0, 'Cold Call'),
(119, '', '', '', '', NULL, 0, 0, ''),
(125, '', '', '', '', NULL, 0, 0, ''),
(128, '', '', '', '', NULL, 0, 0, ''),
(130, '', '', '', '', NULL, 0, 0, ''),
(132, '', '', '', '', NULL, 0, 0, ''),
(223, '', '', '', '', NULL, 0, 0, ''),
(224, '', '', '', '', NULL, 0, 0, ''),
(225, '', '', '', '', NULL, 0, 0, '');

-- --------------------------------------------------------

--
-- Table structure for table `vtiger_contpotentialrel`
--

CREATE TABLE `vtiger_contpotentialrel` (
  `contactid` int(19) NOT NULL DEFAULT 0,
  `potentialid` int(19) NOT NULL DEFAULT 0
) ENGINE=InnoDB DEFAULT CHARSET=utf8;

-- --------------------------------------------------------

--
-- Table structure for table `vtiger_contract_priority`
--

CREATE TABLE `vtiger_contract_priority` (
  `contract_priorityid` int(11) NOT NULL,
  `contract_priority` varchar(200) NOT NULL,
  `presence` int(1) NOT NULL DEFAULT 1,
  `picklist_valueid` int(11) NOT NULL DEFAULT 0,
  `sortorderid` int(11) DEFAULT 0,
  `color` varchar(10) DEFAULT NULL
) ENGINE=InnoDB DEFAULT CHARSET=utf8;

--
-- Dumping data for table `vtiger_contract_priority`
--

INSERT INTO `vtiger_contract_priority` (`contract_priorityid`, `contract_priority`, `presence`, `picklist_valueid`, `sortorderid`, `color`) VALUES
(1, 'Low', 1, 220, 1, NULL),
(2, 'Normal', 1, 221, 2, NULL),
(3, 'High', 1, 222, 3, NULL);

-- --------------------------------------------------------

--
-- Table structure for table `vtiger_contract_priority_seq`
--

CREATE TABLE `vtiger_contract_priority_seq` (
  `id` int(11) NOT NULL
) ENGINE=InnoDB DEFAULT CHARSET=utf8;

--
-- Dumping data for table `vtiger_contract_priority_seq`
--

INSERT INTO `vtiger_contract_priority_seq` (`id`) VALUES
(3);

-- --------------------------------------------------------

--
-- Table structure for table `vtiger_contract_status`
--

CREATE TABLE `vtiger_contract_status` (
  `contract_statusid` int(11) NOT NULL,
  `contract_status` varchar(200) NOT NULL,
  `presence` int(1) NOT NULL DEFAULT 1,
  `picklist_valueid` int(11) NOT NULL DEFAULT 0,
  `sortorderid` int(11) DEFAULT 0,
  `color` varchar(10) DEFAULT NULL
) ENGINE=InnoDB DEFAULT CHARSET=utf8;

--
-- Dumping data for table `vtiger_contract_status`
--

INSERT INTO `vtiger_contract_status` (`contract_statusid`, `contract_status`, `presence`, `picklist_valueid`, `sortorderid`, `color`) VALUES
(1, 'Undefined', 1, 214, 1, NULL),
(2, 'In Planning', 1, 215, 2, NULL),
(3, 'In Progress', 1, 216, 3, NULL),
(4, 'On Hold', 1, 217, 4, NULL),
(5, 'Complete', 0, 218, 5, NULL),
(6, 'Archived', 1, 219, 6, NULL);

-- --------------------------------------------------------

--
-- Table structure for table `vtiger_contract_status_seq`
--

CREATE TABLE `vtiger_contract_status_seq` (
  `id` int(11) NOT NULL
) ENGINE=InnoDB DEFAULT CHARSET=utf8;

--
-- Dumping data for table `vtiger_contract_status_seq`
--

INSERT INTO `vtiger_contract_status_seq` (`id`) VALUES
(6);

-- --------------------------------------------------------

--
-- Table structure for table `vtiger_contract_type`
--

CREATE TABLE `vtiger_contract_type` (
  `contract_typeid` int(11) NOT NULL,
  `contract_type` varchar(200) NOT NULL,
  `presence` int(1) NOT NULL DEFAULT 1,
  `picklist_valueid` int(11) NOT NULL DEFAULT 0,
  `sortorderid` int(11) DEFAULT 0,
  `color` varchar(10) DEFAULT NULL
) ENGINE=InnoDB DEFAULT CHARSET=utf8;

--
-- Dumping data for table `vtiger_contract_type`
--

INSERT INTO `vtiger_contract_type` (`contract_typeid`, `contract_type`, `presence`, `picklist_valueid`, `sortorderid`, `color`) VALUES
(1, 'Support', 1, 223, 1, NULL),
(2, 'Services', 1, 224, 2, NULL),
(3, 'Administrative', 1, 225, 3, NULL);

-- --------------------------------------------------------

--
-- Table structure for table `vtiger_contract_type_seq`
--

CREATE TABLE `vtiger_contract_type_seq` (
  `id` int(11) NOT NULL
) ENGINE=InnoDB DEFAULT CHARSET=utf8;

--
-- Dumping data for table `vtiger_contract_type_seq`
--

INSERT INTO `vtiger_contract_type_seq` (`id`) VALUES
(3);

-- --------------------------------------------------------

--
-- Table structure for table `vtiger_convertleadmapping`
--

CREATE TABLE `vtiger_convertleadmapping` (
  `cfmid` int(19) NOT NULL,
  `leadfid` int(19) NOT NULL,
  `accountfid` int(19) DEFAULT NULL,
  `contactfid` int(19) DEFAULT NULL,
  `potentialfid` int(19) DEFAULT NULL,
  `editable` int(19) DEFAULT 1
) ENGINE=InnoDB DEFAULT CHARSET=utf8;

--
-- Dumping data for table `vtiger_convertleadmapping`
--

INSERT INTO `vtiger_convertleadmapping` (`cfmid`, `leadfid`, `accountfid`, `contactfid`, `potentialfid`, `editable`) VALUES
(1, 43, 1, 0, 110, 0),
(2, 49, 14, 0, 0, 1),
(3, 40, 3, 69, 0, 1),
(4, 44, 5, 77, 0, 1),
(5, 52, 13, 0, 0, 1),
(6, 46, 9, 80, 0, 0),
(7, 48, 4, 0, 0, 1),
(8, 61, 26, 98, 0, 1),
(9, 60, 30, 0, 0, 1),
(10, 62, 32, 104, 0, 1),
(11, 63, 28, 100, 0, 1),
(12, 59, 24, 96, 0, 1),
(13, 64, 34, 106, 0, 1),
(14, 61, 27, 0, 0, 1),
(15, 60, 31, 0, 0, 1),
(16, 62, 33, 0, 0, 1),
(17, 63, 29, 0, 0, 1),
(18, 59, 25, 0, 0, 1),
(19, 64, 35, 0, 0, 1),
(20, 65, 36, 109, 125, 1),
(21, 37, 0, 66, 0, 1),
(22, 38, 0, 67, 0, 0),
(23, 41, 0, 70, 0, 0),
(24, 42, 0, 71, 0, 1),
(25, 45, 0, 76, 0, 1),
(26, 55, 0, 83, 0, 1),
(27, 47, 0, 74, 117, 1),
(28, 50, 0, 0, 0, 1),
(29, 53, 10, 0, 0, 1),
(30, 51, 17, 0, 0, 1);

-- --------------------------------------------------------

--
-- Table structure for table `vtiger_convertpotentialmapping`
--

CREATE TABLE `vtiger_convertpotentialmapping` (
  `cfmid` int(19) NOT NULL,
  `potentialfid` int(19) NOT NULL,
  `projectfid` int(19) DEFAULT NULL,
  `editable` int(11) DEFAULT 1
) ENGINE=InnoDB DEFAULT CHARSET=utf8;

--
-- Dumping data for table `vtiger_convertpotentialmapping`
--

INSERT INTO `vtiger_convertpotentialmapping` (`cfmid`, `potentialfid`, `projectfid`, `editable`) VALUES
(1, 110, 654, NULL),
(2, 125, 670, NULL);

-- --------------------------------------------------------

--
-- Table structure for table `vtiger_crmentity`
--

CREATE TABLE `vtiger_crmentity` (
  `crmid` int(19) NOT NULL,
  `smcreatorid` int(19) NOT NULL DEFAULT 0,
  `smownerid` int(19) NOT NULL DEFAULT 0,
  `modifiedby` int(19) NOT NULL DEFAULT 0,
  `setype` varchar(100) DEFAULT NULL,
  `description` mediumtext DEFAULT NULL,
  `createdtime` datetime NOT NULL,
  `modifiedtime` datetime NOT NULL,
  `viewedtime` datetime DEFAULT NULL,
  `status` varchar(50) DEFAULT NULL,
  `version` int(19) NOT NULL DEFAULT 0,
  `presence` int(1) DEFAULT 1,
  `deleted` int(1) NOT NULL DEFAULT 0,
  `smgroupid` int(19) DEFAULT NULL,
  `source` varchar(100) DEFAULT NULL,
  `label` varchar(255) DEFAULT NULL
) ENGINE=InnoDB DEFAULT CHARSET=utf8;

--
-- Dumping data for table `vtiger_crmentity`
--

INSERT INTO `vtiger_crmentity` (`crmid`, `smcreatorid`, `smownerid`, `modifiedby`, `setype`, `description`, `createdtime`, `modifiedtime`, `viewedtime`, `status`, `version`, `presence`, `deleted`, `smgroupid`, `source`, `label`) VALUES
(2, 1, 1, 1, 'Campaigns', '', '2020-12-17 10:45:15', '2020-12-18 09:58:32', NULL, NULL, 0, 1, 1, 0, 'CRM', 'testing'),
(3, 1, 1, 1, 'Leads', '', '2020-12-17 11:01:07', '2020-12-17 11:49:51', NULL, NULL, 0, 1, 1, 0, 'CRM', 'New south lead'),
(4, 1, 1, 1, 'Accounts', '', '2020-12-17 11:01:59', '2021-02-20 06:16:47', NULL, NULL, 0, 1, 1, 0, 'CRM', 'New south'),
(5, 1, 1, 1, 'Calendar', '', '2020-12-17 11:10:42', '2021-02-20 06:18:59', NULL, NULL, 0, 1, 1, 0, 'CRM', 'Elite'),
(6, 1, 1, 1, 'Calendar', '', '2020-12-17 11:12:50', '2021-02-20 06:18:59', NULL, NULL, 0, 1, 1, 0, 'CRM', 'Meeting'),
(7, 1, 1, 1, 'Leads', '', '2020-12-17 11:50:18', '2020-12-18 09:57:56', NULL, NULL, 0, 1, 1, 0, 'CRM', 'demo demoo'),
(8, 1, 1, 1, 'Contacts', '', '2020-12-17 11:56:06', '2020-12-18 09:58:14', NULL, NULL, 0, 1, 1, 0, 'CRM', 'qa qad'),
(9, 1, 1, 1, 'Potentials', '', '2020-12-17 12:55:19', '2021-02-23 06:46:43', NULL, NULL, 0, 1, 1, 0, 'CRM', 'sd'),
(10, 1, 1, 1, 'Accounts', '', '2020-12-17 13:00:19', '2021-02-20 06:18:59', NULL, NULL, 0, 1, 1, 0, 'CRM', 'qa'),
(11, 1, 1, 1, 'Products', '', '2020-12-18 10:00:02', '2021-02-20 06:18:59', NULL, NULL, 0, 1, 0, 0, 'CRM', 'kit'),
(12, 1, 1, 0, 'Products Image', '', '2020-12-18 10:00:02', '2021-02-20 06:18:59', NULL, NULL, 0, 1, 0, NULL, NULL, NULL),
(13, 1, 1, 1, 'Services', '', '2020-12-18 10:02:49', '2020-12-18 10:02:49', NULL, NULL, 0, 1, 0, 0, 'CRM', 'kit service'),
(14, 1, 1, 1, 'PriceBooks', '', '2020-12-18 10:06:34', '2020-12-18 10:06:34', NULL, NULL, 0, 1, 0, 0, 'CRM', 'kit book'),
(15, 1, 1, 1, 'Vendors', '', '2020-12-18 10:10:36', '2020-12-18 10:10:36', NULL, NULL, 0, 1, 0, 0, 'CRM', 'rahul'),
(16, 1, 1, 1, 'Contacts', '', '2020-12-18 10:12:55', '2021-02-23 06:49:57', NULL, NULL, 0, 1, 1, 0, 'CRM', 'rahul rahu'),
(17, 1, 1, 1, 'Contacts', '', '2020-12-18 10:17:24', '2021-02-23 06:49:57', NULL, NULL, 0, 1, 1, 0, 'CRM', 'raul rahu'),
(18, 1, 1, 1, 'HelpDesk', '', '2020-12-18 10:17:39', '2020-12-18 10:17:39', NULL, NULL, 0, 1, 0, 0, 'CRM', 'right'),
(19, 1, 1, 1, 'Products', '', '2020-12-18 10:21:16', '2020-12-18 10:21:16', NULL, NULL, 0, 1, 0, 0, 'CRM', 'pen'),
(20, 1, 1, 1, 'Faq', NULL, '2020-12-18 10:21:57', '2020-12-18 10:21:57', NULL, NULL, 0, 1, 0, 0, 'CRM', 'pen'),
(21, 1, 1, 1, 'ServiceContracts', NULL, '2020-12-18 10:34:13', '2020-12-18 10:34:13', NULL, NULL, 0, 1, 0, 0, 'CRM', 'meeting'),
(22, 1, 1, 1, 'Project', '', '2020-12-18 10:40:20', '2020-12-18 10:40:20', NULL, NULL, 0, 1, 0, 0, 'CRM', 'Mercury'),
(23, 1, 1, 1, 'Project', '', '2020-12-18 10:44:30', '2021-02-20 06:18:59', NULL, NULL, 0, 1, 0, 0, 'CRM', 'mercury'),
(24, 1, 1, 1, 'Accounts', '', '2020-12-21 06:15:24', '2021-02-20 06:18:59', NULL, NULL, 0, 1, 1, 0, 'CRM', 'testing'),
(25, 1, 1, 1, 'Accounts', '', '2020-12-21 06:16:05', '2021-02-20 06:18:59', NULL, NULL, 0, 1, 1, 0, 'CRM', 'testing23'),
(26, 1, 1, 1, 'Leads', '', '2020-12-29 12:53:03', '2021-02-23 05:44:59', NULL, NULL, 0, 1, 1, 0, 'CRM', 'demo demo'),
(27, 1, 1, 1, 'Calendar', '', '2021-02-11 10:43:34', '2021-02-20 06:18:40', NULL, NULL, 0, 1, 1, 0, 'CRM', 'Task-TEST'),
(28, 1, 1, 1, 'Calendar', '', '2021-02-11 10:44:34', '2021-02-20 06:18:40', NULL, NULL, 0, 1, 1, 0, 'CRM', 'TSK-1'),
(29, 1, 1, 1, 'Calendar', '', '2021-02-12 07:35:09', '2021-02-20 06:19:20', NULL, NULL, 0, 1, 1, 0, 'CRM', 'TASK-A'),
(30, 1, 1, 1, 'Calendar', '', '2021-02-12 07:37:18', '2021-02-20 06:19:20', NULL, NULL, 0, 1, 1, 0, 'CRM', 'Task-001'),
(31, 1, 1, 1, 'Calendar', '', '2021-02-12 07:41:59', '2021-02-20 06:19:20', NULL, NULL, 0, 1, 1, 0, 'CRM', 'Call-1'),
(32, 1, 1, 1, 'Calendar', '', '2021-02-12 11:03:08', '2021-02-20 06:19:20', NULL, NULL, 0, 1, 1, 0, 'CRM', 'Task-Stand UP'),
(33, 1, 1, 1, 'Calendar', '', '2021-02-12 11:05:33', '2021-05-10 13:17:07', NULL, NULL, 0, 1, 1, 0, 'CRM', 'Stand Up -New'),
(34, 1, 1, 1, 'Calendar', '', '2021-02-12 11:12:05', '2021-02-20 06:19:20', NULL, NULL, 0, 1, 1, 0, 'CRM', 'Logout'),
(35, 1, 1, 1, 'Calendar', '', '2021-02-12 12:05:40', '2021-02-20 06:18:59', NULL, NULL, 0, 1, 1, 0, 'CRM', 'Email'),
(36, 1, 1, 1, 'Calendar', '', '2021-02-15 11:56:49', '2021-02-20 06:19:38', NULL, NULL, 0, 1, 0, 0, 'CRM', 'Meeting'),
(37, 1, 1, 1, 'CustomModule', NULL, '2021-02-15 13:41:44', '2021-02-15 13:41:44', NULL, NULL, 0, 1, 0, 0, 'CRM', NULL),
(39, 1, 1, 1, 'Subservices', NULL, '2021-02-15 14:35:14', '2021-02-22 06:01:38', NULL, NULL, 0, 1, 1, 0, 'CRM', NULL),
(41, 1, 1, 1, 'Subservices', NULL, '2021-02-15 14:54:21', '2021-02-22 06:01:38', NULL, NULL, 0, 1, 1, 0, 'CRM', NULL),
(42, 1, 1, 1, 'Subservices', NULL, '2021-02-15 18:07:18', '2021-02-22 06:01:38', NULL, NULL, 0, 1, 1, 0, 'CRM', NULL),
(43, 1, 1, 1, 'Subservices', NULL, '2021-02-15 18:09:29', '2021-02-22 06:01:38', NULL, NULL, 0, 1, 1, 0, 'CRM', NULL),
(46, 1, 1, 1, 'Subservices', NULL, '2021-02-16 12:28:59', '2021-02-22 06:01:38', NULL, NULL, 0, 1, 1, 0, 'CRM', NULL),
(47, 1, 1, 1, 'Subservices', NULL, '2021-02-16 14:26:27', '2021-02-22 06:01:38', NULL, NULL, 0, 1, 1, 0, 'CRM', 'rrrrr'),
(48, 1, 1, 1, 'Subservices', NULL, '2021-02-16 14:31:10', '2021-02-22 06:01:38', NULL, NULL, 0, 1, 1, 0, 'CRM', 'rrrrr'),
(49, 1, 1, 1, 'Subservices', NULL, '2021-02-16 14:39:08', '2021-02-22 06:01:38', NULL, NULL, 0, 1, 1, 0, 'CRM', 'rrrrr'),
(50, 1, 1, 1, 'Subservices', NULL, '2021-02-16 14:39:49', '2021-02-22 06:01:38', NULL, NULL, 0, 1, 1, 0, 'CRM', 'rrrrr'),
(58, 1, 1, 1, 'Mainservicestype', NULL, '2021-02-17 11:48:32', '2021-02-22 06:02:14', NULL, NULL, 0, 1, 1, 0, 'CRM', 'carss'),
(59, 1, 1, 1, 'Mainservicestype', NULL, '2021-02-17 18:40:38', '2021-02-22 05:52:01', NULL, NULL, 0, 1, 1, 0, 'CRM', 'buses'),
(60, 1, 1, 1, 'Subservices', NULL, '2021-02-17 18:41:13', '2021-02-22 06:01:38', NULL, NULL, 0, 1, 1, 0, 'CRM', ''),
(61, 1, 3, 1, 'Subservices', NULL, '2021-02-17 18:42:07', '2021-02-22 06:01:38', NULL, NULL, 0, 1, 1, 0, 'CRM', ''),
(62, 1, 1, 1, 'Subservices', NULL, '2021-02-17 18:43:15', '2021-02-22 06:01:38', NULL, NULL, 0, 1, 1, 0, 'CRM', ''),
(63, 1, 1, 1, 'Accounts', '', '2021-02-17 18:57:23', '2021-02-20 06:16:47', NULL, NULL, 0, 1, 1, 0, 'CRM', 'qqqqqq'),
(64, 1, 1, 1, 'Mainservicestype', NULL, '2021-02-17 19:09:08', '2021-02-22 05:52:01', NULL, NULL, 0, 1, 1, 0, 'CRM', 'jmjmj'),
(65, 1, 1, 1, 'Mainservicestype', NULL, '2021-02-17 19:11:37', '2021-02-22 05:52:01', NULL, NULL, 0, 1, 1, 0, 'CRM', 'dddd'),
(66, 1, 1, 1, 'Subservices', NULL, '2021-02-17 19:25:40', '2021-02-22 06:01:38', NULL, NULL, 0, 1, 1, 0, 'CRM', ''),
(67, 1, 1, 1, 'Mainservicestype', NULL, '2021-02-18 06:34:42', '2021-02-22 05:52:01', NULL, NULL, 0, 1, 1, 0, 'CRM', 'kkkkmmmm'),
(68, 1, 1, 1, 'Calendar', '', '2021-02-18 08:10:29', '2021-02-18 08:10:29', NULL, NULL, 0, 1, 0, 0, 'CRM', 'lll'),
(69, 1, 1, 1, 'Calendar', '', '2021-02-18 08:10:36', '2021-02-18 08:10:36', NULL, NULL, 0, 1, 0, 0, 'CRM', 'lll'),
(70, 1, 1, 1, 'Calendar', '', '2021-02-18 08:16:56', '2021-02-18 08:16:56', NULL, NULL, 0, 1, 0, 0, 'CRM', 'call'),
(71, 1, 1, 1, 'Calendar', '', '2021-02-18 08:20:18', '2021-02-18 08:20:18', NULL, NULL, 0, 1, 0, 0, 'CRM', 'ca'),
(72, 1, 1, 1, 'Calendar', '', '2021-02-18 08:37:06', '2021-02-18 08:37:06', NULL, NULL, 0, 1, 0, 0, 'CRM', 'call'),
(73, 1, 1, 1, 'Calendar', '', '2021-02-18 09:29:16', '2021-02-18 09:29:16', NULL, NULL, 0, 1, 0, 0, 'CRM', 'testing'),
(74, 1, 1, 1, 'Accounts', '', '2021-02-22 04:25:48', '2021-02-22 04:25:48', NULL, NULL, 0, 1, 0, 0, 'CRM', 'Billzy'),
(75, 1, 1, 1, 'Accounts', '', '2021-02-22 04:29:01', '2021-02-22 04:29:01', NULL, NULL, 0, 1, 0, 0, 'CRM', 'Lab Gear'),
(76, 1, 1, 1, 'Accounts', '', '2021-02-22 04:32:15', '2021-02-22 04:32:15', NULL, NULL, 0, 1, 0, 0, 'CRM', 'Pallet Masters'),
(77, 1, 1, 1, 'Accounts', '', '2021-02-22 04:34:02', '2021-02-22 04:34:02', NULL, NULL, 0, 1, 0, 0, 'CRM', 'Polyworld'),
(78, 1, 1, 1, 'Accounts', '', '2021-02-22 04:35:48', '2021-02-22 04:35:48', NULL, NULL, 0, 1, 0, 0, 'CRM', 'Wonderment'),
(79, 1, 1, 1, 'Accounts', '', '2021-02-22 04:37:31', '2021-02-22 04:37:31', NULL, NULL, 0, 1, 0, 0, 'CRM', 'Smenco'),
(80, 1, 1, 1, 'Accounts', '', '2021-02-22 04:39:40', '2021-02-22 04:39:40', NULL, NULL, 0, 1, 0, 0, 'CRM', 'Hypoxi Body Boutique Bulimba'),
(81, 1, 1, 1, 'Accounts', '', '2021-02-22 04:41:29', '2021-02-22 04:41:29', NULL, NULL, 0, 1, 0, 0, 'CRM', 'Unique Window Services'),
(82, 1, 1, 1, 'Accounts', '', '2021-02-22 04:43:45', '2021-02-22 04:43:45', NULL, NULL, 0, 1, 0, 0, 'CRM', 'Jden Pty Ltd'),
(83, 1, 1, 1, 'Accounts', '', '2021-02-22 04:45:19', '2021-02-22 04:45:19', NULL, NULL, 0, 1, 0, 0, 'CRM', 'Genomics For Life'),
(84, 1, 1, 1, 'Accounts', '', '2021-02-22 04:47:42', '2021-02-22 04:47:42', NULL, NULL, 0, 1, 0, 0, 'CRM', 'Alpetros Nu 22'),
(85, 1, 1, 1, 'Accounts', '', '2021-02-22 04:48:36', '2021-02-22 04:48:36', NULL, NULL, 0, 1, 0, 0, 'CRM', 'Salvation Army'),
(86, 1, 1, 1, 'Accounts', '', '2021-02-22 04:50:24', '2021-02-22 04:50:24', NULL, NULL, 0, 1, 0, 0, 'CRM', 'Silver Chef'),
(87, 1, 1, 1, 'Accounts', '', '2021-02-22 04:52:18', '2021-02-22 04:52:18', NULL, NULL, 0, 1, 0, 0, 'CRM', 'GS Majoris Pty Ltd'),
(88, 1, 1, 1, 'Accounts', '', '2021-02-22 04:54:07', '2021-02-22 04:54:07', NULL, NULL, 0, 1, 0, 0, 'CRM', 'Birrunga Gallery & Dining'),
(89, 1, 1, 1, 'Accounts', '', '2021-02-22 04:55:54', '2021-02-22 04:55:54', NULL, NULL, 0, 1, 0, 0, 'CRM', 'Superior Air Parts'),
(90, 1, 1, 1, 'Accounts', '', '2021-02-22 04:57:29', '2021-02-22 04:57:29', NULL, NULL, 0, 1, 0, 0, 'CRM', 'TMPC'),
(91, 1, 1, 1, 'Accounts', '', '2021-02-22 05:26:51', '2021-02-22 05:26:51', NULL, NULL, 0, 1, 0, 0, 'CRM', 'Bartercard Brisbane'),
(92, 1, 1, 1, 'Accounts', '', '2021-02-22 05:28:07', '2021-02-22 05:28:07', NULL, NULL, 0, 1, 0, 0, 'CRM', 'Snap Fitness Chermside'),
(93, 1, 1, 1, 'Leads', '', '2021-02-23 06:48:36', '2021-02-23 06:49:00', NULL, NULL, 0, 1, 1, 0, 'CRM', 'ss vv'),
(94, 1, 1, 1, 'Campaigns', '', '2021-02-23 06:49:26', '2021-02-23 06:49:36', NULL, NULL, 0, 1, 1, 0, 'CRM', 'zxv'),
(95, 1, 1, 1, 'Contacts', '', '2021-02-23 06:50:05', '2021-02-23 06:50:37', NULL, NULL, 0, 1, 1, 0, 'CRM', 'ss vv'),
(96, 1, 1, 1, 'Contacts', '', '2021-02-23 08:58:26', '2021-02-23 11:33:40', NULL, NULL, 0, 1, 1, 0, 'CRM', 'ss vv'),
(97, 1, 2, 1, 'Leads', 'Hi-001', '2021-02-23 10:50:35', '2021-02-23 10:52:47', NULL, NULL, 0, 1, 1, 0, 'CRM', NULL),
(98, 1, 2, 1, 'Documents', 'Hi-001', '2021-02-23 10:50:35', '2021-02-23 10:50:35', NULL, NULL, 0, 1, 0, 0, 'CRM', 'QA'),
(99, 1, 4, 1, 'Leads', 'Hi-001', '2021-02-23 10:51:44', '2021-02-23 10:52:46', NULL, NULL, 0, 1, 1, 0, 'CRM', NULL),
(100, 1, 4, 1, 'Documents', 'Hi-001', '2021-02-23 10:51:44', '2021-02-23 10:51:44', NULL, NULL, 0, 1, 0, 0, 'CRM', 'QA'),
(101, 1, 1, 1, 'Leads', 'Hi-001', '2021-02-23 10:52:33', '2021-02-23 10:52:46', NULL, NULL, 0, 1, 1, 0, 'CRM', NULL),
(102, 1, 1, 1, 'Documents', 'Hi-001', '2021-02-23 10:52:33', '2021-02-23 10:52:33', NULL, NULL, 0, 1, 0, 0, 'CRM', 'QA'),
(103, 1, 1, 1, 'Leads', '', '2021-02-23 11:32:00', '2021-02-23 11:33:30', NULL, NULL, 0, 1, 1, 0, 'CRM', NULL),
(104, 1, 1, 1, 'Documents', '', '2021-02-23 11:32:00', '2021-02-23 11:32:00', NULL, NULL, 0, 1, 0, 0, 'CRM', 'QA'),
(105, 1, 4, 1, 'Leads', '', '2021-02-23 11:32:50', '2021-02-23 11:33:30', NULL, NULL, 0, 1, 1, 0, 'CRM', NULL),
(106, 1, 4, 1, 'Documents', '', '2021-02-23 11:32:50', '2021-02-23 11:32:50', NULL, NULL, 0, 1, 0, 0, 'CRM', 'QA'),
(107, 1, 1, 1, 'Mainservicestype', NULL, '2021-02-23 11:34:27', '2021-02-23 12:47:23', NULL, NULL, 0, 1, 1, 0, 'CRM', 'CAR'),
(108, 1, 1, 1, 'Calendar', '', '2021-02-23 11:35:40', '2021-02-23 11:35:40', NULL, NULL, 0, 1, 0, 0, 'CRM', 'Task'),
(109, 1, 1, 1, 'Calendar', '', '2021-02-23 11:35:51', '2021-02-23 11:35:51', NULL, NULL, 0, 1, 0, 0, 'CRM', 'Task'),
(110, 1, 1, 1, 'Calendar', '', '2021-02-23 11:35:57', '2021-02-23 11:35:57', NULL, NULL, 0, 1, 0, 0, 'CRM', 'Task'),
(111, 1, 1, 1, 'Leads', '', '2021-02-23 14:08:17', '2021-02-23 14:39:54', NULL, NULL, 0, 1, 1, 0, 'CRM', 'ss vv'),
(112, 1, 1, 1, 'Potentials', '', '2021-03-02 09:02:07', '2021-03-02 09:02:27', NULL, NULL, 0, 1, 1, 0, 'CRM', 'comx'),
(113, 1, 1, 1, 'Leads', '', '2021-03-11 01:34:58', '2021-03-29 07:07:41', NULL, NULL, 0, 1, 1, 0, 'CRM', 'test test'),
(114, 1, 1, 1, 'Emails', '<html>\r\n<head>\r\n	<title></title>\r\n</head>\r\n<body>\r\n<p>$invitee_name$,<br />\r\n<br />\r\nYou have been invited for an activity<br />\r\n<br />\r\nThe details are :<br />\r\n&nbsp; Subject : $events-subject$<br />\r\n&nbsp; Start Date & Time : $events-date_start$<br />\r\n&nbsp; End Date & Time : $events-due_date$<br />\r\n&nbsp; Status : $events-eventstatus$<br />\r\n&nbsp; Priority : $events-priority$<br />\r\n&nbsp; Related To : $events-crmid$<br />\r\n&nbsp; Contact List : $events-contactid$<br />\r\n&nbsp; Location : $events-location$<br />\r\n&nbsp; Description : $events-description$<br />\r\n<br />\r\nThanks & Regards,<br />\r\n$current_user_name$</p>\r\n\r\n<p></p>\r\n</body>\r\n</html>\r\n', '2021-03-11 01:37:37', '2021-03-17 11:55:03', NULL, NULL, 0, 1, 0, 0, 'CRM', 'Invitation'),
(115, 1, 1, 1, 'Campaigns', '', '2021-03-29 06:13:45', '2021-03-29 06:18:59', NULL, NULL, 0, 1, 1, 0, 'CRM', 'Test'),
(116, 1, 1, 1, 'Campaigns', '', '2021-03-29 06:40:27', '2021-03-29 12:56:30', NULL, NULL, 0, 1, 1, 0, 'CRM', 'Test'),
(117, 1, 1, 1, 'Contacts', '', '2021-03-29 06:43:47', '2021-03-29 07:46:59', NULL, NULL, 0, 1, 1, 0, 'CRM', 'John leo'),
(118, 1, 1, 1, 'Leads', '', '2021-03-29 07:22:05', '2021-03-29 12:56:37', NULL, NULL, 0, 1, 1, 0, 'CRM', 'John Leo'),
(119, 1, 1, 1, 'Contacts', '', '2021-03-29 08:39:13', '2021-03-29 12:56:43', NULL, NULL, 0, 1, 1, 0, 'CRM', 'Lawrence lee'),
(120, 1, 1, 1, 'Potentials', '', '2021-03-29 08:46:01', '2021-03-29 12:56:49', NULL, NULL, 0, 1, 1, 0, 'CRM', 'Mathiew'),
(121, 1, 1, 1, 'Mainservicestype', NULL, '2021-03-31 04:06:53', '2021-05-14 11:03:13', NULL, NULL, 0, 1, 1, 0, 'CRM', 'Home clean'),
(122, 1, 1, 1, 'Subservices', NULL, '2021-03-31 04:07:15', '2021-05-14 11:03:24', NULL, NULL, 0, 1, 1, 0, 'CRM', ''),
(123, 1, 1, 1, 'Transaction', NULL, '2021-03-31 04:09:35', '2021-03-31 04:09:35', NULL, NULL, 0, 1, 0, 0, 'CRM', ''),
(124, 1, 1, 1, 'Mainservicestype', NULL, '2021-03-31 08:11:21', '2021-05-14 11:03:13', NULL, NULL, 0, 1, 1, 0, 'CRM', 'Home clean00'),
(125, 21, 21, 21, 'Contacts', '', '2021-04-01 06:24:26', '2021-04-01 06:33:15', NULL, NULL, 0, 1, 1, 0, 'CRM', 'Gurjeet Singh'),
(126, 21, 21, 21, 'Emails', '<html>\r\n<head>\r\n	<title></title>\r\n</head>\r\n<body>Hi gurjeet singh</body>\r\n</html>\r\n', '2021-04-01 06:31:45', '2021-04-01 06:31:45', NULL, NULL, 0, 1, 0, 0, 'CRM', 'project'),
(127, 21, 21, 21, 'Emails', '<html>\r\n<head>\r\n	<title></title>\r\n</head>\r\n<body>bvdfggfgfghfdgfdfdfdfds</body>\r\n</html>\r\n', '2021-04-01 06:32:30', '2021-04-01 06:32:30', NULL, NULL, 0, 1, 0, 0, 'CRM', 'project'),
(128, 21, 21, 21, 'Contacts', '', '2021-04-01 06:33:34', '2021-04-01 06:34:07', NULL, NULL, 0, 1, 1, 0, 'CRM', 'Gurjeet Singh'),
(129, 21, 21, 21, 'Emails', '<html>\r\n<head>\r\n	<title></title>\r\n</head>\r\n<body>ggttyewtrtrggefwfrgrgtrgtr</body>\r\n</html>\r\n', '2021-04-01 06:33:59', '2021-04-01 06:33:59', NULL, NULL, 0, 1, 0, 0, 'CRM', 'project'),
(130, 21, 21, 21, 'Contacts', '', '2021-04-01 06:35:25', '2021-04-01 08:54:18', NULL, NULL, 0, 1, 0, 0, 'CRM', 'Parm Singh'),
(131, 21, 21, 21, 'Emails', '<html>\r\n<head>\r\n	<title></title>\r\n</head>\r\n<body>fsdsfsfas</body>\r\n</html>\r\n', '2021-04-01 06:35:41', '2021-04-01 06:35:41', NULL, NULL, 0, 1, 0, 0, 'CRM', 'ssadsdd'),
(132, 1, 1, 21, 'Contacts', '', '2021-04-01 07:54:52', '2021-04-01 07:55:16', NULL, NULL, 0, 1, 1, 0, 'CRM', 'geroge t'),
(133, 21, 21, 21, 'Emails', '<html>\r\n<head>\r\n	<title></title>\r\n</head>\r\n<body>igguioihuyfyfgiuoijoi</body>\r\n</html>\r\n', '2021-04-01 08:54:18', '2021-04-01 08:54:18', NULL, NULL, 0, 1, 0, 0, 'CRM', 'project'),
(134, 21, 21, 21, 'MailManager Attachment', 'image001.png', '2021-04-01 09:34:54', '2021-04-01 09:34:54', NULL, NULL, 0, 1, 0, NULL, NULL, NULL),
(135, 21, 21, 21, 'MailManager Attachment', 'image002.png', '2021-04-01 09:34:54', '2021-04-01 09:34:54', NULL, NULL, 0, 1, 0, NULL, NULL, NULL),
(136, 21, 21, 21, 'MailManager Attachment', 'image003.gif', '2021-04-01 09:34:54', '2021-04-01 09:34:54', NULL, NULL, 0, 1, 0, NULL, NULL, NULL),
(137, 21, 21, 21, 'MailManager Attachment', 'image004.gif', '2021-04-01 09:34:54', '2021-04-01 09:34:54', NULL, NULL, 0, 1, 0, NULL, NULL, NULL),
(138, 21, 21, 21, 'MailManager Attachment', 'image005.jpg', '2021-04-01 09:34:54', '2021-04-01 09:34:54', NULL, NULL, 0, 1, 0, NULL, NULL, NULL),
(139, 21, 21, 21, 'MailManager Attachment', 'image006.gif', '2021-04-01 09:34:54', '2021-04-01 09:34:54', NULL, NULL, 0, 1, 0, NULL, NULL, NULL),
(140, 21, 21, 21, 'MailManager Attachment', 'image007.gif', '2021-04-01 09:34:54', '2021-04-01 09:34:54', NULL, NULL, 0, 1, 0, NULL, NULL, NULL),
(141, 21, 21, 21, 'MailManager Attachment', 'image001.png', '2021-04-01 09:34:54', '2021-04-01 09:34:54', NULL, NULL, 0, 1, 0, NULL, NULL, NULL),
(142, 21, 21, 21, 'MailManager Attachment', 'image002.gif', '2021-04-01 09:34:54', '2021-04-01 09:34:54', NULL, NULL, 0, 1, 0, NULL, NULL, NULL),
(143, 21, 21, 21, 'MailManager Attachment', 'image003.gif', '2021-04-01 09:34:54', '2021-04-01 09:34:54', NULL, NULL, 0, 1, 0, NULL, NULL, NULL),
(144, 21, 21, 21, 'MailManager Attachment', 'image004.jpg', '2021-04-01 09:34:54', '2021-04-01 09:34:54', NULL, NULL, 0, 1, 0, NULL, NULL, NULL),
(145, 21, 21, 21, 'MailManager Attachment', 'image005.gif', '2021-04-01 09:34:54', '2021-04-01 09:34:54', NULL, NULL, 0, 1, 0, NULL, NULL, NULL),
(146, 21, 21, 21, 'MailManager Attachment', 'image006.gif', '2021-04-01 09:34:54', '2021-04-01 09:34:54', NULL, NULL, 0, 1, 0, NULL, NULL, NULL),
(147, 21, 21, 21, 'MailManager Attachment', 'image007.png', '2021-04-01 09:34:54', '2021-04-01 09:34:54', NULL, NULL, 0, 1, 0, NULL, NULL, NULL),
(148, 21, 21, 21, 'MailManager Attachment', 'image008.png', '2021-04-01 09:34:54', '2021-04-01 09:34:54', NULL, NULL, 0, 1, 0, NULL, NULL, NULL),
(149, 21, 21, 21, 'MailManager Attachment', 'image001.png', '2021-04-01 09:34:54', '2021-04-01 09:34:54', NULL, NULL, 0, 1, 0, NULL, NULL, NULL),
(150, 21, 21, 21, 'MailManager Attachment', 'image002.gif', '2021-04-01 09:34:54', '2021-04-01 09:34:54', NULL, NULL, 0, 1, 0, NULL, NULL, NULL),
(151, 21, 21, 21, 'MailManager Attachment', 'image003.gif', '2021-04-01 09:34:54', '2021-04-01 09:34:54', NULL, NULL, 0, 1, 0, NULL, NULL, NULL),
(152, 21, 21, 21, 'MailManager Attachment', 'image004.jpg', '2021-04-01 09:34:54', '2021-04-01 09:34:54', NULL, NULL, 0, 1, 0, NULL, NULL, NULL),
(153, 21, 21, 21, 'MailManager Attachment', 'image005.gif', '2021-04-01 09:34:54', '2021-04-01 09:34:54', NULL, NULL, 0, 1, 0, NULL, NULL, NULL),
(154, 21, 21, 21, 'MailManager Attachment', 'image006.gif', '2021-04-01 09:34:54', '2021-04-01 09:34:54', NULL, NULL, 0, 1, 0, NULL, NULL, NULL),
(155, 21, 21, 21, 'MailManager Attachment', 'image007.png', '2021-04-01 09:34:54', '2021-04-01 09:34:54', NULL, NULL, 0, 1, 0, NULL, NULL, NULL),
(156, 21, 21, 21, 'MailManager Attachment', 'image008.png', '2021-04-01 09:34:54', '2021-04-01 09:34:54', NULL, NULL, 0, 1, 0, NULL, NULL, NULL),
(157, 21, 21, 21, 'MailManager Attachment', 'image001.png', '2021-04-01 09:34:54', '2021-04-01 09:34:54', NULL, NULL, 0, 1, 0, NULL, NULL, NULL),
(158, 21, 21, 21, 'MailManager Attachment', 'image002.gif', '2021-04-01 09:34:54', '2021-04-01 09:34:54', NULL, NULL, 0, 1, 0, NULL, NULL, NULL),
(159, 21, 21, 21, 'MailManager Attachment', 'image003.gif', '2021-04-01 09:34:54', '2021-04-01 09:34:54', NULL, NULL, 0, 1, 0, NULL, NULL, NULL),
(160, 21, 21, 21, 'MailManager Attachment', 'image004.jpg', '2021-04-01 09:34:54', '2021-04-01 09:34:54', NULL, NULL, 0, 1, 0, NULL, NULL, NULL),
(161, 21, 21, 21, 'MailManager Attachment', 'image005.gif', '2021-04-01 09:34:54', '2021-04-01 09:34:54', NULL, NULL, 0, 1, 0, NULL, NULL, NULL),
(162, 21, 21, 21, 'MailManager Attachment', 'image006.gif', '2021-04-01 09:34:54', '2021-04-01 09:34:54', NULL, NULL, 0, 1, 0, NULL, NULL, NULL),
(163, 21, 21, 21, 'MailManager Attachment', 'image007.png', '2021-04-01 09:34:54', '2021-04-01 09:34:54', NULL, NULL, 0, 1, 0, NULL, NULL, NULL),
(164, 21, 21, 21, 'MailManager Attachment', 'image008.png', '2021-04-01 09:34:54', '2021-04-01 09:34:54', NULL, NULL, 0, 1, 0, NULL, NULL, NULL),
(165, 21, 21, 21, 'MailManager Attachment', 'image001.png', '2021-04-01 09:34:54', '2021-04-01 09:34:54', NULL, NULL, 0, 1, 0, NULL, NULL, NULL),
(166, 21, 21, 21, 'MailManager Attachment', 'image002.gif', '2021-04-01 09:34:54', '2021-04-01 09:34:54', NULL, NULL, 0, 1, 0, NULL, NULL, NULL),
(167, 21, 21, 21, 'MailManager Attachment', 'image003.gif', '2021-04-01 09:34:54', '2021-04-01 09:34:54', NULL, NULL, 0, 1, 0, NULL, NULL, NULL),
(168, 21, 21, 21, 'MailManager Attachment', 'image004.jpg', '2021-04-01 09:34:54', '2021-04-01 09:34:54', NULL, NULL, 0, 1, 0, NULL, NULL, NULL),
(169, 21, 21, 21, 'MailManager Attachment', 'image005.gif', '2021-04-01 09:34:54', '2021-04-01 09:34:54', NULL, NULL, 0, 1, 0, NULL, NULL, NULL),
(170, 21, 21, 21, 'MailManager Attachment', 'image006.gif', '2021-04-01 09:34:54', '2021-04-01 09:34:54', NULL, NULL, 0, 1, 0, NULL, NULL, NULL),
(171, 21, 21, 21, 'MailManager Attachment', 'image001.png', '2021-04-01 09:34:54', '2021-04-01 09:34:54', NULL, NULL, 0, 1, 0, NULL, NULL, NULL),
(172, 21, 21, 21, 'MailManager Attachment', 'image013.png', '2021-04-01 09:34:54', '2021-04-01 09:34:54', NULL, NULL, 0, 1, 0, NULL, NULL, NULL),
(173, 21, 21, 21, 'MailManager Attachment', 'image014.png', '2021-04-01 09:34:54', '2021-04-01 09:34:54', NULL, NULL, 0, 1, 0, NULL, NULL, NULL),
(174, 21, 21, 21, 'MailManager Attachment', 'image003.jpg', '2021-04-01 09:34:54', '2021-04-01 09:34:54', NULL, NULL, 0, 1, 0, NULL, NULL, NULL),
(175, 21, 21, 21, 'MailManager Attachment', 'image005.jpg', '2021-04-01 09:34:54', '2021-04-01 09:34:54', NULL, NULL, 0, 1, 0, NULL, NULL, NULL),
(176, 21, 21, 21, 'MailManager Attachment', 'image007.jpg', '2021-04-01 09:34:54', '2021-04-01 09:34:54', NULL, NULL, 0, 1, 0, NULL, NULL, NULL),
(177, 21, 21, 21, 'MailManager Attachment', 'image009.jpg', '2021-04-01 09:34:55', '2021-04-01 09:34:55', NULL, NULL, 0, 1, 0, NULL, NULL, NULL),
(178, 21, 21, 21, 'MailManager Attachment', 'image011.jpg', '2021-04-01 09:34:55', '2021-04-01 09:34:55', NULL, NULL, 0, 1, 0, NULL, NULL, NULL),
(179, 21, 21, 21, 'MailManager Attachment', 'image012.jpg', '2021-04-01 09:34:55', '2021-04-01 09:34:55', NULL, NULL, 0, 1, 0, NULL, NULL, NULL),
(180, 21, 21, 21, 'MailManager Attachment', 'image015.jpg', '2021-04-01 09:34:55', '2021-04-01 09:34:55', NULL, NULL, 0, 1, 0, NULL, NULL, NULL),
(181, 21, 21, 21, 'MailManager Attachment', 'image016.jpg', '2021-04-01 09:34:55', '2021-04-01 09:34:55', NULL, NULL, 0, 1, 0, NULL, NULL, NULL),
(182, 21, 21, 21, 'MailManager Attachment', 'image017.jpg', '2021-04-01 09:34:55', '2021-04-01 09:34:55', NULL, NULL, 0, 1, 0, NULL, NULL, NULL),
(183, 21, 21, 21, 'MailManager Attachment', 'image018.jpg', '2021-04-01 09:34:55', '2021-04-01 09:34:55', NULL, NULL, 0, 1, 0, NULL, NULL, NULL),
(184, 21, 21, 21, 'MailManager Attachment', 'image029.jpg', '2021-04-01 09:34:55', '2021-04-01 09:34:55', NULL, NULL, 0, 1, 0, NULL, NULL, NULL),
(185, 21, 21, 21, 'MailManager Attachment', 'image001.jpg', '2021-04-01 09:34:55', '2021-04-01 09:34:55', NULL, NULL, 0, 1, 0, NULL, NULL, NULL),
(186, 21, 21, 21, 'MailManager Attachment', 'image002.png', '2021-04-01 09:34:55', '2021-04-01 09:34:55', NULL, NULL, 0, 1, 0, NULL, NULL, NULL),
(187, 21, 21, 21, 'MailManager Attachment', 'image003.jpg', '2021-04-01 09:34:55', '2021-04-01 09:34:55', NULL, NULL, 0, 1, 0, NULL, NULL, NULL),
(188, 21, 21, 21, 'MailManager Attachment', 'image004.jpg', '2021-04-01 09:34:55', '2021-04-01 09:34:55', NULL, NULL, 0, 1, 0, NULL, NULL, NULL),
(189, 21, 21, 21, 'MailManager Attachment', 'image005.jpg', '2021-04-01 09:34:55', '2021-04-01 09:34:55', NULL, NULL, 0, 1, 0, NULL, NULL, NULL),
(190, 21, 21, 21, 'MailManager Attachment', 'image006.jpg', '2021-04-01 09:34:55', '2021-04-01 09:34:55', NULL, NULL, 0, 1, 0, NULL, NULL, NULL),
(191, 21, 21, 21, 'MailManager Attachment', 'image007.jpg', '2021-04-01 09:34:55', '2021-04-01 09:34:55', NULL, NULL, 0, 1, 0, NULL, NULL, NULL),
(192, 21, 21, 21, 'MailManager Attachment', 'image002.jpg', '2021-04-01 09:34:55', '2021-04-01 09:34:55', NULL, NULL, 0, 1, 0, NULL, NULL, NULL),
(193, 21, 21, 21, 'MailManager Attachment', 'image003.png', '2021-04-01 09:34:55', '2021-04-01 09:34:55', NULL, NULL, 0, 1, 0, NULL, NULL, NULL),
(194, 21, 21, 21, 'MailManager Attachment', 'image004.jpg', '2021-04-01 09:34:55', '2021-04-01 09:34:55', NULL, NULL, 0, 1, 0, NULL, NULL, NULL),
(195, 21, 21, 21, 'MailManager Attachment', 'image005.jpg', '2021-04-01 09:34:55', '2021-04-01 09:34:55', NULL, NULL, 0, 1, 0, NULL, NULL, NULL),
(196, 21, 21, 21, 'MailManager Attachment', 'image006.jpg', '2021-04-01 09:34:55', '2021-04-01 09:34:55', NULL, NULL, 0, 1, 0, NULL, NULL, NULL),
(197, 21, 21, 21, 'MailManager Attachment', 'image007.jpg', '2021-04-01 09:34:55', '2021-04-01 09:34:55', NULL, NULL, 0, 1, 0, NULL, NULL, NULL),
(198, 21, 21, 21, 'MailManager Attachment', 'image008.jpg', '2021-04-01 09:34:55', '2021-04-01 09:34:55', NULL, NULL, 0, 1, 0, NULL, NULL, NULL),
(199, 21, 21, 21, 'MailManager Attachment', 'image009.jpg', '2021-04-01 09:34:55', '2021-04-01 09:34:55', NULL, NULL, 0, 1, 0, NULL, NULL, NULL),
(200, 21, 21, 21, 'MailManager Attachment', 'image010.png', '2021-04-01 09:34:55', '2021-04-01 09:34:55', NULL, NULL, 0, 1, 0, NULL, NULL, NULL),
(201, 21, 21, 21, 'MailManager Attachment', 'image011.png', '2021-04-01 09:34:55', '2021-04-01 09:34:55', NULL, NULL, 0, 1, 0, NULL, NULL, NULL),
(202, 21, 21, 21, 'MailManager Attachment', 'image012.jpg', '2021-04-01 09:34:55', '2021-04-01 09:34:55', NULL, NULL, 0, 1, 0, NULL, NULL, NULL),
(203, 21, 21, 21, 'MailManager Attachment', 'image013.jpg', '2021-04-01 09:34:55', '2021-04-01 09:34:55', NULL, NULL, 0, 1, 0, NULL, NULL, NULL),
(204, 21, 21, 21, 'MailManager Attachment', 'image014.jpg', '2021-04-01 09:34:55', '2021-04-01 09:34:55', NULL, NULL, 0, 1, 0, NULL, NULL, NULL),
(205, 21, 21, 21, 'MailManager Attachment', 'image015.jpg', '2021-04-01 09:34:55', '2021-04-01 09:34:55', NULL, NULL, 0, 1, 0, NULL, NULL, NULL),
(206, 21, 21, 21, 'MailManager Attachment', 'image001.jpg', '2021-04-01 09:34:55', '2021-04-01 09:34:55', NULL, NULL, 0, 1, 0, NULL, NULL, NULL),
(207, 21, 21, 21, 'MailManager Attachment', 'image002.png', '2021-04-01 09:34:55', '2021-04-01 09:34:55', NULL, NULL, 0, 1, 0, NULL, NULL, NULL),
(208, 21, 21, 21, 'MailManager Attachment', 'image003.jpg', '2021-04-01 09:34:55', '2021-04-01 09:34:55', NULL, NULL, 0, 1, 0, NULL, NULL, NULL),
(209, 21, 21, 21, 'MailManager Attachment', 'image004.jpg', '2021-04-01 09:34:55', '2021-04-01 09:34:55', NULL, NULL, 0, 1, 0, NULL, NULL, NULL),
(210, 21, 21, 21, 'MailManager Attachment', 'image005.jpg', '2021-04-01 09:34:55', '2021-04-01 09:34:55', NULL, NULL, 0, 1, 0, NULL, NULL, NULL),
(211, 21, 21, 21, 'MailManager Attachment', 'image006.jpg', '2021-04-01 09:34:55', '2021-04-01 09:34:55', NULL, NULL, 0, 1, 0, NULL, NULL, NULL),
(212, 21, 21, 21, 'MailManager Attachment', 'image007.jpg', '2021-04-01 09:34:55', '2021-04-01 09:34:55', NULL, NULL, 0, 1, 0, NULL, NULL, NULL),
(213, 1, 1, 1, 'Leads', '', '2021-04-05 12:19:11', '2021-05-14 11:02:50', NULL, NULL, 0, 1, 1, 0, 'CRM', 'srinivas M'),
(214, 1, 1, 1, 'Emails', '<html>\r\n<head>\r\n	<title></title>\r\n</head>\r\n<body>\r\n<p>$invitee_name$,<br />\r\n<br />\r\nYou have been invited for an activity<br />\r\n<br />\r\nThe details are :<br />\r\n&nbsp; Subject : $events-subject$<br />\r\n&nbsp; Start Date & Time : $events-date_start$<br />\r\n&nbsp; End Date & Time : $events-due_date$<br />\r\n&nbsp; Status : $events-eventstatus$<br />\r\n&nbsp; Priority : $events-priority$<br />\r\n&nbsp; Related To : $events-crmid$<br />\r\n&nbsp; Contact List : $events-contactid$<br />\r\n&nbsp; Location : $events-location$<br />\r\n&nbsp; Description : $events-description$<br />\r\n<br />\r\nThanks & Regards,<br />\r\n$current_user_name$</p>\r\n\r\n<p></p>\r\n</body>\r\n</html>\r\n', '2021-04-05 12:19:44', '2021-04-05 12:19:44', NULL, NULL, 0, 1, 0, 0, 'CRM', 'Invitation'),
(215, 21, 21, 21, 'Leads', '', '2021-04-06 05:15:19', '2021-04-13 02:18:11', NULL, NULL, 0, 1, 0, 0, 'CRM', 'Gurjeet Singh'),
(216, 21, 21, 21, 'Emails', '<html>\r\n<head>\r\n	<title></title>\r\n</head>\r\n<body>\r\n<p>This is a reminder notification for the Activity<br />\r\nThe details are :<br />\r\n&nbsp; Subject : $calendar-subject$<br />\r\n&nbsp; Start Date & Time : $calendar-date_start$<br />\r\n&nbsp; Due Date : $calendar-due_date$<br />\r\n&nbsp; Status : $calendar-status$<br />\r\n&nbsp; Location : $calendar-location$<br />\r\n&nbsp; Description : $calendar-description$<br />\r\n&nbsp;</p>\r\n\r\n<p></p>\r\n</body>\r\n</html>\r\n', '2021-04-06 05:16:14', '2021-04-06 05:16:14', NULL, NULL, 0, 1, 0, 0, 'CRM', 'Activity Reminder'),
(217, 21, 21, 21, 'Emails', '<html>\r\n<head>\r\n	<title></title>\r\n</head>\r\n<body>gfsdgfdggd</body>\r\n</html>\r\n', '2021-04-06 05:17:34', '2021-04-06 05:17:34', NULL, NULL, 0, 1, 0, 0, 'CRM', 'project'),
(218, 23, 23, 23, 'Emails', '<html>\r\n<head>\r\n	<title></title>\r\n</head>\r\n<body>rewgre</body>\r\n</html>\r\n', '2021-04-06 05:19:28', '2021-04-06 05:19:28', NULL, NULL, 0, 1, 0, 0, 'CRM', 'project'),
(219, 21, 21, 21, 'Emails', '<html>\r\n<head>\r\n	<title></title>\r\n</head>\r\n<body></body>\r\n</html>\r\n', '2021-04-09 07:42:00', '2021-04-09 07:42:00', NULL, NULL, 0, 1, 0, 0, 'CRM', 'Staff'),
(220, 21, 21, 21, 'Emails', '<html>\r\n<head>\r\n	<title></title>\r\n</head>\r\n<body>hfjjfdjfhh</body>\r\n</html>\r\n', '2021-04-13 02:18:11', '2021-04-13 02:18:11', NULL, NULL, 0, 1, 0, 0, 'CRM', 'Staff'),
(221, 1, 1, 1, 'Calendar', '', '2021-05-11 11:28:47', '2021-05-11 11:28:47', NULL, NULL, 0, 1, 0, 0, 'CRM', 'test'),
(222, 1, 1, 1, 'Accounts', '', '2021-05-12 08:42:00', '2021-05-12 08:42:56', NULL, NULL, 0, 1, 1, 0, 'CRM', 'test'),
(223, 1, 1, 1, 'Contacts', '', '2021-05-12 08:42:19', '2021-05-12 08:42:46', NULL, NULL, 0, 1, 1, 0, 'CRM', 'QA.test test'),
(224, 1, 1, 1, 'Contacts', '', '2021-05-12 08:42:26', '2021-05-12 08:42:46', NULL, NULL, 0, 1, 1, 0, 'CRM', 'QA.test test'),
(225, 1, 1, 1, 'Contacts', '', '2021-05-12 08:42:33', '2021-05-12 08:42:46', NULL, NULL, 0, 1, 1, 0, 'CRM', 'QA.test test');

-- --------------------------------------------------------

--
-- Table structure for table `vtiger_crmentityrel`
--

CREATE TABLE `vtiger_crmentityrel` (
  `crmid` int(11) NOT NULL,
  `module` varchar(100) NOT NULL,
  `relcrmid` int(11) NOT NULL,
  `relmodule` varchar(100) NOT NULL
) ENGINE=InnoDB DEFAULT CHARSET=utf8;

--
-- Dumping data for table `vtiger_crmentityrel`
--

INSERT INTO `vtiger_crmentityrel` (`crmid`, `module`, `relcrmid`, `relmodule`) VALUES
(3, 'Leads', 5, 'Calendar'),
(3, 'Leads', 6, 'Calendar'),
(59, 'Mainservicestype', 61, 'Subservices'),
(113, 'Leads', 114, 'Emails'),
(125, 'Contacts', 126, 'Emails'),
(125, 'Contacts', 127, 'Emails'),
(128, 'Contacts', 129, 'Emails'),
(130, 'Contacts', 131, 'Emails'),
(130, 'Contacts', 133, 'Emails'),
(213, 'Leads', 214, 'Emails'),
(215, 'Leads', 216, 'Emails'),
(215, 'Leads', 217, 'Emails'),
(215, 'Leads', 218, 'Emails'),
(215, 'Leads', 219, 'Emails'),
(215, 'Leads', 220, 'Emails');

-- --------------------------------------------------------

--
-- Table structure for table `vtiger_crmentity_seq`
--

CREATE TABLE `vtiger_crmentity_seq` (
  `id` int(11) NOT NULL
) ENGINE=InnoDB DEFAULT CHARSET=utf8;

--
-- Dumping data for table `vtiger_crmentity_seq`
--

INSERT INTO `vtiger_crmentity_seq` (`id`) VALUES
(225);

-- --------------------------------------------------------

--
-- Table structure for table `vtiger_crmentity_user_field`
--

CREATE TABLE `vtiger_crmentity_user_field` (
  `recordid` int(19) NOT NULL,
  `userid` int(19) NOT NULL,
  `starred` varchar(100) DEFAULT NULL
) ENGINE=InnoDB DEFAULT CHARSET=utf8;

--
-- Dumping data for table `vtiger_crmentity_user_field`
--

INSERT INTO `vtiger_crmentity_user_field` (`recordid`, `userid`, `starred`) VALUES
(2, 1, '0'),
(3, 1, '0'),
(4, 1, '0'),
(5, 5, '0'),
(6, 5, '0'),
(7, 1, '0'),
(8, 1, '0'),
(9, 1, '0'),
(10, 1, '0'),
(11, 1, '0'),
(13, 1, '0'),
(14, 1, '0'),
(15, 1, '0'),
(16, 1, '0'),
(17, 1, '0'),
(18, 1, '0'),
(19, 1, '0'),
(20, 1, '0'),
(21, 1, '0'),
(22, 1, '0'),
(23, 1, '0'),
(24, 1, '0'),
(25, 1, '0'),
(26, 1, '0'),
(27, 10, '0'),
(28, 10, '0'),
(29, 11, '0'),
(30, 11, '0'),
(31, 11, '0'),
(32, 11, '0'),
(33, 11, '0'),
(34, 11, '0'),
(35, 5, '0'),
(33, 12, '0'),
(36, 12, '0'),
(37, 1, NULL),
(39, 1, NULL),
(41, 1, NULL),
(42, 1, NULL),
(43, 1, NULL),
(46, 1, NULL),
(47, 1, NULL),
(48, 1, NULL),
(49, 1, NULL),
(50, 1, NULL),
(58, 1, '0'),
(59, 1, '0'),
(60, 1, '0'),
(61, 1, '0'),
(62, 1, '0'),
(63, 1, '0'),
(64, 1, '0'),
(65, 1, '0'),
(66, 1, '0'),
(67, 1, '0'),
(68, 1, '0'),
(69, 1, '0'),
(70, 1, '0'),
(71, 1, '0'),
(72, 1, '0'),
(73, 1, '0'),
(74, 1, '0'),
(75, 1, '0'),
(76, 1, '0'),
(77, 1, '0'),
(78, 1, '0'),
(79, 1, '0'),
(80, 1, '0'),
(81, 1, '0'),
(82, 1, '0'),
(83, 1, '0'),
(84, 1, '0'),
(85, 1, '0'),
(86, 1, '0'),
(87, 1, '0'),
(88, 1, '0'),
(89, 1, '0'),
(90, 1, '0'),
(91, 1, '0'),
(92, 1, '0'),
(93, 1, '0'),
(94, 1, '0'),
(95, 1, '0'),
(96, 1, '0'),
(107, 1, '0'),
(108, 1, '0'),
(109, 1, '0'),
(110, 1, '0'),
(111, 1, '0'),
(112, 1, '0'),
(113, 15, '0'),
(114, 15, '0'),
(115, 1, '0'),
(116, 1, '0'),
(117, 1, '0'),
(118, 1, '0'),
(119, 1, '0'),
(120, 1, '0'),
(121, 1, '0'),
(122, 1, '0'),
(123, 1, '0'),
(124, 1, '0'),
(125, 21, '0'),
(126, 21, '0'),
(127, 21, '0'),
(128, 21, '0'),
(129, 21, '0'),
(130, 21, '0'),
(131, 21, '0'),
(132, 1, '0'),
(133, 21, '0'),
(213, 1, '0'),
(214, 1, '0'),
(215, 21, '0'),
(216, 21, '0'),
(217, 21, '0'),
(218, 23, '0'),
(219, 21, '0'),
(220, 21, '0'),
(33, 1, '1'),
(221, 1, '0'),
(222, 1, '0'),
(223, 1, '0'),
(224, 1, '0'),
(225, 1, '0');

-- --------------------------------------------------------

--
-- Table structure for table `vtiger_crmsetup`
--

CREATE TABLE `vtiger_crmsetup` (
  `userid` int(11) DEFAULT NULL,
  `setup_status` int(2) DEFAULT NULL
) ENGINE=InnoDB DEFAULT CHARSET=utf8;

--
-- Dumping data for table `vtiger_crmsetup`
--

INSERT INTO `vtiger_crmsetup` (`userid`, `setup_status`) VALUES
(1, 1),
(5, 1),
(7, 1),
(8, 1),
(9, 1),
(10, 1),
(11, 1),
(12, 1),
(13, 1),
(15, 1),
(16, 1),
(17, 1),
(19, 1),
(21, 1),
(22, 1),
(23, 1);

-- --------------------------------------------------------

--
-- Table structure for table `vtiger_cron_task`
--

CREATE TABLE `vtiger_cron_task` (
  `id` int(11) NOT NULL,
  `name` varchar(100) DEFAULT NULL,
  `handler_file` varchar(100) DEFAULT NULL,
  `frequency` int(11) DEFAULT NULL,
  `laststart` int(11) UNSIGNED DEFAULT NULL,
  `lastend` int(11) UNSIGNED DEFAULT NULL,
  `status` int(11) DEFAULT NULL,
  `module` varchar(100) DEFAULT NULL,
  `sequence` int(11) DEFAULT NULL,
  `description` text DEFAULT NULL
) ENGINE=InnoDB DEFAULT CHARSET=utf8;

--
-- Dumping data for table `vtiger_cron_task`
--

INSERT INTO `vtiger_cron_task` (`id`, `name`, `handler_file`, `frequency`, `laststart`, `lastend`, `status`, `module`, `sequence`, `description`) VALUES
(1, 'Workflow', 'cron/modules/com_vtiger_workflow/com_vtiger_workflow.service', 900, NULL, NULL, 1, 'com_vtiger_workflow', 1, 'Recommended frequency for Workflow is 15 mins'),
(2, 'RecurringInvoice', 'cron/modules/SalesOrder/RecurringInvoice.service', 43200, NULL, NULL, 1, 'SalesOrder', 2, 'Recommended frequency for RecurringInvoice is 12 hours'),
(3, 'SendReminder', 'cron/SendReminder.service', 900, NULL, NULL, 1, 'Calendar', 3, 'Recommended frequency for SendReminder is 15 mins'),
(5, 'MailScanner', 'cron/MailScanner.service', 900, NULL, NULL, 1, 'Settings', 5, 'Recommended frequency for MailScanner is 15 mins'),
(6, 'Scheduled Import', 'cron/modules/Import/ScheduledImport.service', 900, NULL, NULL, 0, 'Import', 6, 'Recommended frequency for MailScanner is 15 mins'),
(7, 'ScheduleReports', 'cron/modules/Reports/ScheduleReports.service', 900, NULL, NULL, 1, 'Reports', 7, 'Recommended frequency for ScheduleReports is 15 mins');

-- --------------------------------------------------------

--
-- Table structure for table `vtiger_currencies`
--

CREATE TABLE `vtiger_currencies` (
  `currencyid` int(19) NOT NULL,
  `currency_name` varchar(200) DEFAULT NULL,
  `currency_code` varchar(50) DEFAULT NULL,
  `currency_symbol` varchar(11) DEFAULT NULL
) ENGINE=InnoDB DEFAULT CHARSET=utf8;

--
-- Dumping data for table `vtiger_currencies`
--

INSERT INTO `vtiger_currencies` (`currencyid`, `currency_name`, `currency_code`, `currency_symbol`) VALUES
(1, 'Albania, Leke', 'ALL', 'Lek'),
(2, 'Argentina, Pesos', 'ARS', '$'),
(3, 'Aruba, Guilders', 'AWG', ''),
(4, 'Australia, Dollars', 'AUD', '$'),
(5, 'Azerbaijan, New Manats', 'AZN', ''),
(6, 'Bahamas, Dollars', 'BSD', '$'),
(7, 'Bahrain, Dinar', 'BHD', 'BD'),
(8, 'Barbados, Dollars', 'BBD', '$'),
(9, 'Belarus, Rubles', 'BYR', 'p.'),
(10, 'Belize, Dollars', 'BZD', 'BZ$'),
(11, 'Bermuda, Dollars', 'BMD', '$'),
(12, 'Bolivia, Bolivianos', 'BOB', '$b'),
(13, 'China, Yuan Renminbi', 'CNY', ''),
(14, 'Convertible Marka', 'BAM', 'KM'),
(15, 'Botswana, Pulas', 'BWP', 'P'),
(16, 'Bulgaria, Leva', 'BGN', ''),
(17, 'Brazil, Reais', 'BRL', 'R$'),
(18, 'Great Britain Pounds', 'GBP', ''),
(19, 'Brunei Darussalam, Dollars', 'BND', '$'),
(20, 'Canada, Dollars', 'CAD', '$'),
(21, 'Cayman Islands, Dollars', 'KYD', '$'),
(22, 'Chile, Pesos', 'CLP', '$'),
(23, 'Colombia, Pesos', 'COP', '$'),
(24, 'Costa Rica, Coln', 'CRC', ''),
(25, 'Croatia, Kuna', 'HRK', 'kn'),
(26, 'Cuba, Pesos', 'CUP', ''),
(27, 'Czech Republic, Koruny', 'CZK', 'K'),
(28, 'Cyprus, Pounds', 'CYP', ''),
(29, 'Denmark, Kroner', 'DKK', 'kr'),
(30, 'Dominican Republic, Pesos', 'DOP', 'RD$'),
(31, 'East Caribbean, Dollars', 'XCD', '$'),
(32, 'Egypt, Pounds', 'EGP', 'E'),
(33, 'El Salvador, Coln', 'SVC', ''),
(34, 'England, Pounds', 'GBP', ''),
(35, 'Estonia, Krooni', 'EEK', 'kr'),
(36, 'Euro', 'EUR', ''),
(37, 'Falkland Islands, Pounds', 'FKP', ''),
(38, 'Fiji, Dollars', 'FJD', '$'),
(39, 'Ghana, Cedis', 'GHC', ''),
(40, 'Gibraltar, Pounds', 'GIP', ''),
(41, 'Guatemala, Quetzales', 'GTQ', 'Q'),
(42, 'Guernsey, Pounds', 'GGP', ''),
(43, 'Guyana, Dollars', 'GYD', '$'),
(44, 'Honduras, Lempiras', 'HNL', 'L'),
(45, 'Hong Kong, Dollars', 'HKD', 'HK$'),
(46, 'Hungary, Forint', 'HUF', 'Ft'),
(47, 'Iceland, Krona', 'ISK', 'kr'),
(48, 'India, Rupees', 'INR', ''),
(49, 'Indonesia, Rupiahs', 'IDR', 'Rp'),
(50, 'Iran, Rials', 'IRR', ''),
(51, 'Isle of Man, Pounds', 'IMP', ''),
(52, 'Israel, New Shekels', 'ILS', ''),
(53, 'Jamaica, Dollars', 'JMD', 'J$'),
(54, 'Japan, Yen', 'JPY', ''),
(55, 'Jersey, Pounds', 'JEP', ''),
(56, 'Jordan, Dinar', 'JOD', 'JOD'),
(57, 'Kazakhstan, Tenge', 'KZT', ''),
(58, 'Kenya, Shilling', 'KES', 'KES'),
(59, 'Korea (North), Won', 'KPW', ''),
(60, 'Korea (South), Won', 'KRW', ''),
(61, 'Kuwait, Dinar', 'KWD', 'KWD'),
(62, 'Kyrgyzstan, Soms', 'KGS', ''),
(63, 'Laos, Kips', 'LAK', ''),
(64, 'Latvia, Lati', 'LVL', 'Ls'),
(65, 'Lebanon, Pounds', 'LBP', ''),
(66, 'Liberia, Dollars', 'LRD', '$'),
(67, 'Switzerland Francs', 'CHF', 'CHF'),
(68, 'Lithuania, Litai', 'LTL', 'Lt'),
(69, 'MADAGASCAR, Malagasy Ariary', 'MGA', 'MGA'),
(70, 'Macedonia, Denars', 'MKD', ''),
(71, 'Malaysia, Ringgits', 'MYR', 'RM'),
(72, 'Malta, Liri', 'MTL', ''),
(73, 'Mauritius, Rupees', 'MUR', ''),
(74, 'Mexico, Pesos', 'MXN', '$'),
(75, 'Mongolia, Tugriks', 'MNT', ''),
(76, 'Mozambique, Meticais', 'MZN', 'MT'),
(77, 'Namibia, Dollars', 'NAD', '$'),
(78, 'Nepal, Rupees', 'NPR', ''),
(79, 'Netherlands Antilles, Guilders', 'ANG', ''),
(80, 'New Zealand, Dollars', 'NZD', '$'),
(81, 'Nicaragua, Cordobas', 'NIO', 'C$'),
(82, 'Nigeria, Nairas', 'NGN', ''),
(83, 'North Korea, Won', 'KPW', ''),
(84, 'Norway, Krone', 'NOK', 'kr'),
(85, 'Oman, Rials', 'OMR', ''),
(86, 'Pakistan, Rupees', 'PKR', ''),
(87, 'Panama, Balboa', 'PAB', 'B/.'),
(88, 'Paraguay, Guarani', 'PYG', 'Gs'),
(89, 'Peru, Nuevos Soles', 'PEN', 'S/.'),
(90, 'Philippines, Pesos', 'PHP', 'Php'),
(91, 'Poland, Zlotych', 'PLN', 'z'),
(92, 'Qatar, Rials', 'QAR', ''),
(93, 'Romania, New Lei', 'RON', 'lei'),
(94, 'Russia, Rubles', 'RUB', ''),
(95, 'Saint Helena, Pounds', 'SHP', ''),
(96, 'Saudi Arabia, Riyals', 'SAR', ''),
(97, 'Serbia, Dinars', 'RSD', '.'),
(98, 'Seychelles, Rupees', 'SCR', ''),
(99, 'Singapore, Dollars', 'SGD', '$'),
(100, 'Solomon Islands, Dollars', 'SBD', '$'),
(101, 'Somalia, Shillings', 'SOS', 'S'),
(102, 'South Africa, Rand', 'ZAR', 'R'),
(103, 'South Korea, Won', 'KRW', ''),
(104, 'Sri Lanka, Rupees', 'LKR', ''),
(105, 'Sweden, Kronor', 'SEK', 'kr'),
(106, 'Switzerland, Francs', 'CHF', 'CHF'),
(107, 'Suriname, Dollars', 'SRD', '$'),
(108, 'Syria, Pounds', 'SYP', ''),
(109, 'Taiwan, New Dollars', 'TWD', 'NT$'),
(110, 'Thailand, Baht', 'THB', ''),
(111, 'Trinidad and Tobago, Dollars', 'TTD', 'TT$'),
(112, 'Turkey, New Lira', 'TRY', 'YTL'),
(113, 'Turkey, Liras', 'TRL', ''),
(114, 'Tuvalu, Dollars', 'TVD', '$'),
(115, 'Ukraine, Hryvnia', 'UAH', ''),
(116, 'United Arab Emirates, Dirham', 'AED', 'AED'),
(117, 'United Kingdom, Pounds', 'GBP', ''),
(118, 'United Republic of Tanzania, Shilling', 'TZS', 'TZS'),
(119, 'USA, Dollars', 'USD', '$'),
(120, 'Uruguay, Pesos', 'UYU', '$U'),
(121, 'Uzbekistan, Sums', 'UZS', ''),
(122, 'Venezuela, Bolivares Fuertes', 'VEF', 'Bs'),
(123, 'Vietnam, Dong', 'VND', ''),
(124, 'Zambia, Kwacha', 'ZMK', 'ZMK'),
(125, 'Yemen, Rials', 'YER', ''),
(126, 'Zimbabwe Dollars', 'ZWD', 'Z$'),
(127, 'Malawi, Kwacha', 'MWK', 'MK'),
(128, 'Tunisian, Dinar', 'TD', 'TD'),
(129, 'Moroccan, Dirham', 'MAD', 'DH'),
(130, 'Iraqi Dinar', 'IQD', 'ID'),
(131, 'Maldivian Ruffiya', 'MVR', 'MVR'),
(132, 'Ugandan Shilling', 'UGX', 'Sh'),
(133, 'Sudanese Pound', 'SDG', ''),
(134, 'CFA Franc BCEAO', 'XOF', 'CFA'),
(135, 'CFA Franc BEAC', 'XAF', 'CFA'),
(136, 'Haiti, Gourde', 'HTG', 'G'),
(137, 'Libya, Dinar', 'LYD', 'LYD'),
(138, 'CFP Franc', 'XPF', 'F');

-- --------------------------------------------------------

--
-- Table structure for table `vtiger_currencies_seq`
--

CREATE TABLE `vtiger_currencies_seq` (
  `id` int(11) NOT NULL
) ENGINE=InnoDB DEFAULT CHARSET=utf8;

--
-- Dumping data for table `vtiger_currencies_seq`
--

INSERT INTO `vtiger_currencies_seq` (`id`) VALUES
(138);

-- --------------------------------------------------------

--
-- Table structure for table `vtiger_currency`
--

CREATE TABLE `vtiger_currency` (
  `currencyid` int(19) NOT NULL,
  `currency` varchar(200) NOT NULL,
  `sortorderid` int(19) NOT NULL DEFAULT 0,
  `presence` int(1) NOT NULL DEFAULT 1
) ENGINE=InnoDB DEFAULT CHARSET=utf8;

-- --------------------------------------------------------

--
-- Table structure for table `vtiger_currency_decimal_separator`
--

CREATE TABLE `vtiger_currency_decimal_separator` (
  `currency_decimal_separatorid` int(19) NOT NULL,
  `currency_decimal_separator` varchar(2) NOT NULL,
  `sortorderid` int(19) NOT NULL DEFAULT 0,
  `presence` int(1) NOT NULL DEFAULT 1
) ENGINE=InnoDB DEFAULT CHARSET=utf8;

--
-- Dumping data for table `vtiger_currency_decimal_separator`
--

INSERT INTO `vtiger_currency_decimal_separator` (`currency_decimal_separatorid`, `currency_decimal_separator`, `sortorderid`, `presence`) VALUES
(1, '.', 0, 1),
(2, ',', 1, 1),
(3, '\'', 2, 1),
(4, ' ', 3, 1),
(5, '$', 4, 1);

-- --------------------------------------------------------

--
-- Table structure for table `vtiger_currency_decimal_separator_seq`
--

CREATE TABLE `vtiger_currency_decimal_separator_seq` (
  `id` int(11) NOT NULL
) ENGINE=InnoDB DEFAULT CHARSET=utf8;

--
-- Dumping data for table `vtiger_currency_decimal_separator_seq`
--

INSERT INTO `vtiger_currency_decimal_separator_seq` (`id`) VALUES
(5);

-- --------------------------------------------------------

--
-- Table structure for table `vtiger_currency_grouping_pattern`
--

CREATE TABLE `vtiger_currency_grouping_pattern` (
  `currency_grouping_patternid` int(19) NOT NULL,
  `currency_grouping_pattern` varchar(200) NOT NULL,
  `sortorderid` int(19) NOT NULL DEFAULT 0,
  `presence` int(1) NOT NULL DEFAULT 1
) ENGINE=InnoDB DEFAULT CHARSET=utf8;

--
-- Dumping data for table `vtiger_currency_grouping_pattern`
--

INSERT INTO `vtiger_currency_grouping_pattern` (`currency_grouping_patternid`, `currency_grouping_pattern`, `sortorderid`, `presence`) VALUES
(1, '123,456,789', 0, 1),
(2, '123456789', 1, 1),
(3, '123456,789', 2, 1),
(4, '12,34,56,789', 3, 1);

-- --------------------------------------------------------

--
-- Table structure for table `vtiger_currency_grouping_pattern_seq`
--

CREATE TABLE `vtiger_currency_grouping_pattern_seq` (
  `id` int(11) NOT NULL
) ENGINE=InnoDB DEFAULT CHARSET=utf8;

--
-- Dumping data for table `vtiger_currency_grouping_pattern_seq`
--

INSERT INTO `vtiger_currency_grouping_pattern_seq` (`id`) VALUES
(4);

-- --------------------------------------------------------

--
-- Table structure for table `vtiger_currency_grouping_separator`
--

CREATE TABLE `vtiger_currency_grouping_separator` (
  `currency_grouping_separatorid` int(19) NOT NULL,
  `currency_grouping_separator` varchar(2) NOT NULL,
  `sortorderid` int(19) NOT NULL DEFAULT 0,
  `presence` int(1) NOT NULL DEFAULT 1
) ENGINE=InnoDB DEFAULT CHARSET=utf8;

--
-- Dumping data for table `vtiger_currency_grouping_separator`
--

INSERT INTO `vtiger_currency_grouping_separator` (`currency_grouping_separatorid`, `currency_grouping_separator`, `sortorderid`, `presence`) VALUES
(1, ',', 0, 1),
(2, '.', 1, 1),
(3, '\'', 2, 1),
(4, ' ', 3, 1),
(5, '$', 4, 1);

-- --------------------------------------------------------

--
-- Table structure for table `vtiger_currency_grouping_separator_seq`
--

CREATE TABLE `vtiger_currency_grouping_separator_seq` (
  `id` int(11) NOT NULL
) ENGINE=InnoDB DEFAULT CHARSET=utf8;

--
-- Dumping data for table `vtiger_currency_grouping_separator_seq`
--

INSERT INTO `vtiger_currency_grouping_separator_seq` (`id`) VALUES
(5);

-- --------------------------------------------------------

--
-- Table structure for table `vtiger_currency_info`
--

CREATE TABLE `vtiger_currency_info` (
  `id` int(11) NOT NULL,
  `currency_name` varchar(100) DEFAULT NULL,
  `currency_code` varchar(100) DEFAULT NULL,
  `currency_symbol` varchar(30) DEFAULT NULL,
  `conversion_rate` decimal(12,5) DEFAULT NULL,
  `currency_status` varchar(25) DEFAULT NULL,
  `defaultid` varchar(10) NOT NULL DEFAULT '0',
  `deleted` int(1) NOT NULL DEFAULT 0
) ENGINE=InnoDB DEFAULT CHARSET=utf8;

--
-- Dumping data for table `vtiger_currency_info`
--

INSERT INTO `vtiger_currency_info` (`id`, `currency_name`, `currency_code`, `currency_symbol`, `conversion_rate`, `currency_status`, `defaultid`, `deleted`) VALUES
(1, 'India, Rupees', 'INR', '', 1.00000, 'Active', '-11', 0);

-- --------------------------------------------------------

--
-- Table structure for table `vtiger_currency_info_seq`
--

CREATE TABLE `vtiger_currency_info_seq` (
  `id` int(11) NOT NULL
) ENGINE=InnoDB DEFAULT CHARSET=utf8;

--
-- Dumping data for table `vtiger_currency_info_seq`
--

INSERT INTO `vtiger_currency_info_seq` (`id`) VALUES
(1);

-- --------------------------------------------------------

--
-- Table structure for table `vtiger_currency_symbol_placement`
--

CREATE TABLE `vtiger_currency_symbol_placement` (
  `currency_symbol_placementid` int(19) NOT NULL,
  `currency_symbol_placement` varchar(30) NOT NULL,
  `sortorderid` int(19) NOT NULL DEFAULT 0,
  `presence` int(1) NOT NULL DEFAULT 1
) ENGINE=InnoDB DEFAULT CHARSET=utf8;

--
-- Dumping data for table `vtiger_currency_symbol_placement`
--

INSERT INTO `vtiger_currency_symbol_placement` (`currency_symbol_placementid`, `currency_symbol_placement`, `sortorderid`, `presence`) VALUES
(1, '$1.0', 0, 1),
(2, '1.0$', 1, 1);

-- --------------------------------------------------------

--
-- Table structure for table `vtiger_currency_symbol_placement_seq`
--

CREATE TABLE `vtiger_currency_symbol_placement_seq` (
  `id` int(11) NOT NULL
) ENGINE=InnoDB DEFAULT CHARSET=utf8;

--
-- Dumping data for table `vtiger_currency_symbol_placement_seq`
--

INSERT INTO `vtiger_currency_symbol_placement_seq` (`id`) VALUES
(2);

-- --------------------------------------------------------

--
-- Table structure for table `vtiger_customaction`
--

CREATE TABLE `vtiger_customaction` (
  `cvid` int(19) NOT NULL,
  `subject` varchar(250) NOT NULL,
  `module` varchar(50) NOT NULL,
  `content` text DEFAULT NULL
) ENGINE=InnoDB DEFAULT CHARSET=utf8;

-- --------------------------------------------------------

--
-- Table structure for table `vtiger_customerdetails`
--

CREATE TABLE `vtiger_customerdetails` (
  `customerid` int(19) NOT NULL,
  `portal` varchar(3) DEFAULT NULL,
  `support_start_date` date DEFAULT NULL,
  `support_end_date` date DEFAULT NULL
) ENGINE=InnoDB DEFAULT CHARSET=utf8;

--
-- Dumping data for table `vtiger_customerdetails`
--

INSERT INTO `vtiger_customerdetails` (`customerid`, `portal`, `support_start_date`, `support_end_date`) VALUES
(8, '0', NULL, NULL),
(16, '0', NULL, NULL),
(17, '0', NULL, NULL),
(95, '0', NULL, NULL),
(96, '0', NULL, NULL),
(117, '0', NULL, NULL),
(119, '0', NULL, NULL),
(125, '0', NULL, NULL),
(128, '0', NULL, NULL),
(130, '0', NULL, NULL),
(132, '0', NULL, NULL),
(223, '0', NULL, NULL),
(224, '0', NULL, NULL),
(225, '0', NULL, NULL);

-- --------------------------------------------------------

--
-- Table structure for table `vtiger_customerportal_fields`
--

CREATE TABLE `vtiger_customerportal_fields` (
  `tabid` int(19) NOT NULL,
  `fieldinfo` text DEFAULT NULL,
  `records_visible` int(1) DEFAULT NULL
) ENGINE=InnoDB DEFAULT CHARSET=utf8;

--
-- Dumping data for table `vtiger_customerportal_fields`
--

INSERT INTO `vtiger_customerportal_fields` (`tabid`, `fieldinfo`, `records_visible`) VALUES
(4, '{\"lastname\":1,\"assigned_user_id\":1}', 1),
(6, '{\"accountname\":1,\"assigned_user_id\":1}', 1),
(8, '{\"notes_title\":1,\"assigned_user_id\":1,\"filename\":0}', 1),
(13, '{\"ticket_title\":1,\"assigned_user_id\":1,\"ticketpriorities\":1,\"ticketstatus\":1,\"description\":1,\"product_id\":1,\"ticketseverities\":1,\"ticketcategories\":1}', 1),
(14, '{\"productname\":1,\"assigned_user_id\":1}', 1),
(15, '{\"faqstatus\":1,\"question\":1,\"faq_answer\":1}', 1),
(20, '{\"subject\":1,\"quotestage\":1,\"account_id\":1,\"assigned_user_id\":1,\"bill_street\":1,\"ship_street\":1}', 1),
(23, '{\"subject\":1,\"account_id\":1,\"assigned_user_id\":1,\"bill_street\":1,\"ship_street\":1}', 1),
(30, '{\"subject\":1,\"assigned_user_id\":1}', NULL),
(35, '{\"servicename\":1}', 1),
(42, '{\"product\":1,\"serialnumber\":1,\"assigned_user_id\":1,\"datesold\":1,\"dateinservice\":1,\"assetstatus\":1,\"assetname\":1,\"account\":1}', 1),
(46, '{\"projectmilestonename\":1,\"projectid\":1,\"assigned_user_id\":1}', 1),
(47, '{\"projecttaskname\":1,\"projectid\":1,\"assigned_user_id\":1}', 1),
(48, '{\"projectname\":1,\"assigned_user_id\":1}', 1);

-- --------------------------------------------------------

--
-- Table structure for table `vtiger_customerportal_prefs`
--

CREATE TABLE `vtiger_customerportal_prefs` (
  `tabid` int(19) NOT NULL,
  `prefkey` varchar(100) NOT NULL,
  `prefvalue` int(20) DEFAULT NULL
) ENGINE=InnoDB DEFAULT CHARSET=utf8;

--
-- Dumping data for table `vtiger_customerportal_prefs`
--

INSERT INTO `vtiger_customerportal_prefs` (`tabid`, `prefkey`, `prefvalue`) VALUES
(0, 'defaultassignee', 1),
(0, 'userid', 1),
(4, 'showrelatedinfo', 1),
(6, 'showrelatedinfo', 1),
(8, 'showrelatedinfo', 1),
(13, 'showrelatedinfo', 1),
(14, 'showrelatedinfo', 1),
(15, 'showrelatedinfo', 1),
(20, 'showrelatedinfo', 1),
(23, 'showrelatedinfo', 1),
(35, 'showrelatedinfo', 1),
(42, 'showrelatedinfo', 1),
(46, 'showrelatedinfo', 1),
(47, 'showrelatedinfo', 1),
(48, 'showrelatedinfo', 1);

-- --------------------------------------------------------

--
-- Table structure for table `vtiger_customerportal_relatedmoduleinfo`
--

CREATE TABLE `vtiger_customerportal_relatedmoduleinfo` (
  `tabid` int(19) NOT NULL DEFAULT 0,
  `relatedmodules` text DEFAULT NULL
) ENGINE=InnoDB DEFAULT CHARSET=utf8;

--
-- Dumping data for table `vtiger_customerportal_relatedmoduleinfo`
--

INSERT INTO `vtiger_customerportal_relatedmoduleinfo` (`tabid`, `relatedmodules`) VALUES
(8, '[{\"name\":\"History\",\"value\":1}]'),
(13, '[{\"name\":\"History\",\"value\":1},{\"name\":\"ModComments\",\"value\":1},{\"name\":\"Documents\",\"value\":1}]'),
(14, '[{\"name\":\"History\",\"value\":1}]'),
(20, '[{\"name\":\"History\",\"value\":1}]'),
(23, '[{\"name\":\"History\",\"value\":1}]'),
(30, '[{\"name\":\"History\",\"value\":1}]'),
(35, '[{\"name\":\"History\",\"value\":1}]'),
(42, '[{\"name\":\"History\",\"value\":1}]'),
(46, '[{\"name\":\"History\",\"value\":1}]'),
(47, '[{\"name\":\"History\",\"value\":1},{\"name\":\"ModComments\",\"value\":1}]'),
(48, '[{\"name\":\"History\",\"value\":1},{\"name\":\"ModComments\",\"value\":1},{\"name\":\"ProjectTask\",\"value\":1},{\"name\":\"ProjectMilestone\",\"value\":1},{\"name\":\"Documents\",\"value\":1}]');

-- --------------------------------------------------------

--
-- Table structure for table `vtiger_customerportal_settings`
--

CREATE TABLE `vtiger_customerportal_settings` (
  `id` int(11) DEFAULT NULL,
  `url` varchar(250) DEFAULT NULL,
  `default_assignee` int(11) DEFAULT NULL,
  `support_notification` int(11) DEFAULT NULL,
  `announcement` text DEFAULT NULL,
  `shortcuts` text DEFAULT NULL,
  `widgets` text DEFAULT NULL,
  `charts` text DEFAULT NULL
) ENGINE=InnoDB DEFAULT CHARSET=utf8;

--
-- Dumping data for table `vtiger_customerportal_settings`
--

INSERT INTO `vtiger_customerportal_settings` (`id`, `url`, `default_assignee`, `support_notification`, `announcement`, `shortcuts`, `widgets`, `charts`) VALUES
(1, NULL, 1, NULL, NULL, '{\"Documents\":{\"LBL_ADD_DOCUMENT\":1},\"HelpDesk\":{\"LBL_CREATE_TICKET\":1,\"LBL_OPEN_TICKETS\":1}}', '{\"widgets\":{\"HelpDesk\":1,\"Documents\":1,\"Faq\":1}}', '{\"charts\":{\"OpenTicketsByPriority\":1,\"TicketsClosureTimeByPriority\":1}}');

-- --------------------------------------------------------

--
-- Table structure for table `vtiger_customerportal_tabs`
--

CREATE TABLE `vtiger_customerportal_tabs` (
  `tabid` int(19) NOT NULL,
  `visible` int(1) DEFAULT 1,
  `sequence` int(1) DEFAULT NULL,
  `createrecord` tinyint(1) NOT NULL DEFAULT 0,
  `editrecord` tinyint(1) NOT NULL DEFAULT 0
) ENGINE=InnoDB DEFAULT CHARSET=utf8;

--
-- Dumping data for table `vtiger_customerportal_tabs`
--

INSERT INTO `vtiger_customerportal_tabs` (`tabid`, `visible`, `sequence`, `createrecord`, `editrecord`) VALUES
(4, 0, 9, 0, 1),
(6, 0, 10, 0, 1),
(8, 1, 8, 1, 0),
(13, 1, 2, 1, 1),
(14, 1, 6, 0, 0),
(15, 1, 3, 0, 0),
(20, 1, 5, 0, 0),
(23, 1, 4, 0, 0),
(30, 1, 25, 0, 0),
(35, 1, 7, 0, 0),
(42, 1, 11, 0, 1),
(46, 1, 12, 0, 0),
(47, 1, 13, 0, 0),
(48, 1, 14, 0, 0);

-- --------------------------------------------------------

--
-- Table structure for table `vtiger_custommodule`
--

CREATE TABLE `vtiger_custommodule` (
  `custommoduleid` int(19) NOT NULL,
  `custom_name` varchar(100) DEFAULT NULL
) ENGINE=InnoDB DEFAULT CHARSET=utf8;

--
-- Dumping data for table `vtiger_custommodule`
--

INSERT INTO `vtiger_custommodule` (`custommoduleid`, `custom_name`) VALUES
(37, 'hnhnh');

-- --------------------------------------------------------

--
-- Table structure for table `vtiger_custommodulecf`
--

CREATE TABLE `vtiger_custommodulecf` (
  `custommoduleid` int(19) NOT NULL
) ENGINE=InnoDB DEFAULT CHARSET=utf8;

--
-- Dumping data for table `vtiger_custommodulecf`
--

INSERT INTO `vtiger_custommodulecf` (`custommoduleid`) VALUES
(37);

-- --------------------------------------------------------

--
-- Table structure for table `vtiger_customview`
--

CREATE TABLE `vtiger_customview` (
  `cvid` int(19) NOT NULL,
  `viewname` varchar(100) NOT NULL,
  `setdefault` int(1) DEFAULT 0,
  `setmetrics` int(1) DEFAULT 0,
  `entitytype` varchar(25) NOT NULL,
  `status` int(1) DEFAULT 1,
  `userid` int(19) DEFAULT 1
) ENGINE=InnoDB DEFAULT CHARSET=utf8;

--
-- Dumping data for table `vtiger_customview`
--

INSERT INTO `vtiger_customview` (`cvid`, `viewname`, `setdefault`, `setmetrics`, `entitytype`, `status`, `userid`) VALUES
(1, 'All', 1, 0, 'Leads', 0, 1),
(2, 'Hot Leads', 0, 1, 'Leads', 3, 1),
(3, 'This Month Leads', 0, 0, 'Leads', 3, 1),
(4, 'All', 1, 0, 'Accounts', 0, 1),
(5, 'Prospect Accounts', 0, 1, 'Accounts', 3, 1),
(6, 'New This Week', 0, 0, 'Accounts', 3, 1),
(7, 'All', 1, 0, 'Contacts', 0, 1),
(8, 'Contacts Address', 0, 0, 'Contacts', 3, 1),
(9, 'Todays Birthday', 0, 0, 'Contacts', 3, 1),
(10, 'All', 1, 0, 'Potentials', 0, 1),
(11, 'Potentials Won', 0, 1, 'Potentials', 3, 1),
(12, 'Prospecting', 0, 0, 'Potentials', 3, 1),
(13, 'All', 1, 0, 'HelpDesk', 0, 1),
(14, 'Open Tickets', 0, 1, 'HelpDesk', 3, 1),
(15, 'High Prioriy Tickets', 0, 0, 'HelpDesk', 3, 1),
(16, 'All', 1, 0, 'Quotes', 0, 1),
(17, 'Open Quotes', 0, 1, 'Quotes', 3, 1),
(18, 'Rejected Quotes', 0, 0, 'Quotes', 3, 1),
(19, 'All', 1, 0, 'Calendar', 0, 1),
(20, 'All', 1, 0, 'Emails', 0, 1),
(21, 'All', 1, 0, 'Invoice', 0, 1),
(22, 'All', 1, 0, 'Documents', 0, 1),
(23, 'All', 1, 0, 'PriceBooks', 0, 1),
(24, 'All', 1, 0, 'Products', 0, 1),
(25, 'All', 1, 0, 'PurchaseOrder', 0, 1),
(26, 'All', 1, 0, 'SalesOrder', 0, 1),
(27, 'All', 1, 0, 'Vendors', 0, 1),
(28, 'All', 1, 0, 'Faq', 0, 1),
(29, 'All', 1, 0, 'Campaigns', 0, 1),
(30, 'All', 1, 0, 'Webmails', 0, 1),
(31, 'Drafted FAQ', 0, 0, 'Faq', 3, 1),
(32, 'Published FAQ', 0, 0, 'Faq', 3, 1),
(33, 'Open Purchase Orders', 0, 0, 'PurchaseOrder', 3, 1),
(34, 'Received Purchase Orders', 0, 0, 'PurchaseOrder', 3, 1),
(35, 'Open Invoices', 0, 0, 'Invoice', 3, 1),
(36, 'Paid Invoices', 0, 0, 'Invoice', 3, 1),
(37, 'Pending Sales Orders', 0, 0, 'SalesOrder', 3, 1),
(38, 'All', 1, 0, 'ServiceContracts', 0, 1),
(39, 'All', 1, 0, 'PBXManager', 0, 1),
(40, 'All', 1, 0, 'Services', 0, 1),
(41, 'All', 0, 0, 'ModComments', 0, 1),
(42, 'All', 1, 0, 'Assets', 0, 1),
(43, 'All', 0, 0, 'SMSNotifier', 0, 1),
(47, 'All', 1, 0, 'ProjectMilestone', 0, 1),
(48, 'All', 1, 0, 'ProjectTask', 0, 1),
(49, 'All', 1, 0, 'Project', 0, 1),
(57, 'All', 0, 0, 'Subservices', 0, 1),
(62, 'All', 0, 0, 'Mainservicestype', 0, 1),
(63, 'All', 1, 0, 'Locationmap', 0, 1),
(64, 'All', 1, 0, 'EmployeeRoaster', 0, 1),
(65, 'All', 0, 0, 'Transaction', 0, 1);

-- --------------------------------------------------------

--
-- Table structure for table `vtiger_customview_seq`
--

CREATE TABLE `vtiger_customview_seq` (
  `id` int(11) NOT NULL
) ENGINE=InnoDB DEFAULT CHARSET=utf8;

--
-- Dumping data for table `vtiger_customview_seq`
--

INSERT INTO `vtiger_customview_seq` (`id`) VALUES
(65);

-- --------------------------------------------------------

--
-- Table structure for table `vtiger_cv2group`
--

CREATE TABLE `vtiger_cv2group` (
  `cvid` int(25) NOT NULL,
  `groupid` int(25) NOT NULL
) ENGINE=InnoDB DEFAULT CHARSET=utf8;

-- --------------------------------------------------------

--
-- Table structure for table `vtiger_cv2role`
--

CREATE TABLE `vtiger_cv2role` (
  `cvid` int(25) NOT NULL,
  `roleid` varchar(255) NOT NULL
) ENGINE=InnoDB DEFAULT CHARSET=utf8;

-- --------------------------------------------------------

--
-- Table structure for table `vtiger_cv2rs`
--

CREATE TABLE `vtiger_cv2rs` (
  `cvid` int(25) NOT NULL,
  `rsid` varchar(255) NOT NULL
) ENGINE=InnoDB DEFAULT CHARSET=utf8;

-- --------------------------------------------------------

--
-- Table structure for table `vtiger_cv2users`
--

CREATE TABLE `vtiger_cv2users` (
  `cvid` int(25) NOT NULL,
  `userid` int(25) NOT NULL
) ENGINE=InnoDB DEFAULT CHARSET=utf8;

-- --------------------------------------------------------

--
-- Table structure for table `vtiger_cvadvfilter`
--

CREATE TABLE `vtiger_cvadvfilter` (
  `cvid` int(19) NOT NULL,
  `columnindex` int(11) NOT NULL,
  `columnname` varchar(250) DEFAULT '',
  `comparator` varchar(20) DEFAULT NULL,
  `value` varchar(512) DEFAULT NULL,
  `groupid` int(11) DEFAULT 1,
  `column_condition` varchar(255) DEFAULT 'and'
) ENGINE=InnoDB DEFAULT CHARSET=utf8;

--
-- Dumping data for table `vtiger_cvadvfilter`
--

INSERT INTO `vtiger_cvadvfilter` (`cvid`, `columnindex`, `columnname`, `comparator`, `value`, `groupid`, `column_condition`) VALUES
(2, 0, 'vtiger_leaddetails:leadstatus:leadstatus:Leads_Lead_Status:V', 'e', 'Hot', 1, 'and'),
(5, 0, 'vtiger_account:account_type:accounttype:Accounts_Type:V', 'e', 'Prospect', 1, 'and'),
(11, 0, 'vtiger_potential:sales_stage:sales_stage:Potentials_Sales_Stage:V', 'e', 'Closed Won', 1, 'and'),
(12, 0, 'vtiger_potential:sales_stage:sales_stage:Potentials_Sales_Stage:V', 'e', 'Prospecting', 1, 'and'),
(14, 0, 'vtiger_troubletickets:status:ticketstatus:HelpDesk_Status:V', 'n', 'Closed', 1, 'and'),
(15, 0, 'vtiger_troubletickets:priority:ticketpriorities:HelpDesk_Priority:V', 'e', 'High', 1, 'and'),
(17, 0, 'vtiger_quotes:quotestage:quotestage:Quotes_Quote_Stage:V', 'n', 'Accepted', 1, 'and'),
(17, 1, 'vtiger_quotes:quotestage:quotestage:Quotes_Quote_Stage:V', 'n', 'Rejected', 1, 'and'),
(18, 0, 'vtiger_quotes:quotestage:quotestage:Quotes_Quote_Stage:V', 'e', 'Rejected', 1, 'and'),
(31, 0, 'vtiger_faq:status:faqstatus:Faq_Status:V', 'e', 'Draft', 1, 'and'),
(32, 0, 'vtiger_faq:status:faqstatus:Faq_Status:V', 'e', 'Published', 1, 'and'),
(33, 0, 'vtiger_purchaseorder:postatus:postatus:PurchaseOrder_Status:V', 'e', 'Created, Approved, Delivered', 1, 'and'),
(34, 0, 'vtiger_purchaseorder:postatus:postatus:PurchaseOrder_Status:V', 'e', 'Received Shipment', 1, 'and'),
(35, 0, 'vtiger_invoice:invoicestatus:invoicestatus:Invoice_Status:V', 'e', 'Created, Approved, Sent', 1, 'and'),
(36, 0, 'vtiger_invoice:invoicestatus:invoicestatus:Invoice_Status:V', 'e', 'Paid', 1, 'and'),
(37, 0, 'vtiger_salesorder:sostatus:sostatus:SalesOrder_Status:V', 'e', 'Created, Approved', 1, 'and');

-- --------------------------------------------------------

--
-- Table structure for table `vtiger_cvadvfilter_grouping`
--

CREATE TABLE `vtiger_cvadvfilter_grouping` (
  `groupid` int(11) NOT NULL,
  `cvid` int(19) NOT NULL,
  `group_condition` varchar(255) DEFAULT NULL,
  `condition_expression` text DEFAULT NULL
) ENGINE=InnoDB DEFAULT CHARSET=utf8;

--
-- Dumping data for table `vtiger_cvadvfilter_grouping`
--

INSERT INTO `vtiger_cvadvfilter_grouping` (`groupid`, `cvid`, `group_condition`, `condition_expression`) VALUES
(1, 2, '', ''),
(1, 5, '', ''),
(1, 11, '', ''),
(1, 12, '', ''),
(1, 14, '', ''),
(1, 15, '', ''),
(1, 17, '', ''),
(1, 18, '', ''),
(1, 31, '', ''),
(1, 32, '', ''),
(1, 33, '', ''),
(1, 34, '', ''),
(1, 35, '', ''),
(1, 36, '', ''),
(1, 37, '', '');

-- --------------------------------------------------------

--
-- Table structure for table `vtiger_cvcolumnlist`
--

CREATE TABLE `vtiger_cvcolumnlist` (
  `cvid` int(19) NOT NULL,
  `columnindex` int(11) NOT NULL,
  `columnname` varchar(250) DEFAULT ''
) ENGINE=InnoDB DEFAULT CHARSET=utf8;

--
-- Dumping data for table `vtiger_cvcolumnlist`
--

INSERT INTO `vtiger_cvcolumnlist` (`cvid`, `columnindex`, `columnname`) VALUES
(1, 1, 'vtiger_leaddetails:firstname:firstname:Leads_First_Name:V'),
(1, 2, 'vtiger_leaddetails:lastname:lastname:Leads_Last_Name:V'),
(1, 3, 'vtiger_leaddetails:company:company:Leads_Company:V'),
(1, 4, 'vtiger_leadaddress:phone:phone:Leads_Phone:V'),
(1, 5, 'vtiger_leadsubdetails:website:website:Leads_Website:V'),
(1, 6, 'vtiger_leaddetails:email:email:Leads_Email:V'),
(1, 7, 'vtiger_crmentity:smownerid:assigned_user_id:Leads_Assigned_To:V'),
(2, 0, 'vtiger_leaddetails:firstname:firstname:Leads_First_Name:V'),
(2, 1, 'vtiger_leaddetails:lastname:lastname:Leads_Last_Name:V'),
(2, 2, 'vtiger_leaddetails:company:company:Leads_Company:V'),
(2, 3, 'vtiger_leaddetails:leadsource:leadsource:Leads_Lead_Source:V'),
(2, 4, 'vtiger_leadsubdetails:website:website:Leads_Website:V'),
(2, 5, 'vtiger_leaddetails:email:email:Leads_Email:E'),
(3, 0, 'vtiger_leaddetails:firstname:firstname:Leads_First_Name:V'),
(3, 1, 'vtiger_leaddetails:lastname:lastname:Leads_Last_Name:V'),
(3, 2, 'vtiger_leaddetails:company:company:Leads_Company:V'),
(3, 3, 'vtiger_leaddetails:leadsource:leadsource:Leads_Lead_Source:V'),
(3, 4, 'vtiger_leadsubdetails:website:website:Leads_Website:V'),
(3, 5, 'vtiger_leaddetails:email:email:Leads_Email:E'),
(4, 1, 'vtiger_account:accountname:accountname:Accounts_Account_Name:V'),
(4, 2, 'vtiger_accountbillads:bill_city:bill_city:Accounts_Billing_City:V'),
(4, 3, 'vtiger_account:website:website:Accounts_Website:V'),
(4, 4, 'vtiger_account:phone:phone:Accounts_Phone:V'),
(4, 5, 'vtiger_crmentity:smownerid:assigned_user_id:Accounts_Assigned_To:V'),
(5, 0, 'vtiger_account:accountname:accountname:Accounts_Account_Name:V'),
(5, 1, 'vtiger_account:phone:phone:Accounts_Phone:V'),
(5, 2, 'vtiger_account:website:website:Accounts_Website:V'),
(5, 3, 'vtiger_account:rating:rating:Accounts_Rating:V'),
(5, 4, 'vtiger_crmentity:smownerid:assigned_user_id:Accounts_Assigned_To:V'),
(6, 0, 'vtiger_account:accountname:accountname:Accounts_Account_Name:V'),
(6, 1, 'vtiger_account:phone:phone:Accounts_Phone:V'),
(6, 2, 'vtiger_account:website:website:Accounts_Website:V'),
(6, 3, 'vtiger_accountbillads:bill_city:bill_city:Accounts_City:V'),
(6, 4, 'vtiger_crmentity:smownerid:assigned_user_id:Accounts_Assigned_To:V'),
(7, 1, 'vtiger_contactdetails:firstname:firstname:Contacts_First_Name:V'),
(7, 2, 'vtiger_contactdetails:lastname:lastname:Contacts_Last_Name:V'),
(7, 3, 'vtiger_contactdetails:title:title:Contacts_Title:V'),
(7, 4, 'vtiger_contactdetails:accountid:account_id:Contacts_Account_Name:V'),
(7, 5, 'vtiger_contactdetails:email:email:Contacts_Email:V'),
(7, 6, 'vtiger_contactdetails:phone:phone:Contacts_Office_Phone:V'),
(7, 7, 'vtiger_crmentity:smownerid:assigned_user_id:Contacts_Assigned_To:V'),
(8, 0, 'vtiger_contactdetails:firstname:firstname:Contacts_First_Name:V'),
(8, 1, 'vtiger_contactdetails:lastname:lastname:Contacts_Last_Name:V'),
(8, 2, 'vtiger_contactaddress:mailingstreet:mailingstreet:Contacts_Mailing_Street:V'),
(8, 3, 'vtiger_contactaddress:mailingcity:mailingcity:Contacts_Mailing_City:V'),
(8, 4, 'vtiger_contactaddress:mailingstate:mailingstate:Contacts_Mailing_State:V'),
(8, 5, 'vtiger_contactaddress:mailingzip:mailingzip:Contacts_Mailing_Zip:V'),
(8, 6, 'vtiger_contactaddress:mailingcountry:mailingcountry:Contacts_Mailing_Country:V'),
(9, 0, 'vtiger_contactdetails:firstname:firstname:Contacts_First_Name:V'),
(9, 1, 'vtiger_contactdetails:lastname:lastname:Contacts_Last_Name:V'),
(9, 2, 'vtiger_contactdetails:title:title:Contacts_Title:V'),
(9, 3, 'vtiger_contactdetails:accountid:account_id:Contacts_Account_Name:I'),
(9, 4, 'vtiger_contactdetails:email:email:Contacts_Email:E'),
(9, 5, 'vtiger_contactsubdetails:otherphone:otherphone:Contacts_Phone:V'),
(9, 6, 'vtiger_crmentity:smownerid:assigned_user_id:Contacts_Assigned_To:V'),
(10, 1, 'vtiger_potential:potentialname:potentialname:Potentials_Potential_Name:V'),
(10, 2, 'vtiger_potential:related_to:related_to:Potentials_Related_To:V'),
(10, 3, 'vtiger_potential:sales_stage:sales_stage:Potentials_Sales_Stage:V'),
(10, 4, 'vtiger_potential:leadsource:leadsource:Potentials_Lead_Source:V'),
(10, 5, 'vtiger_potential:closingdate:closingdate:Potentials_Expected_Close_Date:D'),
(10, 6, 'vtiger_potential:amount:amount:Potentials_Amount:N'),
(10, 7, 'vtiger_crmentity:smownerid:assigned_user_id:Potentials_Assigned_To:V'),
(10, 8, 'vtiger_potential:contact_id:contact_id:Potentials_Contact_Name:V'),
(11, 0, 'vtiger_potential:potentialname:potentialname:Potentials_Potential_Name:V'),
(11, 1, 'vtiger_potential:related_to:related_to:Potentials_Related_To:V'),
(11, 2, 'vtiger_potential:amount:amount:Potentials_Amount:N'),
(11, 3, 'vtiger_potential:closingdate:closingdate:Potentials_Expected_Close_Date:D'),
(11, 4, 'vtiger_crmentity:smownerid:assigned_user_id:Potentials_Assigned_To:V'),
(11, 5, 'vtiger_potential:contact_id:contact_id:Potentials_Contact_Name:V'),
(12, 0, 'vtiger_potential:potentialname:potentialname:Potentials_Potential_Name:V'),
(12, 1, 'vtiger_potential:related_to:related_to:Potentials_Related_To:V'),
(12, 2, 'vtiger_potential:amount:amount:Potentials_Amount:N'),
(12, 3, 'vtiger_potential:leadsource:leadsource:Potentials_Lead_Source:V'),
(12, 4, 'vtiger_potential:closingdate:closingdate:Potentials_Expected_Close_Date:D'),
(12, 5, 'vtiger_crmentity:smownerid:assigned_user_id:Potentials_Assigned_To:V'),
(12, 6, 'vtiger_potential:contact_id:contact_id:Potentials_Contact_Name:V'),
(13, 1, 'vtiger_troubletickets:title:ticket_title:HelpDesk_Title:V'),
(13, 2, 'vtiger_troubletickets:parent_id:parent_id:HelpDesk_Related_To:V'),
(13, 3, 'vtiger_troubletickets:status:ticketstatus:HelpDesk_Status:V'),
(13, 4, 'vtiger_troubletickets:priority:ticketpriorities:HelpDesk_Priority:V'),
(13, 5, 'vtiger_crmentity:smownerid:assigned_user_id:HelpDesk_Assigned_To:V'),
(13, 6, 'vtiger_troubletickets:contact_id:contact_id:HelpDesk_Contact_Name:V'),
(14, 0, 'vtiger_troubletickets:title:ticket_title:HelpDesk_Title:V'),
(14, 1, 'vtiger_troubletickets:parent_id:parent_id:HelpDesk_Related_To:I'),
(14, 2, 'vtiger_troubletickets:priority:ticketpriorities:HelpDesk_Priority:V'),
(14, 3, 'vtiger_troubletickets:product_id:product_id:HelpDesk_Product_Name:I'),
(14, 4, 'vtiger_crmentity:smownerid:assigned_user_id:HelpDesk_Assigned_To:V'),
(14, 5, 'vtiger_troubletickets:contact_id:contact_id:HelpDesk_Contact_Name:V'),
(15, 0, 'vtiger_troubletickets:title:ticket_title:HelpDesk_Title:V'),
(15, 1, 'vtiger_troubletickets:parent_id:parent_id:HelpDesk_Related_To:I'),
(15, 2, 'vtiger_troubletickets:status:ticketstatus:HelpDesk_Status:V'),
(15, 3, 'vtiger_troubletickets:product_id:product_id:HelpDesk_Product_Name:I'),
(15, 4, 'vtiger_crmentity:smownerid:assigned_user_id:HelpDesk_Assigned_To:V'),
(15, 5, 'vtiger_troubletickets:contact_id:contact_id:HelpDesk_Contact_Name:V'),
(16, 1, 'vtiger_quotes:subject:subject:Quotes_Subject:V'),
(16, 2, 'vtiger_quotes:quotestage:quotestage:Quotes_Quote_Stage:V'),
(16, 3, 'vtiger_quotes:potentialid:potential_id:Quotes_Potential_Name:V'),
(16, 4, 'vtiger_quotes:accountid:account_id:Quotes_Account_Name:V'),
(16, 5, 'vtiger_quotes:total:hdnGrandTotal:Quotes_Total:N'),
(16, 6, 'vtiger_crmentity:smownerid:assigned_user_id:Quotes_Assigned_To:V'),
(17, 0, 'vtiger_quotes:subject:subject:Quotes_Subject:V'),
(17, 1, 'vtiger_quotes:quotestage:quotestage:Quotes_Quote_Stage:V'),
(17, 2, 'vtiger_quotes:potentialid:potential_id:Quotes_Potential_Name:I'),
(17, 3, 'vtiger_quotes:accountid:account_id:Quotes_Account_Name:I'),
(17, 4, 'vtiger_quotes:validtill:validtill:Quotes_Valid_Till:D'),
(17, 5, 'vtiger_crmentity:smownerid:assigned_user_id:Quotes_Assigned_To:V'),
(18, 0, 'vtiger_quotes:subject:subject:Quotes_Subject:V'),
(18, 1, 'vtiger_quotes:potentialid:potential_id:Quotes_Potential_Name:I'),
(18, 2, 'vtiger_quotes:accountid:account_id:Quotes_Account_Name:I'),
(18, 3, 'vtiger_quotes:validtill:validtill:Quotes_Valid_Till:D'),
(18, 4, 'vtiger_crmentity:smownerid:assigned_user_id:Quotes_Assigned_To:V'),
(19, 0, 'vtiger_activity:status:taskstatus:Calendar_Status:V'),
(19, 1, 'vtiger_activity:activitytype:activitytype:Calendar_Activity_Type:V'),
(19, 2, 'vtiger_activity:subject:subject:Calendar_Subject:V'),
(19, 3, 'vtiger_seactivityrel:crmid:parent_id:Calendar_Related_To:V'),
(19, 4, 'vtiger_activity:date_start:date_start:Calendar_Start_Date_&_Time:DT'),
(19, 5, 'vtiger_activity:due_date:due_date:Calendar_Due_Date:D'),
(19, 6, 'vtiger_crmentity:smownerid:assigned_user_id:Calendar_Assigned_To:V'),
(20, 0, 'vtiger_activity:subject:subject:Emails_Subject:V'),
(20, 1, 'vtiger_emaildetails:to_email:saved_toid:Emails_To:V'),
(20, 2, 'vtiger_activity:date_start:date_start:Emails_Date_&_Time_Sent:DT'),
(21, 1, 'vtiger_invoice:subject:subject:Invoice_Subject:V'),
(21, 2, 'vtiger_invoice:salesorderid:salesorder_id:Invoice_Sales_Order:V'),
(21, 3, 'vtiger_invoice:invoicestatus:invoicestatus:Invoice_Status:V'),
(21, 4, 'vtiger_invoice:total:hdnGrandTotal:Invoice_Total:N'),
(21, 5, 'vtiger_crmentity:smownerid:assigned_user_id:Invoice_Assigned_To:V'),
(22, 1, 'vtiger_notes:title:notes_title:Documents_Title:V'),
(22, 2, 'vtiger_notes:filename:filename:Documents_File_Name:V'),
(22, 3, 'vtiger_crmentity:modifiedtime:modifiedtime:Documents_Modified_Time:DT'),
(22, 4, 'vtiger_crmentity:smownerid:assigned_user_id:Documents_Assigned_To:V'),
(23, 1, 'vtiger_pricebook:bookname:bookname:PriceBooks_Price_Book_Name:V'),
(23, 2, 'vtiger_pricebook:active:active:PriceBooks_Active:C'),
(23, 3, 'vtiger_pricebook:currency_id:currency_id:PriceBooks_Currency:V'),
(24, 1, 'vtiger_products:productname:productname:Products_Product_Name:V'),
(24, 2, 'vtiger_products:productcode:productcode:Products_Part_Number:V'),
(24, 3, 'vtiger_products:commissionrate:commissionrate:Products_Commission_Rate:N'),
(24, 4, 'vtiger_products:qtyinstock:qtyinstock:Products_Qty_In_Stock:NN'),
(24, 5, 'vtiger_products:qty_per_unit:qty_per_unit:Products_Qty/Unit:N'),
(24, 6, 'vtiger_products:unit_price:unit_price:Products_Unit_Price:N'),
(25, 1, 'vtiger_purchaseorder:subject:subject:PurchaseOrder_Subject:V'),
(25, 2, 'vtiger_purchaseorder:vendorid:vendor_id:PurchaseOrder_Vendor_Name:V'),
(25, 3, 'vtiger_purchaseorder:tracking_no:tracking_no:PurchaseOrder_Tracking_Number:V'),
(25, 4, 'vtiger_purchaseorder:total:hdnGrandTotal:PurchaseOrder_Total:N'),
(25, 5, 'vtiger_crmentity:smownerid:assigned_user_id:PurchaseOrder_Assigned_To:V'),
(26, 1, 'vtiger_salesorder:subject:subject:SalesOrder_Subject:V'),
(26, 2, 'vtiger_salesorder:accountid:account_id:SalesOrder_Account_Name:V'),
(26, 3, 'vtiger_salesorder:quoteid:quote_id:SalesOrder_Quote_Name:V'),
(26, 4, 'vtiger_salesorder:total:hdnGrandTotal:SalesOrder_Total:N'),
(26, 5, 'vtiger_crmentity:smownerid:assigned_user_id:SalesOrder_Assigned_To:V'),
(27, 1, 'vtiger_vendor:vendorname:vendorname:Vendors_Vendor_Name:V'),
(27, 2, 'vtiger_vendor:phone:phone:Vendors_Phone:V'),
(27, 3, 'vtiger_vendor:email:email:Vendors_Email:V'),
(27, 4, 'vtiger_vendor:category:category:Vendors_Category:V'),
(27, 5, 'vtiger_crmentity:smownerid:assigned_user_id:Vendors_Assigned_To:V'),
(28, 1, 'vtiger_faq:question:question:Faq_Question:V'),
(28, 2, 'vtiger_faq:category:faqcategories:Faq_Category:V'),
(28, 3, 'vtiger_faq:product_id:product_id:Faq_Product_Name:V'),
(28, 4, 'vtiger_crmentity:createdtime:createdtime:Faq_Created_Time:DT'),
(28, 5, 'vtiger_crmentity:modifiedtime:modifiedtime:Faq_Modified_Time:DT'),
(29, 0, 'vtiger_campaign:campaignname:campaignname:Campaigns_Campaign_Name:V'),
(29, 1, 'vtiger_campaign:campaigntype:campaigntype:Campaigns_Campaign_Type:V'),
(29, 2, 'vtiger_campaign:campaignstatus:campaignstatus:Campaigns_Campaign_Status:V'),
(29, 3, 'vtiger_campaign:expectedrevenue:expectedrevenue:Campaigns_Expected_Revenue:N'),
(29, 4, 'vtiger_campaign:closingdate:closingdate:Campaigns_Expected_Close_Date:D'),
(29, 5, 'vtiger_crmentity:smownerid:assigned_user_id:Campaigns_Assigned_To:V'),
(30, 0, 'subject:subject:subject:Subject:V'),
(30, 1, 'from:fromname:fromname:From:N'),
(30, 2, 'to:tpname:toname:To:N'),
(30, 3, 'body:body:body:Body:V'),
(31, 0, 'vtiger_faq:question:question:Faq_Question:V'),
(31, 1, 'vtiger_faq:status:faqstatus:Faq_Status:V'),
(31, 2, 'vtiger_faq:product_id:product_id:Faq_Product_Name:I'),
(31, 3, 'vtiger_faq:category:faqcategories:Faq_Category:V'),
(31, 4, 'vtiger_crmentity:createdtime:createdtime:Faq_Created_Time:DT'),
(32, 0, 'vtiger_faq:question:question:Faq_Question:V'),
(32, 1, 'vtiger_faq:answer:faq_answer:Faq_Answer:V'),
(32, 2, 'vtiger_faq:status:faqstatus:Faq_Status:V'),
(32, 3, 'vtiger_faq:product_id:product_id:Faq_Product_Name:I'),
(32, 4, 'vtiger_faq:category:faqcategories:Faq_Category:V'),
(32, 5, 'vtiger_crmentity:createdtime:createdtime:Faq_Created_Time:DT'),
(33, 0, 'vtiger_purchaseorder:subject:subject:PurchaseOrder_Subject:V'),
(33, 1, 'vtiger_purchaseorder:postatus:postatus:PurchaseOrder_Status:V'),
(33, 2, 'vtiger_purchaseorder:vendorid:vendor_id:PurchaseOrder_Vendor_Name:I'),
(33, 3, 'vtiger_crmentity:smownerid:assigned_user_id:PurchaseOrder_Assigned_To:V'),
(33, 4, 'vtiger_purchaseorder:duedate:duedate:PurchaseOrder_Due_Date:V'),
(34, 0, 'vtiger_purchaseorder:subject:subject:PurchaseOrder_Subject:V'),
(34, 1, 'vtiger_purchaseorder:vendorid:vendor_id:PurchaseOrder_Vendor_Name:I'),
(34, 2, 'vtiger_crmentity:smownerid:assigned_user_id:PurchaseOrder_Assigned_To:V'),
(34, 3, 'vtiger_purchaseorder:postatus:postatus:PurchaseOrder_Status:V'),
(34, 4, 'vtiger_purchaseorder:carrier:carrier:PurchaseOrder_Carrier:V'),
(34, 5, 'vtiger_poshipads:ship_street:ship_street:PurchaseOrder_Shipping_Address:V'),
(35, 0, 'vtiger_invoice:invoice_no:invoice_no:Invoice_Invoice_No:V'),
(35, 1, 'vtiger_invoice:subject:subject:Invoice_Subject:V'),
(35, 2, 'vtiger_invoice:accountid:account_id:Invoice_Account_Name:I'),
(35, 3, 'vtiger_invoice:salesorderid:salesorder_id:Invoice_Sales_Order:I'),
(35, 4, 'vtiger_invoice:invoicestatus:invoicestatus:Invoice_Status:V'),
(35, 5, 'vtiger_crmentity:smownerid:assigned_user_id:Invoice_Assigned_To:V'),
(35, 6, 'vtiger_crmentity:createdtime:createdtime:Invoice_Created_Time:DT'),
(36, 0, 'vtiger_invoice:invoice_no:invoice_no:Invoice_Invoice_No:V'),
(36, 1, 'vtiger_invoice:subject:subject:Invoice_Subject:V'),
(36, 2, 'vtiger_invoice:accountid:account_id:Invoice_Account_Name:I'),
(36, 3, 'vtiger_invoice:salesorderid:salesorder_id:Invoice_Sales_Order:I'),
(36, 4, 'vtiger_invoice:invoicestatus:invoicestatus:Invoice_Status:V'),
(36, 5, 'vtiger_invoiceshipads:ship_street:ship_street:Invoice_Shipping_Address:V'),
(36, 6, 'vtiger_crmentity:smownerid:assigned_user_id:Invoice_Assigned_To:V'),
(37, 0, 'vtiger_salesorder:subject:subject:SalesOrder_Subject:V'),
(37, 1, 'vtiger_salesorder:accountid:account_id:SalesOrder_Account_Name:I'),
(37, 2, 'vtiger_salesorder:sostatus:sostatus:SalesOrder_Status:V'),
(37, 3, 'vtiger_crmentity:smownerid:assigned_user_id:SalesOrder_Assigned_To:V'),
(37, 4, 'vtiger_soshipads:ship_street:ship_street:SalesOrder_Shipping_Address:V'),
(37, 5, 'vtiger_salesorder:carrier:carrier:SalesOrder_Carrier:V'),
(38, 1, 'vtiger_servicecontracts:subject:subject:ServiceContracts_Subject:V'),
(38, 2, 'vtiger_servicecontracts:sc_related_to:sc_related_to:ServiceContracts_Related_to:V'),
(38, 3, 'vtiger_crmentity:smownerid:assigned_user_id:ServiceContracts_Assigned_To:V'),
(38, 4, 'vtiger_servicecontracts:start_date:start_date:ServiceContracts_Start_Date:D'),
(38, 5, 'vtiger_servicecontracts:due_date:due_date:ServiceContracts_Due_date:D'),
(38, 7, 'vtiger_servicecontracts:progress:progress:ServiceContracts_Progress:N'),
(38, 8, 'vtiger_servicecontracts:contract_status:contract_status:ServiceContracts_Status:V'),
(39, 0, 'vtiger_pbxmanager:callstatus:callstatus:PBXManager_Call_Status:V'),
(39, 1, 'vtiger_pbxmanager:customernumber:customernumber:PBXManager_Customer_Number:V'),
(39, 2, 'vtiger_pbxmanager:customer:customer:PBXManager_Customer:V'),
(39, 3, 'vtiger_pbxmanager:user:user:PBXManager_User:V'),
(39, 4, 'vtiger_pbxmanager:recordingurl:recordingurl:PBXManager_Recording_URL:V'),
(39, 5, 'vtiger_pbxmanager:totalduration:totalduration:PBXManager_Total_Duration:I'),
(39, 6, 'vtiger_pbxmanager:starttime:starttime:PBXManager_Start_Time:DT'),
(40, 1, 'vtiger_service:servicename:servicename:Services_Service_Name:V'),
(40, 2, 'vtiger_service:service_usageunit:service_usageunit:Services_Usage_Unit:V'),
(40, 3, 'vtiger_service:unit_price:unit_price:Services_Price:N'),
(40, 4, 'vtiger_service:qty_per_unit:qty_per_unit:Services_No_of_Units:N'),
(40, 5, 'vtiger_service:servicecategory:servicecategory:Services_Service_Category:V'),
(40, 6, 'vtiger_crmentity:smownerid:assigned_user_id:Services_Owner:I'),
(41, 0, 'vtiger_modcomments:commentcontent:commentcontent:ModComments_Comment:V'),
(41, 1, 'vtiger_modcomments:related_to:related_to:ModComments_Related_To:V'),
(41, 2, 'vtiger_crmentity:modifiedtime:modifiedtime:ModComments_Modified_Time:DT'),
(41, 3, 'vtiger_crmentity:smownerid:assigned_user_id:ModComments_Assigned_To:V'),
(42, 1, 'vtiger_assets:assetname:assetname:Assets_Asset_Name:V'),
(42, 2, 'vtiger_assets:account:account:Assets_Customer_Name:V'),
(42, 3, 'vtiger_assets:product:product:Assets_Product_Name:V'),
(43, 0, 'vtiger_smsnotifier:message:message:SMSNotifier_message:V'),
(43, 2, 'vtiger_crmentity:smownerid:assigned_user_id:SMSNotifier_Assigned_To:V'),
(43, 3, 'vtiger_crmentity:createdtime:createdtime:SMSNotifier_Created_Time:DT'),
(43, 4, 'vtiger_crmentity:modifiedtime:modifiedtime:SMSNotifier_Modified_Time:DT'),
(47, 0, 'vtiger_projectmilestone:projectmilestonename:projectmilestonename:ProjectMilestone_Project_Milestone_Name:V'),
(47, 1, 'vtiger_projectmilestone:projectmilestonedate:projectmilestonedate:ProjectMilestone_Milestone_Date:D'),
(47, 3, 'vtiger_crmentity:description:description:ProjectMilestone_description:V'),
(47, 4, 'vtiger_crmentity:createdtime:createdtime:ProjectMilestone_Created_Time:DT'),
(47, 5, 'vtiger_crmentity:modifiedtime:modifiedtime:ProjectMilestone_Modified_Time:DT'),
(48, 2, 'vtiger_projecttask:projecttaskname:projecttaskname:ProjectTask_Project_Task_Name:V'),
(48, 3, 'vtiger_projecttask:projectid:projectid:ProjectTask_Related_to:V'),
(48, 4, 'vtiger_projecttask:projecttaskpriority:projecttaskpriority:ProjectTask_Priority:V'),
(48, 5, 'vtiger_projecttask:projecttaskprogress:projecttaskprogress:ProjectTask_Progress:V'),
(48, 6, 'vtiger_projecttask:projecttaskhours:projecttaskhours:ProjectTask_Worked_Hours:V'),
(48, 7, 'vtiger_projecttask:startdate:startdate:ProjectTask_Start_Date:D'),
(48, 8, 'vtiger_projecttask:enddate:enddate:ProjectTask_End_Date:D'),
(48, 9, 'vtiger_crmentity:smownerid:assigned_user_id:ProjectTask_Assigned_To:V'),
(49, 0, 'vtiger_project:projectname:projectname:Project_Project_Name:V'),
(49, 1, 'vtiger_project:linktoaccountscontacts:linktoaccountscontacts:Project_Related_to:V'),
(49, 2, 'vtiger_project:startdate:startdate:Project_Start_Date:D'),
(49, 3, 'vtiger_project:targetenddate:targetenddate:Project_Target_End_Date:D'),
(49, 4, 'vtiger_project:actualenddate:actualenddate:Project_Actual_End_Date:D'),
(49, 5, 'vtiger_project:targetbudget:targetbudget:Project_Target_Budget:V'),
(49, 6, 'vtiger_project:progress:progress:Project_Progress:V'),
(49, 7, 'vtiger_project:projectstatus:projectstatus:Project_Status:V'),
(49, 8, 'vtiger_crmentity:smownerid:assigned_user_id:Project_Assigned_To:V'),
(49, 19, 'vtiger_project:contactid:contactid:Project_Contact_Name:V'),
(57, 0, 'vtiger_subservices:subservices_tks_subservicesnam:subservices_tks_subservicesnam:Subservices_SubServices_Name:V'),
(57, 1, 'vtiger_crmentity:smownerid:assigned_user_id:Subservices_Assigned_To:V'),
(62, 0, 'vtiger_mainservicestype:mainservicestype_tks_servicena:mainservicestype_tks_servicena:Mainservicestype_Service_Name:V'),
(62, 1, 'vtiger_crmentity:smownerid:assigned_user_id:Mainservicestype_Assigned_To:V'),
(65, 0, 'vtiger_transaction:transactionno:transactionno:Transaction_Transaction_No:V'),
(65, 1, 'vtiger_transaction:transaction_tks_employees:transaction_tks_employees:Transaction_Employees:V'),
(65, 2, 'vtiger_transactioncf:cf_1054:cf_1054:Transaction_Clients:V'),
(65, 3, 'vtiger_transactioncf:cf_1185:cf_1185:Transaction_servicelist:V'),
(65, 4, 'vtiger_transactioncf:cf_1170:cf_1170:Transaction_Punch_In:T'),
(65, 5, 'vtiger_transactioncf:cf_1172:cf_1172:Transaction_Punch_Out:T'),
(65, 6, 'vtiger_crmentity:smownerid:assigned_user_id:Transaction_Assigned_To:V');

-- --------------------------------------------------------

--
-- Table structure for table `vtiger_cvstdfilter`
--

CREATE TABLE `vtiger_cvstdfilter` (
  `cvid` int(19) NOT NULL,
  `columnname` varchar(250) DEFAULT '',
  `stdfilter` varchar(250) DEFAULT '',
  `startdate` date DEFAULT NULL,
  `enddate` date DEFAULT NULL
) ENGINE=InnoDB DEFAULT CHARSET=utf8;

--
-- Dumping data for table `vtiger_cvstdfilter`
--

INSERT INTO `vtiger_cvstdfilter` (`cvid`, `columnname`, `stdfilter`, `startdate`, `enddate`) VALUES
(3, 'vtiger_crmentity:modifiedtime:modifiedtime:Leads_Modified_Time', 'thismonth', '2005-06-01', '2005-06-30'),
(6, 'vtiger_crmentity:createdtime:createdtime:Accounts_Created_Time', 'thisweek', '2005-06-19', '2005-06-25'),
(9, 'vtiger_contactsubdetails:birthday:birthday:Contacts_Birthdate', 'today', '2005-06-25', '2005-06-25');

-- --------------------------------------------------------

--
-- Table structure for table `vtiger_dashboard_tabs`
--

CREATE TABLE `vtiger_dashboard_tabs` (
  `id` int(19) NOT NULL,
  `tabname` varchar(50) DEFAULT NULL,
  `isdefault` int(1) DEFAULT 0,
  `sequence` int(5) DEFAULT 2,
  `appname` varchar(20) DEFAULT NULL,
  `modulename` varchar(50) DEFAULT NULL,
  `userid` int(11) DEFAULT NULL
) ENGINE=InnoDB DEFAULT CHARSET=utf8;

--
-- Dumping data for table `vtiger_dashboard_tabs`
--

INSERT INTO `vtiger_dashboard_tabs` (`id`, `tabname`, `isdefault`, `sequence`, `appname`, `modulename`, `userid`) VALUES
(2, 'Right View', 1, 1, '', '', 1),
(18, 'My Dashboard', 1, 2, '', '', 1),
(52, 'My Dashboard', 1, 1, '', '', 21),
(53, 'My Dashboard', 1, 1, '', '', 22),
(58, 'My Dashboard', 1, 1, '', '', 23);

-- --------------------------------------------------------

--
-- Table structure for table `vtiger_datashare_grp2grp`
--

CREATE TABLE `vtiger_datashare_grp2grp` (
  `shareid` int(19) NOT NULL,
  `share_groupid` int(19) DEFAULT NULL,
  `to_groupid` int(19) DEFAULT NULL,
  `permission` int(19) DEFAULT NULL
) ENGINE=InnoDB DEFAULT CHARSET=utf8;

-- --------------------------------------------------------

--
-- Table structure for table `vtiger_datashare_grp2role`
--

CREATE TABLE `vtiger_datashare_grp2role` (
  `shareid` int(19) NOT NULL,
  `share_groupid` int(19) DEFAULT NULL,
  `to_roleid` varchar(255) DEFAULT NULL,
  `permission` int(19) DEFAULT NULL
) ENGINE=InnoDB DEFAULT CHARSET=utf8;

-- --------------------------------------------------------

--
-- Table structure for table `vtiger_datashare_grp2rs`
--

CREATE TABLE `vtiger_datashare_grp2rs` (
  `shareid` int(19) NOT NULL,
  `share_groupid` int(19) DEFAULT NULL,
  `to_roleandsubid` varchar(255) DEFAULT NULL,
  `permission` int(19) DEFAULT NULL
) ENGINE=InnoDB DEFAULT CHARSET=utf8;

-- --------------------------------------------------------

--
-- Table structure for table `vtiger_datashare_module_rel`
--

CREATE TABLE `vtiger_datashare_module_rel` (
  `shareid` int(19) NOT NULL,
  `tabid` int(19) NOT NULL,
  `relationtype` varchar(200) DEFAULT NULL
) ENGINE=InnoDB DEFAULT CHARSET=utf8;

--
-- Dumping data for table `vtiger_datashare_module_rel`
--

INSERT INTO `vtiger_datashare_module_rel` (`shareid`, `tabid`, `relationtype`) VALUES
(1, 6, 'RS::RS'),
(2, 7, 'RS::RS');

-- --------------------------------------------------------

--
-- Table structure for table `vtiger_datashare_module_rel_seq`
--

CREATE TABLE `vtiger_datashare_module_rel_seq` (
  `id` int(11) NOT NULL
) ENGINE=InnoDB DEFAULT CHARSET=utf8;

--
-- Dumping data for table `vtiger_datashare_module_rel_seq`
--

INSERT INTO `vtiger_datashare_module_rel_seq` (`id`) VALUES
(2);

-- --------------------------------------------------------

--
-- Table structure for table `vtiger_datashare_relatedmodules`
--

CREATE TABLE `vtiger_datashare_relatedmodules` (
  `datashare_relatedmodule_id` int(19) NOT NULL,
  `tabid` int(19) DEFAULT NULL,
  `relatedto_tabid` int(19) DEFAULT NULL
) ENGINE=InnoDB DEFAULT CHARSET=utf8;

--
-- Dumping data for table `vtiger_datashare_relatedmodules`
--

INSERT INTO `vtiger_datashare_relatedmodules` (`datashare_relatedmodule_id`, `tabid`, `relatedto_tabid`) VALUES
(1, 6, 2),
(2, 6, 13),
(3, 6, 20),
(4, 6, 22),
(5, 6, 23),
(6, 2, 20),
(7, 2, 22),
(8, 20, 22),
(9, 22, 23);

-- --------------------------------------------------------

--
-- Table structure for table `vtiger_datashare_relatedmodules_seq`
--

CREATE TABLE `vtiger_datashare_relatedmodules_seq` (
  `id` int(11) NOT NULL
) ENGINE=InnoDB DEFAULT CHARSET=utf8;

--
-- Dumping data for table `vtiger_datashare_relatedmodules_seq`
--

INSERT INTO `vtiger_datashare_relatedmodules_seq` (`id`) VALUES
(9);

-- --------------------------------------------------------

--
-- Table structure for table `vtiger_datashare_relatedmodule_permission`
--

CREATE TABLE `vtiger_datashare_relatedmodule_permission` (
  `shareid` int(19) NOT NULL,
  `datashare_relatedmodule_id` int(19) NOT NULL,
  `permission` int(19) DEFAULT NULL
) ENGINE=InnoDB DEFAULT CHARSET=utf8;

-- --------------------------------------------------------

--
-- Table structure for table `vtiger_datashare_role2group`
--

CREATE TABLE `vtiger_datashare_role2group` (
  `shareid` int(19) NOT NULL,
  `share_roleid` varchar(255) DEFAULT NULL,
  `to_groupid` int(19) DEFAULT NULL,
  `permission` int(19) DEFAULT NULL
) ENGINE=InnoDB DEFAULT CHARSET=utf8;

-- --------------------------------------------------------

--
-- Table structure for table `vtiger_datashare_role2role`
--

CREATE TABLE `vtiger_datashare_role2role` (
  `shareid` int(19) NOT NULL,
  `share_roleid` varchar(255) DEFAULT NULL,
  `to_roleid` varchar(255) DEFAULT NULL,
  `permission` int(19) DEFAULT NULL
) ENGINE=InnoDB DEFAULT CHARSET=utf8;

-- --------------------------------------------------------

--
-- Table structure for table `vtiger_datashare_role2rs`
--

CREATE TABLE `vtiger_datashare_role2rs` (
  `shareid` int(19) NOT NULL,
  `share_roleid` varchar(255) DEFAULT NULL,
  `to_roleandsubid` varchar(255) DEFAULT NULL,
  `permission` int(19) DEFAULT NULL
) ENGINE=InnoDB DEFAULT CHARSET=utf8;

-- --------------------------------------------------------

--
-- Table structure for table `vtiger_datashare_rs2grp`
--

CREATE TABLE `vtiger_datashare_rs2grp` (
  `shareid` int(19) NOT NULL,
  `share_roleandsubid` varchar(255) DEFAULT NULL,
  `to_groupid` int(19) DEFAULT NULL,
  `permission` int(19) DEFAULT NULL
) ENGINE=InnoDB DEFAULT CHARSET=utf8;

-- --------------------------------------------------------

--
-- Table structure for table `vtiger_datashare_rs2role`
--

CREATE TABLE `vtiger_datashare_rs2role` (
  `shareid` int(19) NOT NULL,
  `share_roleandsubid` varchar(255) DEFAULT NULL,
  `to_roleid` varchar(255) DEFAULT NULL,
  `permission` int(19) DEFAULT NULL
) ENGINE=InnoDB DEFAULT CHARSET=utf8;

-- --------------------------------------------------------

--
-- Table structure for table `vtiger_datashare_rs2rs`
--

CREATE TABLE `vtiger_datashare_rs2rs` (
  `shareid` int(19) NOT NULL,
  `share_roleandsubid` varchar(255) DEFAULT NULL,
  `to_roleandsubid` varchar(255) DEFAULT NULL,
  `permission` int(19) DEFAULT NULL
) ENGINE=InnoDB DEFAULT CHARSET=utf8;

--
-- Dumping data for table `vtiger_datashare_rs2rs`
--

INSERT INTO `vtiger_datashare_rs2rs` (`shareid`, `share_roleandsubid`, `to_roleandsubid`, `permission`) VALUES
(1, 'H6', 'H6', 0),
(2, 'H6', 'H6', 0);

-- --------------------------------------------------------

--
-- Table structure for table `vtiger_date_format`
--

CREATE TABLE `vtiger_date_format` (
  `date_formatid` int(19) NOT NULL,
  `date_format` varchar(200) NOT NULL,
  `sortorderid` int(19) NOT NULL DEFAULT 0,
  `presence` int(1) NOT NULL DEFAULT 1
) ENGINE=InnoDB DEFAULT CHARSET=utf8;

--
-- Dumping data for table `vtiger_date_format`
--

INSERT INTO `vtiger_date_format` (`date_formatid`, `date_format`, `sortorderid`, `presence`) VALUES
(1, 'dd-mm-yyyy', 0, 1),
(2, 'mm-dd-yyyy', 1, 1),
(3, 'yyyy-mm-dd', 2, 1),
(4, 'dd.mm.yyyy', 3, 1),
(5, 'dd/mm/yyyy', 4, 1);

-- --------------------------------------------------------

--
-- Table structure for table `vtiger_date_format_seq`
--

CREATE TABLE `vtiger_date_format_seq` (
  `id` int(11) NOT NULL
) ENGINE=InnoDB DEFAULT CHARSET=utf8;

--
-- Dumping data for table `vtiger_date_format_seq`
--

INSERT INTO `vtiger_date_format_seq` (`id`) VALUES
(3);

-- --------------------------------------------------------

--
-- Table structure for table `vtiger_dayoftheweek`
--

CREATE TABLE `vtiger_dayoftheweek` (
  `dayoftheweekid` int(11) NOT NULL,
  `dayoftheweek` varchar(200) NOT NULL,
  `sortorderid` int(11) DEFAULT NULL,
  `presence` int(11) NOT NULL DEFAULT 1
) ENGINE=InnoDB DEFAULT CHARSET=utf8;

--
-- Dumping data for table `vtiger_dayoftheweek`
--

INSERT INTO `vtiger_dayoftheweek` (`dayoftheweekid`, `dayoftheweek`, `sortorderid`, `presence`) VALUES
(1, 'Sunday', 0, 1),
(2, 'Monday', 1, 1),
(3, 'Tuesday', 2, 1),
(4, 'Wednesday', 3, 1),
(5, 'Thursday', 4, 1),
(6, 'Friday', 5, 1),
(7, 'Saturday', 6, 1);

-- --------------------------------------------------------

--
-- Table structure for table `vtiger_dayoftheweek_seq`
--

CREATE TABLE `vtiger_dayoftheweek_seq` (
  `id` int(11) NOT NULL
) ENGINE=InnoDB DEFAULT CHARSET=utf8;

--
-- Dumping data for table `vtiger_dayoftheweek_seq`
--

INSERT INTO `vtiger_dayoftheweek_seq` (`id`) VALUES
(7);

-- --------------------------------------------------------

--
-- Table structure for table `vtiger_defaultactivitytype`
--

CREATE TABLE `vtiger_defaultactivitytype` (
  `defaultactivitytypeid` int(11) NOT NULL,
  `defaultactivitytype` varchar(200) NOT NULL,
  `presence` int(1) NOT NULL DEFAULT 1,
  `picklist_valueid` int(11) NOT NULL DEFAULT 0,
  `sortorderid` int(11) DEFAULT 0
) ENGINE=InnoDB DEFAULT CHARSET=utf8;

--
-- Dumping data for table `vtiger_defaultactivitytype`
--

INSERT INTO `vtiger_defaultactivitytype` (`defaultactivitytypeid`, `defaultactivitytype`, `presence`, `picklist_valueid`, `sortorderid`) VALUES
(1, 'Call', 1, 299, 1),
(2, 'Meeting', 1, 300, 2);

-- --------------------------------------------------------

--
-- Table structure for table `vtiger_defaultactivitytype_seq`
--

CREATE TABLE `vtiger_defaultactivitytype_seq` (
  `id` int(11) NOT NULL
) ENGINE=InnoDB DEFAULT CHARSET=utf8;

--
-- Dumping data for table `vtiger_defaultactivitytype_seq`
--

INSERT INTO `vtiger_defaultactivitytype_seq` (`id`) VALUES
(2);

-- --------------------------------------------------------

--
-- Table structure for table `vtiger_defaultcalendarview`
--

CREATE TABLE `vtiger_defaultcalendarview` (
  `defaultcalendarviewid` int(11) NOT NULL,
  `defaultcalendarview` varchar(200) NOT NULL,
  `sortorderid` int(11) DEFAULT NULL,
  `presence` int(11) NOT NULL DEFAULT 1
) ENGINE=InnoDB DEFAULT CHARSET=utf8;

--
-- Dumping data for table `vtiger_defaultcalendarview`
--

INSERT INTO `vtiger_defaultcalendarview` (`defaultcalendarviewid`, `defaultcalendarview`, `sortorderid`, `presence`) VALUES
(1, 'ListView', 0, 1),
(2, 'MyCalendar', 1, 1),
(3, 'SharedCalendar', 2, 1);

-- --------------------------------------------------------

--
-- Table structure for table `vtiger_defaultcalendarview_seq`
--

CREATE TABLE `vtiger_defaultcalendarview_seq` (
  `id` int(11) NOT NULL
) ENGINE=InnoDB DEFAULT CHARSET=utf8;

--
-- Dumping data for table `vtiger_defaultcalendarview_seq`
--

INSERT INTO `vtiger_defaultcalendarview_seq` (`id`) VALUES
(3);

-- --------------------------------------------------------

--
-- Table structure for table `vtiger_defaultcv`
--

CREATE TABLE `vtiger_defaultcv` (
  `tabid` int(19) NOT NULL,
  `defaultviewname` varchar(50) NOT NULL,
  `query` text DEFAULT NULL
) ENGINE=InnoDB DEFAULT CHARSET=utf8;

-- --------------------------------------------------------

--
-- Table structure for table `vtiger_defaulteventstatus`
--

CREATE TABLE `vtiger_defaulteventstatus` (
  `defaulteventstatusid` int(11) NOT NULL,
  `defaulteventstatus` varchar(200) NOT NULL,
  `presence` int(1) NOT NULL DEFAULT 1,
  `picklist_valueid` int(11) NOT NULL DEFAULT 0,
  `sortorderid` int(11) DEFAULT 0
) ENGINE=InnoDB DEFAULT CHARSET=utf8;

--
-- Dumping data for table `vtiger_defaulteventstatus`
--

INSERT INTO `vtiger_defaulteventstatus` (`defaulteventstatusid`, `defaulteventstatus`, `presence`, `picklist_valueid`, `sortorderid`) VALUES
(1, 'Planned', 1, 296, 1),
(2, 'Held', 1, 297, 2),
(3, 'Not Held', 1, 298, 3);

-- --------------------------------------------------------

--
-- Table structure for table `vtiger_defaulteventstatus_seq`
--

CREATE TABLE `vtiger_defaulteventstatus_seq` (
  `id` int(11) NOT NULL
) ENGINE=InnoDB DEFAULT CHARSET=utf8;

--
-- Dumping data for table `vtiger_defaulteventstatus_seq`
--

INSERT INTO `vtiger_defaulteventstatus_seq` (`id`) VALUES
(3);

-- --------------------------------------------------------

--
-- Table structure for table `vtiger_defaultlandingpage`
--

CREATE TABLE `vtiger_defaultlandingpage` (
  `defaultlandingpageid` int(11) NOT NULL,
  `defaultlandingpage` varchar(200) NOT NULL,
  `presence` int(1) NOT NULL DEFAULT 1,
  `picklist_valueid` int(11) NOT NULL DEFAULT 0,
  `sortorderid` int(11) DEFAULT 0,
  `color` varchar(10) DEFAULT NULL
) ENGINE=InnoDB DEFAULT CHARSET=utf8;

--
-- Dumping data for table `vtiger_defaultlandingpage`
--

INSERT INTO `vtiger_defaultlandingpage` (`defaultlandingpageid`, `defaultlandingpage`, `presence`, `picklist_valueid`, `sortorderid`, `color`) VALUES
(1, 'true', 1, 303, 1, NULL),
(2, 'false', 1, 304, 2, NULL);

-- --------------------------------------------------------

--
-- Table structure for table `vtiger_defaultlandingpage_seq`
--

CREATE TABLE `vtiger_defaultlandingpage_seq` (
  `id` int(11) NOT NULL
) ENGINE=InnoDB DEFAULT CHARSET=utf8;

--
-- Dumping data for table `vtiger_defaultlandingpage_seq`
--

INSERT INTO `vtiger_defaultlandingpage_seq` (`id`) VALUES
(2);

-- --------------------------------------------------------

--
-- Table structure for table `vtiger_default_record_view`
--

CREATE TABLE `vtiger_default_record_view` (
  `default_record_viewid` int(11) NOT NULL,
  `default_record_view` varchar(200) NOT NULL,
  `sortorderid` int(11) DEFAULT NULL,
  `presence` int(11) NOT NULL DEFAULT 1
) ENGINE=InnoDB DEFAULT CHARSET=utf8;

--
-- Dumping data for table `vtiger_default_record_view`
--

INSERT INTO `vtiger_default_record_view` (`default_record_viewid`, `default_record_view`, `sortorderid`, `presence`) VALUES
(1, 'Summary', 0, 1),
(2, 'Detail', 1, 1);

-- --------------------------------------------------------

--
-- Table structure for table `vtiger_default_record_view_seq`
--

CREATE TABLE `vtiger_default_record_view_seq` (
  `id` int(11) NOT NULL
) ENGINE=InnoDB DEFAULT CHARSET=utf8;

--
-- Dumping data for table `vtiger_default_record_view_seq`
--

INSERT INTO `vtiger_default_record_view_seq` (`id`) VALUES
(2);

-- --------------------------------------------------------

--
-- Table structure for table `vtiger_def_org_field`
--

CREATE TABLE `vtiger_def_org_field` (
  `tabid` int(10) DEFAULT NULL,
  `fieldid` int(19) NOT NULL,
  `visible` int(19) DEFAULT NULL,
  `readonly` int(19) DEFAULT NULL
) ENGINE=InnoDB DEFAULT CHARSET=utf8;

--
-- Dumping data for table `vtiger_def_org_field`
--

INSERT INTO `vtiger_def_org_field` (`tabid`, `fieldid`, `visible`, `readonly`) VALUES
(6, 1, 0, 0),
(6, 2, 0, 0),
(6, 3, 0, 0),
(6, 4, 0, 0),
(6, 5, 0, 0),
(6, 6, 0, 0),
(6, 7, 0, 0),
(6, 8, 0, 0),
(6, 9, 0, 0),
(6, 10, 0, 0),
(6, 11, 0, 0),
(6, 12, 0, 0),
(6, 13, 0, 0),
(6, 14, 0, 0),
(6, 15, 0, 0),
(6, 16, 0, 0),
(6, 17, 0, 0),
(6, 18, 0, 0),
(6, 19, 0, 0),
(6, 20, 0, 0),
(6, 21, 0, 0),
(6, 22, 0, 0),
(6, 23, 0, 0),
(6, 24, 0, 0),
(6, 25, 0, 0),
(6, 26, 0, 0),
(6, 27, 0, 0),
(6, 28, 0, 0),
(6, 29, 0, 0),
(6, 30, 0, 0),
(6, 31, 0, 0),
(6, 32, 0, 0),
(6, 33, 0, 0),
(6, 34, 0, 0),
(6, 35, 0, 0),
(6, 36, 0, 0),
(7, 37, 0, 0),
(7, 38, 0, 0),
(7, 39, 0, 0),
(7, 40, 0, 0),
(7, 41, 0, 0),
(7, 42, 0, 0),
(7, 43, 0, 0),
(7, 44, 0, 0),
(7, 45, 0, 0),
(7, 46, 0, 0),
(7, 47, 0, 0),
(7, 48, 0, 0),
(7, 49, 0, 0),
(7, 50, 0, 0),
(7, 51, 0, 0),
(7, 52, 0, 0),
(7, 53, 0, 0),
(7, 54, 0, 0),
(7, 55, 0, 0),
(7, 56, 0, 0),
(7, 57, 0, 0),
(7, 58, 0, 0),
(7, 59, 0, 0),
(7, 60, 0, 0),
(7, 61, 0, 0),
(7, 62, 0, 0),
(7, 63, 0, 0),
(7, 64, 0, 0),
(7, 65, 0, 0),
(4, 66, 0, 0),
(4, 67, 0, 0),
(4, 68, 0, 0),
(4, 69, 0, 0),
(4, 70, 0, 0),
(4, 71, 0, 0),
(4, 72, 0, 0),
(4, 73, 0, 0),
(4, 74, 0, 0),
(4, 75, 0, 0),
(4, 76, 0, 0),
(4, 77, 0, 0),
(4, 78, 0, 0),
(4, 79, 0, 0),
(4, 80, 0, 0),
(4, 81, 0, 0),
(4, 82, 0, 0),
(4, 83, 0, 0),
(4, 84, 0, 0),
(4, 85, 0, 0),
(4, 86, 0, 0),
(4, 87, 0, 0),
(4, 88, 0, 0),
(4, 89, 0, 0),
(4, 90, 0, 0),
(4, 91, 0, 0),
(4, 92, 0, 0),
(4, 93, 0, 0),
(4, 94, 0, 0),
(4, 95, 0, 0),
(4, 96, 0, 0),
(4, 97, 0, 0),
(4, 98, 0, 0),
(4, 99, 0, 0),
(4, 100, 0, 0),
(4, 101, 0, 0),
(4, 102, 0, 0),
(4, 103, 0, 0),
(4, 104, 0, 0),
(4, 105, 0, 0),
(4, 106, 0, 0),
(4, 107, 0, 0),
(4, 108, 0, 0),
(4, 109, 0, 0),
(2, 110, 0, 0),
(2, 111, 0, 0),
(2, 112, 0, 0),
(2, 113, 0, 0),
(2, 114, 0, 0),
(2, 115, 0, 0),
(2, 116, 0, 0),
(2, 117, 0, 0),
(2, 118, 0, 0),
(2, 119, 0, 0),
(2, 120, 0, 0),
(2, 121, 0, 0),
(2, 122, 0, 0),
(2, 123, 0, 0),
(2, 124, 0, 0),
(2, 125, 0, 0),
(26, 126, 0, 0),
(26, 127, 0, 0),
(26, 128, 0, 0),
(26, 129, 0, 0),
(26, 130, 0, 0),
(26, 131, 0, 0),
(26, 132, 0, 0),
(26, 133, 0, 0),
(26, 134, 0, 0),
(26, 135, 0, 0),
(26, 136, 0, 0),
(26, 137, 0, 0),
(26, 138, 0, 0),
(26, 139, 0, 0),
(26, 140, 0, 0),
(26, 141, 0, 0),
(26, 142, 0, 0),
(26, 143, 0, 0),
(26, 144, 0, 0),
(26, 145, 0, 0),
(26, 146, 0, 0),
(26, 147, 0, 0),
(26, 148, 0, 0),
(26, 149, 0, 0),
(26, 150, 0, 0),
(4, 151, 0, 0),
(6, 152, 0, 0),
(7, 153, 0, 0),
(26, 154, 0, 0),
(13, 155, 0, 0),
(13, 156, 0, 0),
(13, 157, 0, 0),
(13, 158, 0, 0),
(13, 159, 0, 0),
(13, 160, 0, 0),
(13, 161, 0, 0),
(13, 162, 0, 0),
(13, 163, 0, 0),
(13, 164, 0, 0),
(13, 165, 0, 0),
(13, 166, 0, 0),
(13, 167, 0, 0),
(13, 168, 0, 0),
(13, 169, 0, 0),
(13, 170, 0, 0),
(13, 171, 0, 0),
(13, 172, 0, 0),
(13, 173, 0, 0),
(14, 174, 0, 0),
(14, 175, 0, 0),
(14, 176, 0, 0),
(14, 177, 0, 0),
(14, 178, 0, 0),
(14, 179, 0, 0),
(14, 180, 0, 0),
(14, 181, 0, 0),
(14, 182, 0, 0),
(14, 183, 0, 0),
(14, 184, 0, 0),
(14, 185, 0, 0),
(14, 186, 0, 0),
(14, 187, 0, 0),
(14, 188, 0, 0),
(14, 189, 0, 0),
(14, 190, 0, 0),
(14, 191, 0, 0),
(14, 192, 0, 0),
(14, 193, 0, 0),
(14, 194, 0, 0),
(14, 195, 0, 0),
(14, 196, 0, 0),
(14, 197, 0, 0),
(14, 198, 0, 0),
(14, 199, 0, 0),
(14, 200, 0, 0),
(14, 201, 0, 0),
(14, 202, 0, 0),
(14, 203, 0, 0),
(14, 204, 0, 0),
(8, 205, 0, 0),
(8, 206, 0, 0),
(8, 207, 0, 0),
(8, 208, 0, 0),
(8, 209, 0, 0),
(8, 210, 0, 0),
(8, 211, 0, 0),
(8, 212, 0, 0),
(8, 213, 0, 0),
(8, 214, 0, 0),
(8, 215, 0, 0),
(8, 216, 0, 0),
(8, 217, 0, 0),
(8, 218, 0, 0),
(8, 219, 0, 0),
(10, 220, 0, 0),
(10, 221, 0, 0),
(10, 222, 0, 0),
(10, 223, 0, 0),
(10, 224, 0, 0),
(10, 225, 0, 0),
(10, 226, 0, 0),
(10, 227, 0, 0),
(10, 228, 0, 0),
(10, 229, 0, 0),
(10, 230, 0, 0),
(10, 231, 0, 0),
(9, 232, 0, 0),
(9, 233, 0, 0),
(9, 234, 0, 0),
(9, 235, 0, 0),
(9, 236, 0, 0),
(9, 237, 0, 0),
(9, 238, 0, 0),
(9, 239, 0, 0),
(9, 240, 0, 0),
(9, 241, 0, 0),
(9, 242, 0, 0),
(9, 243, 0, 0),
(9, 244, 0, 0),
(9, 245, 0, 0),
(9, 246, 0, 0),
(9, 247, 0, 0),
(9, 248, 0, 0),
(9, 249, 0, 0),
(9, 250, 0, 0),
(9, 251, 0, 0),
(9, 252, 0, 0),
(9, 253, 0, 0),
(9, 254, 0, 0),
(9, 255, 0, 0),
(16, 256, 0, 0),
(16, 257, 0, 0),
(16, 258, 0, 0),
(16, 259, 0, 0),
(16, 260, 0, 0),
(16, 261, 0, 0),
(16, 262, 0, 0),
(16, 263, 0, 0),
(16, 264, 0, 0),
(16, 265, 0, 0),
(16, 266, 0, 0),
(16, 267, 0, 0),
(16, 268, 0, 0),
(16, 269, 0, 0),
(16, 270, 0, 0),
(16, 271, 0, 0),
(16, 272, 0, 0),
(16, 273, 0, 0),
(16, 274, 0, 0),
(16, 275, 0, 0),
(16, 276, 0, 0),
(16, 277, 0, 0),
(16, 278, 0, 0),
(15, 279, 0, 0),
(15, 280, 0, 0),
(15, 281, 0, 0),
(15, 282, 0, 0),
(15, 283, 0, 0),
(15, 284, 0, 0),
(15, 285, 0, 0),
(15, 286, 0, 0),
(15, 287, 0, 0),
(15, 288, 0, 0),
(18, 289, 0, 0),
(18, 290, 0, 0),
(18, 291, 0, 0),
(18, 292, 0, 0),
(18, 293, 0, 0),
(18, 294, 0, 0),
(18, 295, 0, 0),
(18, 296, 0, 0),
(18, 297, 0, 0),
(18, 298, 0, 0),
(18, 299, 0, 0),
(18, 300, 0, 0),
(18, 301, 0, 0),
(18, 302, 0, 0),
(18, 303, 0, 0),
(18, 304, 0, 0),
(18, 305, 0, 0),
(19, 306, 0, 0),
(19, 307, 0, 0),
(19, 308, 0, 0),
(19, 309, 0, 0),
(19, 310, 0, 0),
(19, 311, 0, 0),
(19, 312, 0, 0),
(19, 313, 0, 0),
(20, 314, 0, 0),
(20, 315, 0, 0),
(20, 316, 0, 0),
(20, 317, 0, 0),
(20, 318, 0, 0),
(20, 319, 0, 0),
(20, 320, 0, 0),
(20, 321, 0, 0),
(20, 322, 0, 0),
(20, 323, 0, 0),
(20, 324, 0, 0),
(20, 325, 0, 0),
(20, 326, 0, 0),
(20, 327, 0, 0),
(20, 328, 0, 0),
(20, 329, 0, 0),
(20, 330, 0, 0),
(20, 331, 0, 0),
(20, 332, 0, 0),
(20, 333, 0, 0),
(20, 334, 0, 0),
(20, 335, 0, 0),
(20, 336, 0, 0),
(20, 337, 0, 0),
(20, 338, 0, 0),
(20, 339, 0, 0),
(20, 340, 0, 0),
(20, 341, 0, 0),
(20, 342, 0, 0),
(20, 343, 0, 0),
(20, 344, 0, 0),
(20, 345, 0, 0),
(20, 346, 0, 0),
(20, 347, 0, 0),
(20, 348, 0, 0),
(20, 349, 0, 0),
(20, 350, 0, 0),
(21, 351, 0, 0),
(21, 352, 0, 0),
(21, 353, 0, 0),
(21, 354, 0, 0),
(21, 355, 0, 0),
(21, 356, 0, 0),
(21, 357, 0, 0),
(21, 358, 0, 0),
(21, 359, 0, 0),
(21, 360, 0, 0),
(21, 361, 0, 0),
(21, 362, 0, 0),
(21, 363, 0, 0),
(21, 364, 0, 0),
(21, 365, 0, 0),
(21, 366, 0, 0),
(21, 367, 0, 0),
(21, 368, 0, 0),
(21, 369, 0, 0),
(21, 370, 0, 0),
(21, 371, 0, 0),
(21, 372, 0, 0),
(21, 373, 0, 0),
(21, 374, 0, 0),
(21, 375, 0, 0),
(21, 376, 0, 0),
(21, 377, 0, 0),
(21, 378, 0, 0),
(21, 379, 0, 0),
(21, 380, 0, 0),
(21, 381, 0, 0),
(21, 382, 0, 0),
(21, 383, 0, 0),
(21, 384, 0, 0),
(21, 385, 0, 0),
(21, 386, 0, 0),
(21, 387, 0, 0),
(21, 388, 0, 0),
(22, 389, 0, 0),
(22, 390, 0, 0),
(22, 391, 0, 0),
(22, 392, 0, 0),
(22, 393, 0, 0),
(22, 394, 0, 0),
(22, 395, 0, 0),
(22, 396, 0, 0),
(22, 397, 0, 0),
(22, 398, 0, 0),
(22, 399, 0, 0),
(22, 400, 0, 0),
(22, 401, 0, 0),
(22, 402, 0, 0),
(22, 403, 0, 0),
(22, 404, 0, 0),
(22, 405, 0, 0),
(22, 406, 0, 0),
(22, 407, 0, 0),
(22, 408, 0, 0),
(22, 409, 0, 0),
(22, 410, 0, 0),
(22, 411, 0, 0),
(22, 412, 0, 0),
(22, 413, 0, 0),
(22, 414, 0, 0),
(22, 415, 0, 0),
(22, 416, 0, 0),
(22, 417, 0, 0),
(22, 418, 0, 0),
(22, 419, 0, 0),
(22, 420, 0, 0),
(22, 421, 0, 0),
(22, 422, 0, 0),
(22, 423, 0, 0),
(22, 424, 0, 0),
(22, 425, 0, 0),
(22, 426, 0, 0),
(22, 427, 0, 0),
(22, 428, 0, 0),
(22, 429, 0, 0),
(22, 430, 0, 0),
(22, 431, 0, 0),
(22, 432, 0, 0),
(22, 433, 0, 0),
(22, 434, 0, 0),
(22, 435, 0, 0),
(23, 436, 0, 0),
(23, 437, 0, 0),
(23, 438, 0, 0),
(23, 439, 0, 0),
(23, 440, 0, 0),
(23, 441, 0, 0),
(23, 442, 0, 0),
(23, 443, 0, 0),
(23, 444, 0, 0),
(23, 445, 0, 0),
(23, 446, 0, 0),
(23, 447, 0, 0),
(23, 448, 0, 0),
(23, 449, 0, 0),
(23, 450, 0, 0),
(23, 451, 0, 0),
(23, 452, 0, 0),
(23, 453, 0, 0),
(23, 454, 0, 0),
(23, 455, 0, 0),
(23, 456, 0, 0),
(23, 457, 0, 0),
(23, 458, 0, 0),
(23, 459, 0, 0),
(23, 460, 0, 0),
(23, 461, 0, 0),
(23, 462, 0, 0),
(23, 463, 0, 0),
(23, 464, 0, 0),
(23, 465, 0, 0),
(23, 466, 0, 0),
(23, 467, 0, 0),
(23, 468, 0, 0),
(23, 469, 0, 0),
(23, 470, 0, 0),
(23, 471, 0, 0),
(23, 472, 0, 0),
(23, 473, 0, 0),
(23, 474, 0, 0),
(29, 475, 0, 0),
(29, 479, 0, 0),
(29, 480, 0, 0),
(29, 481, 0, 0),
(29, 482, 0, 0),
(29, 489, 0, 0),
(29, 490, 0, 0),
(29, 491, 0, 0),
(29, 492, 0, 0),
(29, 493, 0, 0),
(29, 494, 0, 0),
(29, 495, 0, 0),
(29, 496, 0, 0),
(29, 497, 0, 0),
(29, 498, 0, 0),
(29, 499, 0, 0),
(29, 504, 0, 0),
(29, 505, 0, 0),
(29, 506, 0, 0),
(29, 507, 0, 0),
(29, 510, 0, 0),
(29, 515, 0, 0),
(10, 520, 0, 0),
(10, 521, 0, 0),
(10, 522, 0, 0),
(10, 523, 0, 0),
(10, 524, 0, 0),
(10, 525, 0, 0),
(30, 526, 0, 0),
(30, 527, 0, 0),
(30, 528, 0, 0),
(30, 529, 0, 0),
(30, 530, 0, 0),
(30, 531, 0, 0),
(30, 532, 0, 0),
(30, 533, 0, 0),
(30, 534, 0, 0),
(30, 535, 0, 0),
(30, 536, 0, 0),
(30, 537, 0, 0),
(30, 538, 0, 0),
(30, 539, 0, 0),
(30, 540, 0, 0),
(30, 541, 0, 0),
(30, 542, 0, 0),
(30, 543, 0, 0),
(30, 544, 0, 0),
(30, 545, 0, 0),
(30, 546, 0, 0),
(30, 547, 0, 0),
(34, 548, 0, 0),
(34, 549, 0, 0),
(34, 550, 0, 0),
(34, 551, 0, 0),
(34, 552, 0, 0),
(34, 553, 0, 0),
(34, 554, 0, 0),
(34, 555, 0, 0),
(34, 556, 0, 0),
(34, 557, 0, 0),
(34, 558, 0, 0),
(34, 559, 0, 0),
(34, 560, 0, 0),
(34, 561, 0, 0),
(34, 562, 0, 0),
(34, 563, 0, 0),
(34, 564, 0, 0),
(29, 565, 0, 0),
(35, 566, 0, 0),
(35, 567, 0, 0),
(35, 568, 0, 0),
(35, 569, 0, 0),
(35, 570, 0, 0),
(35, 571, 0, 0),
(35, 572, 0, 0),
(35, 573, 0, 0),
(35, 574, 0, 0),
(35, 575, 0, 0),
(35, 576, 0, 0),
(35, 577, 0, 0),
(35, 578, 0, 0),
(35, 579, 0, 0),
(35, 580, 0, 0),
(35, 581, 0, 0),
(35, 582, 0, 0),
(35, 583, 0, 0),
(35, 584, 0, 0),
(35, 585, 0, 0),
(35, 586, 0, 0),
(35, 587, 0, 0),
(38, 588, 0, 0),
(38, 589, 0, 0),
(38, 590, 0, 0),
(38, 591, 0, 0),
(38, 592, 0, 0),
(38, 593, 0, 0),
(38, 594, 0, 0),
(38, 595, 0, 0),
(42, 596, 0, 0),
(42, 597, 0, 0),
(42, 598, 0, 0),
(42, 599, 0, 0),
(42, 600, 0, 0),
(42, 601, 0, 0),
(42, 602, 0, 0),
(42, 603, 0, 0),
(42, 604, 0, 0),
(42, 605, 0, 0),
(42, 606, 0, 0),
(42, 607, 0, 0),
(42, 608, 0, 0),
(42, 609, 0, 0),
(42, 610, 0, 0),
(42, 611, 0, 0),
(42, 612, 0, 0),
(42, 613, 0, 0),
(42, 614, 0, 0),
(42, 615, 0, 0),
(42, 616, 0, 0),
(44, 617, 0, 0),
(44, 618, 0, 0),
(44, 619, 0, 0),
(44, 620, 0, 0),
(44, 621, 0, 0),
(44, 622, 0, 0),
(46, 623, 0, 0),
(46, 624, 0, 0),
(46, 625, 0, 0),
(46, 626, 0, 0),
(46, 627, 0, 0),
(46, 628, 0, 0),
(46, 629, 0, 0),
(46, 630, 0, 0),
(46, 631, 0, 0),
(46, 632, 0, 0),
(46, 633, 0, 0),
(46, 634, 0, 0),
(46, 635, 0, 0),
(47, 636, 0, 0),
(47, 637, 0, 0),
(47, 638, 0, 0),
(47, 639, 0, 0),
(47, 640, 0, 0),
(47, 641, 0, 0),
(47, 642, 0, 0),
(47, 643, 0, 0),
(47, 644, 0, 0),
(47, 645, 0, 0),
(47, 646, 0, 0),
(47, 647, 0, 0),
(47, 648, 0, 0),
(47, 649, 0, 0),
(47, 650, 0, 0),
(47, 651, 0, 0),
(47, 652, 0, 0),
(47, 653, 0, 0),
(48, 654, 0, 0),
(48, 655, 0, 0),
(48, 656, 0, 0),
(48, 657, 0, 0),
(48, 658, 0, 0),
(48, 659, 0, 0),
(48, 660, 0, 0),
(48, 661, 0, 0),
(48, 662, 0, 0),
(48, 663, 0, 0),
(48, 664, 0, 0),
(48, 665, 0, 0),
(48, 666, 0, 0),
(48, 667, 0, 0),
(48, 668, 0, 0),
(48, 669, 0, 0),
(48, 670, 0, 0),
(48, 671, 0, 0),
(48, 672, 0, 0),
(48, 673, 0, 0),
(2, 674, 0, 0),
(29, 675, 0, 0),
(23, 676, 0, 0),
(23, 677, 0, 0),
(23, 678, 0, 0),
(23, 679, 0, 0),
(23, 680, 0, 0),
(23, 681, 0, 0),
(23, 682, 0, 0),
(23, 683, 0, 0),
(23, 684, 0, 0),
(22, 685, 0, 0),
(22, 686, 0, 0),
(22, 687, 0, 0),
(22, 688, 0, 0),
(22, 689, 0, 0),
(22, 690, 0, 0),
(22, 691, 0, 0),
(22, 692, 0, 0),
(22, 693, 0, 0),
(21, 694, 0, 0),
(21, 695, 0, 0),
(21, 696, 0, 0),
(21, 697, 0, 0),
(21, 698, 0, 0),
(21, 699, 0, 0),
(21, 700, 0, 0),
(21, 701, 0, 0),
(21, 702, 0, 0),
(20, 703, 0, 0),
(20, 704, 0, 0),
(20, 705, 0, 0),
(20, 706, 0, 0),
(20, 707, 0, 0),
(20, 708, 0, 0),
(20, 709, 0, 0),
(20, 710, 0, 0),
(20, 711, 0, 0),
(29, 712, 0, 0),
(47, 713, 0, 0),
(38, 714, 0, 0),
(29, 715, 0, 0),
(29, 716, 0, 0),
(29, 717, 0, 0),
(23, 718, 0, 0),
(22, 719, 0, 0),
(21, 720, 0, 0),
(20, 721, 0, 0),
(29, 722, 0, 0),
(6, 723, 0, 0),
(4, 724, 0, 0),
(2, 725, 0, 0),
(29, 726, 0, 0),
(23, 727, 0, 0),
(23, 728, 0, 0),
(21, 729, 0, 0),
(21, 730, 0, 0),
(18, 731, 0, 0),
(7, 732, 0, 0),
(38, 733, 0, 0),
(38, 734, 0, 0),
(23, 735, 0, 0),
(20, 736, 0, 0),
(21, 737, 0, 0),
(22, 738, 0, 0),
(29, 739, 0, 0),
(2, 740, 0, 0),
(13, 741, 0, 0),
(29, 742, 0, 0),
(29, 743, 0, 0),
(29, 744, 0, 0),
(29, 745, 0, 0),
(14, 772, 0, 0),
(35, 773, 0, 0),
(23, 774, 0, 0),
(29, 775, 0, 0),
(23, 776, 0, 0),
(23, 777, 0, 0),
(23, 778, 0, 0),
(20, 779, 0, 0),
(20, 780, 0, 0),
(20, 781, 0, 0),
(21, 782, 0, 0),
(22, 783, 0, 0),
(22, 784, 0, 0),
(22, 785, 0, 0),
(38, 786, 0, 0),
(38, 787, 0, 0),
(38, 788, 0, 0),
(2, 789, 0, 0),
(4, 790, 0, 0),
(6, 791, 0, 0),
(7, 792, 0, 0),
(8, 793, 0, 0),
(9, 794, 0, 0),
(10, 795, 0, 0),
(13, 796, 0, 0),
(14, 797, 0, 0),
(15, 798, 0, 0),
(16, 799, 0, 0),
(18, 800, 0, 0),
(19, 801, 0, 0),
(20, 802, 0, 0),
(21, 803, 0, 0),
(22, 804, 0, 0),
(23, 805, 0, 0),
(26, 806, 0, 0),
(10, 807, 0, 0),
(2, 808, 0, 0),
(4, 809, 0, 0),
(6, 810, 0, 0),
(7, 811, 0, 0),
(8, 812, 0, 0),
(9, 813, 0, 0),
(10, 814, 0, 0),
(13, 815, 0, 0),
(14, 816, 0, 0),
(15, 817, 0, 0),
(16, 818, 0, 0),
(18, 819, 0, 0),
(19, 820, 0, 0),
(20, 821, 0, 0),
(21, 822, 0, 0),
(22, 823, 0, 0),
(23, 824, 0, 0),
(26, 825, 0, 0),
(2, 826, 0, 0),
(4, 827, 0, 0),
(6, 828, 0, 0),
(7, 829, 0, 0),
(8, 830, 0, 0),
(9, 831, 0, 0),
(10, 832, 0, 0),
(13, 833, 0, 0),
(14, 834, 0, 0),
(15, 835, 0, 0),
(16, 836, 0, 0),
(18, 837, 0, 0),
(19, 838, 0, 0),
(20, 839, 0, 0),
(21, 840, 0, 0),
(22, 841, 0, 0),
(23, 842, 0, 0),
(26, 843, 0, 0),
(20, 844, 0, 0),
(21, 845, 0, 0),
(22, 846, 0, 0),
(23, 847, 0, 0),
(48, 848, 0, 0),
(48, 849, 0, 0),
(29, 850, 0, 0),
(22, 851, 0, 0),
(52, 852, 0, 0),
(52, 853, 0, 0),
(52, 854, 0, 0),
(52, 856, 0, 0),
(52, 858, 0, 0),
(52, 860, 0, 0),
(52, 862, 0, 0),
(52, 864, 0, 0),
(52, 866, 0, 0),
(53, 867, 0, 0),
(53, 868, 0, 0),
(53, 869, 0, 0),
(54, 870, 0, 0),
(54, 871, 0, 0),
(54, 872, 0, 0),
(54, 873, 0, 0),
(55, 874, 0, 0),
(55, 875, 0, 0),
(55, 876, 0, 0),
(55, 877, 0, 0),
(56, 878, 0, 0),
(56, 879, 0, 0),
(56, 880, 0, 0),
(56, 881, 0, 0),
(56, 882, 0, 0),
(56, 883, 0, 0),
(56, 884, 0, 0),
(56, 885, 0, 0),
(56, 886, 0, 0),
(56, 887, 0, 0),
(56, 888, 0, 0),
(56, 889, 0, 0),
(56, 891, 0, 0),
(57, 892, 0, 0),
(57, 893, 0, 0),
(57, 894, 0, 0),
(57, 895, 0, 0),
(57, 896, 0, 0),
(57, 897, 0, 0),
(57, 898, 0, 0),
(57, 899, 0, 0),
(53, 900, 0, 0),
(53, 901, 0, 0),
(54, 902, 0, 0),
(54, 903, 0, 0),
(54, 904, 0, 0),
(54, 905, 0, 0),
(53, 906, 0, 0),
(53, 907, 0, 0),
(53, 908, 0, 0),
(53, 909, 0, 0),
(53, 910, 0, 0),
(53, 911, 0, 0),
(53, 912, 0, 0),
(53, 913, 0, 0),
(54, 914, 0, 0),
(54, 915, 0, 0),
(54, 916, 0, 0),
(54, 917, 0, 0),
(54, 918, 0, 0),
(54, 919, 0, 0),
(54, 920, 0, 0),
(54, 921, 0, 0),
(54, 922, 0, 0),
(54, 923, 0, 0),
(54, 924, 0, 0),
(54, 925, 0, 0),
(54, 926, 0, 0),
(54, 927, 0, 0),
(54, 928, 0, 0),
(54, 929, 0, 0),
(54, 930, 0, 0),
(54, 931, 0, 0),
(54, 932, 0, 0),
(54, 933, 0, 0),
(54, 934, 0, 0),
(54, 935, 0, 0),
(54, 936, 0, 0),
(54, 937, 0, 0),
(54, 938, 0, 0),
(54, 939, 0, 0),
(54, 940, 0, 0),
(54, 941, 0, 0),
(54, 942, 0, 0),
(54, 943, 0, 0),
(54, 944, 0, 0),
(54, 945, 0, 0),
(54, 946, 0, 0),
(54, 947, 0, 0),
(54, 948, 0, 0),
(54, 949, 0, 0),
(57, 950, 0, 0),
(57, 951, 0, 0),
(57, 952, 0, 0),
(57, 953, 0, 0),
(57, 954, 0, 0),
(57, 955, 0, 0),
(57, 956, 0, 0),
(57, 957, 0, 0),
(57, 958, 0, 0),
(57, 959, 0, 0),
(57, 960, 0, 0),
(57, 961, 0, 0),
(57, 962, 0, 0),
(16, 964, 0, 0);

-- --------------------------------------------------------

--
-- Table structure for table `vtiger_def_org_share`
--

CREATE TABLE `vtiger_def_org_share` (
  `ruleid` int(11) NOT NULL,
  `tabid` int(11) NOT NULL,
  `permission` int(19) DEFAULT NULL,
  `editstatus` int(19) DEFAULT NULL
) ENGINE=InnoDB DEFAULT CHARSET=utf8;

--
-- Dumping data for table `vtiger_def_org_share`
--

INSERT INTO `vtiger_def_org_share` (`ruleid`, `tabid`, `permission`, `editstatus`) VALUES
(1, 2, 2, 0),
(2, 4, 3, 0),
(3, 6, 3, 0),
(4, 7, 3, 0),
(5, 9, 3, 1),
(6, 13, 3, 0),
(7, 16, 3, 2),
(8, 20, 3, 0),
(9, 21, 2, 0),
(10, 22, 2, 0),
(11, 23, 3, 0),
(12, 26, 2, 0),
(13, 8, 2, 0),
(14, 14, 2, 0),
(15, 30, 2, 0),
(16, 34, 3, 0),
(17, 35, 2, 0),
(18, 38, 2, 0),
(19, 42, 2, 0),
(20, 44, 2, 0),
(21, 46, 2, 0),
(22, 47, 2, 0),
(23, 48, 2, 0),
(24, 18, 2, 0),
(25, 10, 2, 0),
(26, 54, 2, 0),
(27, 55, 2, 0),
(28, 56, 2, 0),
(29, 57, 2, 0),
(30, 53, 2, 0);

-- --------------------------------------------------------

--
-- Table structure for table `vtiger_def_org_share_seq`
--

CREATE TABLE `vtiger_def_org_share_seq` (
  `id` int(11) NOT NULL
) ENGINE=InnoDB DEFAULT CHARSET=utf8;

--
-- Dumping data for table `vtiger_def_org_share_seq`
--

INSERT INTO `vtiger_def_org_share_seq` (`id`) VALUES
(30);

-- --------------------------------------------------------

--
-- Table structure for table `vtiger_durationhrs`
--

CREATE TABLE `vtiger_durationhrs` (
  `hrsid` int(19) NOT NULL,
  `hrs` varchar(50) DEFAULT NULL,
  `sortorderid` int(19) NOT NULL DEFAULT 0,
  `presence` int(1) NOT NULL DEFAULT 1
) ENGINE=InnoDB DEFAULT CHARSET=utf8;

-- --------------------------------------------------------

--
-- Table structure for table `vtiger_durationmins`
--

CREATE TABLE `vtiger_durationmins` (
  `minsid` int(19) NOT NULL,
  `mins` varchar(50) DEFAULT NULL,
  `sortorderid` int(19) NOT NULL DEFAULT 0,
  `presence` int(1) NOT NULL DEFAULT 1
) ENGINE=InnoDB DEFAULT CHARSET=utf8;

-- --------------------------------------------------------

--
-- Table structure for table `vtiger_duration_minutes`
--

CREATE TABLE `vtiger_duration_minutes` (
  `minutesid` int(19) NOT NULL,
  `duration_minutes` varchar(200) NOT NULL,
  `sortorderid` int(19) NOT NULL DEFAULT 0,
  `presence` int(1) NOT NULL DEFAULT 1,
  `color` varchar(10) DEFAULT NULL
) ENGINE=InnoDB DEFAULT CHARSET=utf8;

--
-- Dumping data for table `vtiger_duration_minutes`
--

INSERT INTO `vtiger_duration_minutes` (`minutesid`, `duration_minutes`, `sortorderid`, `presence`, `color`) VALUES
(1, '00', 0, 1, NULL),
(2, '15', 1, 1, NULL),
(3, '30', 2, 1, NULL),
(4, '45', 3, 1, NULL);

-- --------------------------------------------------------

--
-- Table structure for table `vtiger_duration_minutes_seq`
--

CREATE TABLE `vtiger_duration_minutes_seq` (
  `id` int(11) NOT NULL
) ENGINE=InnoDB DEFAULT CHARSET=utf8;

--
-- Dumping data for table `vtiger_duration_minutes_seq`
--

INSERT INTO `vtiger_duration_minutes_seq` (`id`) VALUES
(4);

-- --------------------------------------------------------

--
-- Table structure for table `vtiger_emaildetails`
--

CREATE TABLE `vtiger_emaildetails` (
  `emailid` int(19) NOT NULL,
  `from_email` varchar(50) NOT NULL DEFAULT '',
  `to_email` text DEFAULT NULL,
  `cc_email` text DEFAULT NULL,
  `bcc_email` text DEFAULT NULL,
  `assigned_user_email` varchar(50) NOT NULL DEFAULT '',
  `idlists` text DEFAULT NULL,
  `email_flag` varchar(50) NOT NULL DEFAULT ''
) ENGINE=InnoDB DEFAULT CHARSET=utf8;

--
-- Dumping data for table `vtiger_emaildetails`
--

INSERT INTO `vtiger_emaildetails` (`emailid`, `from_email`, `to_email`, `cc_email`, `bcc_email`, `assigned_user_email`, `idlists`, `email_flag`) VALUES
(114, 'qldcleaningclub@gmail.com', '[\"test@test.com\"]', '[\"\"]', '[\"\"]', '', '113@1|', 'SENT'),
(126, 'hello@seva-cleaning.com.au', '[\"qldcleaningclub@gmail.com\"]', '[\"\"]', '[\"\"]', '', '125@1|', 'SENT'),
(127, 'hello@seva-cleaning.com.au', '[\"qldcleaningclub@gmail.com\"]', '[\"\"]', '[\"\"]', '', '125@1|', 'SENT'),
(129, 'hello@seva-cleaning.com.au', '[\"qldcleaningclub@gmail.com\"]', '[\"\"]', '[\"\"]', '', '128@1|', 'SENT'),
(131, 'hello@seva-cleaning.com.au', '[\"parmdiamond@gmail.com\"]', '[\"\"]', '[\"\"]', '', '130@1|', 'SENT'),
(133, 'hello@seva-cleaning.com.au', '[\"parmdiamond@gmail.com\"]', '[\"\"]', '[\"\"]', '', '130@1|', 'SENT'),
(214, 'shan@aussiebuspartners.com', '[\"srinivas.qacomx@gmail.com\"]', '[\"\"]', '[\"\"]', '', '213@1|', 'SENT'),
(216, 'hello@seva-cleaning.com.au', '[\"qldcleaningclub@gmail.com\"]', '[\"\"]', '[\"\"]', '', '215@1|', 'SENT'),
(217, 'hello@seva-cleaning.com.au', '[\"qldcleaningclub@gmail.com\"]', '[\"\"]', '[\"\"]', '', '215@1|', 'SENT'),
(218, 'operations@seva-cleaning.com.au', '[\"qldcleaningclub@gmail.com\"]', '[\"\"]', '[\"\"]', '', '215@1|', 'SENT'),
(219, 'hello@seva-cleaning.com.au', '[\"qldcleaningclub@gmail.com\"]', '[\"\"]', '[\"\"]', '', '215@1|', 'SENT'),
(220, 'hello@seva-cleaning.com.au', '[\"qldcleaningclub@gmail.com\"]', '[\"\"]', '[\"\"]', '', '215@1|', 'SENT');

-- --------------------------------------------------------

--
-- Table structure for table `vtiger_emailslookup`
--

CREATE TABLE `vtiger_emailslookup` (
  `crmid` int(20) DEFAULT NULL,
  `setype` varchar(100) DEFAULT NULL,
  `value` varchar(100) DEFAULT NULL,
  `fieldid` int(20) DEFAULT NULL
) ENGINE=InnoDB DEFAULT CHARSET=utf8;

--
-- Dumping data for table `vtiger_emailslookup`
--

INSERT INTO `vtiger_emailslookup` (`crmid`, `setype`, `value`, `fieldid`) VALUES
(74, 'Accounts', 'bills@billzy.com', 9),
(74, 'Accounts', 'srinivas.comx@gmail.com', 11),
(75, 'Accounts', 'accounts@labgearaustralia.com.au', 9),
(76, 'Accounts', 'admin@palletmasters.com.au', 9),
(77, 'Accounts', 'accounts@polyworld.com.au', 9),
(78, 'Accounts', 'andrew@wonderment.com.au', 9),
(79, 'Accounts', 'accounts@smenco.com.au', 9),
(80, 'Accounts', 'info@hypoxibulimba.com.au', 9),
(81, 'Accounts', 'accounts@uniqueeindowservices.com', 9),
(83, 'Accounts', 'accounts@genomicsforlife.com.au', 9),
(84, 'Accounts', 'accounts@apolloladscaping.com.au', 9),
(86, 'Accounts', 'cjenkins@silverchef.com.au', 9),
(87, 'Accounts', 'kmfmanagement@gmail.com', 9),
(88, 'Accounts', 'suz@birrunga.com.au', 9),
(89, 'Accounts', 'sue@superiorairparts.com.au', 9),
(90, 'Accounts', 'sam.aiiport@tmpc.com.au', 9),
(91, 'Accounts', 'accounts@bartercard.com', 9),
(92, 'Accounts', 'chris@itscotia.com.au', 9),
(130, 'Contacts', 'parmdiamond@gmail.com', 80),
(215, 'Leads', 'qldcleaningclub@gmail.com', 46);

-- --------------------------------------------------------

--
-- Table structure for table `vtiger_emails_recipientprefs`
--

CREATE TABLE `vtiger_emails_recipientprefs` (
  `id` int(11) NOT NULL,
  `tabid` int(11) NOT NULL,
  `prefs` varchar(255) DEFAULT NULL,
  `userid` int(11) DEFAULT NULL
) ENGINE=InnoDB DEFAULT CHARSET=utf8;

-- --------------------------------------------------------

--
-- Table structure for table `vtiger_emailtemplates`
--

CREATE TABLE `vtiger_emailtemplates` (
  `foldername` varchar(100) DEFAULT NULL,
  `templatename` varchar(100) DEFAULT NULL,
  `templatepath` varchar(100) DEFAULT NULL,
  `subject` varchar(255) DEFAULT NULL,
  `description` text DEFAULT NULL,
  `body` text DEFAULT NULL,
  `deleted` int(1) NOT NULL DEFAULT 0,
  `templateid` int(19) NOT NULL,
  `systemtemplate` int(1) NOT NULL DEFAULT 0,
  `module` varchar(100) DEFAULT NULL
) ENGINE=InnoDB DEFAULT CHARSET=utf8;

--
-- Dumping data for table `vtiger_emailtemplates`
--

INSERT INTO `vtiger_emailtemplates` (`foldername`, `templatename`, `templatepath`, `subject`, `description`, `body`, `deleted`, `templateid`, `systemtemplate`, `module`) VALUES
('Public', 'Announcement for Release', '', 'Announcement for Release', 'Announcement of a release', '<html>\r\n<head>\r\n	<title></title>\r\n	\r\n	\r\n</head>\r\n<body>Hello!<br />\r\n<br />\r\nOn behalf of the Right Choice team, I am pleased to announce the release of right crm . This is a feature packed release including the mass email template handling, custom view feature, right choice_reports feature and a host of other utilities. Right Choice runs on all platforms.<br />\r\n<br />\r\nNotable Features of vtiger are :<br />\r\n<br />\r\n-Email Client Integration<br />\r\n-Trouble Ticket Integration<br />\r\n-Invoice Management Integration<br />\r\n-Reports Integration<br />\r\n-Portal Integration<br />\r\n-Enhanced Word Plugin Support<br />\r\n-Custom View Integration<br />\r\n<br />\r\nKnown Issues:<br />\r\n-ABCD<br />\r\n-EFGH<br />\r\n-IJKL<br />\r\n-MNOP<br />\r\n-QRST</body>\r\n</html>\r\n', 0, 1, 0, 'Contacts'),
('Public', 'Pending Invoices', '', 'Invoices Pending', 'Payment Due', 'name <br />\nstreet, <br />\ncity, <br />\nstate, <br />\n zip) <br />\n  <br />\n Dear <br />\n <br />\n Please check the following invoices that are yet to be paid by you: <br />\n <br />\n No. Date      Amount <br />\n 1   1/1/01    $4000 <br />\n 2   2/2//01   $5000 <br />\n 3   3/3/01    $10000 <br />\n 4   7/4/01    $23560 <br />\n <br />\n Kindly let us know if there are any issues that you feel are pending to be discussed. <br />\n We will be more than happy to give you a call. <br />\n We would like to continue our business with you.', 0, 2, 0, 'Contacts'),
('Public', 'Acceptance Proposal', '', 'Acceptance Proposal', 'Acceptance of Proposal', ' Dear <br />\n <br />\nYour proposal on the project XYZW has been reviewed by us <br />\nand is acceptable in its entirety. <br />\n <br />\nWe are eagerly looking forward to this project <br />\nand are pleased about having the opportunity to work <br />\ntogether. We look forward to a long standing relationship <br />\nwith your esteemed firm. <br />\n<br />\nI would like to take this opportunity to invite you <br />\nto a game of golf on Wednesday morning 9am at the <br />\nCuff Links Ground. We will be waiting for you in the <br />\nExecutive Lounge. <br />\n<br />\nLooking forward to seeing you there.', 0, 3, 0, 'Contacts'),
('Public', 'Goods received acknowledgement', '', 'Goods received acknowledgement', 'Acknowledged Receipt of Goods', ' The undersigned hereby acknowledges receipt and delivery of the goods. <br />\nThe undersigned will release the payment subject to the goods being discovered not satisfactory. <br />\n<br />\nSigned under seal this <date>', 0, 4, 0, 'Contacts'),
('Public', 'Accept Order', '', 'Accept Order', 'Acknowledgement/Acceptance of Order', ' Dear <br />\n         We are in receipt of your order as contained in the <br />\n   purchase order form.We consider this to be final and binding on both sides. <br />\nIf there be any exceptions noted, we shall consider them <br />\nonly if the objection is received within ten days of receipt of <br />\nthis notice. <br />\n <br />\nThank you for your patronage.', 0, 5, 0, 'Contacts'),
('Public', 'Address Change', '', 'Change of Address', 'Address Change', '<html>\r\n<head>\r\n	<title></title>\r\n	\r\n	\r\n</head>\r\n<body>Dear<br />\r\n<br />\r\nWe hope to keep in touch with you all.<br />\r\nPlease update your addressbooks.</body>\r\n</html>\r\n', 0, 6, 0, 'Contacts'),
('Public', 'Follow Up', '', 'Follow Up', 'Follow Up of meeting', 'Dear <br />\n<br />\nThank you for extending us the opportunity to meet with <br />\nyou and members of your staff. <br />\n<br />\nI know that John Doe serviced your account <br />\nfor many years and made many friends at your firm. He has personally <br />\ndiscussed with me the deep relationship that he had with your firm. <br />\nWhile his presence will be missed, I can promise that we will <br />\ncontinue to provide the fine service that was accorded by <br />\nJohn to your firm. <br />\n<br />\nI was genuinely touched to receive such fine hospitality. <br />\n<br />\nThank you once again.', 0, 7, 0, 'Contacts'),
('Public', 'Target Crossed!', '', 'Target Crossed!', 'Fantastic Sales Spree!', 'Congratulations! <br />\n<br />\nThe numbers are in and I am proud to inform you that our <br />\ntotal sales for the previous quarter <br />\namounts to $100,000,00.00!. This is the first time <br />\nwe have exceeded the target by almost 30%. <br />\nWe have also beat the previous quarter record by a <br />\nwhopping 75%! <br />\n<br />\nLet us meet at Smoking Joe for a drink in the evening! <br />\n\nC you all there guys!', 0, 8, 0, 'Contacts'),
('Public', 'Thanks Note', '', 'Thanks Note', 'Note of thanks', 'Dear <br />\n<br />\nThank you for your confidence in our ability to serve you. <br />\nWe are glad to be given the chance to serve you.I look <br />\nforward to establishing a long term partnership with you. <br />\nConsider me as a friend. <br />\nShould any need arise,please do give us a call.', 0, 9, 0, 'Contacts'),
('Public', 'Customer Login Details', '', 'Customer Portal Login Details', 'Send Portal login details to customer', '<!DOCTYPE HTML PUBLIC \"-//W3C//DTD HTML 4.01//EN\" \"http://www.w3.org/TR/html4/strict.dtd\">\r\n<html>\r\n<head>\r\n	<title></title>\r\n	\r\n	\r\n</head>\r\n<body class=\"scayt-enabled\"><!-- <center> -->\r\n<table border=\"0\" cellpadding=\"0\" cellspacing=\"0\" class=\"borderGrey\" style=\"margin-left:0px;\" width=\"600px\">\r\n	<tbody>\r\n		<tr>\r\n			<td colspan=\"6\"><!-- Begin Pre header --><!-- // End Pre header \\ --></td>\r\n		</tr>\r\n		<tr style=\"height:50px;\">\r\n			<td colspan=\"6\" style=\"\r\n                  font-family: Helvetica,Verdana,sans-serif\">\r\n			<div style=\"margin-bottom:10px;color: rgb(34, 34, 34); font-family: arial, sans-serif; font-size: 14px; background-color: rgb(255, 255, 255);\"><br />\r\n			Dear $contacts-firstname$ $contacts-lastname$,</div>\r\n\r\n			<div style=\"margin-top:20px;margin-bottom:20px; color: rgb(34, 34, 34); font-family: arial, sans-serif; font-size: 14px; background-color: rgb(255, 255, 255);\">As our customer, you can be assured of getting excellent support from our team. I would like to take this opportunity to introduce the portal we have setup for valuable customers like you. You can submit questions/issues via the portal, see past issues and responses. In addition, Portal provides you access to our knowledge base and documents we shared with you in the past.</div>\r\n\r\n			<div style=\"margin-top:10px;color: rgb(34, 34, 34); font-family: arial, sans-serif; font-size: 14px; background-color: rgb(255, 255, 255);\">$URL$ to login to the portal, with the credentials below.</div>\r\n\r\n			<div style=\"margin-top:20px;color: rgb(34, 34, 34); font-family: arial, sans-serif; font-size: 14px; background-color: rgb(255, 255, 255);\">Your Username: $login_name$</div>\r\n\r\n			<div style=\"margin-bottom:20px;color: rgb(34, 34, 34); font-family: arial, sans-serif; font-size: 14px; background-color: rgb(255, 255, 255);\">Your Password: $password$</div>\r\n\r\n			<div class=\"gmail_extra\" style=\"margin-top:10px;color: rgb(34, 34, 34); font-family: arial, sans-serif; font-size: 14px; background-color: rgb(255, 255, 255);\">Thank you,<br />\r\n			$contacts-smownerid$</div>\r\n			</td>\r\n		</tr>\r\n		<tr>\r\n			<td colspan=\"6\" style=\"font-family: Helvetica,Verdana,sans-serif;font-size: 11px;color: #666666;\">\r\n			<table border=\"0\" cellpadding=\"4\" cellspacing=\"0\" width=\"100%\">\r\n				<tbody><!--copy right data-->\r\n					<tr>\r\n						<td style=\"\r\n                            padding-left: 0px;\r\n                            padding-right: 0px;\r\n                            width:350px\" valign=\"top\">\r\n						<div style=\"margin-top:20px;\"><em>Powered By rightchoice.io</em>\r\n						<div></div>\r\n						</div>\r\n						</td>\r\n					</tr>\r\n					<!--subscribers links-->\r\n				</tbody>\r\n			</table>\r\n			</td>\r\n		</tr>\r\n	</tbody>\r\n</table>\r\n<!-- </center> --></body>\r\n</html>\r\n', 0, 10, 0, 'Contacts'),
('Public', 'Support end notification before a week', '', 'Right CRM Support Notification', 'Send Notification mail to customer before a week of support end date', '<html>\r\n<head>\r\n	<title></title>\r\n	\r\n	\r\n</head>\r\n<body>\r\n<table align=\"center\" border=\"0\" cellpadding=\"0\" cellspacing=\"0\" style=\"font-family: Arial,Helvetica,sans-serif; font-size: 12px; font-weight: normal; text-decoration: none; background-color: rgb(122, 122, 254);\" width=\"700\">\r\n	<tbody>\r\n		<tr>\r\n			<td></td>\r\n			<td></td>\r\n			<td></td>\r\n		</tr>\r\n		<tr>\r\n			<td></td>\r\n			<td></td>\r\n			<td></td>\r\n		</tr>\r\n		<tr>\r\n			<td></td>\r\n			<td></td>\r\n			<td></td>\r\n		</tr>\r\n		<tr>\r\n			<td width=\"50\"></td>\r\n			<td>\r\n			<table border=\"0\" cellpadding=\"0\" cellspacing=\"0\" width=\"100%\">\r\n				<tbody>\r\n					<tr>\r\n						<td>\r\n						<table border=\"0\" cellpadding=\"0\" cellspacing=\"0\" style=\"background-color: rgb(27, 77, 140); font-family: Arial,Helvetica,sans-serif; font-size: 14px; color: rgb(255, 255, 255); font-weight: normal; line-height: 25px;\" width=\"100%\">\r\n							<tbody>\r\n								<tr>\r\n									<td align=\"center\" rowspan=\"4\"><font color=\"#000000\" face=\"Times New Roman\" size=\"3\">$logo$</font></td>\r\n									<td align=\"center\"></td>\r\n								</tr>\r\n								<tr>\r\n									<td align=\"left\" style=\"background-color: rgb(27, 77, 140); font-family: Arial,Helvetica,sans-serif; font-size: 24px; color: rgb(255, 255, 255); font-weight: bolder; line-height: 35px;\"><font color=\"#000000\" face=\"Times New Roman\" size=\"3\"><span style=\"font-weight: 400;\">Right CRM</span></font></td>\r\n								</tr>\r\n								<tr>\r\n									<td align=\"right\" style=\"padding-right: 100px;\"><font color=\"#000000\" face=\"Times New Roman\" size=\"3\">Advanced Cloud Based CRM System</font></td>\r\n								</tr>\r\n								<tr>\r\n									<td></td>\r\n								</tr>\r\n							</tbody>\r\n						</table>\r\n						</td>\r\n					</tr>\r\n					<tr>\r\n						<td>\r\n						<table border=\"0\" cellpadding=\"0\" cellspacing=\"0\" style=\"font-family: Arial,Helvetica,sans-serif; font-size: 12px; font-weight: normal; color: rgb(0, 0, 0); background-color: rgb(255, 255, 255);\" width=\"100%\">\r\n							<tbody>\r\n								<tr>\r\n									<td valign=\"top\">\r\n									<table border=\"0\" cellpadding=\"5\" cellspacing=\"0\" width=\"100%\">\r\n										<tbody>\r\n											<tr>\r\n												<td align=\"right\" style=\"font-family: Arial,Helvetica,sans-serif; font-size: 12px; font-weight: bolder; text-decoration: none; color: rgb(66, 66, 253);\"></td>\r\n											</tr>\r\n											<tr>\r\n												<td></td>\r\n											</tr>\r\n											<tr>\r\n												<td style=\"font-family: Arial,Helvetica,sans-serif; font-size: 14px; color: rgb(22, 72, 134); font-weight: bolder; line-height: 15px;\"><font color=\"#000000\" face=\"Times New Roman\" size=\"3\"><span style=\"font-weight: 400;\">Dear $contacts-lastname$,</span></font></td>\r\n											</tr>\r\n											<tr>\r\n												<td style=\"font-family: Arial,Helvetica,sans-serif; font-size: 12px; color: rgb(0, 0, 0); font-weight: normal; text-align: justify; line-height: 20px;\"><font face=\"Times New Roman\" size=\"3\">This is just a notification mail regarding your support end.<br />\r\n												Priority: Urgent<br />\r\n												Your Support is going to expire on next week<br />\r\n												Please contact : support@rightchoice.io</font><br />\r\n												<br />\r\n												&nbsp;</td>\r\n											</tr>\r\n											<tr>\r\n												<td align=\"center\"></td>\r\n											</tr>\r\n											<tr>\r\n												<td align=\"right\"><br />\r\n												<br />\r\n												<font face=\"Times New Roman\" size=\"3\"><span style=\"padding: 2px;\">Sincerly</span></font></td>\r\n											</tr>\r\n											<tr>\r\n												<td align=\"right\" style=\"font-family: Arial,Helvetica,sans-serif; font-size: 12px; color: rgb(0, 0, 0); font-weight: normal; line-height: 20px;\"><font face=\"Times New Roman\" size=\"3\">Support Team</font></td>\r\n											</tr>\r\n											<tr>\r\n												<td align=\"right\"><font face=\"Times New Roman\" size=\"3\">support@rightchoice.io</font></td>\r\n											</tr>\r\n											<tr>\r\n												<td></td>\r\n											</tr>\r\n										</tbody>\r\n									</table>\r\n									</td>\r\n									<td valign=\"top\" width=\"1%\"></td>\r\n								</tr>\r\n							</tbody>\r\n						</table>\r\n						</td>\r\n					</tr>\r\n					<tr>\r\n						<td>\r\n						<table border=\"0\" cellpadding=\"5\" cellspacing=\"0\" style=\"font-family: Arial,Helvetica,sans-serif; font-size: 12px; color: rgb(255, 255, 255); font-weight: normal; line-height: 15px; background-color: rgb(51, 51, 51);\" width=\"100%\">\r\n							<tbody>\r\n								<tr>\r\n									<td align=\"center\">https://www.rightchoice.io/</td>\r\n								</tr>\r\n								<tr>\r\n									<td align=\"center\"><span style=\"text-align: -webkit-center; background-color: rgb(51, 51, 51);\">Email Id:&nbsp;</span><a href=\"mailto:support@rightchoice.io\" style=\"text-align: -webkit-center; background-color: rgb(51, 51, 51);\">support@rightchoice.io</a></td>\r\n								</tr>\r\n								<tr>\r\n									<td align=\"center\"></td>\r\n								</tr>\r\n							</tbody>\r\n						</table>\r\n						</td>\r\n					</tr>\r\n				</tbody>\r\n			</table>\r\n			</td>\r\n			<td width=\"50\"></td>\r\n		</tr>\r\n		<tr>\r\n			<td></td>\r\n			<td></td>\r\n			<td></td>\r\n		</tr>\r\n		<tr>\r\n			<td></td>\r\n			<td></td>\r\n			<td></td>\r\n		</tr>\r\n		<tr>\r\n			<td></td>\r\n			<td></td>\r\n			<td></td>\r\n		</tr>\r\n	</tbody>\r\n</table>\r\n</body>\r\n</html>\r\n', 0, 11, 0, 'Contacts'),
('Public', 'Support end notification before a month', '', 'Right CRM Support Notification', 'Send Notification mail to customer before a month of support end date', '<html>\r\n<head>\r\n	<title></title>\r\n	\r\n	\r\n</head>\r\n<body>\r\n<table align=\"center\" border=\"0\" cellpadding=\"0\" cellspacing=\"0\" style=\"font-family: Arial,Helvetica,sans-serif; font-size: 12px; font-weight: normal; text-decoration: none; background-color: rgb(122, 122, 254);\" width=\"700\">\r\n	<tbody>\r\n		<tr>\r\n			<td></td>\r\n			<td></td>\r\n			<td></td>\r\n		</tr>\r\n		<tr>\r\n			<td></td>\r\n			<td></td>\r\n			<td></td>\r\n		</tr>\r\n		<tr>\r\n			<td></td>\r\n			<td></td>\r\n			<td></td>\r\n		</tr>\r\n		<tr>\r\n			<td width=\"50\"></td>\r\n			<td>\r\n			<table border=\"0\" cellpadding=\"0\" cellspacing=\"0\" width=\"100%\">\r\n				<tbody>\r\n					<tr>\r\n						<td>\r\n						<table border=\"0\" cellpadding=\"0\" cellspacing=\"0\" style=\"background-color: rgb(27, 77, 140); font-family: Arial,Helvetica,sans-serif; font-size: 14px; color: rgb(255, 255, 255); font-weight: normal; line-height: 25px;\" width=\"100%\">\r\n							<tbody>\r\n								<tr>\r\n									<td align=\"center\" rowspan=\"4\"><font color=\"#000000\" face=\"Times New Roman\" size=\"3\">$logo$</font></td>\r\n									<td align=\"center\"></td>\r\n								</tr>\r\n								<tr>\r\n									<td align=\"left\" style=\"background-color: rgb(27, 77, 140); font-family: Arial,Helvetica,sans-serif; font-size: 24px; color: rgb(255, 255, 255); font-weight: bolder; line-height: 35px;\"><font color=\"#000000\" face=\"Times New Roman\" size=\"3\"><span style=\"font-weight: 400;\">Right CRM</span></font></td>\r\n								</tr>\r\n								<tr>\r\n									<td align=\"right\" style=\"padding-right: 100px;\"><font color=\"#000000\" face=\"Times New Roman\" size=\"3\">Advanced Cloud Based CRM System</font></td>\r\n								</tr>\r\n								<tr>\r\n									<td></td>\r\n								</tr>\r\n							</tbody>\r\n						</table>\r\n						</td>\r\n					</tr>\r\n					<tr>\r\n						<td>\r\n						<table border=\"0\" cellpadding=\"0\" cellspacing=\"0\" style=\"font-family: Arial,Helvetica,sans-serif; font-size: 12px; font-weight: normal; color: rgb(0, 0, 0); background-color: rgb(255, 255, 255);\" width=\"100%\">\r\n							<tbody>\r\n								<tr>\r\n									<td valign=\"top\">\r\n									<table border=\"0\" cellpadding=\"5\" cellspacing=\"0\" width=\"100%\">\r\n										<tbody>\r\n											<tr>\r\n												<td align=\"right\" style=\"font-family: Arial,Helvetica,sans-serif; font-size: 12px; font-weight: bolder; text-decoration: none; color: rgb(66, 66, 253);\"></td>\r\n											</tr>\r\n											<tr>\r\n												<td></td>\r\n											</tr>\r\n											<tr>\r\n												<td style=\"font-family: Arial,Helvetica,sans-serif; font-size: 14px; color: rgb(22, 72, 134); font-weight: bolder; line-height: 15px;\"><font color=\"#000000\" face=\"Times New Roman\" size=\"3\"><span style=\"font-weight: 400;\">Dear $contacts-lastname$,</span></font></td>\r\n											</tr>\r\n											<tr>\r\n												<td style=\"font-family: Arial,Helvetica,sans-serif; font-size: 12px; color: rgb(0, 0, 0); font-weight: normal; text-align: justify; line-height: 20px;\"><font face=\"Times New Roman\" size=\"3\">This is just a notification mail regarding your support end.<br />\r\n												Priority: Normal<br />\r\n												Your Support is going to expire on next month.<br />\r\n												Please contact :&nbsp;support@rightchoice.io</font><br />\r\n												<br />\r\n												&nbsp;</td>\r\n											</tr>\r\n											<tr>\r\n												<td align=\"center\"></td>\r\n											</tr>\r\n											<tr>\r\n												<td align=\"right\"><br />\r\n												<br />\r\n												<font face=\"Times New Roman\" size=\"3\"><span style=\"padding: 2px;\">Sincerly</span></font></td>\r\n											</tr>\r\n											<tr>\r\n												<td align=\"right\" style=\"font-family: Arial,Helvetica,sans-serif; font-size: 12px; color: rgb(0, 0, 0); font-weight: normal; line-height: 20px;\"><font face=\"Times New Roman\" size=\"3\">Support Team</font></td>\r\n											</tr>\r\n											<tr>\r\n												<td align=\"right\"><font face=\"Times New Roman\" size=\"3\">support@rightchoice.io</font></td>\r\n											</tr>\r\n											<tr>\r\n												<td></td>\r\n											</tr>\r\n										</tbody>\r\n									</table>\r\n									</td>\r\n									<td valign=\"top\" width=\"1%\"></td>\r\n								</tr>\r\n							</tbody>\r\n						</table>\r\n						</td>\r\n					</tr>\r\n					<tr>\r\n						<td>\r\n						<table border=\"0\" cellpadding=\"5\" cellspacing=\"0\" style=\"font-family: Arial,Helvetica,sans-serif; font-size: 12px; color: rgb(255, 255, 255); font-weight: normal; line-height: 15px; background-color: rgb(51, 51, 51);\" width=\"100%\">\r\n							<tbody>\r\n								<tr>\r\n									<td align=\"center\">https://www.rightchoice.io/</td>\r\n								</tr>\r\n								<tr>\r\n									<td align=\"center\"><span style=\"text-align: -webkit-center; background-color: rgb(51, 51, 51);\">Email Id: support@rightchoice.io</span></td>\r\n								</tr>\r\n								<tr>\r\n									<td align=\"center\"></td>\r\n								</tr>\r\n							</tbody>\r\n						</table>\r\n						</td>\r\n					</tr>\r\n				</tbody>\r\n			</table>\r\n			</td>\r\n			<td width=\"50\"></td>\r\n		</tr>\r\n		<tr>\r\n			<td></td>\r\n			<td></td>\r\n			<td></td>\r\n		</tr>\r\n		<tr>\r\n			<td></td>\r\n			<td></td>\r\n			<td></td>\r\n		</tr>\r\n		<tr>\r\n			<td></td>\r\n			<td></td>\r\n			<td></td>\r\n		</tr>\r\n	</tbody>\r\n</table>\r\n</body>\r\n</html>\r\n', 0, 12, 0, 'Contacts'),
('Public', 'Activity Reminder', NULL, 'Reminder', 'Reminder', '<p>This is a reminder notification for the Activity<br/>The details are :<br/> \n							&nbsp; Subject : $events-subject$<br/> \n							&nbsp; Start Date & Time : $events-date_start$<br/>\n							&nbsp; End Date & Time : $events-due_date$<br/> \n							&nbsp; Status : $events-eventstatus$<br/> \n							&nbsp; Location : $events-location$<br/> \n							&nbsp; Description : $events-description$<br/><br/> \n							<p/>', 0, 14, 1, 'Events'),
('Public', 'ToDo Reminder', NULL, 'Activity Reminder', 'Reminder', '<p>This is a reminder notification for the Activity<br/>The details are :<br/>\n								&nbsp; Subject : $calendar-subject$<br/>\n								&nbsp; Start Date & Time : $calendar-date_start$<br/>\n								&nbsp; Due Date : $calendar-due_date$<br/>\n								&nbsp; Status : $calendar-status$<br/>\n								&nbsp; Location : $calendar-location$<br/>\n								&nbsp; Description : $calendar-description$<br/><br/>\n								<p/>', 0, 15, 1, 'Events'),
('Public', 'Invite Users', NULL, 'Invitation', 'Invite Users', '<p>$invitee_name$,<br/><br/>You have been invited for an activity<br/><br/>The details are :<br/>\n								&nbsp; Subject : $events-subject$<br/>\n								&nbsp; Start Date & Time : $events-date_start$<br/> \n								&nbsp; End Date & Time : $events-due_date$<br/>\n								&nbsp; Status : $events-eventstatus$<br/>\n								&nbsp; Priority : $events-priority$<br/>\n								&nbsp; Related To : $events-crmid$<br/>\n								&nbsp; Contact List : $events-contactid$<br/>\n								&nbsp; Location : $events-location$<br/>\n								&nbsp; Description : $events-description$<br/><br/>\n								Thanks & Regards,<br/>\n								$current_user_name$\n								<p/>', 0, 16, 1, 'Events');

-- --------------------------------------------------------

--
-- Table structure for table `vtiger_emailtemplates_seq`
--

CREATE TABLE `vtiger_emailtemplates_seq` (
  `id` int(11) NOT NULL
) ENGINE=InnoDB DEFAULT CHARSET=utf8;

--
-- Dumping data for table `vtiger_emailtemplates_seq`
--

INSERT INTO `vtiger_emailtemplates_seq` (`id`) VALUES
(16);

-- --------------------------------------------------------

--
-- Table structure for table `vtiger_email_access`
--

CREATE TABLE `vtiger_email_access` (
  `crmid` int(11) DEFAULT NULL,
  `mailid` int(11) DEFAULT NULL,
  `accessdate` date DEFAULT NULL,
  `accesstime` datetime DEFAULT NULL
) ENGINE=InnoDB DEFAULT CHARSET=utf8;

-- --------------------------------------------------------

--
-- Table structure for table `vtiger_email_track`
--

CREATE TABLE `vtiger_email_track` (
  `crmid` int(11) DEFAULT NULL,
  `mailid` int(11) DEFAULT NULL,
  `access_count` int(11) DEFAULT NULL,
  `click_count` int(11) NOT NULL DEFAULT 0
) ENGINE=InnoDB DEFAULT CHARSET=utf8;

-- --------------------------------------------------------

--
-- Table structure for table `vtiger_employeeroaster`
--

CREATE TABLE `vtiger_employeeroaster` (
  `employeeroasterid` int(19) NOT NULL
) ENGINE=InnoDB DEFAULT CHARSET=utf8;

-- --------------------------------------------------------

--
-- Table structure for table `vtiger_employeeroastercf`
--

CREATE TABLE `vtiger_employeeroastercf` (
  `employeeroasterid` int(19) NOT NULL
) ENGINE=InnoDB DEFAULT CHARSET=utf8;

-- --------------------------------------------------------

--
-- Table structure for table `vtiger_employees`
--

CREATE TABLE `vtiger_employees` (
  `employeesid` int(11) NOT NULL,
  `employeesno` varchar(100) DEFAULT NULL,
  `employees_tks_employeename` varchar(255) DEFAULT NULL,
  `tags` varchar(1) DEFAULT NULL
) ENGINE=InnoDB DEFAULT CHARSET=utf8;

--
-- Dumping data for table `vtiger_employees`
--

INSERT INTO `vtiger_employees` (`employeesid`, `employeesno`, `employees_tks_employeename`, `tags`) VALUES
(452, '', 'Kass', ''),
(453, 'EMP1', 'Ava', ''),
(466, 'EMP2', 'Kass', ''),
(467, 'EMP3', 'Lexie', ''),
(468, 'EMP4', 'Tina 2', ''),
(469, 'EMP5', 'Felecity', ''),
(479, 'EMP6', 'red', ''),
(482, 'EMP7', 'QA', ''),
(485, NULL, 'abc', NULL),
(488, 'EMP8', 'abc', ''),
(502, NULL, 'xyz', NULL),
(605, 'EMP9', 'aaaaaaaaaaaaaaaaaaaaaaa', ''),
(641, 'EMP10', 'mno', ''),
(649, 'EMP11', 'bbb', ''),
(658, 'EMP12', 'as', ''),
(659, 'EMP13', 'ss', ''),
(660, 'EMP14', 'dd', ''),
(661, 'EMP15', 'ff', ''),
(662, 'EMP16', 'gg', ''),
(665, 'EMP17', 'hh', ''),
(667, 'EMP18', 'rr', ''),
(668, 'EMP19', 'aaaa', ''),
(669, 'EMP20', 'srk', ''),
(670, 'EMP21', 'salman', ''),
(671, 'EMP22', 'salman khan', ''),
(672, 'EMP23', 'Rashmi', ''),
(678, 'EMP24', 'Preeti', ''),
(685, 'EMP25', 'Neha', ''),
(686, 'EMP26', 'Kiran', ''),
(687, 'EMP27', 'clean', ''),
(688, 'EMP28', 'clean', ''),
(689, 'EMP29', 'QA_clean', ''),
(701, 'EMP30', 'QA_clean', ''),
(713, 'EMP31', 'Amit', ''),
(715, 'EMP32', 'Pavitra', ''),
(716, 'EMP33', 'shagar', ''),
(717, 'EMP34', 'reddy', ''),
(718, 'EMP35', 'sadasd', ''),
(719, 'EMP36', 'qweqweqwe', ''),
(720, 'EMP37', 'gfhfghfg', ''),
(721, 'EMP38', 'cccc', ''),
(724, 'EMP39', 'Preeti', ''),
(725, 'EMP40', 'aaa', ''),
(726, 'EMP41', 'bbb', ''),
(727, 'EMP42', 'ccc', ''),
(728, 'EMP43', 'ddd', ''),
(729, 'EMP44', 'eee', ''),
(731, 'EMP45', 'clean', ''),
(736, 'EMP46', 'fff', ''),
(737, 'EMP47', 'ggg', ''),
(738, 'EMP48', 'hhh', ''),
(739, 'EMP49', 'III', ''),
(740, 'EMP50', 'JJJ', ''),
(741, 'EMP51', 'kkk', ''),
(742, 'EMP52', 'LLL', ''),
(743, 'EMP53', 'mmm', ''),
(744, 'EMP54', 'nnn', ''),
(745, 'EMP55', 'ooo', ''),
(746, 'EMP56', 'PPP', ''),
(747, 'EMP57', 'Kass', ''),
(748, 'EMP58', 'Kass', ''),
(749, 'EMP59', '', ''),
(750, 'EMP60', 'qqq', ''),
(751, 'EMP61', 'rrr', ''),
(752, 'EMP62', 'sss', ''),
(753, 'EMP63', 'ttt', ''),
(754, 'EMP64', 'uuu', ''),
(755, 'EMP65', 'sdasd', ''),
(756, 'EMP66', 'sdasdsdd', ''),
(760, 'EMP67', 'prathiv', ''),
(761, 'EMP68', 'salman', ''),
(762, 'EMP69', 'salman', ''),
(763, 'EMP70', 'salman', ''),
(764, 'EMP71', 'salman', ''),
(765, 'EMP72', 'salman', ''),
(766, 'EMP73', 'salman', ''),
(767, 'EMP74', 'dfgfgdfg', ''),
(768, 'EMP75', 'sdfsdfsdfsdf', ''),
(769, 'EMP76', 'wqeqweq', ''),
(770, 'EMP77', 'qqqqqqqq', ''),
(771, 'EMP78', 'qqqqqqqq', ''),
(772, 'EMP79', 'aaaaaaaaa', ''),
(773, 'EMP80', 'aaaaaaaaa', ''),
(776, 'EMP81', 'uuuu', ''),
(777, 'EMP82', 'vvv', ''),
(778, 'EMP83', 'www', ''),
(779, 'EMP84', 'xxx', ''),
(794, 'EMP85', 'preeti', ''),
(795, 'EMP86', 'preeti', ''),
(796, 'EMP87', 'aaa', ''),
(797, 'EMP88', 'Gopal', ''),
(801, 'EMP89', 'bbb', ''),
(802, 'EMP90', 'Shagar', ''),
(803, 'EMP91', 'gopal', ''),
(804, 'EMP92', 'jayaram', ''),
(805, 'EMP93', 'Murucs', ''),
(806, 'EMP94', ' g', ''),
(807, 'EMP95', 'Srinivas', ''),
(808, 'EMP96', 'Srinivas', ''),
(809, 'EMP97', 'Dettol', ''),
(813, 'EMP98', 'QA_DEMO', ''),
(833, 'EMP99', 'demotest', ''),
(841, 'EMP100', 'Kass', ''),
(842, 'EMP101', 'test1', ''),
(882, 'EMP102', 'QA_DEMO', ''),
(891, 'EMP103', 'QA_TEST', ''),
(940, 'EMP104', 'Balaji', ''),
(942, 'EMP105', 'MR Reddy', ''),
(944, 'EMP106', 'QA_DEMO', ''),
(985, 'EMP107', 'testabc', ''),
(987, 'EMP108', 'Under', ''),
(991, 'EMP109', 'Charlie', ''),
(1020, 'EMP110', 'test', ''),
(1025, 'EMP111', 'Kass', ''),
(1028, 'EMP112', 'Under', ''),
(1038, 'EMP113', 'TEST', ''),
(1077, 'EMP114', 'Read', ''),
(1082, 'EMP115', 'AND test', ''),
(1098, 'EMP116', 'READ1', ''),
(1801, 'EMP117', 'Qa.test.1/13', ''),
(1809, 'EMP118', 'wqdqwd', ''),
(1890, 'EMP119', 'test employee', ''),
(1895, 'EMP120', 'srinivas', ''),
(2096, 'EMP121', 'DEMO', ''),
(2104, 'EMP122', 'CLIENT.CLEAN', ''),
(2162, 'EMP123', 'aaa', ''),
(2164, 'EMP124', 'ee', ''),
(2166, 'EMP125', 'New.QA.Test', ''),
(2175, 'EMP126', 'Test 1', ''),
(2177, 'EMP127', 'Test 2', ''),
(2179, 'EMP128', 'ww', ''),
(2183, 'EMP130', '', ''),
(2185, 'EMP131', 'Track Employee', ''),
(2189, 'EMP132', 'Kabir Emp 1', ''),
(2191, 'EMP133', 'Test 10', ''),
(2192, 'EMP134', 'Emp.Test', ''),
(2194, 'EMP135', 'Jack', ''),
(2196, 'EMP136', 'George', '');

-- --------------------------------------------------------

--
-- Table structure for table `vtiger_employeescf`
--

CREATE TABLE `vtiger_employeescf` (
  `employeesid` int(11) NOT NULL,
  `cf_1056` varchar(50) DEFAULT '',
  `cf_1058` varchar(255) DEFAULT '',
  `cf_1060` text DEFAULT NULL,
  `cf_1062` varchar(255) DEFAULT '',
  `cf_1064` varchar(255) DEFAULT '',
  `cf_1066` varchar(255) DEFAULT '',
  `cf_1068` varchar(255) DEFAULT '',
  `cf_1334` varchar(50) DEFAULT '',
  `cf_1336` varchar(50) DEFAULT '',
  `cf_1338` varchar(50) DEFAULT ''
) ENGINE=InnoDB DEFAULT CHARSET=utf8;

--
-- Dumping data for table `vtiger_employeescf`
--

INSERT INTO `vtiger_employeescf` (`employeesid`, `cf_1056`, `cf_1058`, `cf_1060`, `cf_1062`, `cf_1064`, `cf_1066`, `cf_1068`, `cf_1334`, `cf_1336`, `cf_1338`) VALUES
(2189, 'jordan.13miles@aol.com', '8777766556', 'S\n432', '172905', '', '', 'Active', '1234@abcd', 'Employee', '2235_20201112072231.jpg'),
(2196, 'gopal@gmail.com', '3333322222211', 'bangalore', '160682', '', '', 'Active', 'gopal', '', ''),
(2204, 'abc@gmail.com', '566656464', 'HI', '721706', '', '', 'Active', '987456', 'qa', '20201106045438.jpg'),
(2218, 'arnold@gmail.com', 'arnold@gmail.com', 'Dwarka Nagar\nBSK 3', '604224', '', '', 'Active', 'iforgotmypassword', '', ''),
(2221, 'aw@mailinator.com', '', 'North', '632679', '', '', 'Active', 'awmail', 'Dev', ''),
(2224, 'api@gmail.com', '654789555', 'Hi', '548012', '', '', 'Active', '12345', 'QA', '20201111053009.jpg'),
(2227, 'srinivas.comx@gmail.com', '+612315445545', 'aus', '239568', '', '', 'Active', '123456789', 'QA', '20201111095146.jpg'),
(2243, 'qa.abdul@gmail.com', '+612315445545', 'aus', '195430', '', '', 'Active', '123456', 'QA', '20201119114810.png'),
(2259, 'peter@gool.com', '7777770000', 'address', '849750', '', '', 'Active', 'peter@gool.com', 'Desk', '20201124045739.png'),
(2262, 'retest@gmail.com', '+612315445545', 'aus', '146201', '', '', 'Active', '123456@abc', '', '20201124060913.jpg'),
(2267, 'aw1@mailinator.com', '123456789', 'Test Address', '676283', '', '', 'Active', '123456', 'Dev', '20201124085224.png'),
(2272, 'jack008thomas@gmail.com', '18248614287', 'Hello', '233125', '', '', 'Active', '123@abc', 'qa', '20201125053641.jpg'),
(2276, 'devin@aol.com', '7777770000', 'address', '711802', '', '', 'Active', 'password', 'Desk', ''),
(2279, 'devin@gmail.com', '6356363677', 'Quessland', '891371', '', '', 'Active', '123@abc', 'Lead', '20201126090542.jpg'),
(2302, 'devin1@gmail.com', '+612315445545', 'Australia', '644608', '', '', 'Active', '123@abc', 'QA', '20201127024712.jpg'),
(2305, 'shan1@gmail.com', '+612315445545', 'Quessland', '475905', '', '', 'Active', '123@abc', 'QA', '20201127025331.jpg'),
(2313, 'Shan2@gmail.com', '+612315445545', 'Quessland', '557414', '', '', 'Active', '123@abc', 'Demo', '20201127045413.jpg'),
(2317, 'shan3@gmail.com', '+612315445545', 'Brisbane, Australia', '696835', '', '', 'Active', '123@abc', 'Demo', '20201127051437.jpg'),
(2321, 'ishant@gmail.com', '+612315445545', 'Indai', '218445', '', '', 'Active', '123@abc', 'Demo', '20201127060823.jpg');

-- --------------------------------------------------------

--
-- Table structure for table `vtiger_employee_roster`
--

CREATE TABLE `vtiger_employee_roster` (
  `id` int(255) NOT NULL,
  `employee_id` int(255) NOT NULL,
  `date` date NOT NULL,
  `in_time` time NOT NULL,
  `out_time` time NOT NULL,
  `total_working_hour` varchar(255) NOT NULL,
  `status` varchar(255) NOT NULL,
  `record_id` int(255) NOT NULL,
  `emp_task` varchar(255) NOT NULL
) ENGINE=InnoDB DEFAULT CHARSET=latin1;

--
-- Dumping data for table `vtiger_employee_roster`
--

INSERT INTO `vtiger_employee_roster` (`id`, `employee_id`, `date`, `in_time`, `out_time`, `total_working_hour`, `status`, `record_id`, `emp_task`) VALUES
(52, 671, '0000-00-00', '00:00:00', '17:52:49', '17.88', '', 0, ''),
(72, 671, '0000-00-00', '02:16:51', '02:16:51', '0', '', 0, ''),
(98, 671, '0000-00-00', '00:00:00', '00:00:00', '0', '', 0, ''),
(99, 671, '0000-00-00', '00:00:00', '00:00:00', '0', '', 0, ''),
(100, 671, '2020-02-22', '05:10:14', '05:10:14', '0', '', 0, ''),
(180, 670, '2020-02-23', '07:00:22', '10:00:22', '3', '', 0, ''),
(193, 2177, '2021-01-11', '12:51:04', '13:51:04', '1', '', 0, ''),
(194, 2177, '2021-01-10', '18:54:00', '20:54:00', '2', '', 0, ''),
(196, 2177, '2021-03-31', '06:31:03', '07:31:03', '1', '', 0, ''),
(198, 2177, '2021-03-31', '06:31:56', '06:31:56', '0', '', 0, ''),
(200, 2177, '2021-03-31', '06:56:07', '06:56:07', '0', '', 0, ''),
(206, 1, '2021-04-29', '08:05:51', '09:05:51', '1', '', 0, 'House'),
(208, 1, '2021-04-29', '00:00:00', '00:00:00', '0', '', 0, 'Leave');

-- --------------------------------------------------------

--
-- Table structure for table `vtiger_employee_tracker`
--

CREATE TABLE `vtiger_employee_tracker` (
  `id` int(255) NOT NULL,
  `client_id` varchar(255) NOT NULL,
  `employee_id` varchar(255) NOT NULL,
  `date` varchar(255) NOT NULL,
  `time` varchar(255) NOT NULL,
  `lat` varchar(255) NOT NULL,
  `lng` varchar(255) NOT NULL,
  `colors` varchar(25) NOT NULL,
  `status` varchar(255) NOT NULL
) ENGINE=InnoDB DEFAULT CHARSET=latin1;

--
-- Dumping data for table `vtiger_employee_tracker`
--

INSERT INTO `vtiger_employee_tracker` (`id`, `client_id`, `employee_id`, `date`, `time`, `lat`, `lng`, `colors`, `status`) VALUES
(11, '', '452', '2020-10-27', '06:16:12am', '23.8375603', '78.713607', '#FF5733', ''),
(12, '', '453', '2020-10-27', '06:16:55am', '28.527582', '77.0688969', '#FFD733 ', ''),
(20, '', '2177', '2020-10-27', '06:16:55am', '-28.78', '134.35', '#6EFF33', 'active'),
(21, '', '2175', '2020-10-27', '06:16:12am', '25.8375603', '75.713607\r\n', '#33FFBE', ''),
(22, '', '2166', '2020-10-27', '06:16:12am', '35.8375603', '75.713607', '#3346FF ', ''),
(23, '', '1895', '2020-10-27', '06:16:55am', '45.527582', '85.0688969', '#7D33FF', ''),
(24, '', '1077', '2020-10-27', '06:16:55am', '89.527582', '65.0688969', '#F933FF ', ''),
(28, '', '468', '2020-11-05', '08:54:18am', '-22.79', '144.22', '#a938da', 'active'),
(29, '', '502', '2020-11-05', '08:56:40am', '25.8375603', '75.713607\r\n', '#ccfe76', 'in-active'),
(30, '', '2189', '2020-12-08', '09:39:12am', '-19.69', '134.35', '#77043a', 'active');

-- --------------------------------------------------------

--
-- Table structure for table `vtiger_entityname`
--

CREATE TABLE `vtiger_entityname` (
  `tabid` int(19) NOT NULL DEFAULT 0,
  `modulename` varchar(100) DEFAULT NULL,
  `tablename` varchar(100) NOT NULL,
  `fieldname` varchar(150) NOT NULL,
  `entityidfield` varchar(150) NOT NULL,
  `entityidcolumn` varchar(150) NOT NULL
) ENGINE=InnoDB DEFAULT CHARSET=utf8;

--
-- Dumping data for table `vtiger_entityname`
--

INSERT INTO `vtiger_entityname` (`tabid`, `modulename`, `tablename`, `fieldname`, `entityidfield`, `entityidcolumn`) VALUES
(2, 'Potentials', 'vtiger_potential', 'potentialname', 'potentialid', 'potential_id'),
(4, 'Contacts', 'vtiger_contactdetails', 'firstname,lastname', 'contactid', 'contact_id'),
(6, 'Accounts', 'vtiger_account', 'accountname', 'accountid', 'account_id'),
(7, 'Leads', 'vtiger_leaddetails', 'firstname,lastname', 'leadid', 'leadid'),
(8, 'Documents', 'vtiger_notes', 'title', 'notesid', 'notesid'),
(9, 'Calendar', 'vtiger_activity', 'subject', 'activityid', 'activityid'),
(10, 'Emails', 'vtiger_activity', 'subject', 'activityid', 'activityid'),
(13, 'HelpDesk', 'vtiger_troubletickets', 'title', 'ticketid', 'ticketid'),
(14, 'Products', 'vtiger_products', 'productname', 'productid', 'product_id'),
(15, 'Faq', 'vtiger_faq', 'question', 'id', 'id'),
(18, 'Vendors', 'vtiger_vendor', 'vendorname', 'vendorid', 'vendor_id'),
(19, 'PriceBooks', 'vtiger_pricebook', 'bookname', 'pricebookid', 'pricebookid'),
(20, 'Quotes', 'vtiger_quotes', 'subject', 'quoteid', 'quote_id'),
(21, 'PurchaseOrder', 'vtiger_purchaseorder', 'subject', 'purchaseorderid', 'purchaseorderid'),
(22, 'SalesOrder', 'vtiger_salesorder', 'subject', 'salesorderid', 'salesorder_id'),
(23, 'Invoice', 'vtiger_invoice', 'subject', 'invoiceid', 'invoiceid'),
(26, 'Campaigns', 'vtiger_campaign', 'campaignname', 'campaignid', 'campaignid'),
(29, 'Users', 'vtiger_users', 'first_name,last_name', 'id', 'id'),
(30, 'ServiceContracts', 'vtiger_servicecontracts', 'subject', 'servicecontractsid', 'servicecontractsid'),
(34, 'PBXManager', 'vtiger_pbxmanager', 'customernumber', 'pbxmanagerid', 'pbxmanagerid'),
(35, 'Services', 'vtiger_service', 'servicename', 'serviceid', 'serviceid'),
(38, 'ModComments', 'vtiger_modcomments', 'commentcontent', 'modcommentsid', 'modcommentsid'),
(42, 'Assets', 'vtiger_assets', 'assetname', 'assetsid', 'assetsid'),
(44, 'SMSNotifier', 'vtiger_smsnotifier', 'message', 'smsnotifierid', 'smsnotifierid'),
(46, 'ProjectMilestone', 'vtiger_projectmilestone', 'projectmilestonename', 'projectmilestoneid', 'projectmilestoneid'),
(47, 'ProjectTask', 'vtiger_projecttask', 'projecttaskname', 'projecttaskid', 'projecttaskid'),
(48, 'Project', 'vtiger_project', 'projectname', 'projectid', 'projectid'),
(53, 'Subservices', 'vtiger_subservices', 'subservicesno', 'subservicesid', 'subservicesid'),
(54, 'Mainservicestype', 'vtiger_mainservicestype', 'mainservicestype_tks_servicena', 'mainservicestypeid', 'mainservicestypeid'),
(57, 'Transaction', 'vtiger_transaction', 'transactionno', 'transactionid', 'transactionid');

-- --------------------------------------------------------

--
-- Table structure for table `vtiger_eventhandlers`
--

CREATE TABLE `vtiger_eventhandlers` (
  `eventhandler_id` int(11) NOT NULL,
  `event_name` varchar(100) NOT NULL,
  `handler_path` varchar(400) NOT NULL,
  `handler_class` varchar(100) NOT NULL,
  `cond` text DEFAULT NULL,
  `is_active` int(1) NOT NULL,
  `dependent_on` varchar(255) DEFAULT '[]'
) ENGINE=InnoDB DEFAULT CHARSET=utf8;

--
-- Dumping data for table `vtiger_eventhandlers`
--

INSERT INTO `vtiger_eventhandlers` (`eventhandler_id`, `event_name`, `handler_path`, `handler_class`, `cond`, `is_active`, `dependent_on`) VALUES
(1, 'vtiger.entity.aftersave', 'modules/SalesOrder/RecurringInvoiceHandler.php', 'RecurringInvoiceHandler', '', 1, '[]'),
(2, 'vtiger.entity.beforesave', 'data/VTEntityDelta.php', 'VTEntityDelta', '', 1, '[]'),
(3, 'vtiger.entity.aftersave', 'data/VTEntityDelta.php', 'VTEntityDelta', '', 1, '[]'),
(4, 'vtiger.entity.aftersave', 'modules/com_vtiger_workflow/VTEventHandler.inc', 'VTWorkflowEventHandler', '', 1, '[\"VTEntityDelta\"]'),
(5, 'vtiger.entity.afterrestore', 'modules/com_vtiger_workflow/VTEventHandler.inc', 'VTWorkflowEventHandler', '', 1, '[]'),
(6, 'vtiger.entity.aftersave.final', 'modules/HelpDesk/HelpDeskHandler.php', 'HelpDeskHandler', '', 1, '[]'),
(7, 'vtiger.entity.beforesave', 'modules/ServiceContracts/ServiceContractsHandler.php', 'ServiceContractsHandler', '', 0, '[]'),
(8, 'vtiger.entity.aftersave', 'modules/ServiceContracts/ServiceContractsHandler.php', 'ServiceContractsHandler', '', 0, '[]'),
(9, 'vtiger.entity.aftersave.final', 'modules/ModTracker/ModTrackerHandler.php', 'ModTrackerHandler', '', 1, '[]'),
(10, 'vtiger.entity.beforedelete', 'modules/ModTracker/ModTrackerHandler.php', 'ModTrackerHandler', '', 1, '[]'),
(11, 'vtiger.entity.afterrestore', 'modules/ModTracker/ModTrackerHandler.php', 'ModTrackerHandler', '', 1, '[]'),
(12, 'vtiger.entity.aftersave', 'modules/PBXManager/PBXManagerHandler.php', 'PBXManagerHandler', '', 1, '[\"VTEntityDelta\"]'),
(13, 'vtiger.entity.afterdelete', 'modules/PBXManager/PBXManagerHandler.php', 'PBXManagerHandler', '', 1, '[]'),
(14, 'vtiger.entity.afterrestore', 'modules/PBXManager/PBXManagerHandler.php', 'PBXManagerHandler', '', 1, '[]'),
(15, 'vtiger.batchevent.save', 'modules/PBXManager/PBXManagerHandler.php', 'PBXManagerBatchHandler', '', 1, '[]'),
(16, 'vtiger.batchevent.delete', 'modules/PBXManager/PBXManagerHandler.php', 'PBXManagerBatchHandler', '', 1, '[]'),
(17, 'vtiger.lead.convertlead', 'modules/PBXManager/PBXManagerHandler.php', 'PBXManagerHandler', '', 1, '[]'),
(18, 'vtiger.entity.aftersave', 'modules/WSAPP/WorkFlowHandlers/WSAPPAssignToTracker.php', 'WSAPPAssignToTracker', '', 1, '[\"VTEntityDelta\"]'),
(19, 'vtiger.entity.aftersave', 'modules/Vtiger/handlers/RecordLabelUpdater.php', 'Vtiger_RecordLabelUpdater_Handler', '', 1, '[]'),
(20, 'vtiger.entity.aftersave', 'modules/Invoice/InvoiceHandler.php', 'InvoiceHandler', '', 1, '[]'),
(21, 'vtiger.entity.aftersave', 'modules/PurchaseOrder/PurchaseOrderHandler.php', 'PurchaseOrderHandler', '', 1, '[]'),
(22, 'vtiger.entity.aftersave', 'modules/ModComments/ModCommentsHandler.php', 'ModCommentsHandler', '', 1, '[]'),
(23, 'vtiger.picklist.afterrename', 'modules/Settings/Picklist/handlers/PickListHandler.php', 'PickListHandler', '', 1, '[]'),
(24, 'vtiger.picklist.afterdelete', 'modules/Settings/Picklist/handlers/PickListHandler.php', 'PickListHandler', '', 1, '[]'),
(25, 'vtiger.entity.aftersave', 'modules/Vtiger/handlers/EmailLookupHandler.php', 'EmailLookupHandler', '', 1, '[\"VTEntityDelta\"]'),
(26, 'vtiger.entity.afterdelete', 'modules/Vtiger/handlers/EmailLookupHandler.php', 'EmailLookupHandler', '', 1, '[]'),
(27, 'vtiger.entity.afterrestore', 'modules/Vtiger/handlers/EmailLookupHandler.php', 'EmailLookupHandler', '', 1, '[]'),
(28, 'vtiger.batchevent.save', 'modules/Vtiger/handlers/EmailLookupHandler.php', 'EmailLookupBatchHandler', '', 1, '[]'),
(29, 'vtiger.lead.convertlead', 'modules/Leads/handlers/LeadHandler.php', 'LeadHandler', '', 1, '[]'),
(30, 'vtiger.entity.beforesave', 'modules/Vtiger/handlers/CheckDuplicateHandler.php', 'CheckDuplicateHandler', '', 1, '[]'),
(31, 'vtiger.entity.beforerestore', 'modules/Vtiger/handlers/CheckDuplicateHandler.php', 'CheckDuplicateHandler', '', 1, '[]'),
(32, 'vtiger.entity.aftersave', 'modules/Vtiger/handlers/FollowRecordHandler.php', 'FollowRecordHandler', '', 1, '[]'),
(33, 'vtiger.field.afterdelete', 'modules/Vtiger/handlers/FieldEventHandler.php', 'FieldEventHandler', '', 1, '[]'),
(34, 'vtiger.entity.beforerelate', 'modules/Vtiger/handlers/RelateEntitesHandler.php', 'RelateEntitesHandler', '', 1, '[]'),
(35, 'vtiger.entity.afterrelate', 'modules/Vtiger/handlers/RelateEntitesHandler.php', 'RelateEntitesHandler', '', 1, '[]');

-- --------------------------------------------------------

--
-- Table structure for table `vtiger_eventhandlers_seq`
--

CREATE TABLE `vtiger_eventhandlers_seq` (
  `id` int(11) NOT NULL
) ENGINE=InnoDB DEFAULT CHARSET=utf8;

--
-- Dumping data for table `vtiger_eventhandlers_seq`
--

INSERT INTO `vtiger_eventhandlers_seq` (`id`) VALUES
(35);

-- --------------------------------------------------------

--
-- Table structure for table `vtiger_eventhandler_module`
--

CREATE TABLE `vtiger_eventhandler_module` (
  `eventhandler_module_id` int(11) NOT NULL,
  `module_name` varchar(100) DEFAULT NULL,
  `handler_class` varchar(100) DEFAULT NULL
) ENGINE=InnoDB DEFAULT CHARSET=utf8;

--
-- Dumping data for table `vtiger_eventhandler_module`
--

INSERT INTO `vtiger_eventhandler_module` (`eventhandler_module_id`, `module_name`, `handler_class`) VALUES
(1, 'ServiceContracts', 'ServiceContractsHandler'),
(2, 'ModTracker', 'ModTrackerHandler'),
(3, 'Home', 'Vtiger_RecordLabelUpdater_Handler'),
(4, 'Invoice', 'InvoiceHandler'),
(5, 'PurchaseOrder', 'PurchaseOrderHandler');

-- --------------------------------------------------------

--
-- Table structure for table `vtiger_eventhandler_module_seq`
--

CREATE TABLE `vtiger_eventhandler_module_seq` (
  `id` int(11) NOT NULL
) ENGINE=InnoDB DEFAULT CHARSET=utf8;

--
-- Dumping data for table `vtiger_eventhandler_module_seq`
--

INSERT INTO `vtiger_eventhandler_module_seq` (`id`) VALUES
(5);

-- --------------------------------------------------------

--
-- Table structure for table `vtiger_eventstatus`
--

CREATE TABLE `vtiger_eventstatus` (
  `eventstatusid` int(19) NOT NULL,
  `eventstatus` varchar(200) NOT NULL,
  `presence` int(1) NOT NULL DEFAULT 1,
  `picklist_valueid` int(19) NOT NULL DEFAULT 0,
  `sortorderid` int(11) DEFAULT NULL,
  `color` varchar(10) DEFAULT NULL
) ENGINE=InnoDB DEFAULT CHARSET=utf8;

--
-- Dumping data for table `vtiger_eventstatus`
--

INSERT INTO `vtiger_eventstatus` (`eventstatusid`, `eventstatus`, `presence`, `picklist_valueid`, `sortorderid`, `color`) VALUES
(1, 'Planned', 0, 38, 0, NULL),
(2, 'Held', 0, 39, 1, NULL),
(3, 'Not Held', 0, 40, 2, NULL);

-- --------------------------------------------------------

--
-- Table structure for table `vtiger_eventstatus_seq`
--

CREATE TABLE `vtiger_eventstatus_seq` (
  `id` int(11) NOT NULL
) ENGINE=InnoDB DEFAULT CHARSET=utf8;

--
-- Dumping data for table `vtiger_eventstatus_seq`
--

INSERT INTO `vtiger_eventstatus_seq` (`id`) VALUES
(3);

-- --------------------------------------------------------

--
-- Table structure for table `vtiger_expectedresponse`
--

CREATE TABLE `vtiger_expectedresponse` (
  `expectedresponseid` int(19) NOT NULL,
  `expectedresponse` varchar(200) NOT NULL,
  `presence` int(1) NOT NULL DEFAULT 1,
  `picklist_valueid` int(19) NOT NULL DEFAULT 0,
  `sortorderid` int(11) DEFAULT NULL,
  `color` varchar(10) DEFAULT NULL
) ENGINE=InnoDB DEFAULT CHARSET=utf8;

--
-- Dumping data for table `vtiger_expectedresponse`
--

INSERT INTO `vtiger_expectedresponse` (`expectedresponseid`, `expectedresponse`, `presence`, `picklist_valueid`, `sortorderid`, `color`) VALUES
(2, 'Excellent', 1, 42, 1, NULL),
(3, 'Good', 1, 43, 2, NULL),
(4, 'Average', 1, 44, 3, NULL),
(5, 'Poor', 1, 45, 4, NULL);

-- --------------------------------------------------------

--
-- Table structure for table `vtiger_expectedresponse_seq`
--

CREATE TABLE `vtiger_expectedresponse_seq` (
  `id` int(11) NOT NULL
) ENGINE=InnoDB DEFAULT CHARSET=utf8;

--
-- Dumping data for table `vtiger_expectedresponse_seq`
--

INSERT INTO `vtiger_expectedresponse_seq` (`id`) VALUES
(5);

-- --------------------------------------------------------

--
-- Table structure for table `vtiger_extnstore_users`
--

CREATE TABLE `vtiger_extnstore_users` (
  `id` int(11) NOT NULL,
  `username` varchar(50) DEFAULT NULL,
  `password` varchar(75) DEFAULT NULL,
  `instanceurl` varchar(255) DEFAULT NULL,
  `createdon` datetime DEFAULT NULL,
  `deleted` int(1) NOT NULL DEFAULT 0
) ENGINE=InnoDB DEFAULT CHARSET=utf8;

-- --------------------------------------------------------

--
-- Table structure for table `vtiger_faq`
--

CREATE TABLE `vtiger_faq` (
  `id` int(11) NOT NULL,
  `faq_no` varchar(100) NOT NULL,
  `product_id` varchar(100) DEFAULT NULL,
  `question` text DEFAULT NULL,
  `answer` text DEFAULT NULL,
  `category` varchar(200) NOT NULL,
  `status` varchar(200) NOT NULL,
  `tags` varchar(1) DEFAULT NULL
) ENGINE=InnoDB DEFAULT CHARSET=utf8;

--
-- Dumping data for table `vtiger_faq`
--

INSERT INTO `vtiger_faq` (`id`, `faq_no`, `product_id`, `question`, `answer`, `category`, `status`, `tags`) VALUES
(20, 'FAQ1', '0', 'pen', 'pen', 'General', 'Draft', '');

-- --------------------------------------------------------

--
-- Table structure for table `vtiger_faqcategories`
--

CREATE TABLE `vtiger_faqcategories` (
  `faqcategories_id` int(19) NOT NULL,
  `faqcategories` varchar(200) DEFAULT NULL,
  `presence` int(1) NOT NULL DEFAULT 1,
  `picklist_valueid` int(19) NOT NULL DEFAULT 0,
  `sortorderid` int(11) DEFAULT NULL,
  `color` varchar(10) DEFAULT NULL
) ENGINE=InnoDB DEFAULT CHARSET=utf8;

--
-- Dumping data for table `vtiger_faqcategories`
--

INSERT INTO `vtiger_faqcategories` (`faqcategories_id`, `faqcategories`, `presence`, `picklist_valueid`, `sortorderid`, `color`) VALUES
(1, 'General', 1, 46, 0, NULL);

-- --------------------------------------------------------

--
-- Table structure for table `vtiger_faqcategories_seq`
--

CREATE TABLE `vtiger_faqcategories_seq` (
  `id` int(11) NOT NULL
) ENGINE=InnoDB DEFAULT CHARSET=utf8;

--
-- Dumping data for table `vtiger_faqcategories_seq`
--

INSERT INTO `vtiger_faqcategories_seq` (`id`) VALUES
(1);

-- --------------------------------------------------------

--
-- Table structure for table `vtiger_faqcf`
--

CREATE TABLE `vtiger_faqcf` (
  `faqid` int(19) NOT NULL DEFAULT 0
) ENGINE=InnoDB DEFAULT CHARSET=utf8;

--
-- Dumping data for table `vtiger_faqcf`
--

INSERT INTO `vtiger_faqcf` (`faqid`) VALUES
(20);

-- --------------------------------------------------------

--
-- Table structure for table `vtiger_faqcomments`
--

CREATE TABLE `vtiger_faqcomments` (
  `commentid` int(19) NOT NULL,
  `faqid` int(19) DEFAULT NULL,
  `comments` text DEFAULT NULL,
  `createdtime` datetime NOT NULL
) ENGINE=InnoDB DEFAULT CHARSET=utf8;

-- --------------------------------------------------------

--
-- Table structure for table `vtiger_faqstatus`
--

CREATE TABLE `vtiger_faqstatus` (
  `faqstatus_id` int(19) NOT NULL,
  `faqstatus` varchar(200) DEFAULT NULL,
  `presence` int(1) NOT NULL DEFAULT 1,
  `picklist_valueid` int(19) NOT NULL DEFAULT 0,
  `sortorderid` int(11) DEFAULT NULL,
  `color` varchar(10) DEFAULT NULL
) ENGINE=InnoDB DEFAULT CHARSET=utf8;

--
-- Dumping data for table `vtiger_faqstatus`
--

INSERT INTO `vtiger_faqstatus` (`faqstatus_id`, `faqstatus`, `presence`, `picklist_valueid`, `sortorderid`, `color`) VALUES
(1, 'Draft', 0, 47, 0, NULL),
(2, 'Reviewed', 0, 48, 1, NULL),
(3, 'Published', 0, 49, 2, NULL),
(4, 'Obsolete', 0, 50, 3, NULL);

-- --------------------------------------------------------

--
-- Table structure for table `vtiger_faqstatus_seq`
--

CREATE TABLE `vtiger_faqstatus_seq` (
  `id` int(11) NOT NULL
) ENGINE=InnoDB DEFAULT CHARSET=utf8;

--
-- Dumping data for table `vtiger_faqstatus_seq`
--

INSERT INTO `vtiger_faqstatus_seq` (`id`) VALUES
(4);

-- --------------------------------------------------------

--
-- Table structure for table `vtiger_feedback`
--

CREATE TABLE `vtiger_feedback` (
  `userid` int(19) DEFAULT NULL,
  `dontshow` varchar(19) DEFAULT 'false'
) ENGINE=InnoDB DEFAULT CHARSET=utf8;

-- --------------------------------------------------------

--
-- Table structure for table `vtiger_field`
--

CREATE TABLE `vtiger_field` (
  `tabid` int(19) NOT NULL,
  `fieldid` int(19) NOT NULL,
  `columnname` varchar(30) NOT NULL,
  `tablename` varchar(100) DEFAULT NULL,
  `generatedtype` int(19) NOT NULL DEFAULT 0,
  `uitype` varchar(30) NOT NULL,
  `fieldname` varchar(50) NOT NULL,
  `fieldlabel` varchar(50) NOT NULL,
  `readonly` int(1) NOT NULL,
  `presence` int(19) NOT NULL DEFAULT 1,
  `defaultvalue` text DEFAULT NULL,
  `maximumlength` int(19) DEFAULT NULL,
  `sequence` int(19) DEFAULT NULL,
  `block` int(19) DEFAULT NULL,
  `displaytype` int(19) DEFAULT NULL,
  `typeofdata` varchar(100) DEFAULT NULL,
  `quickcreate` int(10) NOT NULL DEFAULT 1,
  `quickcreatesequence` int(19) DEFAULT NULL,
  `info_type` varchar(20) DEFAULT NULL,
  `masseditable` int(10) NOT NULL DEFAULT 1,
  `helpinfo` text DEFAULT NULL,
  `summaryfield` int(10) NOT NULL DEFAULT 0,
  `headerfield` int(1) DEFAULT 0,
  `isunique` tinyint(1) DEFAULT 0
) ENGINE=InnoDB DEFAULT CHARSET=utf8;

--
-- Dumping data for table `vtiger_field`
--

INSERT INTO `vtiger_field` (`tabid`, `fieldid`, `columnname`, `tablename`, `generatedtype`, `uitype`, `fieldname`, `fieldlabel`, `readonly`, `presence`, `defaultvalue`, `maximumlength`, `sequence`, `block`, `displaytype`, `typeofdata`, `quickcreate`, `quickcreatesequence`, `info_type`, `masseditable`, `helpinfo`, `summaryfield`, `headerfield`, `isunique`) VALUES
(6, 1, 'accountname', 'vtiger_account', 1, '2', 'accountname', 'Account Name', 1, 0, '', 100, 1, 9, 1, 'V~M', 0, 1, 'BAS', 1, NULL, 1, 0, 1),
(6, 2, 'account_no', 'vtiger_account', 1, '4', 'account_no', 'Account No', 1, 0, '', 100, 2, 9, 1, 'V~O', 3, NULL, 'BAS', 0, NULL, 0, 0, 0),
(6, 3, 'phone', 'vtiger_account', 1, '11', 'phone', 'Phone', 1, 2, '', 100, 4, 9, 1, 'V~O', 2, 2, 'BAS', 1, NULL, 0, 1, 0),
(6, 4, 'website', 'vtiger_account', 1, '17', 'website', 'Website', 1, 2, '', 100, 3, 9, 1, 'V~O', 2, 3, 'BAS', 1, NULL, 0, 1, 0),
(6, 5, 'fax', 'vtiger_account', 1, '11', 'fax', 'Fax', 1, 2, '', 100, 6, 9, 1, 'V~O', 1, NULL, 'BAS', 1, NULL, 0, 0, 0),
(6, 6, 'tickersymbol', 'vtiger_account', 1, '1', 'tickersymbol', 'Ticker Symbol', 1, 2, '', 100, 5, 9, 1, 'V~O', 1, NULL, 'BAS', 1, NULL, 0, 0, 0),
(6, 7, 'otherphone', 'vtiger_account', 1, '11', 'otherphone', 'Other Phone', 1, 2, '', 100, 8, 9, 1, 'V~O', 1, NULL, 'ADV', 1, NULL, 0, 0, 0),
(6, 8, 'parentid', 'vtiger_account', 1, '51', 'account_id', 'Member Of', 1, 2, '', 100, 7, 9, 1, 'I~O', 1, NULL, 'BAS', 0, NULL, 0, 0, 0),
(6, 9, 'email1', 'vtiger_account', 1, '13', 'email1', 'Email', 1, 2, '', 100, 10, 9, 1, 'E~O', 1, NULL, 'BAS', 1, NULL, 0, 1, 0),
(6, 10, 'employees', 'vtiger_account', 1, '7', 'employees', 'Employees', 1, 2, '', 100, 9, 9, 1, 'I~O', 1, NULL, 'ADV', 1, NULL, 0, 0, 0),
(6, 11, 'email2', 'vtiger_account', 1, '13', 'email2', 'Other Email', 1, 2, '', 100, 11, 9, 1, 'E~O', 1, NULL, 'ADV', 1, NULL, 0, 0, 0),
(6, 12, 'ownership', 'vtiger_account', 1, '1', 'ownership', 'Ownership', 1, 2, '', 100, 12, 9, 1, 'V~O', 1, NULL, 'ADV', 1, NULL, 0, 0, 0),
(6, 13, 'rating', 'vtiger_account', 1, '15', 'rating', 'Rating', 1, 2, '', 100, 14, 9, 1, 'V~O', 1, NULL, 'ADV', 1, NULL, 0, 0, 0),
(6, 14, 'industry', 'vtiger_account', 1, '15', 'industry', 'industry', 1, 2, '', 100, 13, 9, 1, 'V~O', 1, NULL, 'ADV', 1, NULL, 0, 0, 0),
(6, 15, 'siccode', 'vtiger_account', 1, '1', 'siccode', 'SIC Code', 1, 2, '', 100, 16, 9, 1, 'V~O', 1, NULL, 'ADV', 1, NULL, 0, 0, 0),
(6, 16, 'account_type', 'vtiger_account', 1, '15', 'accounttype', 'Type', 1, 2, '', 100, 15, 9, 1, 'V~O', 1, NULL, 'ADV', 1, NULL, 0, 0, 0),
(6, 17, 'annualrevenue', 'vtiger_account', 1, '71', 'annual_revenue', 'Annual Revenue', 1, 2, '', 100, 18, 9, 1, 'N~O', 1, NULL, 'ADV', 1, NULL, 0, 0, 0),
(6, 18, 'emailoptout', 'vtiger_account', 1, '56', 'emailoptout', 'Email Opt Out', 1, 0, '', 100, 17, 9, 1, 'C~O', 1, NULL, 'ADV', 1, NULL, 0, 0, 0),
(6, 19, 'notify_owner', 'vtiger_account', 1, '56', 'notify_owner', 'Notify Owner', 1, 2, '', 10, 20, 9, 1, 'C~O', 1, NULL, 'ADV', 1, NULL, 0, 0, 0),
(6, 20, 'smownerid', 'vtiger_crmentity', 1, '53', 'assigned_user_id', 'Assigned To', 1, 0, '', 100, 19, 9, 1, 'V~M', 0, 4, 'BAS', 1, NULL, 1, 0, 0),
(6, 21, 'createdtime', 'vtiger_crmentity', 1, '70', 'createdtime', 'Created Time', 1, 0, '', 100, 22, 9, 2, 'DT~O', 3, NULL, 'BAS', 0, NULL, 0, 0, 0),
(6, 22, 'modifiedtime', 'vtiger_crmentity', 1, '70', 'modifiedtime', 'Modified Time', 1, 0, '', 100, 21, 9, 2, 'DT~O', 3, NULL, 'BAS', 0, NULL, 0, 0, 0),
(6, 23, 'modifiedby', 'vtiger_crmentity', 1, '52', 'modifiedby', 'Last Modified By', 1, 0, '', 100, 23, 9, 3, 'V~O', 3, NULL, 'BAS', 0, NULL, 0, 0, 0),
(6, 24, 'bill_street', 'vtiger_accountbillads', 1, '21', 'bill_street', 'Billing Address', 1, 2, '', 100, 1, 11, 1, 'V~O', 1, NULL, 'BAS', 1, NULL, 0, 0, 0),
(6, 25, 'ship_street', 'vtiger_accountshipads', 1, '21', 'ship_street', 'Shipping Address', 1, 2, '', 100, 2, 11, 1, 'V~O', 1, NULL, 'BAS', 1, NULL, 0, 0, 0),
(6, 26, 'bill_city', 'vtiger_accountbillads', 1, '1', 'bill_city', 'Billing City', 1, 2, '', 100, 5, 11, 1, 'V~O', 1, NULL, 'BAS', 1, NULL, 1, 0, 0),
(6, 27, 'ship_city', 'vtiger_accountshipads', 1, '1', 'ship_city', 'Shipping City', 1, 2, '', 100, 6, 11, 1, 'V~O', 1, NULL, 'BAS', 1, NULL, 0, 0, 0),
(6, 28, 'bill_state', 'vtiger_accountbillads', 1, '1', 'bill_state', 'Billing State', 1, 2, '', 100, 7, 11, 1, 'V~O', 1, NULL, 'BAS', 1, NULL, 0, 0, 0),
(6, 29, 'ship_state', 'vtiger_accountshipads', 1, '1', 'ship_state', 'Shipping State', 1, 2, '', 100, 8, 11, 1, 'V~O', 1, NULL, 'BAS', 1, NULL, 0, 0, 0),
(6, 30, 'bill_code', 'vtiger_accountbillads', 1, '1', 'bill_code', 'Billing Code', 1, 2, '', 100, 9, 11, 1, 'V~O', 1, NULL, 'BAS', 1, NULL, 0, 0, 0),
(6, 31, 'ship_code', 'vtiger_accountshipads', 1, '1', 'ship_code', 'Shipping Code', 1, 2, '', 100, 10, 11, 1, 'V~O', 1, NULL, 'BAS', 1, NULL, 0, 0, 0),
(6, 32, 'bill_country', 'vtiger_accountbillads', 1, '1', 'bill_country', 'Billing Country', 1, 2, '', 100, 11, 11, 1, 'V~O', 1, NULL, 'BAS', 1, NULL, 1, 0, 0),
(6, 33, 'ship_country', 'vtiger_accountshipads', 1, '1', 'ship_country', 'Shipping Country', 1, 2, '', 100, 12, 11, 1, 'V~O', 1, NULL, 'BAS', 1, NULL, 0, 0, 0),
(6, 34, 'bill_pobox', 'vtiger_accountbillads', 1, '1', 'bill_pobox', 'Billing Po Box', 1, 2, '', 100, 3, 11, 1, 'V~O', 1, NULL, 'BAS', 1, NULL, 0, 0, 0),
(6, 35, 'ship_pobox', 'vtiger_accountshipads', 1, '1', 'ship_pobox', 'Shipping Po Box', 1, 2, '', 100, 4, 11, 1, 'V~O', 1, NULL, 'BAS', 1, NULL, 0, 0, 0),
(6, 36, 'description', 'vtiger_crmentity', 1, '19', 'description', 'Description', 1, 2, '', 100, 1, 12, 1, 'V~O', 1, NULL, 'BAS', 1, NULL, 0, 0, 0),
(7, 37, 'salutation', 'vtiger_leaddetails', 1, '55', 'salutationtype', 'Salutation', 1, 0, '', 100, 1, 13, 3, 'V~O', 1, NULL, 'BAS', 1, NULL, 0, 0, 0),
(7, 38, 'firstname', 'vtiger_leaddetails', 1, '55', 'firstname', 'First Name', 1, 0, '', 100, 2, 13, 1, 'V~O', 2, 1, 'BAS', 1, NULL, 1, 0, 0),
(7, 39, 'lead_no', 'vtiger_leaddetails', 1, '4', 'lead_no', 'Lead No', 1, 0, '', 100, 3, 13, 1, 'V~O', 3, NULL, 'BAS', 0, NULL, 0, 0, 0),
(7, 40, 'phone', 'vtiger_leadaddress', 1, '11', 'phone', 'Phone', 1, 2, '', 100, 5, 13, 1, 'V~O', 2, 4, 'BAS', 1, NULL, 0, 1, 0),
(7, 41, 'lastname', 'vtiger_leaddetails', 1, '255', 'lastname', 'Last Name', 1, 0, '', 100, 4, 13, 1, 'V~M', 0, 2, 'BAS', 1, NULL, 1, 0, 0),
(7, 42, 'mobile', 'vtiger_leadaddress', 1, '11', 'mobile', 'Mobile', 1, 2, '', 100, 7, 13, 1, 'V~O', 1, NULL, 'BAS', 1, NULL, 0, 0, 0),
(7, 43, 'company', 'vtiger_leaddetails', 1, '2', 'company', 'Company', 1, 2, '', 100, 6, 13, 1, 'V~O', 2, 3, 'BAS', 1, NULL, 1, 0, 0),
(7, 44, 'fax', 'vtiger_leadaddress', 1, '11', 'fax', 'Fax', 1, 2, '', 100, 9, 13, 1, 'V~O', 1, NULL, 'BAS', 1, NULL, 0, 0, 0),
(7, 45, 'designation', 'vtiger_leaddetails', 1, '1', 'designation', 'Designation', 1, 2, '', 100, 8, 13, 1, 'V~O', 1, NULL, 'BAS', 1, NULL, 0, 0, 0),
(7, 46, 'email', 'vtiger_leaddetails', 1, '13', 'email', 'Email', 1, 2, '', 100, 11, 13, 1, 'E~O', 2, 5, 'BAS', 1, NULL, 0, 1, 0),
(7, 47, 'leadsource', 'vtiger_leaddetails', 1, '15', 'leadsource', 'Lead Source', 1, 2, '', 100, 10, 13, 1, 'V~O', 1, NULL, 'BAS', 1, NULL, 1, 0, 0),
(7, 48, 'website', 'vtiger_leadsubdetails', 1, '17', 'website', 'Website', 1, 2, '', 100, 13, 13, 1, 'V~O', 1, NULL, 'ADV', 1, NULL, 1, 0, 0),
(7, 49, 'industry', 'vtiger_leaddetails', 1, '15', 'industry', 'Industry', 1, 2, '', 100, 12, 13, 1, 'V~O', 1, NULL, 'ADV', 1, NULL, 0, 0, 0),
(7, 50, 'leadstatus', 'vtiger_leaddetails', 1, '15', 'leadstatus', 'Lead Status', 1, 2, '', 100, 15, 13, 1, 'V~O', 1, NULL, 'BAS', 1, NULL, 0, 0, 0),
(7, 51, 'annualrevenue', 'vtiger_leaddetails', 1, '71', 'annualrevenue', 'Annual Revenue', 1, 2, '', 100, 14, 13, 1, 'N~O', 1, NULL, 'ADV', 1, NULL, 0, 0, 0),
(7, 52, 'rating', 'vtiger_leaddetails', 1, '15', 'rating', 'Rating', 1, 2, '', 100, 17, 13, 1, 'V~O', 1, NULL, 'ADV', 1, NULL, 0, 0, 0),
(7, 53, 'noofemployees', 'vtiger_leaddetails', 1, '1', 'noofemployees', 'No Of Employees', 1, 2, '', 100, 16, 13, 1, 'I~O', 1, NULL, 'ADV', 1, NULL, 0, 0, 0),
(7, 54, 'smownerid', 'vtiger_crmentity', 1, '53', 'assigned_user_id', 'Assigned To', 1, 0, '', 100, 19, 13, 1, 'V~M', 0, 6, 'BAS', 1, NULL, 1, 0, 0),
(7, 55, 'secondaryemail', 'vtiger_leaddetails', 1, '13', 'secondaryemail', 'Secondary Email', 1, 2, '', 100, 18, 13, 1, 'E~O', 1, NULL, 'ADV', 1, NULL, 0, 0, 0),
(7, 56, 'createdtime', 'vtiger_crmentity', 1, '70', 'createdtime', 'Created Time', 1, 0, '', 100, 21, 13, 2, 'DT~O', 3, NULL, 'BAS', 0, NULL, 0, 0, 0),
(7, 57, 'modifiedtime', 'vtiger_crmentity', 1, '70', 'modifiedtime', 'Modified Time', 1, 0, '', 100, 20, 13, 2, 'DT~O', 3, NULL, 'BAS', 0, NULL, 0, 0, 0),
(7, 58, 'modifiedby', 'vtiger_crmentity', 1, '52', 'modifiedby', 'Last Modified By', 1, 0, '', 100, 23, 13, 3, 'V~O', 3, NULL, 'BAS', 0, NULL, 0, 0, 0),
(7, 59, 'lane', 'vtiger_leadaddress', 1, '21', 'lane', 'Street', 1, 2, '', 100, 1, 15, 1, 'V~O', 1, NULL, 'BAS', 1, NULL, 0, 0, 0),
(7, 60, 'code', 'vtiger_leadaddress', 1, '1', 'code', 'Postal Code', 1, 2, '', 100, 3, 15, 1, 'V~O', 1, NULL, 'BAS', 1, NULL, 0, 0, 0),
(7, 61, 'city', 'vtiger_leadaddress', 1, '1', 'city', 'City', 1, 2, '', 100, 4, 15, 1, 'V~O', 1, NULL, 'BAS', 1, NULL, 1, 0, 0),
(7, 62, 'country', 'vtiger_leadaddress', 1, '1', 'country', 'Country', 1, 2, '', 100, 5, 15, 1, 'V~O', 1, NULL, 'BAS', 1, NULL, 1, 0, 0),
(7, 63, 'state', 'vtiger_leadaddress', 1, '1', 'state', 'State', 1, 2, '', 100, 6, 15, 1, 'V~O', 1, NULL, 'BAS', 1, NULL, 0, 0, 0),
(7, 64, 'pobox', 'vtiger_leadaddress', 1, '1', 'pobox', 'Po Box', 1, 2, '', 100, 2, 15, 1, 'V~O', 1, NULL, 'BAS', 1, NULL, 0, 0, 0),
(7, 65, 'description', 'vtiger_crmentity', 1, '19', 'description', 'Description', 1, 2, '', 100, 1, 16, 1, 'V~O', 1, NULL, 'BAS', 1, NULL, 0, 0, 0),
(4, 66, 'salutation', 'vtiger_contactdetails', 1, '55', 'salutationtype', 'Salutation', 1, 0, '', 100, 1, 4, 3, 'V~O', 1, NULL, 'BAS', 1, NULL, 0, 0, 0),
(4, 67, 'firstname', 'vtiger_contactdetails', 1, '55', 'firstname', 'First Name', 1, 0, '', 100, 2, 4, 1, 'V~O', 2, 1, 'BAS', 1, NULL, 1, 0, 0),
(4, 68, 'contact_no', 'vtiger_contactdetails', 1, '4', 'contact_no', 'Contact Id', 1, 0, '', 100, 3, 4, 1, 'V~O', 3, NULL, 'BAS', 0, NULL, 0, 0, 0),
(4, 69, 'phone', 'vtiger_contactdetails', 1, '11', 'phone', 'Office Phone', 1, 2, '', 100, 5, 4, 1, 'V~O', 2, 4, 'BAS', 1, NULL, 0, 1, 0),
(4, 70, 'lastname', 'vtiger_contactdetails', 1, '255', 'lastname', 'Last Name', 1, 0, '', 100, 4, 4, 1, 'V~M', 0, 2, 'BAS', 1, NULL, 1, 0, 0),
(4, 71, 'mobile', 'vtiger_contactdetails', 1, '11', 'mobile', 'Mobile', 1, 2, '', 100, 7, 4, 1, 'V~O', 1, NULL, 'BAS', 1, NULL, 0, 0, 0),
(4, 72, 'accountid', 'vtiger_contactdetails', 1, '51', 'account_id', 'Account Name', 1, 0, '', 100, 6, 4, 1, 'I~O', 2, 3, 'BAS', 1, NULL, 1, 0, 0),
(4, 73, 'homephone', 'vtiger_contactsubdetails', 1, '11', 'homephone', 'Home Phone', 1, 2, '', 100, 9, 4, 1, 'V~O', 1, NULL, 'ADV', 1, NULL, 0, 0, 0),
(4, 74, 'leadsource', 'vtiger_contactsubdetails', 1, '15', 'leadsource', 'Lead Source', 1, 2, '', 100, 8, 4, 1, 'V~O', 1, NULL, 'BAS', 1, NULL, 0, 0, 0),
(4, 75, 'otherphone', 'vtiger_contactsubdetails', 1, '11', 'otherphone', 'Other Phone', 1, 2, '', 100, 11, 4, 1, 'V~O', 1, NULL, 'ADV', 1, NULL, 0, 0, 0),
(4, 76, 'title', 'vtiger_contactdetails', 1, '1', 'title', 'Title', 1, 2, '', 100, 10, 4, 1, 'V~O', 1, NULL, 'BAS', 1, NULL, 1, 0, 0),
(4, 77, 'fax', 'vtiger_contactdetails', 1, '11', 'fax', 'Fax', 1, 2, '', 100, 13, 4, 1, 'V~O', 1, NULL, 'BAS', 1, NULL, 0, 0, 0),
(4, 78, 'department', 'vtiger_contactdetails', 1, '1', 'department', 'Department', 1, 2, '', 100, 12, 4, 1, 'V~O', 1, NULL, 'ADV', 1, NULL, 0, 0, 0),
(4, 79, 'birthday', 'vtiger_contactsubdetails', 1, '5', 'birthday', 'Birthdate', 1, 2, '', 100, 16, 4, 1, 'D~O', 1, NULL, 'ADV', 1, NULL, 0, 0, 0),
(4, 80, 'email', 'vtiger_contactdetails', 1, '13', 'email', 'Email', 1, 2, '', 100, 15, 4, 1, 'E~O', 2, 5, 'BAS', 1, NULL, 0, 1, 0),
(4, 81, 'reportsto', 'vtiger_contactdetails', 1, '57', 'contact_id', 'Reports To', 1, 2, '', 100, 18, 4, 1, 'V~O', 1, NULL, 'ADV', 0, NULL, 0, 0, 0),
(4, 82, 'assistant', 'vtiger_contactsubdetails', 1, '1', 'assistant', 'Assistant', 1, 2, '', 100, 17, 4, 1, 'V~O', 1, NULL, 'ADV', 1, NULL, 0, 0, 0),
(4, 83, 'secondaryemail', 'vtiger_contactdetails', 1, '13', 'secondaryemail', 'Secondary Email', 1, 2, '', 100, 20, 4, 1, 'E~O', 1, NULL, 'ADV', 1, NULL, 0, 0, 0),
(4, 84, 'assistantphone', 'vtiger_contactsubdetails', 1, '11', 'assistantphone', 'Assistant Phone', 1, 2, '', 100, 19, 4, 1, 'V~O', 1, NULL, 'ADV', 1, NULL, 0, 0, 0),
(4, 85, 'donotcall', 'vtiger_contactdetails', 1, '56', 'donotcall', 'Do Not Call', 1, 2, '', 100, 22, 4, 1, 'C~O', 1, NULL, 'ADV', 1, NULL, 0, 0, 0),
(4, 86, 'emailoptout', 'vtiger_contactdetails', 1, '56', 'emailoptout', 'Email Opt Out', 1, 0, '', 100, 21, 4, 1, 'C~O', 1, NULL, 'ADV', 1, NULL, 0, 0, 0),
(4, 87, 'smownerid', 'vtiger_crmentity', 1, '53', 'assigned_user_id', 'Assigned To', 1, 0, '', 100, 24, 4, 1, 'V~M', 0, 6, 'BAS', 1, NULL, 1, 0, 0),
(4, 88, 'reference', 'vtiger_contactdetails', 1, '56', 'reference', 'Reference', 1, 2, '', 10, 23, 4, 1, 'C~O', 1, NULL, 'ADV', 1, NULL, 0, 0, 0),
(4, 89, 'notify_owner', 'vtiger_contactdetails', 1, '56', 'notify_owner', 'Notify Owner', 1, 2, '', 10, 26, 4, 1, 'C~O', 1, NULL, 'ADV', 1, NULL, 0, 0, 0),
(4, 90, 'createdtime', 'vtiger_crmentity', 1, '70', 'createdtime', 'Created Time', 1, 0, '', 100, 25, 4, 2, 'DT~O', 3, NULL, 'BAS', 0, NULL, 0, 0, 0),
(4, 91, 'modifiedtime', 'vtiger_crmentity', 1, '70', 'modifiedtime', 'Modified Time', 1, 0, '', 100, 27, 4, 2, 'DT~O', 3, NULL, 'BAS', 0, NULL, 0, 0, 0),
(4, 92, 'modifiedby', 'vtiger_crmentity', 1, '52', 'modifiedby', 'Last Modified By', 1, 0, '', 100, 28, 4, 3, 'V~O', 3, NULL, 'BAS', 0, NULL, 0, 0, 0),
(4, 93, 'portal', 'vtiger_customerdetails', 1, '56', 'portal', 'Portal User', 1, 2, '', 100, 1, 6, 1, 'C~O', 1, NULL, 'ADV', 1, NULL, 0, 0, 0),
(4, 94, 'support_start_date', 'vtiger_customerdetails', 1, '5', 'support_start_date', 'Support Start Date', 1, 2, '', 100, 2, 6, 1, 'D~O', 1, NULL, 'ADV', 1, NULL, 0, 0, 0),
(4, 95, 'support_end_date', 'vtiger_customerdetails', 1, '5', 'support_end_date', 'Support End Date', 1, 2, '', 100, 3, 6, 1, 'D~O~OTH~GE~support_start_date~Support Start Date', 1, NULL, 'ADV', 1, NULL, 0, 0, 0),
(4, 96, 'mailingstreet', 'vtiger_contactaddress', 1, '21', 'mailingstreet', 'Mailing Street', 1, 2, '', 100, 1, 7, 1, 'V~O', 1, NULL, 'BAS', 1, NULL, 0, 0, 0),
(4, 97, 'otherstreet', 'vtiger_contactaddress', 1, '21', 'otherstreet', 'Other Street', 1, 2, '', 100, 2, 7, 1, 'V~O', 1, NULL, 'BAS', 1, NULL, 0, 0, 0),
(4, 98, 'mailingcity', 'vtiger_contactaddress', 1, '1', 'mailingcity', 'Mailing City', 1, 2, '', 100, 5, 7, 1, 'V~O', 1, NULL, 'BAS', 1, NULL, 1, 0, 0),
(4, 99, 'othercity', 'vtiger_contactaddress', 1, '1', 'othercity', 'Other City', 1, 2, '', 100, 6, 7, 1, 'V~O', 1, NULL, 'BAS', 1, NULL, 0, 0, 0),
(4, 100, 'mailingstate', 'vtiger_contactaddress', 1, '1', 'mailingstate', 'Mailing State', 1, 2, '', 100, 7, 7, 1, 'V~O', 1, NULL, 'BAS', 1, NULL, 0, 0, 0),
(4, 101, 'otherstate', 'vtiger_contactaddress', 1, '1', 'otherstate', 'Other State', 1, 2, '', 100, 8, 7, 1, 'V~O', 1, NULL, 'BAS', 1, NULL, 0, 0, 0),
(4, 102, 'mailingzip', 'vtiger_contactaddress', 1, '1', 'mailingzip', 'Mailing Zip', 1, 2, '', 100, 9, 7, 1, 'V~O', 1, NULL, 'BAS', 1, NULL, 0, 0, 0),
(4, 103, 'otherzip', 'vtiger_contactaddress', 1, '1', 'otherzip', 'Other Zip', 1, 2, '', 100, 10, 7, 1, 'V~O', 1, NULL, 'BAS', 1, NULL, 0, 0, 0),
(4, 104, 'mailingcountry', 'vtiger_contactaddress', 1, '1', 'mailingcountry', 'Mailing Country', 1, 2, '', 100, 11, 7, 1, 'V~O', 1, NULL, 'BAS', 1, NULL, 1, 0, 0),
(4, 105, 'othercountry', 'vtiger_contactaddress', 1, '1', 'othercountry', 'Other Country', 1, 2, '', 100, 12, 7, 1, 'V~O', 1, NULL, 'BAS', 1, NULL, 0, 0, 0),
(4, 106, 'mailingpobox', 'vtiger_contactaddress', 1, '1', 'mailingpobox', 'Mailing Po Box', 1, 2, '', 100, 3, 7, 1, 'V~O', 1, NULL, 'BAS', 1, NULL, 0, 0, 0),
(4, 107, 'otherpobox', 'vtiger_contactaddress', 1, '1', 'otherpobox', 'Other Po Box', 1, 2, '', 100, 4, 7, 1, 'V~O', 1, NULL, 'BAS', 1, NULL, 0, 0, 0),
(4, 108, 'imagename', 'vtiger_contactdetails', 1, '69', 'imagename', 'Contact Image', 1, 2, '', 100, 1, 73, 1, 'V~O', 3, NULL, 'ADV', 0, NULL, 0, 0, 0),
(4, 109, 'description', 'vtiger_crmentity', 1, '19', 'description', 'Description', 1, 2, '', 100, 1, 8, 1, 'V~O', 1, NULL, 'BAS', 1, NULL, 0, 0, 0),
(2, 110, 'potentialname', 'vtiger_potential', 1, '2', 'potentialname', 'Potential Name', 1, 0, '', 100, 1, 1, 1, 'V~M', 0, 1, 'BAS', 1, NULL, 1, 0, 0),
(2, 111, 'potential_no', 'vtiger_potential', 1, '4', 'potential_no', 'Potential No', 1, 0, '', 100, 2, 1, 1, 'V~O', 3, NULL, 'BAS', 0, NULL, 0, 0, 0),
(2, 112, 'amount', 'vtiger_potential', 1, '71', 'amount', 'Amount', 1, 2, '', 100, 5, 1, 1, 'N~O', 2, 5, 'BAS', 1, NULL, 0, 1, 0),
(2, 113, 'related_to', 'vtiger_potential', 1, '10', 'related_to', 'Related To', 1, 0, '', 100, 3, 1, 1, 'V~O', 0, 2, 'BAS', 1, NULL, 0, 1, 0),
(2, 114, 'closingdate', 'vtiger_potential', 1, '23', 'closingdate', 'Expected Close Date', 1, 2, '', 100, 8, 1, 1, 'D~M', 2, 3, 'BAS', 1, NULL, 1, 0, 0),
(2, 115, 'potentialtype', 'vtiger_potential', 1, '15', 'opportunity_type', 'Type', 1, 2, '', 100, 7, 1, 1, 'V~O', 1, NULL, 'BAS', 1, NULL, 0, 0, 0),
(2, 116, 'nextstep', 'vtiger_potential', 1, '1', 'nextstep', 'Next Step', 1, 2, '', 100, 10, 1, 1, 'V~O', 1, NULL, 'BAS', 1, NULL, 0, 0, 0),
(2, 117, 'leadsource', 'vtiger_potential', 1, '15', 'leadsource', 'Lead Source', 1, 2, '', 100, 9, 1, 1, 'V~O', 1, NULL, 'BAS', 1, NULL, 0, 0, 0),
(2, 118, 'sales_stage', 'vtiger_potential', 1, '15', 'sales_stage', 'Sales Stage', 1, 2, '', 100, 12, 1, 1, 'V~M', 2, 4, 'BAS', 1, NULL, 0, 1, 0),
(2, 119, 'smownerid', 'vtiger_crmentity', 1, '53', 'assigned_user_id', 'Assigned To', 1, 2, '', 100, 11, 1, 1, 'V~M', 0, 6, 'BAS', 1, NULL, 1, 0, 0),
(2, 120, 'probability', 'vtiger_potential', 1, '9', 'probability', 'Probability', 1, 2, '', 100, 14, 1, 1, 'N~O', 1, NULL, 'BAS', 1, NULL, 0, 0, 0),
(2, 121, 'campaignid', 'vtiger_potential', 1, '58', 'campaignid', 'Campaign Source', 1, 2, '', 100, 13, 1, 1, 'N~O', 1, NULL, 'BAS', 1, NULL, 0, 0, 0),
(2, 122, 'createdtime', 'vtiger_crmentity', 1, '70', 'createdtime', 'Created Time', 1, 0, '', 100, 16, 1, 2, 'DT~O', 3, NULL, 'BAS', 0, NULL, 0, 0, 0),
(2, 123, 'modifiedtime', 'vtiger_crmentity', 1, '70', 'modifiedtime', 'Modified Time', 1, 0, '', 100, 15, 1, 2, 'DT~O', 3, NULL, 'BAS', 0, NULL, 0, 0, 0),
(2, 124, 'modifiedby', 'vtiger_crmentity', 1, '52', 'modifiedby', 'Last Modified By', 1, 0, '', 100, 17, 1, 3, 'V~O', 3, NULL, 'BAS', 0, NULL, 0, 0, 0),
(2, 125, 'description', 'vtiger_crmentity', 1, '19', 'description', 'Description', 1, 2, '', 100, 1, 3, 1, 'V~O', 1, NULL, 'BAS', 1, NULL, 0, 0, 0),
(26, 126, 'campaignname', 'vtiger_campaign', 1, '2', 'campaignname', 'Campaign Name', 1, 0, '', 100, 1, 74, 1, 'V~M', 0, 1, 'BAS', 1, NULL, 1, 0, 0),
(26, 127, 'campaign_no', 'vtiger_campaign', 1, '4', 'campaign_no', 'Campaign No', 1, 0, '', 100, 2, 74, 1, 'V~O', 3, NULL, 'BAS', 0, NULL, 0, 0, 0),
(26, 128, 'campaigntype', 'vtiger_campaign', 1, '15', 'campaigntype', 'Campaign Type', 1, 2, '', 100, 5, 74, 1, 'V~O', 2, 3, 'BAS', 1, NULL, 1, 0, 0),
(26, 129, 'product_id', 'vtiger_campaign', 1, '59', 'product_id', 'Product', 1, 2, '', 100, 6, 74, 1, 'I~O', 2, 5, 'BAS', 1, NULL, 0, 0, 0),
(26, 130, 'campaignstatus', 'vtiger_campaign', 1, '15', 'campaignstatus', 'Campaign Status', 1, 2, '', 100, 4, 74, 1, 'V~O', 2, 6, 'BAS', 1, NULL, 1, 0, 0),
(26, 131, 'closingdate', 'vtiger_campaign', 1, '23', 'closingdate', 'Expected Close Date', 1, 2, '', 100, 8, 74, 1, 'D~M', 2, 2, 'BAS', 1, NULL, 1, 0, 0),
(26, 132, 'smownerid', 'vtiger_crmentity', 1, '53', 'assigned_user_id', 'Assigned To', 1, 0, '', 100, 3, 74, 1, 'V~M', 0, 7, 'BAS', 1, NULL, 1, 0, 0),
(26, 133, 'numsent', 'vtiger_campaign', 1, '9', 'numsent', 'Num Sent', 1, 2, '', 100, 12, 74, 1, 'N~O', 1, NULL, 'BAS', 1, NULL, 0, 0, 0),
(26, 134, 'sponsor', 'vtiger_campaign', 1, '1', 'sponsor', 'Sponsor', 1, 2, '', 100, 9, 74, 1, 'V~O', 1, NULL, 'BAS', 1, NULL, 0, 0, 0),
(26, 135, 'targetaudience', 'vtiger_campaign', 1, '1', 'targetaudience', 'Target Audience', 1, 2, '', 100, 7, 74, 1, 'V~O', 1, NULL, 'BAS', 1, NULL, 0, 0, 0),
(26, 136, 'targetsize', 'vtiger_campaign', 1, '1', 'targetsize', 'TargetSize', 1, 2, '', 100, 10, 74, 1, 'I~O', 1, NULL, 'BAS', 1, NULL, 0, 0, 0),
(26, 137, 'createdtime', 'vtiger_crmentity', 1, '70', 'createdtime', 'Created Time', 1, 0, '', 100, 11, 74, 2, 'DT~O', 3, NULL, 'BAS', 0, NULL, 0, 0, 0),
(26, 138, 'modifiedtime', 'vtiger_crmentity', 1, '70', 'modifiedtime', 'Modified Time', 1, 0, '', 100, 13, 74, 2, 'DT~O', 3, NULL, 'BAS', 0, NULL, 0, 0, 0),
(26, 139, 'modifiedby', 'vtiger_crmentity', 1, '52', 'modifiedby', 'Last Modified By', 1, 0, '', 100, 16, 74, 3, 'V~O', 3, NULL, 'BAS', 0, NULL, 0, 0, 0),
(26, 140, 'expectedresponse', 'vtiger_campaign', 1, '15', 'expectedresponse', 'Expected Response', 1, 2, '', 100, 3, 76, 1, 'V~O', 2, 4, 'BAS', 1, NULL, 0, 0, 0),
(26, 141, 'expectedrevenue', 'vtiger_campaign', 1, '71', 'expectedrevenue', 'Expected Revenue', 1, 2, '', 100, 4, 76, 1, 'N~O', 1, NULL, 'BAS', 1, NULL, 1, 0, 0),
(26, 142, 'budgetcost', 'vtiger_campaign', 1, '71', 'budgetcost', 'Budget Cost', 1, 2, '', 100, 1, 76, 1, 'N~O', 1, NULL, 'BAS', 1, NULL, 0, 0, 0),
(26, 143, 'actualcost', 'vtiger_campaign', 1, '71', 'actualcost', 'Actual Cost', 1, 2, '', 100, 2, 76, 1, 'N~O', 1, NULL, 'BAS', 1, NULL, 0, 0, 0),
(26, 144, 'expectedresponsecount', 'vtiger_campaign', 1, '1', 'expectedresponsecount', 'Expected Response Count', 1, 2, '', 100, 7, 76, 1, 'I~O', 1, NULL, 'BAS', 1, NULL, 0, 0, 0),
(26, 145, 'expectedsalescount', 'vtiger_campaign', 1, '1', 'expectedsalescount', 'Expected Sales Count', 1, 2, '', 100, 5, 76, 1, 'I~O', 1, NULL, 'BAS', 1, NULL, 0, 0, 0),
(26, 146, 'expectedroi', 'vtiger_campaign', 1, '71', 'expectedroi', 'Expected ROI', 1, 2, '', 100, 9, 76, 1, 'N~O', 1, NULL, 'BAS', 1, NULL, 0, 0, 0),
(26, 147, 'actualresponsecount', 'vtiger_campaign', 1, '1', 'actualresponsecount', 'Actual Response Count', 1, 2, '', 100, 8, 76, 1, 'I~O', 1, NULL, 'BAS', 1, NULL, 0, 0, 0),
(26, 148, 'actualsalescount', 'vtiger_campaign', 1, '1', 'actualsalescount', 'Actual Sales Count', 1, 2, '', 100, 6, 76, 1, 'I~O', 1, NULL, 'BAS', 1, NULL, 0, 0, 0),
(26, 149, 'actualroi', 'vtiger_campaign', 1, '71', 'actualroi', 'Actual ROI', 1, 2, '', 100, 10, 76, 1, 'N~O', 1, NULL, 'BAS', 1, NULL, 0, 0, 0),
(26, 150, 'description', 'vtiger_crmentity', 1, '19', 'description', 'Description', 1, 2, '', 100, 1, 81, 1, 'V~O', 1, NULL, 'BAS', 1, NULL, 0, 0, 0),
(4, 151, 'campaignrelstatus', 'vtiger_campaignrelstatus', 1, '16', 'campaignrelstatus', 'Status', 1, 0, '0', 100, 1, NULL, 1, 'V~O', 1, NULL, 'BAS', 0, NULL, 0, 0, 0),
(6, 152, 'campaignrelstatus', 'vtiger_campaignrelstatus', 1, '16', 'campaignrelstatus', 'Status', 1, 0, '0', 100, 1, NULL, 1, 'V~O', 1, NULL, 'BAS', 0, NULL, 0, 0, 0),
(7, 153, 'campaignrelstatus', 'vtiger_campaignrelstatus', 1, '16', 'campaignrelstatus', 'Status', 1, 0, '0', 100, 1, NULL, 1, 'V~O', 1, NULL, 'BAS', 0, NULL, 0, 0, 0),
(26, 154, 'campaignrelstatus', 'vtiger_campaignrelstatus', 1, '16', 'campaignrelstatus', 'Status', 1, 0, '0', 100, 1, NULL, 1, 'V~O', 1, NULL, 'BAS', 0, NULL, 0, 0, 0),
(13, 155, 'ticket_no', 'vtiger_troubletickets', 1, '4', 'ticket_no', 'Ticket No', 1, 0, '', 100, 14, 25, 1, 'V~O', 3, NULL, 'BAS', 0, NULL, 1, 0, 0),
(13, 156, 'smownerid', 'vtiger_crmentity', 1, '53', 'assigned_user_id', 'Assigned To', 1, 0, '', 100, 5, 25, 1, 'V~M', 0, 4, 'BAS', 1, NULL, 1, 0, 0),
(13, 157, 'parent_id', 'vtiger_troubletickets', 1, '10', 'parent_id', 'Related To', 1, 0, '', 100, 2, 25, 1, 'I~O', 1, NULL, 'BAS', 1, NULL, 1, 0, 0),
(13, 158, 'priority', 'vtiger_troubletickets', 1, '15', 'ticketpriorities', 'Priority', 1, 2, '', 100, 7, 25, 1, 'V~M', 2, 3, 'BAS', 1, NULL, 0, 1, 0),
(13, 159, 'product_id', 'vtiger_troubletickets', 1, '59', 'product_id', 'Product Name', 1, 2, '', 100, 6, 25, 1, 'I~O', 1, NULL, 'BAS', 1, NULL, 0, 0, 0),
(13, 160, 'severity', 'vtiger_troubletickets', 1, '15', 'ticketseverities', 'Severity', 1, 2, '', 100, 9, 25, 1, 'V~O', 1, NULL, 'BAS', 1, NULL, 1, 0, 0),
(13, 161, 'status', 'vtiger_troubletickets', 1, '15', 'ticketstatus', 'Status', 1, 2, '', 100, 8, 25, 1, 'V~M', 1, 2, 'BAS', 1, NULL, 1, 0, 0),
(13, 162, 'category', 'vtiger_troubletickets', 1, '15', 'ticketcategories', 'Category', 1, 2, '', 100, 11, 25, 1, 'V~O', 1, NULL, 'BAS', 1, NULL, 0, 0, 0),
(13, 163, 'update_log', 'vtiger_troubletickets', 1, '19', 'update_log', 'Update History', 1, 1, '', 100, 12, 25, 3, 'V~O', 1, NULL, 'BAS', 0, NULL, 0, 0, 0),
(13, 164, 'hours', 'vtiger_troubletickets', 1, '1', 'hours', 'Hours', 1, 2, '', 100, 10, 25, 1, 'N~O', 1, NULL, 'BAS', 1, 'This gives the estimated hours for the Ticket.<br>When the same ticket is added to a Service Contract,based on the Tracking Unit of the Service Contract,Used units is updated whenever a ticket is Closed.', 0, 0, 0),
(13, 165, 'days', 'vtiger_troubletickets', 1, '1', 'days', 'Days', 1, 2, '', 100, 11, 25, 1, 'N~O', 1, NULL, 'BAS', 1, 'This gives the estimated days for the Ticket.<br>When the same ticket is added to a Service Contract,based on the Tracking Unit of the Service Contract,Used units is updated whenever a ticket is Closed.', 0, 0, 0),
(13, 166, 'createdtime', 'vtiger_crmentity', 1, '70', 'createdtime', 'Created Time', 1, 0, '', 100, 10, 25, 2, 'DT~O', 3, NULL, 'BAS', 0, NULL, 0, 0, 0),
(13, 167, 'modifiedtime', 'vtiger_crmentity', 1, '70', 'modifiedtime', 'Modified Time', 1, 0, '', 100, 13, 25, 2, 'DT~O', 3, NULL, 'BAS', 0, NULL, 0, 0, 0),
(13, 168, 'from_portal', 'vtiger_ticketcf', 1, '56', 'from_portal', 'From Portal', 1, 0, '', 100, 14, 25, 3, 'C~O', 3, NULL, 'BAS', 0, NULL, 0, 0, 0),
(13, 169, 'modifiedby', 'vtiger_crmentity', 1, '52', 'modifiedby', 'Last Modified By', 1, 0, '', 100, 17, 25, 3, 'V~O', 3, NULL, 'BAS', 0, NULL, 0, 0, 0),
(13, 170, 'title', 'vtiger_troubletickets', 1, '22', 'ticket_title', 'Title', 1, 0, '', 100, 1, 25, 1, 'V~M', 0, 1, 'BAS', 1, NULL, 1, 0, 0),
(13, 171, 'description', 'vtiger_crmentity', 1, '19', 'description', 'Description', 1, 2, '', 100, 1, 28, 1, 'V~O', 2, 4, 'BAS', 1, NULL, 1, 0, 0),
(13, 172, 'solution', 'vtiger_troubletickets', 1, '19', 'solution', 'Solution', 1, 0, '', 100, 1, 29, 1, 'V~O', 3, NULL, 'BAS', 0, NULL, 0, 0, 0),
(13, 173, 'comments', 'vtiger_ticketcomments', 1, '19', 'comments', 'Add Comment', 1, 1, '', 100, 1, 30, 1, 'V~O', 3, NULL, 'BAS', 0, NULL, 0, 0, 0),
(14, 174, 'productname', 'vtiger_products', 1, '2', 'productname', 'Product Name', 1, 0, '', 100, 1, 31, 1, 'V~M', 0, 1, 'BAS', 1, NULL, 1, 0, 0),
(14, 175, 'product_no', 'vtiger_products', 1, '4', 'product_no', 'Product No', 1, 0, '', 100, 2, 31, 1, 'V~O', 3, NULL, 'BAS', 0, NULL, 0, 1, 0),
(14, 176, 'productcode', 'vtiger_products', 1, '1', 'productcode', 'Part Number', 1, 2, '', 100, 4, 31, 1, 'V~O', 1, NULL, 'BAS', 1, NULL, 1, 0, 0),
(14, 177, 'discontinued', 'vtiger_products', 1, '56', 'discontinued', 'Product Active', 1, 2, '1', 100, 3, 31, 1, 'V~O', 2, 2, 'BAS', 1, NULL, 0, 1, 0),
(14, 178, 'manufacturer', 'vtiger_products', 1, '15', 'manufacturer', 'Manufacturer', 1, 2, '', 100, 6, 31, 1, 'V~O', 1, NULL, 'BAS', 1, NULL, 0, 0, 0),
(14, 179, 'productcategory', 'vtiger_products', 1, '15', 'productcategory', 'Product Category', 1, 2, '', 100, 6, 31, 1, 'V~O', 1, NULL, 'BAS', 1, NULL, 0, 1, 0),
(14, 180, 'sales_start_date', 'vtiger_products', 1, '5', 'sales_start_date', 'Sales Start Date', 1, 2, '', 100, 5, 31, 1, 'D~O', 1, NULL, 'BAS', 1, NULL, 0, 0, 0),
(14, 181, 'sales_end_date', 'vtiger_products', 1, '5', 'sales_end_date', 'Sales End Date', 1, 2, '', 100, 8, 31, 1, 'D~O~OTH~GE~sales_start_date~Sales Start Date', 1, NULL, 'BAS', 1, NULL, 0, 0, 0),
(14, 182, 'start_date', 'vtiger_products', 1, '5', 'start_date', 'Support Start Date', 1, 2, '', 100, 7, 31, 1, 'D~O', 1, NULL, 'BAS', 1, NULL, 0, 0, 0),
(14, 183, 'expiry_date', 'vtiger_products', 1, '5', 'expiry_date', 'Support Expiry Date', 1, 2, '', 100, 10, 31, 1, 'D~O~OTH~GE~start_date~Start Date', 1, NULL, 'BAS', 1, NULL, 0, 0, 0),
(14, 184, 'website', 'vtiger_products', 1, '17', 'website', 'Website', 1, 2, '', 100, 14, 31, 1, 'V~O', 1, NULL, 'BAS', 1, NULL, 0, 0, 0),
(14, 185, 'vendor_id', 'vtiger_products', 1, '75', 'vendor_id', 'Vendor Name', 1, 2, '', 100, 13, 31, 1, 'I~O', 1, NULL, 'BAS', 1, NULL, 0, 0, 0),
(14, 186, 'mfr_part_no', 'vtiger_products', 1, '1', 'mfr_part_no', 'Mfr PartNo', 1, 2, '', 100, 16, 31, 1, 'V~O', 1, NULL, 'BAS', 1, NULL, 0, 0, 0),
(14, 187, 'vendor_part_no', 'vtiger_products', 1, '1', 'vendor_part_no', 'Vendor PartNo', 1, 2, '', 100, 15, 31, 1, 'V~O', 1, NULL, 'BAS', 1, NULL, 0, 0, 0),
(14, 188, 'serialno', 'vtiger_products', 1, '1', 'serial_no', 'Serial No', 1, 2, '', 100, 18, 31, 1, 'V~O', 1, NULL, 'BAS', 1, NULL, 0, 0, 0),
(14, 189, 'productsheet', 'vtiger_products', 1, '1', 'productsheet', 'Product Sheet', 1, 2, '', 100, 17, 31, 1, 'V~O', 1, NULL, 'BAS', 1, NULL, 0, 0, 0),
(14, 190, 'glacct', 'vtiger_products', 1, '15', 'glacct', 'GL Account', 1, 2, '', 100, 20, 31, 1, 'V~O', 1, NULL, 'BAS', 1, NULL, 0, 0, 0),
(14, 191, 'createdtime', 'vtiger_crmentity', 1, '70', 'createdtime', 'Created Time', 1, 0, '', 100, 19, 31, 2, 'DT~O', 3, NULL, 'BAS', 0, NULL, 0, 0, 0),
(14, 192, 'modifiedtime', 'vtiger_crmentity', 1, '70', 'modifiedtime', 'Modified Time', 1, 0, '', 100, 21, 31, 2, 'DT~O', 3, NULL, 'BAS', 0, NULL, 0, 0, 0),
(14, 193, 'modifiedby', 'vtiger_crmentity', 1, '52', 'modifiedby', 'Last Modified By', 1, 0, '', 100, 22, 31, 3, 'V~O', 3, NULL, 'BAS', 0, NULL, 0, 0, 0),
(14, 194, 'unit_price', 'vtiger_products', 1, '72', 'unit_price', 'Unit Price', 1, 0, '', 100, 1, 32, 1, 'N~O', 2, 3, 'BAS', 0, NULL, 1, 0, 0),
(14, 195, 'commissionrate', 'vtiger_products', 1, '9', 'commissionrate', 'Commission Rate', 1, 2, '', 100, 2, 32, 1, 'N~O', 1, NULL, 'BAS', 1, NULL, 1, 0, 0),
(14, 196, 'taxclass', 'vtiger_products', 1, '83', 'taxclass', 'Taxes', 1, 2, '', 100, 4, 32, 1, 'V~O', 2, NULL, 'BAS', 1, NULL, 0, 0, 0),
(14, 197, 'usageunit', 'vtiger_products', 1, '15', 'usageunit', 'Usage Unit', 1, 2, '', 100, 1, 33, 1, 'V~O', 1, NULL, 'ADV', 1, NULL, 0, 0, 0),
(14, 198, 'qty_per_unit', 'vtiger_products', 1, '1', 'qty_per_unit', 'Qty/Unit', 1, 2, '', 100, 2, 33, 1, 'N~O', 1, NULL, 'ADV', 1, NULL, 1, 0, 0),
(14, 199, 'qtyinstock', 'vtiger_products', 1, '1', 'qtyinstock', 'Qty In Stock', 1, 2, '', 100, 3, 33, 1, 'NN~O', 0, 4, 'ADV', 1, NULL, 0, 1, 0),
(14, 200, 'reorderlevel', 'vtiger_products', 1, '1', 'reorderlevel', 'Reorder Level', 1, 2, '', 100, 4, 33, 1, 'I~O', 1, NULL, 'ADV', 1, NULL, 0, 0, 0),
(14, 201, 'smownerid', 'vtiger_crmentity', 1, '53', 'assigned_user_id', 'Handler', 1, 0, '', 100, 5, 33, 1, 'V~M', 0, 5, 'BAS', 1, NULL, 0, 0, 0),
(14, 202, 'qtyindemand', 'vtiger_products', 1, '1', 'qtyindemand', 'Qty In Demand', 1, 2, '', 100, 6, 33, 1, 'I~O', 1, NULL, 'ADV', 1, NULL, 0, 0, 0),
(14, 203, 'imagename', 'vtiger_products', 1, '69', 'imagename', 'Product Image', 1, 2, '', 100, 1, 35, 1, 'V~O', 3, NULL, 'ADV', 0, NULL, 0, 0, 0),
(14, 204, 'description', 'vtiger_crmentity', 1, '19', 'description', 'Description', 1, 2, '', 100, 1, 36, 1, 'V~O', 1, NULL, 'BAS', 1, NULL, 0, 0, 0),
(8, 205, 'title', 'vtiger_notes', 1, '2', 'notes_title', 'Title', 1, 0, '', 100, 1, 17, 1, 'V~M', 0, 1, 'BAS', 1, NULL, 1, 0, 0),
(8, 206, 'createdtime', 'vtiger_crmentity', 1, '70', 'createdtime', 'Created Time', 1, 0, '', 100, 5, 17, 2, 'DT~O', 3, NULL, 'BAS', 0, NULL, 0, 0, 0),
(8, 207, 'modifiedtime', 'vtiger_crmentity', 1, '70', 'modifiedtime', 'Modified Time', 1, 0, '', 100, 6, 17, 2, 'DT~O', 3, NULL, 'BAS', 0, NULL, 1, 0, 0),
(8, 208, 'filename', 'vtiger_notes', 1, '28', 'filename', 'File Name', 1, 2, '', 100, 3, 18, 1, 'V~O', 0, NULL, 'BAS', 0, NULL, 1, 0, 0),
(8, 209, 'smownerid', 'vtiger_crmentity', 1, '53', 'assigned_user_id', 'Assigned To', 1, 0, '', 100, 4, 17, 1, 'V~M', 0, 3, 'BAS', 1, NULL, 1, 0, 0),
(8, 210, 'notecontent', 'vtiger_notes', 1, '19', 'notecontent', 'Note', 1, 2, '', 100, 1, 84, 1, 'V~O', 1, NULL, 'BAS', 0, NULL, 0, 0, 0),
(8, 211, 'filetype', 'vtiger_notes', 1, '1', 'filetype', 'File Type', 1, 2, NULL, 100, 5, 18, 2, 'V~O', 3, NULL, 'BAS', 0, NULL, 0, 0, 0),
(8, 212, 'filesize', 'vtiger_notes', 1, '1', 'filesize', 'File Size', 1, 2, NULL, 100, 4, 18, 2, 'I~O', 3, NULL, 'BAS', 0, NULL, 0, 0, 0),
(8, 213, 'filelocationtype', 'vtiger_notes', 1, '27', 'filelocationtype', 'Download Type', 1, 0, NULL, 100, 1, 18, 1, 'V~O', 0, NULL, 'BAS', 0, NULL, 0, 0, 0),
(8, 214, 'fileversion', 'vtiger_notes', 1, '1', 'fileversion', 'Version', 1, 2, NULL, 100, 6, 18, 1, 'V~O', 1, NULL, 'BAS', 1, NULL, 0, 0, 0),
(8, 215, 'filestatus', 'vtiger_notes', 1, '56', 'filestatus', 'Active', 1, 2, '1', 100, 2, 18, 1, 'V~O', 1, NULL, 'BAS', 1, NULL, 0, 0, 0),
(8, 216, 'filedownloadcount', 'vtiger_notes', 1, '1', 'filedownloadcount', 'Download Count', 1, 2, NULL, 100, 7, 18, 2, 'I~O', 3, NULL, 'BAS', 0, NULL, 0, 0, 0),
(8, 217, 'folderid', 'vtiger_notes', 1, '26', 'folderid', 'Folder Name', 1, 2, '', 100, 2, 17, 1, 'V~O', 2, 2, 'BAS', 1, NULL, 1, 0, 0),
(8, 218, 'note_no', 'vtiger_notes', 1, '4', 'note_no', 'Document No', 1, 0, '', 100, 3, 17, 1, 'V~O', 3, NULL, 'BAS', 0, NULL, 0, 0, 0),
(8, 219, 'modifiedby', 'vtiger_crmentity', 1, '52', 'modifiedby', 'Last Modified By', 1, 0, '', 100, 12, 17, 3, 'V~O', 3, NULL, 'BAS', 0, NULL, 0, 0, 0),
(10, 220, 'date_start', 'vtiger_activity', 1, '6', 'date_start', 'Date & Time Sent', 1, 0, '', 100, 1, 21, 1, 'DT~M~time_start~Time Start', 1, NULL, 'BAS', 1, NULL, 0, 0, 0),
(10, 221, 'semodule', 'vtiger_activity', 1, '2', 'parent_type', 'Sales Enity Module', 1, 0, '', 100, 2, 21, 3, '', 1, NULL, 'BAS', 1, NULL, 0, 0, 0),
(10, 222, 'activitytype', 'vtiger_activity', 1, '2', 'activitytype', 'Activtiy Type', 1, 0, '', 100, 3, 21, 3, 'V~O', 1, NULL, 'BAS', 1, NULL, 0, 0, 0),
(10, 223, 'smownerid', 'vtiger_crmentity', 1, '53', 'assigned_user_id', 'Assigned To', 1, 0, '', 100, 5, 21, 1, 'V~M', 1, NULL, 'BAS', 1, NULL, 0, 0, 0),
(10, 224, 'subject', 'vtiger_activity', 1, '2', 'subject', 'Subject', 1, 0, '', 100, 1, 23, 1, 'V~M', 1, NULL, 'BAS', 1, NULL, 0, 0, 0),
(10, 225, 'name', 'vtiger_attachments', 1, '61', 'filename', 'Attachment', 1, 0, '', 100, 2, 23, 1, 'V~O', 1, NULL, 'BAS', 1, NULL, 0, 0, 0),
(10, 226, 'description', 'vtiger_crmentity', 1, '19', 'description', 'Description', 1, 0, '', 100, 1, 24, 1, 'V~O', 1, NULL, 'BAS', 1, NULL, 0, 0, 0),
(10, 227, 'time_start', 'vtiger_activity', 1, '2', 'time_start', 'Time Start', 1, 0, '', 100, 9, 23, 1, 'T~O', 1, NULL, 'BAS', 1, NULL, 0, 0, 0),
(10, 228, 'createdtime', 'vtiger_crmentity', 1, '70', 'createdtime', 'Created Time', 1, 0, '', 100, 10, 22, 1, 'DT~O', 3, NULL, 'BAS', 0, NULL, 0, 0, 0),
(10, 229, 'modifiedtime', 'vtiger_crmentity', 1, '70', 'modifiedtime', 'Modified Time', 1, 0, '', 100, 11, 21, 2, 'DT~O', 3, NULL, 'BAS', 0, NULL, 0, 0, 0),
(10, 230, 'access_count', 'vtiger_email_track', 1, '25', 'access_count', 'Access Count', 1, 0, '0', 100, 6, 21, 3, 'I~O', 1, NULL, 'BAS', 0, NULL, 0, 0, 0),
(10, 231, 'modifiedby', 'vtiger_crmentity', 1, '52', 'modifiedby', 'Last Modified By', 1, 0, '', 100, 12, 21, 3, 'V~O', 3, NULL, 'BAS', 0, NULL, 0, 0, 0),
(9, 232, 'subject', 'vtiger_activity', 1, '2', 'subject', 'Subject', 1, 0, '', 100, 1, 19, 1, 'V~M', 0, 1, 'BAS', 1, NULL, 1, 0, 0),
(9, 233, 'smownerid', 'vtiger_crmentity', 1, '53', 'assigned_user_id', 'Assigned To', 1, 0, '', 100, 2, 19, 1, 'V~M', 0, 4, 'BAS', 1, NULL, 1, 0, 0),
(9, 234, 'date_start', 'vtiger_activity', 1, '6', 'date_start', 'Start Date & Time', 1, 0, '', 100, 3, 19, 1, 'DT~M~time_start', 0, 2, 'BAS', 1, NULL, 1, 0, 0),
(9, 235, 'time_start', 'vtiger_activity', 1, '2', 'time_start', 'Time Start', 1, 0, '', 100, 4, 19, 3, 'T~M', 1, NULL, 'BAS', 1, NULL, 1, 0, 0),
(9, 236, 'time_end', 'vtiger_activity', 1, '2', 'time_end', 'End Time', 1, 0, '', 100, 4, 19, 3, 'T~O', 1, NULL, 'BAS', 1, NULL, 1, 0, 0),
(9, 237, 'due_date', 'vtiger_activity', 1, '23', 'due_date', 'Due Date', 1, 0, '', 100, 5, 19, 1, 'D~M~OTH~GE~date_start~Start Date & Time', 1, NULL, 'BAS', 1, NULL, 1, 0, 0),
(9, 238, 'crmid', 'vtiger_seactivityrel', 1, '66', 'parent_id', 'Related To', 1, 0, '', 100, 7, 19, 1, 'I~O', 1, NULL, 'BAS', 1, NULL, 1, 0, 0),
(9, 239, 'contactid', 'vtiger_cntactivityrel', 1, '57', 'contact_id', 'Contact Name', 1, 0, '', 100, 8, 19, 1, 'I~O', 1, NULL, 'BAS', 1, NULL, 0, 0, 0),
(9, 240, 'status', 'vtiger_activity', 1, '15', 'taskstatus', 'Status', 1, 0, '', 100, 8, 19, 1, 'V~M', 0, 3, 'BAS', 1, NULL, 0, 0, 0),
(9, 241, 'eventstatus', 'vtiger_activity', 1, '15', 'eventstatus', 'Status', 1, 0, '', 100, 9, 19, 3, 'V~O', 1, NULL, 'BAS', 1, NULL, 0, 0, 0),
(9, 242, 'priority', 'vtiger_activity', 1, '15', 'taskpriority', 'Priority', 1, 0, '', 100, 10, 19, 1, 'V~O', 1, NULL, 'BAS', 1, NULL, 0, 0, 0),
(9, 243, 'sendnotification', 'vtiger_activity', 1, '56', 'sendnotification', 'Send Notification', 1, 0, '', 100, 11, 19, 1, 'C~O', 1, NULL, 'BAS', 1, NULL, 0, 0, 0),
(9, 244, 'createdtime', 'vtiger_crmentity', 1, '70', 'createdtime', 'Created Time', 1, 0, '', 100, 14, 19, 2, 'DT~O', 3, NULL, 'BAS', 0, NULL, 0, 0, 0),
(9, 245, 'modifiedtime', 'vtiger_crmentity', 1, '70', 'modifiedtime', 'Modified Time', 1, 0, '', 100, 15, 19, 2, 'DT~O', 3, NULL, 'BAS', 0, NULL, 0, 0, 0),
(9, 246, 'activitytype', 'vtiger_activity', 1, '15', 'activitytype', 'Activity Type', 1, 0, '', 100, 16, 19, 3, 'V~O', 1, NULL, 'BAS', 1, NULL, 1, 0, 0),
(9, 247, 'visibility', 'vtiger_activity', 1, '16', 'visibility', 'Visibility', 1, 0, '', 100, 17, 19, 3, 'V~O', 1, NULL, 'BAS', 1, NULL, 0, 0, 0),
(9, 248, 'description', 'vtiger_crmentity', 1, '19', 'description', 'Description', 1, 0, '', 100, 1, 20, 1, 'V~O', 1, NULL, 'BAS', 1, NULL, 0, 0, 0),
(9, 249, 'duration_hours', 'vtiger_activity', 1, '63', 'duration_hours', 'Duration', 1, 0, '', 100, 17, 19, 3, 'T~O', 1, NULL, 'BAS', 1, NULL, 0, 0, 0),
(9, 250, 'duration_minutes', 'vtiger_activity', 1, '16', 'duration_minutes', 'Duration Minutes', 1, 0, '', 100, 18, 19, 3, 'T~O', 1, NULL, 'BAS', 1, NULL, 0, 0, 0),
(9, 251, 'location', 'vtiger_activity', 1, '1', 'location', 'Location', 1, 0, '', 100, 19, 19, 1, 'V~O', 1, NULL, 'BAS', 1, NULL, 0, 0, 0),
(9, 252, 'reminder_time', 'vtiger_activity_reminder', 1, '30', 'reminder_time', 'Send Reminder', 1, 0, '', 100, 1, 120, 1, 'I~O', 1, NULL, 'BAS', 1, NULL, 0, 0, 0),
(9, 253, 'recurringtype', 'vtiger_activity', 1, '16', 'recurringtype', 'Recurrence', 1, 0, '', 100, 6, 19, 3, 'O~O', 1, NULL, 'BAS', 1, NULL, 1, 0, 0),
(9, 254, 'notime', 'vtiger_activity', 1, '56', 'notime', 'No Time', 1, 0, '', 100, 20, 19, 3, 'C~O', 1, NULL, 'BAS', 1, NULL, 0, 0, 0),
(9, 255, 'modifiedby', 'vtiger_crmentity', 1, '52', 'modifiedby', 'Last Modified By', 1, 0, '', 100, 22, 19, 3, 'V~O', 3, NULL, 'BAS', 0, NULL, 0, 0, 0),
(16, 256, 'subject', 'vtiger_activity', 1, '2', 'subject', 'Subject', 1, 0, '', 100, 1, 39, 1, 'V~M', 0, 1, 'BAS', 1, NULL, 1, 0, 0),
(16, 257, 'smownerid', 'vtiger_crmentity', 1, '53', 'assigned_user_id', 'Assigned To', 1, 0, '', 100, 2, 39, 1, 'V~M', 0, 6, 'BAS', 1, NULL, 1, 0, 0),
(16, 258, 'date_start', 'vtiger_activity', 1, '6', 'date_start', 'Start Date & Time', 1, 0, '', 100, 3, 39, 1, 'DT~M~time_start', 0, 2, 'BAS', 1, NULL, 1, 0, 0),
(16, 259, 'time_start', 'vtiger_activity', 1, '2', 'time_start', 'Time Start', 1, 0, '', 100, 4, 39, 3, 'T~M', 1, NULL, 'BAS', 1, NULL, 1, 0, 0),
(16, 260, 'due_date', 'vtiger_activity', 1, '23', 'due_date', 'End Date', 1, 0, '', 100, 5, 39, 1, 'D~M~OTH~GE~date_start~Start Date & Time', 0, 5, 'BAS', 1, NULL, 1, 0, 0),
(16, 261, 'time_end', 'vtiger_activity', 1, '2', 'time_end', 'End Time', 1, 0, '', 100, 5, 39, 3, 'T~M', 1, NULL, 'BAS', 1, NULL, 1, 0, 0),
(16, 262, 'recurringtype', 'vtiger_activity', 1, '16', 'recurringtype', 'Recurrence', 1, 0, '', 100, 6, 117, 1, 'O~O', 1, NULL, 'BAS', 1, NULL, 1, 0, 0),
(16, 263, 'duration_hours', 'vtiger_activity', 1, '63', 'duration_hours', 'Duration', 1, 0, '', 100, 7, 39, 3, 'I~M', 1, NULL, 'BAS', 1, NULL, 0, 0, 0),
(16, 264, 'duration_minutes', 'vtiger_activity', 1, '16', 'duration_minutes', 'Duration Minutes', 1, 0, '', 100, 8, 39, 3, 'O~O', 1, NULL, 'BAS', 1, NULL, 0, 0, 0),
(16, 265, 'crmid', 'vtiger_seactivityrel', 1, '66', 'parent_id', 'Related To', 1, 0, '', 100, 9, 119, 1, 'I~O', 2, NULL, 'BAS', 1, NULL, 1, 0, 0),
(16, 266, 'eventstatus', 'vtiger_activity', 1, '15', 'eventstatus', 'Status', 1, 0, '', 100, 10, 39, 1, 'V~M', 0, 3, 'BAS', 1, NULL, 0, 0, 0),
(16, 267, 'sendnotification', 'vtiger_activity', 1, '56', 'sendnotification', 'Send Notification', 1, 0, '', 100, 11, 39, 1, 'C~O', 1, NULL, 'BAS', 1, NULL, 0, 0, 0),
(16, 268, 'activitytype', 'vtiger_activity', 1, '15', 'activitytype', 'Activity Type', 1, 0, '', 100, 12, 39, 1, 'V~M', 0, 4, 'BAS', 1, NULL, 1, 0, 0),
(16, 269, 'location', 'vtiger_activity', 1, '1', 'location', 'Location', 1, 0, '', 100, 13, 39, 1, 'V~O', 1, NULL, 'BAS', 1, NULL, 0, 0, 0),
(16, 270, 'createdtime', 'vtiger_crmentity', 1, '70', 'createdtime', 'Created Time', 1, 0, '', 100, 14, 39, 2, 'DT~O', 3, NULL, 'BAS', 0, NULL, 0, 0, 0),
(16, 271, 'modifiedtime', 'vtiger_crmentity', 1, '70', 'modifiedtime', 'Modified Time', 1, 0, '', 100, 15, 39, 2, 'DT~O', 3, NULL, 'BAS', 0, NULL, 0, 0, 0),
(16, 272, 'priority', 'vtiger_activity', 1, '15', 'taskpriority', 'Priority', 1, 0, '', 100, 16, 39, 1, 'V~O', 1, NULL, 'BAS', 1, NULL, 0, 0, 0),
(16, 273, 'notime', 'vtiger_activity', 1, '56', 'notime', 'No Time', 1, 0, '', 100, 17, 39, 3, 'C~O', 1, NULL, 'BAS', 1, NULL, 0, 0, 0),
(16, 274, 'visibility', 'vtiger_activity', 1, '16', 'visibility', 'Visibility', 1, 0, '', 100, 18, 39, 1, 'V~O', 1, NULL, 'BAS', 1, NULL, 0, 0, 0),
(16, 275, 'modifiedby', 'vtiger_crmentity', 1, '52', 'modifiedby', 'Last Modified By', 1, 0, '', 100, 22, 39, 3, 'V~O', 3, NULL, 'BAS', 0, NULL, 0, 0, 0),
(16, 276, 'description', 'vtiger_crmentity', 1, '19', 'description', 'Description', 1, 0, '', 100, 1, 41, 1, 'V~O', 1, NULL, 'BAS', 1, NULL, 0, 0, 0),
(16, 277, 'reminder_time', 'vtiger_activity_reminder', 1, '30', 'reminder_time', 'Send Reminder', 1, 0, '', 100, 1, 40, 1, 'I~O', 1, NULL, 'BAS', 1, NULL, 0, 0, 0),
(16, 278, 'contactid', 'vtiger_cntactivityrel', 1, '57', 'contact_id', 'Contact Name', 1, 0, '', 100, 1, 119, 1, 'I~O', 2, NULL, 'BAS', 1, NULL, 0, 0, 0),
(15, 279, 'product_id', 'vtiger_faq', 1, '59', 'product_id', 'Product Name', 1, 2, '', 100, 1, 37, 1, 'I~O', 3, NULL, 'BAS', 1, NULL, 1, 0, 0),
(15, 280, 'faq_no', 'vtiger_faq', 1, '4', 'faq_no', 'Faq No', 1, 0, '', 100, 2, 37, 1, 'V~O', 3, NULL, 'BAS', 0, NULL, 0, 0, 0),
(15, 281, 'category', 'vtiger_faq', 1, '15', 'faqcategories', 'Category', 1, 2, '', 100, 4, 37, 1, 'V~O', 3, NULL, 'BAS', 1, NULL, 1, 0, 0),
(15, 282, 'status', 'vtiger_faq', 1, '15', 'faqstatus', 'Status', 1, 2, '', 100, 3, 37, 1, 'V~M', 3, NULL, 'BAS', 1, NULL, 0, 0, 0),
(15, 283, 'question', 'vtiger_faq', 1, '20', 'question', 'Question', 1, 2, '', 100, 7, 37, 1, 'V~M', 3, NULL, 'BAS', 1, NULL, 1, 0, 0),
(15, 284, 'answer', 'vtiger_faq', 1, '20', 'faq_answer', 'Answer', 1, 2, '', 100, 8, 37, 1, 'V~M', 3, NULL, 'BAS', 1, NULL, 0, 0, 0),
(15, 285, 'comments', 'vtiger_faqcomments', 1, '19', 'comments', 'Add Comment', 1, 1, '', 100, 1, 38, 1, 'V~O', 3, NULL, 'BAS', 0, NULL, 0, 0, 0),
(15, 286, 'createdtime', 'vtiger_crmentity', 1, '70', 'createdtime', 'Created Time', 1, 0, '', 100, 5, 37, 2, 'DT~O', 3, NULL, 'BAS', 0, NULL, 1, 0, 0),
(15, 287, 'modifiedtime', 'vtiger_crmentity', 1, '70', 'modifiedtime', 'Modified Time', 1, 0, '', 100, 6, 37, 2, 'DT~O', 3, NULL, 'BAS', 0, NULL, 1, 0, 0),
(15, 288, 'modifiedby', 'vtiger_crmentity', 1, '52', 'modifiedby', 'Last Modified By', 1, 0, '', 100, 7, 37, 3, 'V~O', 3, NULL, 'BAS', 0, NULL, 0, 0, 0),
(18, 289, 'vendorname', 'vtiger_vendor', 1, '2', 'vendorname', 'Vendor Name', 1, 0, '', 100, 1, 42, 1, 'V~M', 0, 1, 'BAS', 1, NULL, 1, 0, 0),
(18, 290, 'vendor_no', 'vtiger_vendor', 1, '4', 'vendor_no', 'Vendor No', 1, 0, '', 100, 2, 42, 1, 'V~O', 3, NULL, 'BAS', 0, NULL, 0, 0, 0),
(18, 291, 'phone', 'vtiger_vendor', 1, '1', 'phone', 'Phone', 1, 2, '', 100, 4, 42, 1, 'V~O', 2, 2, 'BAS', 1, NULL, 0, 1, 0),
(18, 292, 'email', 'vtiger_vendor', 1, '13', 'email', 'Email', 1, 2, '', 100, 3, 42, 1, 'E~O', 2, 3, 'BAS', 1, NULL, 0, 1, 0),
(18, 293, 'website', 'vtiger_vendor', 1, '17', 'website', 'Website', 1, 2, '', 100, 6, 42, 1, 'V~O', 1, NULL, 'BAS', 1, NULL, 0, 1, 0),
(18, 294, 'glacct', 'vtiger_vendor', 1, '15', 'glacct', 'GL Account', 1, 2, '', 100, 5, 42, 1, 'V~O', 1, NULL, 'BAS', 1, NULL, 0, 0, 0),
(18, 295, 'category', 'vtiger_vendor', 1, '1', 'category', 'Category', 1, 2, '', 100, 8, 42, 1, 'V~O', 1, NULL, 'BAS', 1, NULL, 1, 0, 0),
(18, 296, 'createdtime', 'vtiger_crmentity', 1, '70', 'createdtime', 'Created Time', 1, 0, '', 100, 7, 42, 2, 'DT~O', 3, NULL, 'BAS', 0, NULL, 0, 0, 0),
(18, 297, 'modifiedtime', 'vtiger_crmentity', 1, '70', 'modifiedtime', 'Modified Time', 1, 0, '', 100, 9, 42, 2, 'DT~O', 3, NULL, 'BAS', 0, NULL, 0, 0, 0),
(18, 298, 'modifiedby', 'vtiger_crmentity', 1, '52', 'modifiedby', 'Last Modified By', 1, 0, '', 100, 12, 42, 3, 'V~O', 3, NULL, 'BAS', 0, NULL, 0, 0, 0),
(18, 299, 'street', 'vtiger_vendor', 1, '21', 'street', 'Street', 1, 2, '', 100, 1, 44, 1, 'V~O', 1, NULL, 'ADV', 1, NULL, 0, 0, 0),
(18, 300, 'pobox', 'vtiger_vendor', 1, '1', 'pobox', 'Po Box', 1, 2, '', 100, 2, 44, 1, 'V~O', 1, NULL, 'ADV', 1, NULL, 0, 0, 0),
(18, 301, 'city', 'vtiger_vendor', 1, '1', 'city', 'City', 1, 2, '', 100, 3, 44, 1, 'V~O', 1, NULL, 'ADV', 1, NULL, 0, 0, 0),
(18, 302, 'state', 'vtiger_vendor', 1, '1', 'state', 'State', 1, 2, '', 100, 4, 44, 1, 'V~O', 1, NULL, 'ADV', 1, NULL, 0, 0, 0),
(18, 303, 'postalcode', 'vtiger_vendor', 1, '1', 'postalcode', 'Postal Code', 1, 2, '', 100, 5, 44, 1, 'V~O', 1, NULL, 'ADV', 1, NULL, 0, 0, 0),
(18, 304, 'country', 'vtiger_vendor', 1, '1', 'country', 'Country', 1, 2, '', 100, 6, 44, 1, 'V~O', 1, NULL, 'ADV', 1, NULL, 0, 0, 0),
(18, 305, 'description', 'vtiger_crmentity', 1, '19', 'description', 'Description', 1, 2, '', 100, 1, 45, 1, 'V~O', 1, NULL, 'ADV', 1, NULL, 0, 0, 0),
(19, 306, 'bookname', 'vtiger_pricebook', 1, '2', 'bookname', 'Price Book Name', 1, 0, '', 100, 1, 46, 1, 'V~M', 0, 1, 'BAS', 1, NULL, 1, 0, 0),
(19, 307, 'pricebook_no', 'vtiger_pricebook', 1, '4', 'pricebook_no', 'PriceBook No', 1, 0, '', 100, 3, 46, 1, 'V~O', 3, NULL, 'BAS', 0, NULL, 0, 0, 0),
(19, 308, 'active', 'vtiger_pricebook', 1, '56', 'active', 'Active', 1, 2, '1', 100, 2, 46, 1, 'C~O', 2, 2, 'BAS', 1, NULL, 1, 0, 0),
(19, 309, 'createdtime', 'vtiger_crmentity', 1, '70', 'createdtime', 'Created Time', 1, 0, '', 100, 4, 46, 2, 'DT~O', 3, NULL, 'BAS', 0, NULL, 0, 0, 0),
(19, 310, 'modifiedtime', 'vtiger_crmentity', 1, '70', 'modifiedtime', 'Modified Time', 1, 0, '', 100, 5, 46, 2, 'DT~O', 3, NULL, 'BAS', 0, NULL, 0, 0, 0),
(19, 311, 'currency_id', 'vtiger_pricebook', 1, '117', 'currency_id', 'Currency', 1, 0, '', 100, 5, 46, 1, 'I~M', 0, 3, 'BAS', 0, NULL, 0, 0, 0),
(19, 312, 'modifiedby', 'vtiger_crmentity', 1, '52', 'modifiedby', 'Last Modified By', 1, 0, '', 100, 7, 46, 3, 'V~O', 3, NULL, 'BAS', 0, NULL, 0, 0, 0),
(19, 313, 'description', 'vtiger_crmentity', 1, '19', 'description', 'Description', 1, 2, '', 100, 1, 48, 1, 'V~O', 1, NULL, 'BAS', 1, NULL, 0, 0, 0),
(20, 314, 'quote_no', 'vtiger_quotes', 1, '4', 'quote_no', 'Quote No', 1, 0, '', 100, 3, 49, 1, 'V~O', 3, NULL, 'BAS', 0, NULL, 1, 0, 0),
(20, 315, 'subject', 'vtiger_quotes', 1, '2', 'subject', 'Subject', 1, 0, '', 100, 1, 49, 1, 'V~M', 1, NULL, 'BAS', 1, NULL, 1, 0, 0),
(20, 316, 'potentialid', 'vtiger_quotes', 1, '76', 'potential_id', 'Potential Name', 1, 2, '', 100, 2, 49, 1, 'I~O', 3, NULL, 'BAS', 1, NULL, 1, 0, 0),
(20, 317, 'quotestage', 'vtiger_quotes', 1, '15', 'quotestage', 'Quote Stage', 1, 2, '', 100, 4, 49, 1, 'V~M', 3, NULL, 'BAS', 1, NULL, 0, 1, 0),
(20, 318, 'validtill', 'vtiger_quotes', 1, '5', 'validtill', 'Valid Till', 1, 2, '', 100, 5, 49, 1, 'D~O', 3, NULL, 'BAS', 1, NULL, 0, 0, 0),
(20, 319, 'contactid', 'vtiger_quotes', 1, '57', 'contact_id', 'Contact Name', 1, 2, '', 100, 6, 49, 1, 'V~O', 3, NULL, 'BAS', 1, NULL, 0, 1, 0),
(20, 320, 'carrier', 'vtiger_quotes', 1, '15', 'carrier', 'Carrier', 1, 2, '', 100, 8, 49, 1, 'V~O', 3, NULL, 'BAS', 1, NULL, 0, 0, 0),
(20, 321, 'subtotal', 'vtiger_quotes', 1, '72', 'hdnSubTotal', 'Sub Total', 1, 2, '', 100, 9, 49, 3, 'N~O', 3, NULL, 'BAS', 1, NULL, 0, 0, 0),
(20, 322, 'shipping', 'vtiger_quotes', 1, '1', 'shipping', 'Shipping', 1, 2, '', 100, 10, 49, 1, 'V~O', 3, NULL, 'BAS', 1, NULL, 0, 0, 0),
(20, 323, 'inventorymanager', 'vtiger_quotes', 1, '77', 'assigned_user_id1', 'Inventory Manager', 1, 2, '', 100, 11, 49, 1, 'I~O', 3, NULL, 'BAS', 1, NULL, 0, 0, 0),
(20, 324, 'adjustment', 'vtiger_quotes', 1, '72', 'txtAdjustment', 'Adjustment', 1, 2, '', 100, 20, 49, 3, 'NN~O', 3, NULL, 'BAS', 1, NULL, 0, 0, 0),
(20, 325, 'total', 'vtiger_quotes', 1, '72', 'hdnGrandTotal', 'Total', 1, 2, '', 100, 14, 49, 3, 'N~O', 3, NULL, 'BAS', 1, NULL, 0, 1, 0),
(20, 326, 'taxtype', 'vtiger_quotes', 1, '16', 'hdnTaxType', 'Tax Type', 1, 2, '', 100, 14, 49, 3, 'V~O', 3, NULL, 'BAS', 1, NULL, 0, 0, 0),
(20, 327, 'discount_percent', 'vtiger_quotes', 1, '1', 'hdnDiscountPercent', 'Discount Percent', 1, 2, '', 100, 14, 116, 5, 'N~O', 3, NULL, 'BAS', 1, NULL, 0, 0, 0),
(20, 328, 'discount_amount', 'vtiger_quotes', 1, '72', 'hdnDiscountAmount', 'Discount Amount', 1, 2, '', 100, 14, 116, 5, 'N~O', 3, NULL, 'BAS', 1, NULL, 0, 0, 0),
(20, 329, 's_h_amount', 'vtiger_quotes', 1, '72', 'hdnS_H_Amount', 'S&H Amount', 1, 2, '', 100, 14, 49, 3, 'N~O', 3, NULL, 'BAS', 1, NULL, 0, 0, 0),
(20, 330, 'accountid', 'vtiger_quotes', 1, '73', 'account_id', 'Account Name', 1, 2, '', 100, 16, 49, 1, 'I~M', 3, NULL, 'BAS', 1, NULL, 0, 1, 0),
(20, 331, 'smownerid', 'vtiger_crmentity', 1, '53', 'assigned_user_id', 'Assigned To', 1, 0, '', 100, 17, 49, 1, 'V~M', 3, NULL, 'BAS', 1, NULL, 1, 0, 0),
(20, 332, 'createdtime', 'vtiger_crmentity', 1, '70', 'createdtime', 'Created Time', 1, 0, '', 100, 18, 49, 2, 'DT~O', 3, NULL, 'BAS', 0, NULL, 0, 0, 0),
(20, 333, 'modifiedtime', 'vtiger_crmentity', 1, '70', 'modifiedtime', 'Modified Time', 1, 0, '', 100, 19, 49, 2, 'DT~O', 3, NULL, 'BAS', 0, NULL, 0, 0, 0),
(20, 334, 'modifiedby', 'vtiger_crmentity', 1, '52', 'modifiedby', 'Last Modified By', 1, 0, '', 100, 22, 49, 3, 'V~O', 3, NULL, 'BAS', 0, NULL, 0, 0, 0);
INSERT INTO `vtiger_field` (`tabid`, `fieldid`, `columnname`, `tablename`, `generatedtype`, `uitype`, `fieldname`, `fieldlabel`, `readonly`, `presence`, `defaultvalue`, `maximumlength`, `sequence`, `block`, `displaytype`, `typeofdata`, `quickcreate`, `quickcreatesequence`, `info_type`, `masseditable`, `helpinfo`, `summaryfield`, `headerfield`, `isunique`) VALUES
(20, 335, 'currency_id', 'vtiger_quotes', 1, '117', 'currency_id', 'Currency', 1, 2, '1', 100, 20, 49, 3, 'I~O', 3, NULL, 'BAS', 1, NULL, 0, 0, 0),
(20, 336, 'conversion_rate', 'vtiger_quotes', 1, '1', 'conversion_rate', 'Conversion Rate', 1, 2, '1', 100, 21, 49, 3, 'N~O', 3, NULL, 'BAS', 1, NULL, 0, 0, 0),
(20, 337, 'bill_street', 'vtiger_quotesbillads', 1, '24', 'bill_street', 'Billing Address', 1, 2, '', 100, 1, 51, 1, 'V~M', 3, NULL, 'BAS', 1, NULL, 0, 0, 0),
(20, 338, 'ship_street', 'vtiger_quotesshipads', 1, '24', 'ship_street', 'Shipping Address', 1, 2, '', 100, 2, 51, 1, 'V~M', 3, NULL, 'BAS', 1, NULL, 0, 0, 0),
(20, 339, 'bill_city', 'vtiger_quotesbillads', 1, '1', 'bill_city', 'Billing City', 1, 2, '', 100, 5, 51, 1, 'V~O', 3, NULL, 'BAS', 1, NULL, 0, 0, 0),
(20, 340, 'ship_city', 'vtiger_quotesshipads', 1, '1', 'ship_city', 'Shipping City', 1, 2, '', 100, 6, 51, 1, 'V~O', 3, NULL, 'BAS', 1, NULL, 0, 0, 0),
(20, 341, 'bill_state', 'vtiger_quotesbillads', 1, '1', 'bill_state', 'Billing State', 1, 2, '', 100, 7, 51, 1, 'V~O', 3, NULL, 'BAS', 1, NULL, 0, 0, 0),
(20, 342, 'ship_state', 'vtiger_quotesshipads', 1, '1', 'ship_state', 'Shipping State', 1, 2, '', 100, 8, 51, 1, 'V~O', 3, NULL, 'BAS', 1, NULL, 0, 0, 0),
(20, 343, 'bill_code', 'vtiger_quotesbillads', 1, '1', 'bill_code', 'Billing Code', 1, 2, '', 100, 9, 51, 1, 'V~O', 3, NULL, 'BAS', 1, NULL, 0, 0, 0),
(20, 344, 'ship_code', 'vtiger_quotesshipads', 1, '1', 'ship_code', 'Shipping Code', 1, 2, '', 100, 10, 51, 1, 'V~O', 3, NULL, 'BAS', 1, NULL, 0, 0, 0),
(20, 345, 'bill_country', 'vtiger_quotesbillads', 1, '1', 'bill_country', 'Billing Country', 1, 2, '', 100, 11, 51, 1, 'V~O', 3, NULL, 'BAS', 1, NULL, 0, 0, 0),
(20, 346, 'ship_country', 'vtiger_quotesshipads', 1, '1', 'ship_country', 'Shipping Country', 1, 2, '', 100, 12, 51, 1, 'V~O', 3, NULL, 'BAS', 1, NULL, 0, 0, 0),
(20, 347, 'bill_pobox', 'vtiger_quotesbillads', 1, '1', 'bill_pobox', 'Billing Po Box', 1, 2, '', 100, 3, 51, 1, 'V~O', 3, NULL, 'BAS', 1, NULL, 0, 0, 0),
(20, 348, 'ship_pobox', 'vtiger_quotesshipads', 1, '1', 'ship_pobox', 'Shipping Po Box', 1, 2, '', 100, 4, 51, 1, 'V~O', 3, NULL, 'BAS', 1, NULL, 0, 0, 0),
(20, 349, 'description', 'vtiger_crmentity', 1, '19', 'description', 'Description', 1, 2, '', 100, 1, 54, 1, 'V~O', 3, NULL, 'ADV', 1, NULL, 0, 0, 0),
(20, 350, 'terms_conditions', 'vtiger_quotes', 1, '19', 'terms_conditions', 'Terms & Conditions', 1, 2, '', 100, 1, 53, 1, 'V~O', 3, NULL, 'ADV', 1, NULL, 0, 0, 0),
(21, 351, 'purchaseorder_no', 'vtiger_purchaseorder', 1, '4', 'purchaseorder_no', 'PurchaseOrder No', 1, 0, '', 100, 2, 55, 1, 'V~O', 3, NULL, 'BAS', 0, NULL, 1, 0, 0),
(21, 352, 'subject', 'vtiger_purchaseorder', 1, '2', 'subject', 'Subject', 1, 0, '', 100, 1, 55, 1, 'V~M', 3, NULL, 'BAS', 1, NULL, 1, 0, 0),
(21, 353, 'vendorid', 'vtiger_purchaseorder', 1, '81', 'vendor_id', 'Vendor Name', 1, 0, '', 100, 3, 55, 1, 'I~M', 3, NULL, 'BAS', 1, NULL, 1, 0, 0),
(21, 354, 'requisition_no', 'vtiger_purchaseorder', 1, '1', 'requisition_no', 'Requisition No', 1, 2, '', 100, 4, 55, 1, 'V~O', 3, NULL, 'BAS', 1, NULL, 0, 0, 0),
(21, 355, 'tracking_no', 'vtiger_purchaseorder', 1, '1', 'tracking_no', 'Tracking Number', 1, 2, '', 100, 5, 55, 1, 'V~O', 3, NULL, 'BAS', 1, NULL, 1, 0, 0),
(21, 356, 'contactid', 'vtiger_purchaseorder', 1, '57', 'contact_id', 'Contact Name', 1, 2, '', 100, 6, 55, 1, 'I~O', 3, NULL, 'BAS', 1, NULL, 0, 1, 0),
(21, 357, 'duedate', 'vtiger_purchaseorder', 1, '5', 'duedate', 'Due Date', 1, 2, '', 100, 7, 55, 1, 'D~O', 3, NULL, 'BAS', 1, NULL, 0, 0, 0),
(21, 358, 'carrier', 'vtiger_purchaseorder', 1, '15', 'carrier', 'Carrier', 1, 2, '', 100, 8, 55, 1, 'V~O', 3, NULL, 'BAS', 1, NULL, 0, 0, 0),
(21, 359, 'adjustment', 'vtiger_purchaseorder', 1, '72', 'txtAdjustment', 'Adjustment', 1, 2, '', 100, 10, 55, 3, 'NN~O', 3, NULL, 'BAS', 1, NULL, 0, 0, 0),
(21, 360, 'salescommission', 'vtiger_purchaseorder', 1, '1', 'salescommission', 'Sales Commission', 1, 2, '', 100, 11, 55, 1, 'N~O', 3, NULL, 'BAS', 1, NULL, 0, 0, 0),
(21, 361, 'exciseduty', 'vtiger_purchaseorder', 1, '1', 'exciseduty', 'Excise Duty', 1, 2, '', 100, 12, 55, 1, 'N~O', 3, NULL, 'BAS', 1, NULL, 0, 0, 0),
(21, 362, 'total', 'vtiger_purchaseorder', 1, '72', 'hdnGrandTotal', 'Total', 1, 2, '', 100, 13, 55, 3, 'N~O', 3, NULL, 'BAS', 1, NULL, 1, 0, 0),
(21, 363, 'subtotal', 'vtiger_purchaseorder', 1, '72', 'hdnSubTotal', 'Sub Total', 1, 2, '', 100, 14, 55, 3, 'N~O', 3, NULL, 'BAS', 1, NULL, 0, 0, 0),
(21, 364, 'taxtype', 'vtiger_purchaseorder', 1, '16', 'hdnTaxType', 'Tax Type', 1, 2, '', 100, 14, 55, 3, 'V~O', 3, NULL, 'BAS', 1, NULL, 0, 0, 0),
(21, 365, 'discount_percent', 'vtiger_purchaseorder', 1, '1', 'hdnDiscountPercent', 'Discount Percent', 1, 2, '', 100, 14, 115, 5, 'N~O', 3, NULL, 'BAS', 1, NULL, 0, 0, 0),
(21, 366, 'discount_amount', 'vtiger_purchaseorder', 1, '72', 'hdnDiscountAmount', 'Discount Amount', 1, 0, '', 100, 14, 115, 5, 'N~O', 3, NULL, 'BAS', 1, NULL, 0, 0, 0),
(21, 367, 's_h_amount', 'vtiger_purchaseorder', 1, '72', 'hdnS_H_Amount', 'S&H Amount', 1, 2, '', 100, 14, 55, 3, 'N~O', 3, NULL, 'BAS', 1, NULL, 0, 0, 0),
(21, 368, 'postatus', 'vtiger_purchaseorder', 1, '15', 'postatus', 'Status', 1, 2, '', 100, 15, 55, 1, 'V~M', 3, NULL, 'BAS', 1, NULL, 0, 1, 0),
(21, 369, 'smownerid', 'vtiger_crmentity', 1, '53', 'assigned_user_id', 'Assigned To', 1, 0, '', 100, 16, 55, 1, 'V~M', 3, NULL, 'BAS', 1, NULL, 0, 1, 0),
(21, 370, 'createdtime', 'vtiger_crmentity', 1, '70', 'createdtime', 'Created Time', 1, 0, '', 100, 17, 55, 2, 'DT~O', 3, NULL, 'BAS', 0, NULL, 0, 0, 0),
(21, 371, 'modifiedtime', 'vtiger_crmentity', 1, '70', 'modifiedtime', 'Modified Time', 1, 0, '', 100, 18, 55, 2, 'DT~O', 3, NULL, 'BAS', 0, NULL, 0, 0, 0),
(21, 372, 'modifiedby', 'vtiger_crmentity', 1, '52', 'modifiedby', 'Last Modified By', 1, 0, '', 100, 22, 55, 3, 'V~O', 3, NULL, 'BAS', 0, NULL, 0, 0, 0),
(21, 373, 'currency_id', 'vtiger_purchaseorder', 1, '117', 'currency_id', 'Currency', 1, 2, '1', 100, 19, 55, 3, 'I~O', 3, NULL, 'BAS', 1, NULL, 0, 0, 0),
(21, 374, 'conversion_rate', 'vtiger_purchaseorder', 1, '1', 'conversion_rate', 'Conversion Rate', 1, 2, '1', 100, 20, 55, 3, 'N~O', 3, NULL, 'BAS', 1, NULL, 0, 0, 0),
(21, 375, 'bill_street', 'vtiger_pobillads', 1, '24', 'bill_street', 'Billing Address', 1, 2, '', 100, 1, 57, 1, 'V~M', 3, NULL, 'BAS', 1, NULL, 0, 0, 0),
(21, 376, 'ship_street', 'vtiger_poshipads', 1, '24', 'ship_street', 'Shipping Address', 1, 2, '', 100, 2, 57, 1, 'V~M', 3, NULL, 'BAS', 1, NULL, 0, 0, 0),
(21, 377, 'bill_city', 'vtiger_pobillads', 1, '1', 'bill_city', 'Billing City', 1, 2, '', 100, 5, 57, 1, 'V~O', 3, NULL, 'BAS', 1, NULL, 0, 0, 0),
(21, 378, 'ship_city', 'vtiger_poshipads', 1, '1', 'ship_city', 'Shipping City', 1, 2, '', 100, 6, 57, 1, 'V~O', 3, NULL, 'BAS', 1, NULL, 0, 0, 0),
(21, 379, 'bill_state', 'vtiger_pobillads', 1, '1', 'bill_state', 'Billing State', 1, 2, '', 100, 7, 57, 1, 'V~O', 3, NULL, 'BAS', 1, NULL, 0, 0, 0),
(21, 380, 'ship_state', 'vtiger_poshipads', 1, '1', 'ship_state', 'Shipping State', 1, 2, '', 100, 8, 57, 1, 'V~O', 3, NULL, 'BAS', 1, NULL, 0, 0, 0),
(21, 381, 'bill_code', 'vtiger_pobillads', 1, '1', 'bill_code', 'Billing Code', 1, 2, '', 100, 9, 57, 1, 'V~O', 3, NULL, 'BAS', 1, NULL, 0, 0, 0),
(21, 382, 'ship_code', 'vtiger_poshipads', 1, '1', 'ship_code', 'Shipping Code', 1, 2, '', 100, 10, 57, 1, 'V~O', 3, NULL, 'BAS', 1, NULL, 0, 0, 0),
(21, 383, 'bill_country', 'vtiger_pobillads', 1, '1', 'bill_country', 'Billing Country', 1, 2, '', 100, 11, 57, 1, 'V~O', 3, NULL, 'BAS', 1, NULL, 0, 0, 0),
(21, 384, 'ship_country', 'vtiger_poshipads', 1, '1', 'ship_country', 'Shipping Country', 1, 2, '', 100, 12, 57, 1, 'V~O', 3, NULL, 'BAS', 1, NULL, 0, 0, 0),
(21, 385, 'bill_pobox', 'vtiger_pobillads', 1, '1', 'bill_pobox', 'Billing Po Box', 1, 2, '', 100, 3, 57, 1, 'V~O', 3, NULL, 'BAS', 1, NULL, 0, 0, 0),
(21, 386, 'ship_pobox', 'vtiger_poshipads', 1, '1', 'ship_pobox', 'Shipping Po Box', 1, 2, '', 100, 4, 57, 1, 'V~O', 3, NULL, 'BAS', 1, NULL, 0, 0, 0),
(21, 387, 'description', 'vtiger_crmentity', 1, '19', 'description', 'Description', 1, 2, '', 100, 1, 60, 1, 'V~O', 3, NULL, 'ADV', 1, NULL, 0, 0, 0),
(21, 388, 'terms_conditions', 'vtiger_purchaseorder', 1, '19', 'terms_conditions', 'Terms & Conditions', 1, 2, '', 100, 1, 59, 1, 'V~O', 3, NULL, 'ADV', 1, NULL, 0, 0, 0),
(22, 389, 'salesorder_no', 'vtiger_salesorder', 1, '4', 'salesorder_no', 'SalesOrder No', 1, 0, '', 100, 4, 61, 1, 'V~O', 3, NULL, 'BAS', 0, NULL, 1, 0, 0),
(22, 390, 'subject', 'vtiger_salesorder', 1, '2', 'subject', 'Subject', 1, 0, '', 100, 1, 61, 1, 'V~M', 3, NULL, 'BAS', 1, NULL, 1, 0, 0),
(22, 391, 'potentialid', 'vtiger_salesorder', 1, '76', 'potential_id', 'Potential Name', 1, 2, '', 100, 2, 61, 1, 'I~O', 3, NULL, 'BAS', 1, NULL, 0, 0, 0),
(22, 392, 'customerno', 'vtiger_salesorder', 1, '1', 'customerno', 'Customer No', 1, 2, '', 100, 3, 61, 1, 'V~O', 3, NULL, 'BAS', 1, NULL, 0, 0, 0),
(22, 393, 'quoteid', 'vtiger_salesorder', 1, '78', 'quote_id', 'Quote Name', 1, 2, '', 100, 5, 61, 1, 'I~O', 3, NULL, 'BAS', 0, NULL, 1, 0, 0),
(22, 394, 'purchaseorder', 'vtiger_salesorder', 1, '1', 'vtiger_purchaseorder', 'Purchase Order', 1, 2, '', 100, 5, 61, 1, 'V~O', 3, NULL, 'BAS', 1, NULL, 0, 0, 0),
(22, 395, 'contactid', 'vtiger_salesorder', 1, '57', 'contact_id', 'Contact Name', 1, 2, '', 100, 6, 61, 1, 'I~O', 3, NULL, 'BAS', 1, NULL, 0, 1, 0),
(22, 396, 'duedate', 'vtiger_salesorder', 1, '5', 'duedate', 'Due Date', 1, 2, '', 100, 8, 61, 1, 'D~O', 3, NULL, 'BAS', 1, NULL, 0, 0, 0),
(22, 397, 'carrier', 'vtiger_salesorder', 1, '15', 'carrier', 'Carrier', 1, 2, '', 100, 9, 61, 1, 'V~O', 3, NULL, 'BAS', 1, NULL, 0, 0, 0),
(22, 398, 'pending', 'vtiger_salesorder', 1, '1', 'pending', 'Pending', 1, 2, '', 100, 10, 61, 1, 'V~O', 3, NULL, 'BAS', 1, NULL, 0, 0, 0),
(22, 399, 'sostatus', 'vtiger_salesorder', 1, '15', 'sostatus', 'Status', 1, 2, '', 100, 11, 61, 1, 'V~M', 3, NULL, 'BAS', 1, NULL, 0, 1, 0),
(22, 400, 'adjustment', 'vtiger_salesorder', 1, '72', 'txtAdjustment', 'Adjustment', 1, 2, '', 100, 12, 61, 3, 'NN~O', 3, NULL, 'BAS', 1, NULL, 0, 0, 0),
(22, 401, 'salescommission', 'vtiger_salesorder', 1, '1', 'salescommission', 'Sales Commission', 1, 2, '', 100, 13, 61, 1, 'N~O', 3, NULL, 'BAS', 1, NULL, 0, 0, 0),
(22, 402, 'exciseduty', 'vtiger_salesorder', 1, '1', 'exciseduty', 'Excise Duty', 1, 2, '', 100, 13, 61, 1, 'N~O', 3, NULL, 'BAS', 1, NULL, 0, 0, 0),
(22, 403, 'total', 'vtiger_salesorder', 1, '72', 'hdnGrandTotal', 'Total', 1, 2, '', 100, 14, 61, 3, 'N~O', 3, NULL, 'BAS', 1, NULL, 1, 0, 0),
(22, 404, 'subtotal', 'vtiger_salesorder', 1, '72', 'hdnSubTotal', 'Sub Total', 1, 2, '', 100, 15, 61, 3, 'N~O', 3, NULL, 'BAS', 1, NULL, 0, 0, 0),
(22, 405, 'taxtype', 'vtiger_salesorder', 1, '16', 'hdnTaxType', 'Tax Type', 1, 2, '', 100, 15, 61, 3, 'V~O', 3, NULL, 'BAS', 1, NULL, 0, 0, 0),
(22, 406, 'discount_percent', 'vtiger_salesorder', 1, '1', 'hdnDiscountPercent', 'Discount Percent', 1, 2, '', 100, 15, 114, 5, 'N~O', 3, NULL, 'BAS', 1, NULL, 0, 0, 0),
(22, 407, 'discount_amount', 'vtiger_salesorder', 1, '72', 'hdnDiscountAmount', 'Discount Amount', 1, 0, '', 100, 15, 114, 5, 'N~O', 3, NULL, 'BAS', 1, NULL, 0, 0, 0),
(22, 408, 's_h_amount', 'vtiger_salesorder', 1, '72', 'hdnS_H_Amount', 'S&H Amount', 1, 2, '', 100, 15, 61, 3, 'N~O', 3, NULL, 'BAS', 1, NULL, 0, 0, 0),
(22, 409, 'accountid', 'vtiger_salesorder', 1, '73', 'account_id', 'Account Name', 1, 2, '', 100, 16, 61, 1, 'I~M', 3, NULL, 'BAS', 1, NULL, 0, 1, 0),
(22, 410, 'smownerid', 'vtiger_crmentity', 1, '53', 'assigned_user_id', 'Assigned To', 1, 0, '', 100, 17, 61, 1, 'V~M', 3, NULL, 'BAS', 1, NULL, 0, 1, 0),
(22, 411, 'createdtime', 'vtiger_crmentity', 1, '70', 'createdtime', 'Created Time', 1, 0, '', 100, 18, 61, 2, 'DT~O', 3, NULL, 'BAS', 0, NULL, 0, 0, 0),
(22, 412, 'modifiedtime', 'vtiger_crmentity', 1, '70', 'modifiedtime', 'Modified Time', 1, 0, '', 100, 19, 61, 2, 'DT~O', 3, NULL, 'BAS', 0, NULL, 0, 0, 0),
(22, 413, 'modifiedby', 'vtiger_crmentity', 1, '52', 'modifiedby', 'Last Modified By', 1, 0, '', 100, 22, 61, 3, 'V~O', 3, NULL, 'BAS', 0, NULL, 0, 0, 0),
(22, 414, 'currency_id', 'vtiger_salesorder', 1, '117', 'currency_id', 'Currency', 1, 2, '1', 100, 20, 61, 3, 'I~O', 3, NULL, 'BAS', 1, NULL, 0, 0, 0),
(22, 415, 'conversion_rate', 'vtiger_salesorder', 1, '1', 'conversion_rate', 'Conversion Rate', 1, 2, '1', 100, 21, 61, 3, 'N~O', 3, NULL, 'BAS', 1, NULL, 0, 0, 0),
(22, 416, 'bill_street', 'vtiger_sobillads', 1, '24', 'bill_street', 'Billing Address', 1, 2, '', 100, 1, 63, 1, 'V~M', 3, NULL, 'BAS', 1, NULL, 0, 0, 0),
(22, 417, 'ship_street', 'vtiger_soshipads', 1, '24', 'ship_street', 'Shipping Address', 1, 2, '', 100, 2, 63, 1, 'V~M', 3, NULL, 'BAS', 1, NULL, 0, 0, 0),
(22, 418, 'bill_city', 'vtiger_sobillads', 1, '1', 'bill_city', 'Billing City', 1, 2, '', 100, 5, 63, 1, 'V~O', 3, NULL, 'BAS', 1, NULL, 0, 0, 0),
(22, 419, 'ship_city', 'vtiger_soshipads', 1, '1', 'ship_city', 'Shipping City', 1, 2, '', 100, 6, 63, 1, 'V~O', 3, NULL, 'BAS', 1, NULL, 0, 0, 0),
(22, 420, 'bill_state', 'vtiger_sobillads', 1, '1', 'bill_state', 'Billing State', 1, 2, '', 100, 7, 63, 1, 'V~O', 3, NULL, 'BAS', 1, NULL, 0, 0, 0),
(22, 421, 'ship_state', 'vtiger_soshipads', 1, '1', 'ship_state', 'Shipping State', 1, 2, '', 100, 8, 63, 1, 'V~O', 3, NULL, 'BAS', 1, NULL, 0, 0, 0),
(22, 422, 'bill_code', 'vtiger_sobillads', 1, '1', 'bill_code', 'Billing Code', 1, 2, '', 100, 9, 63, 1, 'V~O', 3, NULL, 'BAS', 1, NULL, 0, 0, 0),
(22, 423, 'ship_code', 'vtiger_soshipads', 1, '1', 'ship_code', 'Shipping Code', 1, 2, '', 100, 10, 63, 1, 'V~O', 3, NULL, 'BAS', 1, NULL, 0, 0, 0),
(22, 424, 'bill_country', 'vtiger_sobillads', 1, '1', 'bill_country', 'Billing Country', 1, 2, '', 100, 11, 63, 1, 'V~O', 3, NULL, 'BAS', 1, NULL, 0, 0, 0),
(22, 425, 'ship_country', 'vtiger_soshipads', 1, '1', 'ship_country', 'Shipping Country', 1, 2, '', 100, 12, 63, 1, 'V~O', 3, NULL, 'BAS', 1, NULL, 0, 0, 0),
(22, 426, 'bill_pobox', 'vtiger_sobillads', 1, '1', 'bill_pobox', 'Billing Po Box', 1, 2, '', 100, 3, 63, 1, 'V~O', 3, NULL, 'BAS', 1, NULL, 0, 0, 0),
(22, 427, 'ship_pobox', 'vtiger_soshipads', 1, '1', 'ship_pobox', 'Shipping Po Box', 1, 2, '', 100, 4, 63, 1, 'V~O', 3, NULL, 'BAS', 1, NULL, 0, 0, 0),
(22, 428, 'description', 'vtiger_crmentity', 1, '19', 'description', 'Description', 1, 2, '', 100, 1, 66, 1, 'V~O', 3, NULL, 'ADV', 1, NULL, 0, 0, 0),
(22, 429, 'terms_conditions', 'vtiger_salesorder', 1, '19', 'terms_conditions', 'Terms & Conditions', 1, 2, '', 100, 1, 65, 1, 'V~O', 3, NULL, 'ADV', 1, NULL, 0, 0, 0),
(22, 430, 'enable_recurring', 'vtiger_salesorder', 1, '56', 'enable_recurring', 'Enable Recurring', 1, 0, '', 100, 1, 85, 1, 'C~O', 3, NULL, 'BAS', 0, NULL, 0, 0, 0),
(22, 431, 'recurring_frequency', 'vtiger_invoice_recurring_info', 1, '16', 'recurring_frequency', 'Frequency', 1, 0, '', 100, 2, 85, 1, 'V~O', 3, NULL, 'BAS', 0, NULL, 0, 0, 0),
(22, 432, 'start_period', 'vtiger_invoice_recurring_info', 1, '5', 'start_period', 'Start Period', 1, 0, '', 100, 3, 85, 1, 'D~O', 3, NULL, 'BAS', 0, NULL, 0, 0, 0),
(22, 433, 'end_period', 'vtiger_invoice_recurring_info', 1, '5', 'end_period', 'End Period', 1, 0, '', 100, 4, 85, 1, 'D~O~OTH~G~start_period~Start Period', 3, NULL, 'BAS', 0, NULL, 0, 0, 0),
(22, 434, 'payment_duration', 'vtiger_invoice_recurring_info', 1, '16', 'payment_duration', 'Payment Duration', 1, 0, '', 100, 5, 85, 1, 'V~O', 3, NULL, 'BAS', 0, NULL, 0, 0, 0),
(22, 435, 'invoice_status', 'vtiger_invoice_recurring_info', 1, '15', 'invoicestatus', 'Invoice Status', 1, 0, '', 100, 6, 85, 1, 'V~M', 3, NULL, 'BAS', 0, NULL, 0, 0, 0),
(23, 436, 'subject', 'vtiger_invoice', 1, '2', 'subject', 'Subject', 1, 0, '', 100, 1, 67, 1, 'V~M', 3, NULL, 'BAS', 1, NULL, 1, 0, 0),
(23, 437, 'salesorderid', 'vtiger_invoice', 1, '80', 'salesorder_id', 'Sales Order', 1, 2, '', 100, 2, 67, 1, 'I~O', 3, NULL, 'BAS', 0, NULL, 1, 0, 0),
(23, 438, 'customerno', 'vtiger_invoice', 1, '1', 'customerno', 'Customer No', 1, 2, '', 100, 3, 67, 1, 'V~O', 3, NULL, 'BAS', 1, NULL, 0, 0, 0),
(23, 439, 'contactid', 'vtiger_invoice', 1, '57', 'contact_id', 'Contact Name', 1, 2, '', 100, 4, 67, 1, 'I~O', 3, NULL, 'BAS', 1, NULL, 0, 1, 0),
(23, 440, 'invoicedate', 'vtiger_invoice', 1, '5', 'invoicedate', 'Invoice Date', 1, 2, '', 100, 5, 67, 1, 'D~O', 3, NULL, 'BAS', 1, NULL, 0, 0, 0),
(23, 441, 'duedate', 'vtiger_invoice', 1, '5', 'duedate', 'Due Date', 1, 2, '', 100, 6, 67, 1, 'D~O', 3, NULL, 'BAS', 1, NULL, 0, 0, 0),
(23, 442, 'purchaseorder', 'vtiger_invoice', 1, '1', 'vtiger_purchaseorder', 'Purchase Order', 1, 2, '', 100, 8, 67, 1, 'V~O', 3, NULL, 'BAS', 1, NULL, 0, 0, 0),
(23, 443, 'adjustment', 'vtiger_invoice', 1, '72', 'txtAdjustment', 'Adjustment', 1, 2, '', 100, 9, 67, 3, 'NN~O', 3, NULL, 'BAS', 1, NULL, 0, 0, 0),
(23, 444, 'salescommission', 'vtiger_invoice', 1, '1', 'salescommission', 'Sales Commission', 1, 2, '', 10, 13, 67, 1, 'N~O', 3, NULL, 'BAS', 1, NULL, 0, 0, 0),
(23, 445, 'exciseduty', 'vtiger_invoice', 1, '1', 'exciseduty', 'Excise Duty', 1, 2, '', 100, 11, 67, 1, 'N~O', 3, NULL, 'BAS', 1, NULL, 0, 0, 0),
(23, 446, 'subtotal', 'vtiger_invoice', 1, '72', 'hdnSubTotal', 'Sub Total', 1, 2, '', 100, 12, 67, 3, 'N~O', 3, NULL, 'BAS', 1, NULL, 0, 0, 0),
(23, 447, 'total', 'vtiger_invoice', 1, '72', 'hdnGrandTotal', 'Total', 1, 2, '', 100, 13, 67, 3, 'N~O', 3, NULL, 'BAS', 1, NULL, 1, 0, 0),
(23, 448, 'taxtype', 'vtiger_invoice', 1, '16', 'hdnTaxType', 'Tax Type', 1, 2, '', 100, 13, 67, 3, 'V~O', 3, NULL, 'BAS', 1, NULL, 0, 0, 0),
(23, 449, 'discount_percent', 'vtiger_invoice', 1, '1', 'hdnDiscountPercent', 'Discount Percent', 1, 2, '', 100, 13, 113, 5, 'N~O', 3, NULL, 'BAS', 1, NULL, 0, 0, 0),
(23, 450, 'discount_amount', 'vtiger_invoice', 1, '72', 'hdnDiscountAmount', 'Discount Amount', 1, 2, '', 100, 13, 113, 5, 'N~O', 3, NULL, 'BAS', 1, NULL, 0, 0, 0),
(23, 451, 's_h_amount', 'vtiger_invoice', 1, '72', 'hdnS_H_Amount', 'S&H Amount', 1, 2, '', 100, 14, 69, 3, 'N~O', 3, NULL, 'BAS', 1, NULL, 0, 0, 0),
(23, 452, 'accountid', 'vtiger_invoice', 1, '73', 'account_id', 'Account Name', 1, 2, '', 100, 14, 67, 1, 'I~M', 3, NULL, 'BAS', 1, NULL, 0, 1, 0),
(23, 453, 'invoicestatus', 'vtiger_invoice', 1, '15', 'invoicestatus', 'Status', 1, 2, '', 100, 15, 67, 1, 'V~O', 3, NULL, 'BAS', 1, NULL, 0, 1, 0),
(23, 454, 'smownerid', 'vtiger_crmentity', 1, '53', 'assigned_user_id', 'Assigned To', 1, 0, '', 100, 16, 67, 1, 'V~M', 3, NULL, 'BAS', 1, NULL, 0, 1, 0),
(23, 455, 'createdtime', 'vtiger_crmentity', 1, '70', 'createdtime', 'Created Time', 1, 0, '', 100, 17, 67, 2, 'DT~O', 3, NULL, 'BAS', 0, NULL, 0, 0, 0),
(23, 456, 'modifiedtime', 'vtiger_crmentity', 1, '70', 'modifiedtime', 'Modified Time', 1, 0, '', 100, 18, 67, 2, 'DT~O', 3, NULL, 'BAS', 0, NULL, 0, 0, 0),
(23, 457, 'modifiedby', 'vtiger_crmentity', 1, '52', 'modifiedby', 'Last Modified By', 1, 0, '', 100, 22, 67, 3, 'V~O', 3, NULL, 'BAS', 0, NULL, 0, 0, 0),
(23, 458, 'currency_id', 'vtiger_invoice', 1, '117', 'currency_id', 'Currency', 1, 2, '1', 100, 19, 67, 3, 'I~O', 3, NULL, 'BAS', 1, NULL, 0, 0, 0),
(23, 459, 'conversion_rate', 'vtiger_invoice', 1, '1', 'conversion_rate', 'Conversion Rate', 1, 2, '1', 100, 20, 67, 3, 'N~O', 3, NULL, 'BAS', 1, NULL, 0, 0, 0),
(23, 460, 'bill_street', 'vtiger_invoicebillads', 1, '24', 'bill_street', 'Billing Address', 1, 2, '', 100, 1, 69, 1, 'V~M', 3, NULL, 'BAS', 1, NULL, 0, 0, 0),
(23, 461, 'ship_street', 'vtiger_invoiceshipads', 1, '24', 'ship_street', 'Shipping Address', 1, 2, '', 100, 2, 69, 1, 'V~M', 3, NULL, 'BAS', 1, NULL, 0, 0, 0),
(23, 462, 'bill_city', 'vtiger_invoicebillads', 1, '1', 'bill_city', 'Billing City', 1, 2, '', 100, 5, 69, 1, 'V~O', 3, NULL, 'BAS', 1, NULL, 0, 0, 0),
(23, 463, 'ship_city', 'vtiger_invoiceshipads', 1, '1', 'ship_city', 'Shipping City', 1, 2, '', 100, 6, 69, 1, 'V~O', 3, NULL, 'BAS', 1, NULL, 0, 0, 0),
(23, 464, 'bill_state', 'vtiger_invoicebillads', 1, '1', 'bill_state', 'Billing State', 1, 2, '', 100, 7, 69, 1, 'V~O', 3, NULL, 'BAS', 1, NULL, 0, 0, 0),
(23, 465, 'ship_state', 'vtiger_invoiceshipads', 1, '1', 'ship_state', 'Shipping State', 1, 2, '', 100, 8, 69, 1, 'V~O', 3, NULL, 'BAS', 1, NULL, 0, 0, 0),
(23, 466, 'bill_code', 'vtiger_invoicebillads', 1, '1', 'bill_code', 'Billing Code', 1, 2, '', 100, 9, 69, 1, 'V~O', 3, NULL, 'BAS', 1, NULL, 0, 0, 0),
(23, 467, 'ship_code', 'vtiger_invoiceshipads', 1, '1', 'ship_code', 'Shipping Code', 1, 2, '', 100, 10, 69, 1, 'V~O', 3, NULL, 'BAS', 1, NULL, 0, 0, 0),
(23, 468, 'bill_country', 'vtiger_invoicebillads', 1, '1', 'bill_country', 'Billing Country', 1, 2, '', 100, 11, 69, 1, 'V~O', 3, NULL, 'BAS', 1, NULL, 0, 0, 0),
(23, 469, 'ship_country', 'vtiger_invoiceshipads', 1, '1', 'ship_country', 'Shipping Country', 1, 2, '', 100, 12, 69, 1, 'V~O', 3, NULL, 'BAS', 1, NULL, 0, 0, 0),
(23, 470, 'bill_pobox', 'vtiger_invoicebillads', 1, '1', 'bill_pobox', 'Billing Po Box', 1, 2, '', 100, 3, 69, 1, 'V~O', 3, NULL, 'BAS', 1, NULL, 0, 0, 0),
(23, 471, 'ship_pobox', 'vtiger_invoiceshipads', 1, '1', 'ship_pobox', 'Shipping Po Box', 1, 2, '', 100, 4, 69, 1, 'V~O', 3, NULL, 'BAS', 1, NULL, 0, 0, 0),
(23, 472, 'description', 'vtiger_crmentity', 1, '19', 'description', 'Description', 1, 2, '', 100, 1, 72, 1, 'V~O', 3, NULL, 'ADV', 1, NULL, 0, 0, 0),
(23, 473, 'terms_conditions', 'vtiger_invoice', 1, '19', 'terms_conditions', 'Terms & Conditions', 1, 2, '', 100, 1, 71, 1, 'V~O', 3, NULL, 'ADV', 1, NULL, 0, 0, 0),
(23, 474, 'invoice_no', 'vtiger_invoice', 1, '4', 'invoice_no', 'Invoice No', 1, 0, '', 100, 3, 67, 1, 'V~O', 3, NULL, 'BAS', 0, NULL, 1, 0, 0),
(29, 475, 'user_name', 'vtiger_users', 1, '106', 'user_name', 'User Name', 1, 0, '', 11, 1, 77, 1, 'V~M', 1, NULL, 'BAS', 1, NULL, 0, 0, 0),
(29, 476, 'is_admin', 'vtiger_users', 1, '156', 'is_admin', 'Admin', 1, 0, '', 3, 7, 77, 1, 'V~O', 1, NULL, 'BAS', 1, NULL, 0, 0, 0),
(29, 477, 'user_password', 'vtiger_users', 1, '99', 'user_password', 'Password', 1, 0, '', 30, 5, 77, 4, 'P~M', 1, NULL, 'BAS', 1, NULL, 0, 0, 0),
(29, 478, 'confirm_password', 'vtiger_users', 1, '99', 'confirm_password', 'Confirm Password', 1, 0, '', 30, 6, 77, 4, 'P~M', 1, NULL, 'BAS', 1, NULL, 0, 0, 0),
(29, 479, 'first_name', 'vtiger_users', 1, '1', 'first_name', 'First Name', 1, 0, '', 30, 3, 77, 1, 'V~O', 1, NULL, 'BAS', 1, NULL, 0, 0, 0),
(29, 480, 'last_name', 'vtiger_users', 1, '2', 'last_name', 'Last Name', 1, 0, '', 30, 4, 77, 1, 'V~M', 1, NULL, 'BAS', 1, NULL, 0, 0, 0),
(29, 481, 'roleid', 'vtiger_user2role', 1, '98', 'roleid', 'Role', 1, 0, '', 200, 8, 77, 1, 'V~M', 1, NULL, 'BAS', 1, NULL, 0, 0, 0),
(29, 482, 'email1', 'vtiger_users', 1, '104', 'email1', 'Email', 1, 0, '', 100, 2, 77, 1, 'E~M', 1, NULL, 'BAS', 1, NULL, 0, 0, 0),
(29, 483, 'status', 'vtiger_users', 1, '115', 'status', 'Status', 1, 0, 'Active', 100, 10, 77, 1, 'V~O', 1, NULL, 'BAS', 1, NULL, 0, 0, 0),
(29, 484, 'activity_view', 'vtiger_users', 1, '16', 'activity_view', 'Default Activity View', 1, 0, '', 100, 6, 118, 1, 'V~O', 1, NULL, 'BAS', 1, NULL, 0, 0, 0),
(29, 485, 'lead_view', 'vtiger_users', 1, '16', 'lead_view', 'Default Lead View', 1, 0, '', 100, 9, 77, 1, 'V~O', 1, NULL, 'BAS', 1, NULL, 0, 0, 0),
(29, 486, 'hour_format', 'vtiger_users', 1, '16', 'hour_format', 'Calendar Hour Format', 1, 0, '12', 100, 4, 118, 1, 'V~O', 1, NULL, 'BAS', 1, NULL, 0, 0, 0),
(29, 487, 'end_hour', 'vtiger_users', 1, '116', 'end_hour', 'Day ends at', 1, 0, '', 100, 11, 77, 3, 'V~O', 1, NULL, 'BAS', 1, NULL, 0, 0, 0),
(29, 488, 'start_hour', 'vtiger_users', 1, '16', 'start_hour', 'Day starts at', 1, 0, '', 100, 2, 118, 1, 'V~O', 1, NULL, 'BAS', 1, NULL, 0, 0, 0),
(29, 489, 'is_owner', 'vtiger_users', 1, '1', 'is_owner', 'Account Owner', 0, 2, '0', 100, 12, 77, 5, 'V~O', 0, 1, 'BAS', 0, NULL, 0, 0, 0),
(29, 490, 'title', 'vtiger_users', 1, '1', 'title', 'Title', 1, 0, '', 50, 1, 79, 1, 'V~O', 1, NULL, 'BAS', 1, NULL, 0, 0, 0),
(29, 491, 'phone_work', 'vtiger_users', 1, '11', 'phone_work', 'Office Phone', 1, 0, '', 50, 5, 79, 1, 'V~O', 1, NULL, 'BAS', 1, NULL, 0, 0, 0),
(29, 492, 'department', 'vtiger_users', 1, '1', 'department', 'Department', 1, 0, '', 50, 3, 79, 1, 'V~O', 1, NULL, 'BAS', 1, NULL, 0, 0, 0),
(29, 493, 'phone_mobile', 'vtiger_users', 1, '11', 'phone_mobile', 'Mobile', 1, 0, '', 50, 7, 79, 1, 'V~O', 1, NULL, 'BAS', 1, NULL, 0, 0, 0),
(29, 494, 'reports_to_id', 'vtiger_users', 1, '101', 'reports_to_id', 'Reports To', 1, 0, '', 50, 8, 79, 1, 'V~O', 1, NULL, 'BAS', 1, NULL, 0, 0, 0),
(29, 495, 'phone_other', 'vtiger_users', 1, '11', 'phone_other', 'Other Phone', 1, 0, '', 50, 11, 79, 1, 'V~O', 1, NULL, 'BAS', 1, NULL, 0, 0, 0),
(29, 496, 'email2', 'vtiger_users', 1, '13', 'email2', 'Other Email', 1, 0, '', 100, 4, 79, 1, 'E~O', 1, NULL, 'BAS', 1, NULL, 0, 0, 0),
(29, 497, 'phone_fax', 'vtiger_users', 1, '11', 'phone_fax', 'Fax', 1, 0, '', 50, 2, 79, 1, 'V~O', 1, NULL, 'BAS', 1, NULL, 0, 0, 0),
(29, 498, 'secondaryemail', 'vtiger_users', 1, '13', 'secondaryemail', 'Secondary Email', 1, 0, '', 100, 6, 79, 1, 'E~O', 1, NULL, 'BAS', 1, NULL, 0, 0, 0),
(29, 499, 'phone_home', 'vtiger_users', 1, '11', 'phone_home', 'Home Phone', 1, 0, '', 50, 9, 79, 1, 'V~O', 1, NULL, 'BAS', 1, NULL, 0, 0, 0),
(29, 500, 'date_format', 'vtiger_users', 1, '16', 'date_format', 'Date Format', 1, 0, '', 30, 3, 118, 1, 'V~O', 1, NULL, 'BAS', 1, NULL, 0, 0, 0),
(29, 501, 'signature', 'vtiger_users', 1, '21', 'signature', 'Signature', 1, 0, '', 250, 13, 79, 1, 'V~O', 1, NULL, 'BAS', 1, NULL, 0, 0, 0),
(29, 502, 'description', 'vtiger_users', 1, '21', 'description', 'Documents', 1, 0, '', 250, 14, 79, 1, 'V~O', 1, NULL, 'BAS', 1, NULL, 0, 0, 0),
(29, 503, 'address_street', 'vtiger_users', 1, '21', 'address_street', 'Street Address', 1, 0, '', 250, 1, 80, 1, 'V~O', 1, NULL, 'BAS', 1, NULL, 0, 0, 0),
(29, 504, 'address_city', 'vtiger_users', 1, '1', 'address_city', 'City', 1, 0, '', 100, 3, 80, 1, 'V~O', 1, NULL, 'BAS', 1, NULL, 0, 0, 0),
(29, 505, 'address_state', 'vtiger_users', 1, '1', 'address_state', 'State', 1, 0, '', 100, 5, 80, 1, 'V~O', 1, NULL, 'BAS', 1, NULL, 0, 0, 0),
(29, 506, 'address_postalcode', 'vtiger_users', 1, '1', 'address_postalcode', 'Postal Code', 1, 0, '', 100, 4, 80, 1, 'V~O', 1, NULL, 'BAS', 1, NULL, 0, 0, 0),
(29, 507, 'address_country', 'vtiger_users', 1, '1', 'address_country', 'Country', 1, 0, '', 100, 2, 80, 1, 'V~O', 1, NULL, 'BAS', 1, NULL, 0, 0, 0),
(29, 508, 'accesskey', 'vtiger_users', 1, '3', 'accesskey', 'Webservice Access Key', 1, 0, '', 100, 2, 83, 2, 'V~O', 1, NULL, 'BAS', 1, NULL, 0, 0, 0),
(29, 509, 'time_zone', 'vtiger_users', 1, '16', 'time_zone', 'Time Zone', 1, 0, '', 200, 5, 118, 1, 'V~O', 1, NULL, 'BAS', 1, NULL, 0, 0, 0),
(29, 510, 'currency_id', 'vtiger_users', 1, '117', 'currency_id', 'Currency', 1, 0, '', 100, 1, 78, 1, 'I~O', 1, NULL, 'BAS', 1, NULL, 0, 0, 0),
(29, 511, 'currency_grouping_pattern', 'vtiger_users', 1, '16', 'currency_grouping_pattern', 'Digit Grouping Pattern', 1, 0, '', 100, 2, 78, 1, 'V~O', 1, NULL, 'BAS', 1, '<b>Currency - Digit Grouping Pattern</b> <br/><br/>This pattern specifies the format in which the currency separator will be placed.', 0, 0, 0),
(29, 512, 'currency_decimal_separator', 'vtiger_users', 1, '16', 'currency_decimal_separator', 'Decimal Separator', 1, 0, '.', 2, 3, 78, 1, 'V~O', 1, NULL, 'BAS', 1, '<b>Currency - Decimal Separator</b> <br/><br/>Decimal separator specifies the separator to be used to separate the fractional values from the whole number part. <br/><b>Eg:</b> <br/>. => 123.45 <br/>, => 123,45 <br/>\' => 123\'45 <br/>  => 123 45 <br/>$ => 123$45 <br/>', 0, 0, 0),
(29, 513, 'currency_grouping_separator', 'vtiger_users', 1, '16', 'currency_grouping_separator', 'Digit Grouping Separator', 1, 0, ',', 2, 4, 78, 1, 'V~O', 1, NULL, 'BAS', 1, '<b>Currency - Grouping Separator</b> <br/><br/>Grouping separator specifies the separator to be used to group the whole number part into hundreds, thousands etc. <br/><b>Eg:</b> <br/>. => 123.456.789 <br/>, => 123,456,789 <br/>\' => 123\'456\'789 <br/>  => 123 456 789 <br/>$ => 123$456$789 <br/>', 0, 0, 0),
(29, 514, 'currency_symbol_placement', 'vtiger_users', 1, '16', 'currency_symbol_placement', 'Symbol Placement', 1, 0, '', 20, 5, 78, 1, 'V~O', 1, NULL, 'BAS', 1, '<b>Currency - Symbol Placement</b> <br/><br/>Symbol Placement allows you to configure the position of the currency symbol with respect to the currency value.<br/><b>Eg:</b> <br/>$1.0 => $123,456,789.50 <br/>1.0$ => 123,456,789.50$ <br/>', 0, 0, 0),
(29, 515, 'imagename', 'vtiger_users', 1, '105', 'imagename', 'User Image', 1, 0, '', 250, 10, 82, 1, 'V~O', 1, NULL, 'BAS', 1, NULL, 0, 0, 0),
(29, 516, 'internal_mailer', 'vtiger_users', 1, '56', 'internal_mailer', 'INTERNAL_MAIL_COMPOSER', 1, 0, '', 50, 15, 79, 1, 'V~O', 1, NULL, 'BAS', 1, NULL, 0, 0, 0),
(29, 517, 'theme', 'vtiger_users', 1, '31', 'theme', 'Theme', 1, 0, 'softed', 100, 16, 79, 1, 'V~O', 1, NULL, 'BAS', 1, NULL, 0, 0, 0),
(29, 518, 'language', 'vtiger_users', 1, '32', 'language', 'Language', 1, 0, 'en_us', 100, 17, 79, 1, 'V~O', 1, NULL, 'BAS', 1, NULL, 0, 0, 0),
(29, 519, 'reminder_interval', 'vtiger_users', 1, '16', 'reminder_interval', 'Reminder Interval', 1, 0, '', 100, 11, 118, 1, 'V~O', 1, NULL, 'BAS', 1, NULL, 0, 0, 0),
(10, 520, 'from_email', 'vtiger_emaildetails', 1, '12', 'from_email', 'From', 1, 2, '', 100, 1, 21, 3, 'V~M', 3, NULL, 'BAS', 0, NULL, 0, 0, 0),
(10, 521, 'to_email', 'vtiger_emaildetails', 1, '8', 'saved_toid', 'To', 1, 2, '', 100, 2, 21, 1, 'V~M', 3, NULL, 'BAS', 0, NULL, 0, 0, 0),
(10, 522, 'cc_email', 'vtiger_emaildetails', 1, '8', 'ccmail', 'CC', 1, 2, '', 1000, 3, 21, 1, 'V~O', 3, NULL, 'BAS', 0, NULL, 0, 0, 0),
(10, 523, 'bcc_email', 'vtiger_emaildetails', 1, '8', 'bccmail', 'BCC', 1, 2, '', 1000, 4, 21, 1, 'V~O', 3, NULL, 'BAS', 0, NULL, 0, 0, 0),
(10, 524, 'idlists', 'vtiger_emaildetails', 1, '357', 'parent_id', 'Parent ID', 1, 2, '', 1000, 5, 21, 1, 'V~O', 3, NULL, 'BAS', 0, NULL, 0, 0, 0),
(10, 525, 'email_flag', 'vtiger_emaildetails', 1, '16', 'email_flag', 'Email Flag', 1, 2, '', 1000, 6, 21, 3, 'V~O', 3, NULL, 'BAS', 0, NULL, 0, 0, 0),
(30, 526, 'smownerid', 'vtiger_crmentity', 1, '53', 'assigned_user_id', 'Assigned To', 1, 2, '', 100, 4, 88, 1, 'V~M', 2, 2, 'BAS', 1, '', 1, 0, 0),
(30, 527, 'createdtime', 'vtiger_crmentity', 1, '70', 'createdtime', 'Created Time', 1, 0, '', 100, 17, 88, 2, 'DT~O', 3, 0, 'BAS', 0, '', 0, 0, 0),
(30, 528, 'modifiedtime', 'vtiger_crmentity', 1, '70', 'modifiedtime', 'Modified Time', 1, 0, '', 100, 18, 88, 2, 'DT~O', 3, 0, 'BAS', 0, '', 0, 0, 0),
(30, 529, 'start_date', 'vtiger_servicecontracts', 1, '5', 'start_date', 'Start Date', 1, 2, '', 100, 7, 88, 1, 'D~O', 2, 4, 'BAS', 1, '', 0, 0, 0),
(30, 530, 'end_date', 'vtiger_servicecontracts', 1, '5', 'end_date', 'End Date', 1, 2, '', 100, 11, 88, 2, 'D~O', 3, 0, 'BAS', 0, '', 0, 0, 0),
(30, 531, 'sc_related_to', 'vtiger_servicecontracts', 1, '10', 'sc_related_to', 'Related to', 1, 2, '', 100, 3, 88, 1, 'V~O', 2, 6, 'BAS', 1, '', 0, 0, 0),
(30, 532, 'tracking_unit', 'vtiger_servicecontracts', 1, '15', 'tracking_unit', 'Tracking Unit', 1, 2, '', 100, 6, 88, 1, 'V~O', 2, 7, 'BAS', 1, '', 0, 0, 0),
(30, 533, 'total_units', 'vtiger_servicecontracts', 1, '7', 'total_units', 'Total Units', 1, 2, '', 100, 8, 88, 1, 'NN~O', 2, 8, 'BAS', 1, '', 1, 0, 0),
(30, 534, 'used_units', 'vtiger_servicecontracts', 1, '7', 'used_units', 'Used Units', 1, 2, '', 100, 10, 88, 1, 'NN~O', 2, 9, 'BAS', 1, '', 1, 0, 0),
(30, 535, 'subject', 'vtiger_servicecontracts', 1, '1', 'subject', 'Subject', 1, 0, '', 100, 1, 88, 1, 'V~M', 0, 1, 'BAS', 1, '', 1, 0, 0),
(30, 536, 'due_date', 'vtiger_servicecontracts', 1, '23', 'due_date', 'Due date', 1, 2, '', 100, 9, 88, 1, 'D~O', 2, 5, 'BAS', 1, '', 0, 0, 0),
(30, 537, 'planned_duration', 'vtiger_servicecontracts', 1, '1', 'planned_duration', 'Planned Duration', 1, 2, '', 100, 13, 88, 2, 'V~O', 3, 0, 'BAS', 0, '', 0, 0, 0),
(30, 538, 'actual_duration', 'vtiger_servicecontracts', 1, '1', 'actual_duration', 'Actual Duration', 1, 2, '', 100, 15, 88, 2, 'V~O', 3, 0, 'BAS', 0, '', 0, 0, 0),
(30, 539, 'contract_status', 'vtiger_servicecontracts', 1, '15', 'contract_status', 'Status', 1, 2, '', 100, 12, 88, 1, 'V~O', 1, 0, 'BAS', 1, '', 0, 0, 0),
(30, 540, 'priority', 'vtiger_servicecontracts', 1, '15', 'contract_priority', 'Priority', 1, 2, '', 100, 14, 88, 1, 'V~O', 1, 0, 'BAS', 1, '', 0, 0, 0),
(30, 541, 'contract_type', 'vtiger_servicecontracts', 1, '15', 'contract_type', 'Type', 1, 2, '', 100, 5, 88, 1, 'V~O', 1, 0, 'BAS', 1, '', 0, 0, 0),
(30, 542, 'progress', 'vtiger_servicecontracts', 1, '9', 'progress', 'Progress', 1, 2, '', 100, 16, 88, 2, 'N~O~2~2', 3, 3, 'BAS', 0, '', 0, 0, 0),
(30, 543, 'contract_no', 'vtiger_servicecontracts', 1, '4', 'contract_no', 'Contract No', 1, 0, '', 100, 2, 88, 1, 'V~O', 3, 0, 'BAS', 0, '', 1, 0, 0),
(30, 544, 'modifiedby', 'vtiger_crmentity', 1, '52', 'modifiedby', 'Last Modified By', 1, 0, '', 100, 17, 88, 3, 'V~O', 3, 0, 'BAS', 0, '', 0, 0, 0),
(30, 545, 'source', 'vtiger_crmentity', 1, '1', 'source', 'Source', 1, 2, '', 100, 19, 88, 2, 'V~O', 3, 10, 'BAS', 0, '', 0, 0, 0),
(30, 546, 'starred', 'vtiger_crmentity_user_field', 1, '56', 'starred', 'starred', 1, 2, '', 100, 20, 88, 6, 'C~O', 3, 11, 'BAS', 0, '', 0, 0, 0),
(30, 547, 'tags', 'vtiger_servicecontracts', 1, '1', 'tags', 'tags', 1, 2, '', 100, 21, 88, 6, 'V~O', 3, 12, 'BAS', 0, '', 0, 0, 0),
(34, 548, 'direction', 'vtiger_pbxmanager', 1, '1', 'direction', 'Direction', 1, 2, '', 100, 1, 90, 1, 'V~O', 1, 0, 'BAS', 1, '', 0, 0, 0),
(34, 549, 'callstatus', 'vtiger_pbxmanager', 1, '1', 'callstatus', 'Call Status', 1, 2, '', 100, 2, 90, 1, 'V~O', 1, 0, 'BAS', 1, '', 1, 0, 0),
(34, 550, 'starttime', 'vtiger_pbxmanager', 1, '70', 'starttime', 'Start Time', 1, 2, '', 100, 7, 90, 1, 'DT~O', 1, 0, 'BAS', 1, '', 1, 0, 0),
(34, 551, 'endtime', 'vtiger_pbxmanager', 1, '70', 'endtime', 'End Time', 1, 2, '', 100, 8, 90, 1, 'DT~O', 1, 0, 'BAS', 1, '', 0, 0, 0),
(34, 552, 'totalduration', 'vtiger_pbxmanager', 1, '7', 'totalduration', 'Total Duration', 1, 2, '', 100, 10, 90, 1, 'I~O', 1, 0, 'BAS', 1, '', 0, 0, 0),
(34, 553, 'billduration', 'vtiger_pbxmanager', 1, '7', 'billduration', 'Bill Duration', 1, 2, '', 100, 11, 90, 1, 'I~O', 1, 0, 'BAS', 1, '', 0, 0, 0),
(34, 554, 'recordingurl', 'vtiger_pbxmanager', 1, '17', 'recordingurl', 'Recording URL', 1, 2, '', 100, 9, 90, 1, 'V~O', 1, 0, 'BAS', 1, '', 1, 0, 0),
(34, 555, 'sourceuuid', 'vtiger_pbxmanager', 1, '1', 'sourceuuid', 'Source UUID', 1, 2, '', 100, 12, 90, 1, 'V~O', 1, 0, 'BAS', 1, '', 0, 0, 0),
(34, 556, 'gateway', 'vtiger_pbxmanager', 1, '1', 'gateway', 'Gateway', 1, 2, '', 100, 13, 90, 1, 'V~O', 1, 0, 'BAS', 1, '', 0, 0, 0),
(34, 557, 'customer', 'vtiger_pbxmanager', 1, '10', 'customer', 'Customer', 1, 2, '', 100, 3, 90, 1, 'V~O', 1, 0, 'BAS', 1, '', 1, 0, 0),
(34, 558, 'user', 'vtiger_pbxmanager', 1, '52', 'user', 'User', 1, 2, '', 100, 4, 90, 1, 'V~O', 1, 0, 'BAS', 1, '', 1, 0, 0),
(34, 559, 'customernumber', 'vtiger_pbxmanager', 1, '11', 'customernumber', 'Customer Number', 1, 2, '', 100, 5, 90, 1, 'V~M', 1, 0, 'BAS', 1, '', 0, 0, 0),
(34, 560, 'customertype', 'vtiger_pbxmanager', 1, '1', 'customertype', 'Customer Type', 1, 2, '', 100, 6, 90, 1, 'V~O', 1, 0, 'BAS', 1, '', 0, 0, 0),
(34, 561, 'smownerid', 'vtiger_crmentity', 1, '53', 'assigned_user_id', 'Assigned To', 1, 2, '', 100, 14, 90, 1, 'V~M', 1, 0, 'BAS', 1, '', 0, 0, 0),
(34, 562, 'createdtime', 'vtiger_crmentity', 1, '70', 'CreatedTime', 'Created Time', 1, 2, '', 100, 15, 90, 2, 'DT~O', 1, 0, 'BAS', 0, '', 0, 0, 0),
(34, 563, 'modifiedtime', 'vtiger_crmentity', 1, '70', 'ModifiedTime', 'Modified Time', 1, 2, '', 100, 16, 90, 2, 'DT~O', 1, 0, 'BAS', 0, '', 0, 0, 0),
(34, 564, 'source', 'vtiger_crmentity', 1, '1', 'source', 'Source', 1, 2, '', 100, 17, 90, 2, 'V~O', 3, 1, 'BAS', 0, '', 0, 0, 0),
(29, 565, 'phone_crm_extension', 'vtiger_users', 1, '11', 'phone_crm_extension', 'CRM Phone Extension', 1, 2, '', 100, 18, 79, 1, 'V~O', 1, 0, 'BAS', 1, '', 0, 0, 0),
(35, 566, 'servicename', 'vtiger_service', 1, '2', 'servicename', 'Service Name', 1, 0, '', 100, 1, 91, 1, 'V~M', 0, 1, 'BAS', 1, '', 1, 0, 0),
(35, 567, 'service_no', 'vtiger_service', 1, '4', 'service_no', 'Service No', 1, 0, '', 100, 2, 91, 1, 'V~O', 3, 0, 'BAS', 0, '', 1, 0, 0),
(35, 568, 'discontinued', 'vtiger_service', 1, '56', 'discontinued', 'Service Active', 1, 2, '1', 100, 4, 91, 1, 'V~O', 2, 3, 'BAS', 1, '', 0, 0, 0),
(35, 569, 'sales_start_date', 'vtiger_service', 1, '5', 'sales_start_date', 'Sales Start Date', 1, 2, '', 100, 9, 91, 1, 'D~O', 1, 0, 'BAS', 1, '', 0, 0, 0),
(35, 570, 'sales_end_date', 'vtiger_service', 1, '5', 'sales_end_date', 'Sales End Date', 1, 2, '', 100, 10, 91, 1, 'D~O~OTH~GE~sales_start_date~Sales Start Date', 1, 0, 'BAS', 1, '', 0, 0, 0),
(35, 571, 'start_date', 'vtiger_service', 1, '5', 'start_date', 'Support Start Date', 1, 2, '', 100, 11, 91, 1, 'D~O', 1, 0, 'BAS', 1, '', 0, 0, 0),
(35, 572, 'expiry_date', 'vtiger_service', 1, '5', 'expiry_date', 'Support Expiry Date', 1, 2, '', 100, 12, 91, 1, 'D~O~OTH~GE~start_date~Start Date', 1, 0, 'BAS', 1, '', 0, 0, 0),
(35, 573, 'website', 'vtiger_service', 1, '17', 'website', 'Website', 1, 2, '', 100, 6, 91, 1, 'V~O', 1, 0, 'BAS', 1, '', 0, 0, 0),
(35, 574, 'createdtime', 'vtiger_crmentity', 1, '70', 'createdtime', 'Created Time', 1, 0, '', 100, 13, 91, 2, 'DT~O', 3, 0, 'BAS', 0, '', 0, 0, 0),
(35, 575, 'modifiedtime', 'vtiger_crmentity', 1, '70', 'modifiedtime', 'Modified Time', 1, 0, '', 100, 14, 91, 2, 'DT~O', 3, 0, 'BAS', 0, '', 0, 0, 0),
(35, 576, 'modifiedby', 'vtiger_crmentity', 1, '52', 'modifiedby', 'Last Modified By', 1, 0, '', 100, 16, 91, 3, 'V~O', 3, 0, 'BAS', 0, '', 0, 0, 0),
(35, 577, 'service_usageunit', 'vtiger_service', 1, '15', 'service_usageunit', 'Usage Unit', 1, 2, '', 100, 3, 91, 1, 'V~O', 1, 0, 'BAS', 1, '', 0, 0, 0),
(35, 578, 'qty_per_unit', 'vtiger_service', 1, '1', 'qty_per_unit', 'No of Units', 1, 2, '', 100, 5, 91, 1, 'N~O', 1, 0, 'BAS', 1, '', 1, 0, 0),
(35, 579, 'smownerid', 'vtiger_crmentity', 1, '53', 'assigned_user_id', 'Owner', 1, 0, '', 100, 8, 91, 1, 'I~O', 1, 0, 'BAS', 1, '', 0, 0, 0),
(35, 580, 'servicecategory', 'vtiger_service', 1, '15', 'servicecategory', 'Service Category', 1, 2, '', 100, 7, 91, 1, 'V~O', 1, 0, 'BAS', 1, '', 0, 0, 0),
(35, 581, 'unit_price', 'vtiger_service', 1, '72', 'unit_price', 'Price', 1, 0, '', 100, 1, 92, 1, 'N~O', 2, 2, 'BAS', 0, '', 1, 0, 0),
(35, 582, 'taxclass', 'vtiger_service', 1, '83', 'taxclass', 'Taxes', 1, 2, '', 100, 4, 92, 1, 'V~O', 2, 0, 'BAS', 1, '', 0, 0, 0),
(35, 583, 'commissionrate', 'vtiger_service', 1, '9', 'commissionrate', 'Commission Rate', 1, 2, '', 100, 2, 92, 1, 'N~O', 1, 0, 'BAS', 1, '', 1, 0, 0),
(35, 584, 'description', 'vtiger_crmentity', 1, '19', 'description', 'Description', 1, 2, '', 100, 1, 94, 1, 'V~O', 1, 0, 'BAS', 1, '', 0, 0, 0),
(35, 585, 'source', 'vtiger_crmentity', 1, '1', 'source', 'Source', 1, 2, '', 100, 17, 91, 2, 'V~O', 3, 4, 'BAS', 0, '', 0, 0, 0),
(35, 586, 'starred', 'vtiger_crmentity_user_field', 1, '56', 'starred', 'starred', 1, 2, '', 100, 18, 91, 6, 'C~O', 3, 5, 'BAS', 0, '', 0, 0, 0),
(35, 587, 'tags', 'vtiger_service', 1, '1', 'tags', 'tags', 1, 2, '', 100, 19, 91, 6, 'V~O', 3, 6, 'BAS', 0, '', 0, 0, 0),
(38, 588, 'commentcontent', 'vtiger_modcomments', 1, '19', 'commentcontent', 'Comment', 1, 0, '', 100, 4, 95, 1, 'V~M', 0, 4, 'BAS', 2, '', 1, 0, 0),
(38, 589, 'smownerid', 'vtiger_crmentity', 1, '53', 'assigned_user_id', 'Assigned To', 1, 0, '', 100, 1, 96, 1, 'V~M', 0, 1, 'BAS', 2, '', 1, 0, 0),
(38, 590, 'createdtime', 'vtiger_crmentity', 1, '70', 'createdtime', 'Created Time', 1, 0, '', 100, 5, 96, 2, 'DT~O', 0, 2, 'BAS', 0, '', 0, 0, 0),
(38, 591, 'modifiedtime', 'vtiger_crmentity', 1, '70', 'modifiedtime', 'Modified Time', 1, 0, '', 100, 6, 96, 2, 'DT~O', 0, 3, 'BAS', 0, '', 0, 0, 0),
(38, 592, 'related_to', 'vtiger_modcomments', 1, '10', 'related_to', 'Related To', 1, 2, '', 100, 2, 96, 1, 'V~M', 2, 5, 'BAS', 2, '', 0, 0, 0),
(38, 593, 'smcreatorid', 'vtiger_crmentity', 1, '52', 'creator', 'Creator', 1, 2, '', 100, 4, 96, 2, 'V~O', 1, 0, 'BAS', 1, '', 0, 0, 0),
(38, 594, 'parent_comments', 'vtiger_modcomments', 1, '10', 'parent_comments', 'Related To Comments', 1, 2, '', 100, 7, 96, 1, 'V~O', 1, 0, 'BAS', 1, '', 0, 0, 0),
(38, 595, 'source', 'vtiger_crmentity', 1, '1', 'source', 'Source', 1, 2, '', 100, 5, 95, 2, 'V~O', 3, 6, 'BAS', 0, '', 0, 0, 0),
(42, 596, 'asset_no', 'vtiger_assets', 1, '4', 'asset_no', 'Asset No', 1, 0, '', 100, 2, 98, 1, 'V~O', 3, 0, 'BAS', 0, '\n					', 1, 0, 0),
(42, 597, 'product', 'vtiger_assets', 1, '10', 'product', 'Product Name', 1, 2, '', 100, 3, 98, 1, 'V~M', 0, 3, 'BAS', 1, '\n					', 1, 0, 0),
(42, 598, 'serialnumber', 'vtiger_assets', 1, '2', 'serialnumber', 'Serial Number', 1, 2, '', 100, 4, 98, 1, 'V~M', 0, 5, 'BAS', 1, '\n					', 0, 0, 0),
(42, 599, 'datesold', 'vtiger_assets', 1, '5', 'datesold', 'Date Sold', 1, 2, '', 100, 5, 98, 1, 'D~M~OTH~GE~datesold~Date Sold', 0, 0, 'BAS', 1, '\n					', 0, 0, 0),
(42, 600, 'dateinservice', 'vtiger_assets', 1, '5', 'dateinservice', 'Date in Service', 1, 2, '', 100, 6, 98, 1, 'D~M~OTH~GE~dateinservice~Date in Service', 0, 4, 'BAS', 1, '\n					', 0, 0, 0),
(42, 601, 'assetstatus', 'vtiger_assets', 1, '15', 'assetstatus', 'Status', 1, 2, '', 100, 7, 98, 1, 'V~M', 0, 0, 'BAS', 1, '\n					', 0, 0, 0),
(42, 602, 'tagnumber', 'vtiger_assets', 1, '2', 'tagnumber', 'Tag Number', 1, 2, '', 100, 8, 98, 1, 'V~O', 1, 0, 'BAS', 1, '\n					', 0, 0, 0),
(42, 603, 'invoiceid', 'vtiger_assets', 1, '10', 'invoiceid', 'Invoice Name', 1, 2, '', 100, 9, 98, 1, 'V~O', 1, 0, 'BAS', 1, '\n					', 0, 0, 0),
(42, 604, 'shippingmethod', 'vtiger_assets', 1, '2', 'shippingmethod', 'Shipping Method', 1, 2, '', 100, 10, 98, 1, 'V~O', 1, 0, 'BAS', 1, '\n					', 0, 0, 0),
(42, 605, 'shippingtrackingnumber', 'vtiger_assets', 1, '2', 'shippingtrackingnumber', 'Shipping Tracking Number', 1, 2, '', 100, 11, 98, 1, 'V~O', 1, 0, 'BAS', 1, '\n					', 0, 0, 0),
(42, 606, 'smownerid', 'vtiger_crmentity', 1, '53', 'assigned_user_id', 'Assigned To', 1, 2, '', 100, 4, 98, 1, 'V~M', 0, 2, 'BAS', 1, '\n					', 0, 0, 0),
(42, 607, 'assetname', 'vtiger_assets', 1, '1', 'assetname', 'Asset Name', 1, 0, '', 100, 12, 98, 1, 'V~M', 0, 6, 'BAS', 1, '\n					', 1, 0, 0),
(42, 608, 'account', 'vtiger_assets', 1, '10', 'account', 'Customer Name', 1, 2, '', 100, 13, 98, 1, 'V~M', 0, 0, 'BAS', 1, '\n					', 1, 0, 0),
(42, 609, 'contact', 'vtiger_assets', 1, '10', 'contact', 'Contact Name', 1, 2, '', 100, 14, 98, 1, 'V~O', 0, 0, 'BAS', 1, '\n					', 0, 0, 0),
(42, 610, 'createdtime', 'vtiger_crmentity', 1, '70', 'createdtime', 'Created Time', 1, 0, '', 100, 14, 98, 2, 'DT~O', 3, 0, 'BAS', 0, '\n					', 0, 0, 0),
(42, 611, 'modifiedtime', 'vtiger_crmentity', 1, '70', 'modifiedtime', 'Modified Time', 1, 0, '', 100, 15, 98, 2, 'DT~O', 3, 0, 'BAS', 0, '\n					', 0, 0, 0),
(42, 612, 'modifiedby', 'vtiger_crmentity', 1, '52', 'modifiedby', 'Last Modified By', 1, 0, '', 100, 16, 98, 3, 'V~O', 3, 0, 'BAS', 0, '\n					', 0, 0, 0),
(42, 613, 'description', 'vtiger_crmentity', 1, '19', 'description', 'Notes', 1, 2, '', 100, 1, 100, 1, 'V~O', 1, 0, 'BAS', 1, '\n					', 0, 0, 0),
(42, 614, 'source', 'vtiger_crmentity', 1, '1', 'source', 'Source', 1, 2, '', 100, 17, 98, 2, 'V~O', 3, 7, 'BAS', 0, '', 0, 0, 0),
(42, 615, 'starred', 'vtiger_crmentity_user_field', 1, '56', 'starred', 'starred', 1, 2, '', 100, 18, 98, 6, 'C~O', 3, 8, 'BAS', 0, '', 0, 0, 0),
(42, 616, 'tags', 'vtiger_assets', 1, '1', 'tags', 'tags', 1, 2, '', 100, 19, 98, 6, 'V~O', 3, 9, 'BAS', 0, '', 0, 0, 0),
(44, 617, 'smownerid', 'vtiger_crmentity', 1, '53', 'assigned_user_id', 'Assigned To', 1, 0, '', 100, 2, 101, 1, 'V~M', 1, 0, 'BAS', 1, '', 1, 0, 0),
(44, 618, 'createdtime', 'vtiger_crmentity', 1, '70', 'createdtime', 'Created Time', 1, 0, '', 100, 5, 101, 2, 'DT~O', 1, 0, 'BAS', 0, '', 0, 0, 0),
(44, 619, 'modifiedtime', 'vtiger_crmentity', 1, '70', 'modifiedtime', 'Modified Time', 1, 0, '', 100, 6, 101, 2, 'DT~O', 1, 0, 'BAS', 0, '', 0, 0, 0),
(44, 620, 'message', 'vtiger_smsnotifier', 1, '21', 'message', 'message', 1, 0, '', 100, 1, 101, 1, 'V~M', 1, 0, 'BAS', 1, '', 1, 0, 0),
(44, 621, 'modifiedby', 'vtiger_crmentity', 1, '52', 'modifiedby', 'Last Modified By', 1, 0, '', 100, 7, 101, 3, 'V~O', 1, 0, 'BAS', 0, '', 0, 0, 0),
(44, 622, 'source', 'vtiger_crmentity', 1, '1', 'source', 'Source', 1, 2, '', 100, 8, 101, 2, 'V~O', 3, 1, 'BAS', 0, '', 0, 0, 0),
(46, 623, 'projectmilestonename', 'vtiger_projectmilestone', 1, '2', 'projectmilestonename', 'Project Milestone Name', 1, 2, '', 100, 1, 104, 1, 'V~M', 0, 1, 'BAS', 1, '', 1, 0, 0),
(46, 624, 'projectmilestonedate', 'vtiger_projectmilestone', 1, '5', 'projectmilestonedate', 'Milestone Date', 1, 2, '', 100, 5, 104, 1, 'D~O', 0, 3, 'BAS', 1, '', 1, 0, 0),
(46, 625, 'projectid', 'vtiger_projectmilestone', 1, '10', 'projectid', 'Related to', 1, 0, '', 100, 4, 104, 1, 'V~M', 0, 4, 'BAS', 1, '', 0, 0, 0),
(46, 626, 'projectmilestonetype', 'vtiger_projectmilestone', 1, '15', 'projectmilestonetype', 'Type', 1, 2, '', 100, 7, 104, 1, 'V~O', 1, 0, 'BAS', 1, '', 1, 0, 0),
(46, 627, 'smownerid', 'vtiger_crmentity', 1, '53', 'assigned_user_id', 'Assigned To', 1, 2, '', 100, 6, 104, 1, 'V~M', 0, 2, 'BAS', 1, '', 0, 0, 0),
(46, 628, 'projectmilestone_no', 'vtiger_projectmilestone', 2, '4', 'projectmilestone_no', 'Project Milestone No', 1, 0, '', 100, 2, 104, 1, 'V~O', 3, 4, 'BAS', 0, '', 0, 0, 0),
(46, 629, 'createdtime', 'vtiger_crmentity', 1, '70', 'createdtime', 'Created Time', 1, 2, '', 100, 1, 105, 2, 'DT~O', 1, 0, 'BAS', 0, '', 0, 0, 0),
(46, 630, 'modifiedtime', 'vtiger_crmentity', 1, '70', 'modifiedtime', 'Modified Time', 1, 2, '', 100, 2, 105, 2, 'DT~O', 1, 0, 'BAS', 0, '', 0, 0, 0),
(46, 631, 'modifiedby', 'vtiger_crmentity', 1, '52', 'modifiedby', 'Last Modified By', 1, 0, '', 100, 3, 105, 3, 'V~O', 3, 0, 'BAS', 0, '', 0, 0, 0),
(46, 632, 'description', 'vtiger_crmentity', 1, '19', 'description', 'Description', 1, 2, '', 100, 1, 106, 1, 'V~O', 1, 0, 'BAS', 1, '', 0, 0, 0),
(46, 633, 'source', 'vtiger_crmentity', 1, '1', 'source', 'Source', 1, 2, '', 100, 8, 104, 2, 'V~O', 3, 5, 'BAS', 0, '', 0, 0, 0),
(46, 634, 'starred', 'vtiger_crmentity_user_field', 1, '56', 'starred', 'starred', 1, 2, '', 100, 9, 104, 6, 'C~O', 3, 6, 'BAS', 0, '', 0, 0, 0),
(46, 635, 'tags', 'vtiger_projectmilestone', 1, '1', 'tags', 'tags', 1, 2, '', 100, 10, 104, 6, 'V~O', 3, 7, 'BAS', 0, '', 0, 0, 0),
(47, 636, 'projecttaskname', 'vtiger_projecttask', 1, '2', 'projecttaskname', 'Project Task Name', 1, 2, '', 100, 1, 107, 1, 'V~M', 0, 1, 'BAS', 1, '', 1, 0, 0),
(47, 637, 'projecttasktype', 'vtiger_projecttask', 1, '15', 'projecttasktype', 'Type', 1, 2, '', 100, 4, 107, 1, 'V~O', 1, 0, 'BAS', 1, '', 1, 0, 0),
(47, 638, 'projecttaskpriority', 'vtiger_projecttask', 1, '15', 'projecttaskpriority', 'Priority', 1, 2, '', 100, 3, 107, 1, 'V~O', 1, 0, 'BAS', 1, '', 0, 0, 0),
(47, 639, 'projectid', 'vtiger_projecttask', 1, '10', 'projectid', 'Related to', 1, 0, '', 100, 6, 107, 1, 'V~M', 0, 5, 'BAS', 1, '', 0, 0, 0),
(47, 640, 'smownerid', 'vtiger_crmentity', 1, '53', 'assigned_user_id', 'Assigned To', 1, 2, '', 100, 7, 107, 1, 'V~M', 0, 2, 'BAS', 1, '', 1, 0, 0),
(47, 641, 'projecttasknumber', 'vtiger_projecttask', 1, '7', 'projecttasknumber', 'Project Task Number', 1, 2, '', 100, 5, 107, 1, 'I~O', 1, 0, 'BAS', 1, '', 0, 0, 0),
(47, 642, 'projecttask_no', 'vtiger_projecttask', 2, '4', 'projecttask_no', 'Project Task No', 1, 0, '', 100, 2, 107, 1, 'V~O', 3, 4, 'BAS', 0, '', 0, 0, 0),
(47, 643, 'projecttaskprogress', 'vtiger_projecttask', 1, '15', 'projecttaskprogress', 'Progress', 1, 2, '', 100, 1, 108, 1, 'V~O', 1, 0, 'BAS', 1, '', 1, 0, 0),
(47, 644, 'projecttaskhours', 'vtiger_projecttask', 1, '7', 'projecttaskhours', 'Worked Hours', 1, 2, '', 100, 2, 108, 1, 'V~O', 1, 0, 'BAS', 1, '', 0, 0, 0),
(47, 645, 'startdate', 'vtiger_projecttask', 1, '5', 'startdate', 'Start Date', 1, 2, '', 100, 3, 108, 1, 'D~O', 0, 3, 'BAS', 1, '', 1, 0, 0),
(47, 646, 'enddate', 'vtiger_projecttask', 1, '5', 'enddate', 'End Date', 1, 2, '', 100, 4, 108, 1, 'D~O~OTH~GE~startdate~Start Date', 1, 0, 'BAS', 1, '', 1, 0, 0),
(47, 647, 'createdtime', 'vtiger_crmentity', 1, '70', 'createdtime', 'Created Time', 1, 2, '', 100, 5, 108, 2, 'DT~O', 1, 0, 'BAS', 0, '', 0, 0, 0),
(47, 648, 'modifiedtime', 'vtiger_crmentity', 1, '70', 'modifiedtime', 'Modified Time', 1, 2, '', 100, 6, 108, 2, 'DT~O', 1, 0, 'BAS', 0, '', 0, 0, 0),
(47, 649, 'modifiedby', 'vtiger_crmentity', 1, '52', 'modifiedby', 'Last Modified By', 1, 0, '', 100, 7, 108, 3, 'V~O', 3, 0, 'BAS', 0, '', 0, 0, 0),
(47, 650, 'description', 'vtiger_crmentity', 1, '19', 'description', 'description', 1, 2, '', 100, 1, 109, 1, 'V~O', 1, 0, 'BAS', 1, '', 0, 0, 0),
(47, 651, 'source', 'vtiger_crmentity', 1, '1', 'source', 'Source', 1, 2, '', 100, 8, 107, 2, 'V~O', 3, 6, 'BAS', 0, '', 0, 0, 0),
(47, 652, 'starred', 'vtiger_crmentity_user_field', 1, '56', 'starred', 'starred', 1, 2, '', 100, 9, 107, 6, 'C~O', 3, 7, 'BAS', 0, '', 0, 0, 0),
(47, 653, 'tags', 'vtiger_projecttask', 1, '1', 'tags', 'tags', 1, 2, '', 100, 10, 107, 6, 'V~O', 3, 8, 'BAS', 0, '', 0, 0, 0),
(48, 654, 'projectname', 'vtiger_project', 1, '2', 'projectname', 'Project Name', 1, 2, '', 100, 1, 110, 1, 'V~M', 0, 1, 'BAS', 1, '', 1, 0, 0),
(48, 655, 'startdate', 'vtiger_project', 1, '23', 'startdate', 'Start Date', 1, 2, '', 100, 3, 110, 1, 'D~O', 0, 3, 'BAS', 1, '', 1, 0, 0),
(48, 656, 'targetenddate', 'vtiger_project', 1, '23', 'targetenddate', 'Target End Date', 1, 2, '', 100, 5, 110, 1, 'D~O~OTH~GE~startdate~Start Date', 0, 4, 'BAS', 1, '', 1, 0, 0),
(48, 657, 'actualenddate', 'vtiger_project', 1, '23', 'actualenddate', 'Actual End Date', 1, 2, '', 100, 6, 110, 1, 'D~O~OTH~GE~startdate~Start Date', 1, 0, 'BAS', 1, '', 0, 0, 0),
(48, 658, 'projectstatus', 'vtiger_project', 1, '15', 'projectstatus', 'Status', 1, 2, '', 100, 7, 110, 1, 'V~O', 1, 0, 'BAS', 1, '', 1, 0, 0),
(48, 659, 'projecttype', 'vtiger_project', 1, '15', 'projecttype', 'Type', 1, 2, '', 100, 8, 110, 1, 'V~O', 1, 0, 'BAS', 1, '', 1, 0, 0);
INSERT INTO `vtiger_field` (`tabid`, `fieldid`, `columnname`, `tablename`, `generatedtype`, `uitype`, `fieldname`, `fieldlabel`, `readonly`, `presence`, `defaultvalue`, `maximumlength`, `sequence`, `block`, `displaytype`, `typeofdata`, `quickcreate`, `quickcreatesequence`, `info_type`, `masseditable`, `helpinfo`, `summaryfield`, `headerfield`, `isunique`) VALUES
(48, 660, 'linktoaccountscontacts', 'vtiger_project', 1, '10', 'linktoaccountscontacts', 'Related to', 1, 2, '', 100, 9, 110, 1, 'V~O', 1, 0, 'BAS', 1, '', 0, 1, 0),
(48, 661, 'smownerid', 'vtiger_crmentity', 1, '53', 'assigned_user_id', 'Assigned To', 1, 2, '', 100, 4, 110, 1, 'V~M', 0, 2, 'BAS', 1, '', 1, 0, 0),
(48, 662, 'project_no', 'vtiger_project', 2, '4', 'project_no', 'Project No', 1, 0, '', 100, 2, 110, 1, 'V~O', 3, 0, 'BAS', 0, '', 0, 0, 0),
(48, 663, 'targetbudget', 'vtiger_project', 1, '7', 'targetbudget', 'Target Budget', 1, 2, '', 100, 1, 111, 1, 'V~O', 1, 0, 'BAS', 1, '', 0, 0, 0),
(48, 664, 'projecturl', 'vtiger_project', 1, '17', 'projecturl', 'Project Url', 1, 2, '', 100, 2, 111, 1, 'V~O', 1, 0, 'BAS', 1, '', 0, 0, 0),
(48, 665, 'projectpriority', 'vtiger_project', 1, '15', 'projectpriority', 'Priority', 1, 2, '', 100, 3, 111, 1, 'V~O', 1, 0, 'BAS', 1, '', 0, 0, 0),
(48, 666, 'progress', 'vtiger_project', 1, '15', 'progress', 'Progress', 1, 2, '', 100, 4, 111, 1, 'V~O', 1, 0, 'BAS', 1, '', 0, 0, 0),
(48, 667, 'createdtime', 'vtiger_crmentity', 1, '70', 'createdtime', 'Created Time', 1, 2, '', 100, 5, 111, 2, 'DT~O', 1, 0, 'BAS', 0, '', 0, 0, 0),
(48, 668, 'modifiedtime', 'vtiger_crmentity', 1, '70', 'modifiedtime', 'Modified Time', 1, 2, '', 100, 6, 111, 2, 'DT~O', 1, 0, 'BAS', 0, '', 0, 0, 0),
(48, 669, 'modifiedby', 'vtiger_crmentity', 1, '52', 'modifiedby', 'Last Modified By', 1, 0, '', 100, 7, 111, 3, 'V~O', 3, 0, 'BAS', 0, '', 0, 0, 0),
(48, 670, 'description', 'vtiger_crmentity', 1, '19', 'description', 'Description', 1, 2, '', 100, 1, 112, 1, 'V~O', 1, 0, 'BAS', 1, '', 0, 0, 0),
(48, 671, 'source', 'vtiger_crmentity', 1, '1', 'source', 'Source', 1, 2, '', 100, 10, 110, 2, 'V~O', 3, 5, 'BAS', 0, '', 0, 0, 0),
(48, 672, 'starred', 'vtiger_crmentity_user_field', 1, '56', 'starred', 'starred', 1, 2, '', 100, 11, 110, 6, 'C~O', 3, 6, 'BAS', 0, '', 0, 0, 0),
(48, 673, 'tags', 'vtiger_project', 1, '1', 'tags', 'tags', 1, 2, '', 100, 12, 110, 6, 'V~O', 3, 7, 'BAS', 0, '', 0, 0, 0),
(2, 674, 'forecast_amount', 'vtiger_potential', 1, '71', 'forecast_amount', 'Forecast Amount', 1, 2, '', 100, 18, 1, 1, 'N~O', 1, 0, 'BAS', 0, '', 0, 0, 0),
(29, 675, 'no_of_currency_decimals', 'vtiger_users', 1, '16', 'no_of_currency_decimals', 'Number Of Currency Decimals', 1, 2, '2', 100, 6, 78, 1, 'V~O', 1, 0, 'BAS', 1, '<b>Currency - Number of Decimal places</b> <br/><br/>Number of decimal places specifies how many number of decimals will be shown after decimal separator.<br/><b>Eg:</b> 123.00', 0, 0, 0),
(23, 676, 'productid', 'vtiger_inventoryproductrel', 1, '10', 'productid', 'Item Name', 0, 2, '', 100, 1, 113, 5, 'V~M', 1, 0, 'BAS', 0, '', 0, 0, 0),
(23, 677, 'quantity', 'vtiger_inventoryproductrel', 1, '7', 'quantity', 'Quantity', 0, 2, '', 100, 2, 113, 5, 'N~O', 1, 0, 'BAS', 0, '', 0, 0, 0),
(23, 678, 'listprice', 'vtiger_inventoryproductrel', 1, '71', 'listprice', 'List Price', 0, 2, '', 100, 3, 113, 5, 'N~O', 1, 0, 'BAS', 0, '', 0, 0, 0),
(23, 679, 'comment', 'vtiger_inventoryproductrel', 1, '19', 'comment', 'Item Comment', 0, 2, '', 100, 4, 113, 5, 'V~O', 1, 0, 'BAS', 0, '', 0, 0, 0),
(23, 680, 'discount_amount', 'vtiger_inventoryproductrel', 1, '71', 'discount_amount', 'Item Discount Amount', 0, 2, '', 100, 5, 113, 5, 'N~O', 1, 0, 'BAS', 0, '', 0, 0, 0),
(23, 681, 'discount_percent', 'vtiger_inventoryproductrel', 1, '7', 'discount_percent', 'Item Discount Percent', 0, 2, '', 100, 6, 113, 5, 'V~O', 1, 0, 'BAS', 0, '', 0, 0, 0),
(23, 682, 'tax1', 'vtiger_inventoryproductrel', 1, '83', 'tax1', 'VAT', 0, 2, '', 100, 7, 113, 5, 'V~O', 1, 0, 'BAS', 0, '', 0, 0, 0),
(23, 683, 'tax2', 'vtiger_inventoryproductrel', 1, '83', 'tax2', 'Sales', 0, 2, '', 100, 8, 113, 5, 'V~O', 1, 0, 'BAS', 0, '', 0, 0, 0),
(23, 684, 'tax3', 'vtiger_inventoryproductrel', 1, '83', 'tax3', 'Service', 0, 2, '', 100, 9, 113, 5, 'V~O', 1, 0, 'BAS', 0, '', 0, 0, 0),
(22, 685, 'productid', 'vtiger_inventoryproductrel', 1, '10', 'productid', 'Item Name', 0, 2, '', 100, 1, 114, 5, 'V~M', 1, 0, 'BAS', 0, '', 0, 0, 0),
(22, 686, 'quantity', 'vtiger_inventoryproductrel', 1, '7', 'quantity', 'Quantity', 0, 2, '', 100, 2, 114, 5, 'N~O', 1, 0, 'BAS', 0, '', 0, 0, 0),
(22, 687, 'listprice', 'vtiger_inventoryproductrel', 1, '71', 'listprice', 'List Price', 0, 2, '', 100, 3, 114, 5, 'N~O', 1, 0, 'BAS', 0, '', 0, 0, 0),
(22, 688, 'comment', 'vtiger_inventoryproductrel', 1, '19', 'comment', 'Item Comment', 0, 2, '', 100, 4, 114, 5, 'V~O', 1, 0, 'BAS', 0, '', 0, 0, 0),
(22, 689, 'discount_amount', 'vtiger_inventoryproductrel', 1, '71', 'discount_amount', 'Item Discount Amount', 0, 2, '', 100, 5, 114, 5, 'N~O', 1, 0, 'BAS', 0, '', 0, 0, 0),
(22, 690, 'discount_percent', 'vtiger_inventoryproductrel', 1, '7', 'discount_percent', 'Item Discount Percent', 0, 2, '', 100, 6, 114, 5, 'V~O', 1, 0, 'BAS', 0, '', 0, 0, 0),
(22, 691, 'tax1', 'vtiger_inventoryproductrel', 1, '83', 'tax1', 'VAT', 0, 2, '', 100, 7, 114, 5, 'V~O', 1, 0, 'BAS', 0, '', 0, 0, 0),
(22, 692, 'tax2', 'vtiger_inventoryproductrel', 1, '83', 'tax2', 'Sales', 0, 2, '', 100, 8, 114, 5, 'V~O', 1, 0, 'BAS', 0, '', 0, 0, 0),
(22, 693, 'tax3', 'vtiger_inventoryproductrel', 1, '83', 'tax3', 'Service', 0, 2, '', 100, 9, 114, 5, 'V~O', 1, 0, 'BAS', 0, '', 0, 0, 0),
(21, 694, 'productid', 'vtiger_inventoryproductrel', 1, '10', 'productid', 'Item Name', 0, 2, '', 100, 1, 115, 5, 'V~M', 1, 0, 'BAS', 0, '', 0, 0, 0),
(21, 695, 'quantity', 'vtiger_inventoryproductrel', 1, '7', 'quantity', 'Quantity', 0, 2, '', 100, 2, 115, 5, 'N~O', 1, 0, 'BAS', 0, '', 0, 0, 0),
(21, 696, 'listprice', 'vtiger_inventoryproductrel', 1, '71', 'listprice', 'List Price', 0, 2, '', 100, 3, 115, 5, 'N~O', 1, 0, 'BAS', 0, '', 0, 0, 0),
(21, 697, 'comment', 'vtiger_inventoryproductrel', 1, '19', 'comment', 'Item Comment', 0, 2, '', 100, 4, 115, 5, 'V~O', 1, 0, 'BAS', 0, '', 0, 0, 0),
(21, 698, 'discount_amount', 'vtiger_inventoryproductrel', 1, '71', 'discount_amount', 'Item Discount Amount', 0, 2, '', 100, 5, 115, 5, 'N~O', 1, 0, 'BAS', 0, '', 0, 0, 0),
(21, 699, 'discount_percent', 'vtiger_inventoryproductrel', 1, '7', 'discount_percent', 'Item Discount Percent', 0, 2, '', 100, 6, 115, 5, 'V~O', 1, 0, 'BAS', 0, '', 0, 0, 0),
(21, 700, 'tax1', 'vtiger_inventoryproductrel', 1, '83', 'tax1', 'VAT', 0, 2, '', 100, 7, 115, 5, 'V~O', 1, 0, 'BAS', 0, '', 0, 0, 0),
(21, 701, 'tax2', 'vtiger_inventoryproductrel', 1, '83', 'tax2', 'Sales', 0, 2, '', 100, 8, 115, 5, 'V~O', 1, 0, 'BAS', 0, '', 0, 0, 0),
(21, 702, 'tax3', 'vtiger_inventoryproductrel', 1, '83', 'tax3', 'Service', 0, 2, '', 100, 9, 115, 5, 'V~O', 1, 0, 'BAS', 0, '', 0, 0, 0),
(20, 703, 'productid', 'vtiger_inventoryproductrel', 1, '10', 'productid', 'Item Name', 0, 2, '', 100, 1, 116, 5, 'V~M', 1, 0, 'BAS', 0, '', 0, 0, 0),
(20, 704, 'quantity', 'vtiger_inventoryproductrel', 1, '7', 'quantity', 'Quantity', 0, 2, '', 100, 2, 116, 5, 'N~O', 1, 0, 'BAS', 0, '', 0, 0, 0),
(20, 705, 'listprice', 'vtiger_inventoryproductrel', 1, '71', 'listprice', 'List Price', 0, 2, '', 100, 3, 116, 5, 'N~O', 1, 0, 'BAS', 0, '', 0, 0, 0),
(20, 706, 'comment', 'vtiger_inventoryproductrel', 1, '19', 'comment', 'Item Comment', 0, 2, '', 100, 4, 116, 5, 'V~O', 1, 0, 'BAS', 0, '', 0, 0, 0),
(20, 707, 'discount_amount', 'vtiger_inventoryproductrel', 1, '71', 'discount_amount', 'Item Discount Amount', 0, 2, '', 100, 5, 116, 5, 'N~O', 1, 0, 'BAS', 0, '', 0, 0, 0),
(20, 708, 'discount_percent', 'vtiger_inventoryproductrel', 1, '7', 'discount_percent', 'Item Discount Percent', 0, 2, '', 100, 6, 116, 5, 'V~O', 1, 0, 'BAS', 0, '', 0, 0, 0),
(20, 709, 'tax1', 'vtiger_inventoryproductrel', 1, '83', 'tax1', 'VAT', 0, 2, '', 100, 7, 116, 5, 'V~O', 1, 0, 'BAS', 0, '', 0, 0, 0),
(20, 710, 'tax2', 'vtiger_inventoryproductrel', 1, '83', 'tax2', 'Sales', 0, 2, '', 100, 8, 116, 5, 'V~O', 1, 0, 'BAS', 0, '', 0, 0, 0),
(20, 711, 'tax3', 'vtiger_inventoryproductrel', 1, '83', 'tax3', 'Service', 0, 2, '', 100, 9, 116, 5, 'V~O', 1, 0, 'BAS', 0, '', 0, 0, 0),
(29, 712, 'truncate_trailing_zeros', 'vtiger_users', 1, '56', 'truncate_trailing_zeros', 'Truncate Trailing Zeros', 1, 2, '0', 100, 7, 78, 1, 'V~O', 1, 0, 'BAS', 1, '<b> Truncate Trailing Zeros </b> <br/><br/>It truncated trailing 0s in any of Currency, Decimal and Percentage Field types<br/><br/><b>Ex:</b><br/>If value is 89.00000 then <br/>decimal and Percentage fields were shows 89<br/>currency field type - shows 89.00<br/>', 0, 0, 0),
(47, 713, 'projecttaskstatus', 'vtiger_projecttask', 1, '15', 'projecttaskstatus', 'Status', 1, 2, '', 100, 11, 107, 1, 'V~O', 0, 9, 'BAS', 1, '', 0, 0, 0),
(38, 714, 'customer', 'vtiger_modcomments', 1, '10', 'customer', 'Customer', 1, 2, '', 100, 6, 95, 3, 'V~O', 1, 0, 'BAS', 1, '', 0, 0, 0),
(29, 715, 'dayoftheweek', 'vtiger_users', 1, '16', 'dayoftheweek', 'Starting Day of the week', 1, 2, 'Monday', 100, 1, 118, 1, 'V~O', 1, 0, 'BAS', 1, '', 0, 0, 0),
(29, 716, 'callduration', 'vtiger_users', 1, '16', 'callduration', 'Default Call Duration', 1, 2, '5', 100, 7, 118, 1, 'V~O', 1, 0, 'BAS', 1, '', 0, 0, 0),
(29, 717, 'othereventduration', 'vtiger_users', 1, '16', 'othereventduration', 'Other Event Duration', 1, 2, '5', 100, 8, 118, 1, 'V~O', 1, 0, 'BAS', 1, '', 0, 0, 0),
(23, 718, 'pre_tax_total', 'vtiger_invoice', 1, '72', 'pre_tax_total', 'Pre Tax Total', 1, 2, '', 100, 23, 67, 3, 'N~O', 1, 0, 'BAS', 1, '', 0, 0, 0),
(22, 719, 'pre_tax_total', 'vtiger_salesorder', 1, '72', 'pre_tax_total', 'Pre Tax Total', 1, 2, '', 100, 23, 61, 3, 'N~O', 1, 0, 'BAS', 1, '', 0, 0, 0),
(21, 720, 'pre_tax_total', 'vtiger_purchaseorder', 1, '72', 'pre_tax_total', 'Pre Tax Total', 1, 2, '', 100, 23, 55, 3, 'N~O', 1, 0, 'BAS', 1, '', 0, 0, 0),
(20, 721, 'pre_tax_total', 'vtiger_quotes', 1, '72', 'pre_tax_total', 'Pre Tax Total', 1, 2, '', 100, 23, 49, 3, 'N~O', 1, 0, 'BAS', 1, '', 0, 0, 0),
(29, 722, 'calendarsharedtype', 'vtiger_users', 1, '16', 'calendarsharedtype', 'Calendar Shared Type', 1, 2, 'Public', 100, 12, 118, 3, 'V~O', 1, 0, 'BAS', 1, '', 0, 0, 0),
(6, 723, 'isconvertedfromlead', 'vtiger_account', 1, '56', 'isconvertedfromlead', 'Is Converted From Lead', 1, 2, 'no', 100, 24, 9, 1, 'C~O', 1, 0, 'BAS', 1, '', 0, 0, 0),
(4, 724, 'isconvertedfromlead', 'vtiger_contactdetails', 1, '56', 'isconvertedfromlead', 'Is Converted From Lead', 1, 2, 'no', 100, 29, 4, 1, 'C~O', 1, 0, 'BAS', 1, '', 0, 0, 0),
(2, 725, 'isconvertedfromlead', 'vtiger_potential', 1, '56', 'isconvertedfromlead', 'Is Converted From Lead', 1, 2, 'no', 100, 19, 1, 1, 'C~O', 1, 0, 'BAS', 1, '', 0, 0, 0),
(29, 726, 'default_record_view', 'vtiger_users', 1, '16', 'default_record_view', 'Default Record View', 1, 2, 'Summary', 100, 19, 79, 1, 'V~O', 1, 0, 'BAS', 1, '', 0, 0, 0),
(23, 727, 'received', 'vtiger_invoice', 1, '72', 'received', 'Received', 1, 2, '0', 100, 24, 67, 3, 'N~O', 1, 0, 'BAS', 1, '', 0, 0, 0),
(23, 728, 'balance', 'vtiger_invoice', 1, '72', 'balance', 'Balance', 1, 2, '0', 100, 25, 67, 3, 'N~O', 1, 0, 'BAS', 1, '', 0, 0, 0),
(21, 729, 'paid', 'vtiger_purchaseorder', 1, '72', 'paid', 'Paid', 1, 2, '0', 100, 24, 55, 3, 'N~O', 1, 0, 'BAS', 1, '', 0, 0, 0),
(21, 730, 'balance', 'vtiger_purchaseorder', 1, '72', 'balance', 'Balance', 1, 2, '0', 100, 25, 55, 3, 'N~O', 1, 0, 'BAS', 1, '', 0, 0, 0),
(18, 731, 'smownerid', 'vtiger_crmentity', 1, '53', 'assigned_user_id', 'Assigned To', 1, 2, '', 100, 13, 42, 1, 'V~M', 1, 0, 'BAS', 1, '', 0, 0, 0),
(7, 732, 'emailoptout', 'vtiger_leaddetails', 1, '56', 'emailoptout', 'Email Opt Out', 1, 0, '', 100, 24, 13, 1, 'C~O', 1, 0, 'BAS', 1, '', 0, 0, 0),
(38, 733, 'userid', 'vtiger_modcomments', 1, '10', 'userid', 'UserId', 1, 2, '', 100, 7, 95, 3, 'V~O', 1, 0, 'BAS', 1, '', 0, 0, 0),
(38, 734, 'reasontoedit', 'vtiger_modcomments', 1, '19', 'reasontoedit', 'ReasonToEdit', 1, 2, '', 100, 8, 95, 1, 'V~O', 1, 0, 'BAS', 1, '', 0, 0, 0),
(23, 735, 's_h_percent', 'vtiger_invoice', 1, '1', 'hdnS_H_Percent', 'S&H Percent', 0, 2, '', 100, 10, 113, 5, 'N~O', 0, 1, 'BAS', 0, '', 0, 0, 0),
(20, 736, 's_h_percent', 'vtiger_quotes', 1, '1', 'hdnS_H_Percent', 'S&H Percent', 0, 2, '', 100, 10, 116, 5, 'N~O', 0, 1, 'BAS', 0, '', 0, 0, 0),
(21, 737, 's_h_percent', 'vtiger_purchaseorder', 1, '1', 'hdnS_H_Percent', 'S&H Percent', 0, 2, '', 100, 10, 115, 5, 'N~O', 0, 1, 'BAS', 0, '', 0, 0, 0),
(22, 738, 's_h_percent', 'vtiger_salesorder', 1, '1', 'hdnS_H_Percent', 'S&H Percent', 0, 2, '', 100, 10, 114, 5, 'N~O', 0, 1, 'BAS', 0, '', 0, 0, 0),
(29, 739, 'leftpanelhide', 'vtiger_users', 1, '56', 'leftpanelhide', 'Left Panel Hide', 1, 2, '0', 100, 20, 79, 1, 'V~O', 1, 0, 'BAS', 1, '', 0, 0, 0),
(2, 740, 'contact_id', 'vtiger_potential', 1, '10', 'contact_id', 'Contact Name', 1, 2, '', 100, 4, 1, 1, 'V~O', 1, 0, 'BAS', 1, '', 1, 0, 0),
(13, 741, 'contact_id', 'vtiger_troubletickets', 1, '10', 'contact_id', 'Contact Name', 1, 2, '', 100, 3, 25, 1, 'V~O', 1, 0, 'BAS', 1, '', 1, 0, 0),
(29, 742, 'rowheight', 'vtiger_users', 1, '16', 'rowheight', 'Row Height', 1, 2, 'medium', 100, 21, 79, 1, 'V~O', 1, 0, 'BAS', 1, '', 0, 0, 0),
(29, 743, 'defaulteventstatus', 'vtiger_users', 1, '15', 'defaulteventstatus', 'Default Event Status', 1, 2, 'Planned', 100, 9, 118, 1, 'V~O', 1, 0, 'BAS', 1, '', 0, 0, 0),
(29, 744, 'defaultactivitytype', 'vtiger_users', 1, '15', 'defaultactivitytype', 'Default Activity Type', 1, 2, 'Call', 100, 10, 118, 1, 'V~O', 1, 0, 'BAS', 1, '', 0, 0, 0),
(29, 745, 'hidecompletedevents', 'vtiger_users', 1, '56', 'hidecompletedevents', 'LBL_HIDE_COMPLETED_EVENTS', 1, 2, '0', 100, 13, 118, 1, 'C~O', 1, 0, 'BAS', 1, '', 0, 0, 0),
(14, 772, 'purchase_cost', 'vtiger_products', 1, '71', 'purchase_cost', 'Purchase Cost', 1, 0, '', 100, 5, 32, 1, 'N~O', 1, 0, 'BAS', 1, '', 0, 0, 0),
(35, 773, 'purchase_cost', 'vtiger_service', 1, '71', 'purchase_cost', 'Purchase Cost', 1, 0, '', 100, 5, 92, 1, 'N~O', 1, 0, 'BAS', 1, '', 0, 0, 0),
(23, 774, 'potential_id', 'vtiger_invoice', 1, '10', 'potential_id', 'Potential Name', 1, 2, '', 100, 26, 67, 1, 'I~O', 1, 0, 'BAS', 1, '', 0, 0, 0),
(29, 775, 'defaultcalendarview', 'vtiger_users', 1, '16', 'defaultcalendarview', 'Default Calendar View', 1, 0, 'MyCalendar', 100, 14, 118, 1, 'V~O', 1, 0, 'BAS', 1, '', 0, 0, 0),
(23, 776, 'image', 'vtiger_inventoryproductrel', 1, '56', 'image', 'Image', 0, 1, '', 100, 14, 113, 5, 'V~O', 1, 0, 'BAS', 0, '', 0, 0, 0),
(23, 777, 'purchase_cost', 'vtiger_inventoryproductrel', 1, '71', 'purchase_cost', 'Purchase Cost', 0, 1, '', 100, 15, 113, 5, 'N~O', 1, 0, 'BAS', 0, '', 0, 0, 0),
(23, 778, 'margin', 'vtiger_inventoryproductrel', 1, '71', 'margin', 'Margin', 0, 1, '', 100, 16, 113, 5, 'N~O', 1, 0, 'BAS', 0, '', 0, 0, 0),
(20, 779, 'image', 'vtiger_inventoryproductrel', 1, '56', 'image', 'Image', 0, 1, '', 100, 15, 116, 5, 'V~O', 1, 0, 'BAS', 0, '', 0, 0, 0),
(20, 780, 'purchase_cost', 'vtiger_inventoryproductrel', 1, '71', 'purchase_cost', 'Purchase Cost', 0, 1, '', 100, 16, 116, 5, 'N~O', 1, 0, 'BAS', 0, '', 0, 0, 0),
(20, 781, 'margin', 'vtiger_inventoryproductrel', 1, '71', 'margin', 'Margin', 0, 1, '', 100, 17, 116, 5, 'N~O', 1, 0, 'BAS', 0, '', 0, 0, 0),
(21, 782, 'image', 'vtiger_inventoryproductrel', 1, '56', 'image', 'Image', 0, 1, '', 100, 15, 115, 5, 'V~O', 1, 0, 'BAS', 0, '', 0, 0, 0),
(22, 783, 'image', 'vtiger_inventoryproductrel', 1, '56', 'image', 'Image', 0, 1, '', 100, 16, 114, 5, 'V~O', 1, 0, 'BAS', 0, '', 0, 0, 0),
(22, 784, 'purchase_cost', 'vtiger_inventoryproductrel', 1, '71', 'purchase_cost', 'Purchase Cost', 0, 1, '', 100, 17, 114, 5, 'N~O', 1, 0, 'BAS', 0, '', 0, 0, 0),
(22, 785, 'margin', 'vtiger_inventoryproductrel', 1, '71', 'margin', 'Margin', 0, 1, '', 100, 18, 114, 5, 'N~O', 1, 0, 'BAS', 0, '', 0, 0, 0),
(38, 786, 'is_private', 'vtiger_modcomments', 1, '7', 'is_private', 'Is Private', 1, 2, '', 100, 9, 95, 1, 'I~O', 1, 0, 'BAS', 1, '', 0, 0, 0),
(38, 787, 'filename', 'vtiger_modcomments', 1, '61', 'filename', 'Attachment', 1, 0, '', 100, 10, 95, 1, 'V~O', 1, 0, 'BAS', 1, '', 0, 0, 0),
(38, 788, 'related_email_id', 'vtiger_modcomments', 1, '1', 'related_email_id', 'Related Email Id', 1, 2, '0', 100, 11, 95, 1, 'I~O', 1, 0, 'BAS', 1, '', 0, 0, 0),
(2, 789, 'source', 'vtiger_crmentity', 1, '1', 'source', 'Source', 1, 2, '', 100, 20, 1, 2, 'V~O', 3, 7, 'BAS', 0, '', 0, 0, 0),
(4, 790, 'source', 'vtiger_crmentity', 1, '1', 'source', 'Source', 1, 2, '', 100, 30, 4, 2, 'V~O', 3, 7, 'BAS', 0, '', 0, 0, 0),
(6, 791, 'source', 'vtiger_crmentity', 1, '1', 'source', 'Source', 1, 2, '', 100, 25, 9, 2, 'V~O', 3, 5, 'BAS', 0, '', 0, 0, 0),
(7, 792, 'source', 'vtiger_crmentity', 1, '1', 'source', 'Source', 1, 2, '', 100, 25, 13, 2, 'V~O', 3, 7, 'BAS', 0, '', 0, 0, 0),
(8, 793, 'source', 'vtiger_crmentity', 1, '1', 'source', 'Source', 1, 2, '', 100, 13, 17, 2, 'V~O', 3, 4, 'BAS', 0, '', 0, 0, 0),
(9, 794, 'source', 'vtiger_crmentity', 1, '1', 'source', 'Source', 1, 2, '', 100, 23, 19, 2, 'V~O', 3, 5, 'BAS', 0, '', 0, 0, 0),
(10, 795, 'source', 'vtiger_crmentity', 1, '1', 'source', 'Source', 1, 2, '', 100, 13, 21, 2, 'V~O', 3, 1, 'BAS', 0, '', 0, 0, 0),
(13, 796, 'source', 'vtiger_crmentity', 1, '1', 'source', 'Source', 1, 2, '', 100, 18, 25, 2, 'V~O', 3, 5, 'BAS', 0, '', 0, 0, 0),
(14, 797, 'source', 'vtiger_crmentity', 1, '1', 'source', 'Source', 1, 2, '', 100, 23, 31, 2, 'V~O', 3, 6, 'BAS', 0, '', 0, 0, 0),
(15, 798, 'source', 'vtiger_crmentity', 1, '1', 'source', 'Source', 1, 2, '', 100, 9, 37, 2, 'V~O', 3, 1, 'BAS', 0, '', 0, 0, 0),
(16, 799, 'source', 'vtiger_crmentity', 1, '1', 'source', 'Source', 1, 2, '', 100, 23, 39, 2, 'V~O', 3, 7, 'BAS', 0, '', 0, 0, 0),
(18, 800, 'source', 'vtiger_crmentity', 1, '1', 'source', 'Source', 1, 2, '', 100, 14, 42, 2, 'V~O', 3, 4, 'BAS', 0, '', 0, 0, 0),
(19, 801, 'source', 'vtiger_crmentity', 1, '1', 'source', 'Source', 1, 2, '', 100, 8, 46, 2, 'V~O', 3, 4, 'BAS', 0, '', 0, 0, 0),
(20, 802, 'source', 'vtiger_crmentity', 1, '1', 'source', 'Source', 1, 2, '', 100, 24, 49, 2, 'V~O', 3, 2, 'BAS', 0, '', 0, 0, 0),
(21, 803, 'source', 'vtiger_crmentity', 1, '1', 'source', 'Source', 1, 2, '', 100, 26, 55, 2, 'V~O', 3, 2, 'BAS', 0, '', 0, 0, 0),
(22, 804, 'source', 'vtiger_crmentity', 1, '1', 'source', 'Source', 1, 2, '', 100, 24, 61, 2, 'V~O', 3, 2, 'BAS', 0, '', 0, 0, 0),
(23, 805, 'source', 'vtiger_crmentity', 1, '1', 'source', 'Source', 1, 2, '', 100, 27, 67, 2, 'V~O', 3, 2, 'BAS', 0, '', 0, 0, 0),
(26, 806, 'source', 'vtiger_crmentity', 1, '1', 'source', 'Source', 1, 2, '', 100, 17, 74, 2, 'V~O', 3, 8, 'BAS', 0, '', 0, 0, 0),
(10, 807, 'click_count', 'vtiger_email_track', 1, '25', 'click_count', 'Click Count', 1, 2, '0', 100, 14, 21, 3, 'I~O', 0, 2, 'BAS', 0, '', 0, 0, 0),
(2, 808, 'starred', 'vtiger_crmentity_user_field', 1, '56', 'starred', 'starred', 1, 2, '', 100, 21, 1, 6, 'C~O', 3, 8, 'BAS', 0, '', 0, 0, 0),
(4, 809, 'starred', 'vtiger_crmentity_user_field', 1, '56', 'starred', 'starred', 1, 2, '', 100, 31, 4, 6, 'C~O', 3, 8, 'BAS', 0, '', 0, 0, 0),
(6, 810, 'starred', 'vtiger_crmentity_user_field', 1, '56', 'starred', 'starred', 1, 2, '', 100, 26, 9, 6, 'C~O', 3, 6, 'BAS', 0, '', 0, 0, 0),
(7, 811, 'starred', 'vtiger_crmentity_user_field', 1, '56', 'starred', 'starred', 1, 2, '', 100, 26, 13, 6, 'C~O', 3, 8, 'BAS', 0, '', 0, 0, 0),
(8, 812, 'starred', 'vtiger_crmentity_user_field', 1, '56', 'starred', 'starred', 1, 2, '', 100, 14, 17, 6, 'C~O', 3, 5, 'BAS', 0, '', 0, 0, 0),
(9, 813, 'starred', 'vtiger_crmentity_user_field', 1, '56', 'starred', 'starred', 1, 2, '', 100, 24, 19, 6, 'C~O', 3, 6, 'BAS', 0, '', 0, 0, 0),
(10, 814, 'starred', 'vtiger_crmentity_user_field', 1, '56', 'starred', 'starred', 1, 2, '', 100, 15, 21, 6, 'C~O', 3, 3, 'BAS', 0, '', 0, 0, 0),
(13, 815, 'starred', 'vtiger_crmentity_user_field', 1, '56', 'starred', 'starred', 1, 2, '', 100, 19, 25, 6, 'C~O', 3, 6, 'BAS', 0, '', 0, 0, 0),
(14, 816, 'starred', 'vtiger_crmentity_user_field', 1, '56', 'starred', 'starred', 1, 2, '', 100, 24, 31, 6, 'C~O', 3, 7, 'BAS', 0, '', 0, 0, 0),
(15, 817, 'starred', 'vtiger_crmentity_user_field', 1, '56', 'starred', 'starred', 1, 2, '', 100, 10, 37, 6, 'C~O', 3, 2, 'BAS', 0, '', 0, 0, 0),
(16, 818, 'starred', 'vtiger_crmentity_user_field', 1, '56', 'starred', 'starred', 1, 2, '', 100, 24, 39, 6, 'C~O', 3, 8, 'BAS', 0, '', 0, 0, 0),
(18, 819, 'starred', 'vtiger_crmentity_user_field', 1, '56', 'starred', 'starred', 1, 2, '', 100, 15, 42, 6, 'C~O', 3, 5, 'BAS', 0, '', 0, 0, 0),
(19, 820, 'starred', 'vtiger_crmentity_user_field', 1, '56', 'starred', 'starred', 1, 2, '', 100, 9, 46, 6, 'C~O', 3, 5, 'BAS', 0, '', 0, 0, 0),
(20, 821, 'starred', 'vtiger_crmentity_user_field', 1, '56', 'starred', 'starred', 1, 2, '', 100, 25, 49, 6, 'C~O', 3, 3, 'BAS', 0, '', 0, 0, 0),
(21, 822, 'starred', 'vtiger_crmentity_user_field', 1, '56', 'starred', 'starred', 1, 2, '', 100, 27, 55, 6, 'C~O', 3, 3, 'BAS', 0, '', 0, 0, 0),
(22, 823, 'starred', 'vtiger_crmentity_user_field', 1, '56', 'starred', 'starred', 1, 2, '', 100, 25, 61, 6, 'C~O', 3, 3, 'BAS', 0, '', 0, 0, 0),
(23, 824, 'starred', 'vtiger_crmentity_user_field', 1, '56', 'starred', 'starred', 1, 2, '', 100, 28, 67, 6, 'C~O', 3, 3, 'BAS', 0, '', 0, 0, 0),
(26, 825, 'starred', 'vtiger_crmentity_user_field', 1, '56', 'starred', 'starred', 1, 2, '', 100, 18, 74, 6, 'C~O', 3, 9, 'BAS', 0, '', 0, 0, 0),
(2, 826, 'tags', 'vtiger_potential', 1, '1', 'tags', 'tags', 1, 2, '', 100, 22, 1, 6, 'V~O', 3, 9, 'BAS', 0, '', 0, 0, 0),
(4, 827, 'tags', 'vtiger_contactdetails', 1, '1', 'tags', 'tags', 1, 2, '', 100, 32, 4, 6, 'V~O', 3, 9, 'BAS', 0, '', 0, 0, 0),
(6, 828, 'tags', 'vtiger_account', 1, '1', 'tags', 'tags', 1, 2, '', 100, 27, 9, 6, 'V~O', 3, 7, 'BAS', 0, '', 0, 0, 0),
(7, 829, 'tags', 'vtiger_leaddetails', 1, '1', 'tags', 'tags', 1, 2, '', 100, 27, 13, 6, 'V~O', 3, 9, 'BAS', 0, '', 0, 0, 0),
(8, 830, 'tags', 'vtiger_notes', 1, '1', 'tags', 'tags', 1, 2, '', 100, 15, 17, 6, 'V~O', 3, 6, 'BAS', 0, '', 0, 0, 0),
(9, 831, 'tags', 'vtiger_activity', 1, '1', 'tags', 'tags', 1, 2, '', 100, 25, 19, 6, 'V~O', 3, 7, 'BAS', 0, '', 0, 0, 0),
(10, 832, 'tags', 'vtiger_activity', 1, '1', 'tags', 'tags', 1, 2, '', 100, 16, 21, 6, 'V~O', 3, 4, 'BAS', 0, '', 0, 0, 0),
(13, 833, 'tags', 'vtiger_troubletickets', 1, '1', 'tags', 'tags', 1, 2, '', 100, 20, 25, 6, 'V~O', 3, 7, 'BAS', 0, '', 0, 0, 0),
(14, 834, 'tags', 'vtiger_products', 1, '1', 'tags', 'tags', 1, 2, '', 100, 25, 31, 6, 'V~O', 3, 8, 'BAS', 0, '', 0, 0, 0),
(15, 835, 'tags', 'vtiger_faq', 1, '1', 'tags', 'tags', 1, 2, '', 100, 11, 37, 6, 'V~O', 3, 3, 'BAS', 0, '', 0, 0, 0),
(16, 836, 'tags', 'vtiger_activity', 1, '1', 'tags', 'tags', 1, 2, '', 100, 25, 39, 6, 'V~O', 3, 9, 'BAS', 0, '', 0, 0, 0),
(18, 837, 'tags', 'vtiger_vendor', 1, '1', 'tags', 'tags', 1, 2, '', 100, 16, 42, 6, 'V~O', 3, 6, 'BAS', 0, '', 0, 0, 0),
(19, 838, 'tags', 'vtiger_pricebook', 1, '1', 'tags', 'tags', 1, 2, '', 100, 10, 46, 6, 'V~O', 3, 6, 'BAS', 0, '', 0, 0, 0),
(20, 839, 'tags', 'vtiger_quotes', 1, '1', 'tags', 'tags', 1, 2, '', 100, 26, 49, 6, 'V~O', 3, 4, 'BAS', 0, '', 0, 0, 0),
(21, 840, 'tags', 'vtiger_purchaseorder', 1, '1', 'tags', 'tags', 1, 2, '', 100, 28, 55, 6, 'V~O', 3, 4, 'BAS', 0, '', 0, 0, 0),
(22, 841, 'tags', 'vtiger_salesorder', 1, '1', 'tags', 'tags', 1, 2, '', 100, 26, 61, 6, 'V~O', 3, 4, 'BAS', 0, '', 0, 0, 0),
(23, 842, 'tags', 'vtiger_invoice', 1, '1', 'tags', 'tags', 1, 2, '', 100, 29, 67, 6, 'V~O', 3, 4, 'BAS', 0, '', 0, 0, 0),
(26, 843, 'tags', 'vtiger_campaign', 1, '1', 'tags', 'tags', 1, 2, '', 100, 19, 74, 6, 'V~O', 3, 10, 'BAS', 0, '', 0, 0, 0),
(20, 844, 'region_id', 'vtiger_quotes', 1, '16', 'region_id', 'Tax Region', 0, 2, '', 100, 18, 116, 5, 'N~O', 1, 0, 'BAS', 0, '', 0, 0, 0),
(21, 845, 'region_id', 'vtiger_purchaseorder', 1, '16', 'region_id', 'Tax Region', 0, 2, '', 100, 16, 115, 5, 'N~O', 1, 0, 'BAS', 0, '', 0, 0, 0),
(22, 846, 'region_id', 'vtiger_salesorder', 1, '16', 'region_id', 'Tax Region', 0, 2, '', 100, 19, 114, 5, 'N~O', 1, 0, 'BAS', 0, '', 0, 0, 0),
(23, 847, 'region_id', 'vtiger_invoice', 1, '16', 'region_id', 'Tax Region', 0, 2, '', 100, 17, 113, 5, 'N~O', 1, 0, 'BAS', 0, '', 0, 0, 0),
(48, 848, 'isconvertedfrompotential', 'vtiger_project', 1, '56', 'isconvertedfrompotential', 'Is Converted From Opportunity', 1, 2, '', 100, 13, 110, 1, 'C~O', 1, 0, 'BAS', 1, '', 0, 0, 0),
(48, 849, 'potentialid', 'vtiger_project', 1, '10', 'potentialid', 'Potential Name', 1, 2, '', 100, 14, 110, 1, 'I~O', 1, 0, 'BAS', 1, '', 0, 0, 0),
(29, 850, 'defaultlandingpage', 'vtiger_users', 1, '32', 'defaultlandingpage', 'Default Landing Page', 1, 0, 'Home', 100, 22, 79, 1, 'V~O', 1, 0, 'BAS', 1, '', 0, 0, 0),
(22, 851, 'last_recurring_date', 'vtiger_invoice_recurring_info', 1, '5', 'last_recurring_date', 'Next Invoice Date', 1, 2, '', 100, 7, 85, 2, 'D~O', 1, 0, 'BAS', 1, '', 0, 0, 0),
(53, 906, 'subservicesno', 'vtiger_subservices', 1, '4', 'subservicesno', 'Sub Activity No', 1, 2, '', 100, 0, 136, 1, 'V~M', 2, 0, 'BAS', 1, '', 0, 0, 0),
(53, 907, 'subservices_tks_subservicesnam', 'vtiger_subservices', 1, '2', 'subservices_tks_subservicesnam', 'Sub Activity Name', 1, 2, '', 255, 1, 136, 1, 'V~O', 1, 0, 'BAS', 0, '', 0, 1, 0),
(53, 908, 'smownerid', 'vtiger_crmentity', 1, '53', 'assigned_user_id', 'Assigned To', 1, 2, '', 100, 3, 136, 1, 'V~M', 1, 0, 'BAS', 1, '', 0, 0, 0),
(53, 909, 'createdtime', 'vtiger_crmentity', 1, '70', 'createdtime', 'Created Time', 1, 2, '', 100, 4, 136, 2, 'T~O', 1, 0, 'BAS', 1, '', 0, 0, 0),
(53, 910, 'modifiedtime', 'vtiger_crmentity', 1, '70', 'modifiedtime', 'Modified Time', 1, 2, '', 100, 5, 136, 2, 'T~O', 1, 0, 'BAS', 1, '', 0, 0, 0),
(53, 911, 'source', 'vtiger_crmentity', 1, '1', 'source', 'Source', 1, 2, '', 100, 6, 136, 2, 'V~O', 3, 1, 'BAS', 0, '', 0, 0, 0),
(53, 912, 'starred', 'vtiger_crmentity_user_field', 1, '56', 'starred', 'starred', 1, 2, '', 100, 7, 136, 6, 'C~O', 3, 2, 'BAS', 0, '', 0, 0, 0),
(53, 913, 'tags', 'vtiger_subservices', 1, '1', 'tags', 'tags', 1, 2, '', 100, 8, 136, 6, 'V~O', 3, 3, 'BAS', 0, '', 0, 0, 0),
(54, 941, 'mainservicestypeno', 'vtiger_mainservicestype', 1, '4', 'mainservicestypeno', 'Main Activity No', 1, 2, '', 100, 0, 140, 1, 'V~M', 2, 0, 'BAS', 1, '', 0, 0, 0),
(54, 942, 'mainservicestype_tks_servicena', 'vtiger_mainservicestype', 1, '2', 'mainservicestype_tks_servicena', 'Service Name', 1, 2, '', 255, 1, 140, 1, 'V~M', 2, 0, 'BAS', 0, '', 1, 0, 0),
(54, 943, 'mainservicestype_tks_descripti', 'vtiger_mainservicestype', 1, '21', 'mainservicestype_tks_descripti', 'Description', 1, 2, '', 250, 2, 140, 1, 'V~O', 1, 0, 'BAS', 0, '', 0, 0, 0),
(54, 944, 'smownerid', 'vtiger_crmentity', 1, '53', 'assigned_user_id', 'Assigned To', 1, 2, '', 100, 4, 140, 1, 'V~M', 1, 0, 'BAS', 1, '', 0, 0, 0),
(54, 945, 'createdtime', 'vtiger_crmentity', 1, '70', 'createdtime', 'Created Time', 1, 2, '', 100, 5, 140, 2, 'T~O', 1, 0, 'BAS', 1, '', 0, 0, 0),
(54, 946, 'modifiedtime', 'vtiger_crmentity', 1, '70', 'modifiedtime', 'Modified Time', 1, 2, '', 100, 6, 140, 2, 'T~O', 1, 0, 'BAS', 1, '', 0, 0, 0),
(54, 947, 'source', 'vtiger_crmentity', 1, '1', 'source', 'Source', 1, 2, '', 100, 7, 140, 2, 'V~O', 3, 1, 'BAS', 0, '', 0, 0, 0),
(54, 948, 'starred', 'vtiger_crmentity_user_field', 1, '56', 'starred', 'starred', 1, 2, '', 100, 8, 140, 6, 'C~O', 3, 2, 'BAS', 0, '', 0, 0, 0),
(54, 949, 'tags', 'vtiger_mainservicestype', 1, '1', 'tags', 'tags', 1, 2, '', 100, 9, 140, 6, 'V~O', 3, 3, 'BAS', 0, '', 0, 0, 0),
(57, 950, 'transactionno', 'vtiger_transaction', 1, '4', 'transactionno', 'Transaction No', 1, 2, '', 100, 1, 143, 1, 'V~M', 1, 0, 'BAS', 1, '', 0, 0, 0),
(57, 951, 'transaction_tks_employees', 'vtiger_transaction', 1, '10', 'transaction_tks_employees', 'Employees', 1, 2, '', 255, 2, 143, 1, 'V~M', 2, 0, 'BAS', 0, '', 0, 0, 0),
(57, 952, 'smownerid', 'vtiger_crmentity', 1, '53', 'assigned_user_id', 'Assigned To', 1, 2, '', 100, 7, 143, 1, 'V~M', 1, 0, 'BAS', 1, '', 0, 0, 0),
(57, 953, 'createdtime', 'vtiger_crmentity', 1, '70', 'createdtime', 'Created Time', 1, 2, '', 100, 8, 143, 2, 'T~O', 1, 0, 'BAS', 1, '', 0, 0, 0),
(57, 954, 'modifiedtime', 'vtiger_crmentity', 1, '70', 'modifiedtime', 'Modified Time', 1, 2, '', 100, 9, 143, 2, 'T~O', 1, 0, 'BAS', 1, '', 0, 0, 0),
(57, 955, 'source', 'vtiger_crmentity', 1, '1', 'source', 'Source', 1, 2, '', 100, 10, 143, 2, 'V~O', 3, 1, 'BAS', 0, '', 0, 0, 0),
(57, 956, 'starred', 'vtiger_crmentity_user_field', 1, '56', 'starred', 'starred', 1, 2, '', 100, 7, 143, 6, 'C~O', 3, 2, 'BAS', 0, '', 0, 0, 0),
(57, 957, 'tags', 'vtiger_transaction', 1, '1', 'tags', 'tags', 1, 2, '', 100, 8, 143, 6, 'V~O', 3, 3, 'BAS', 0, '', 0, 0, 0),
(57, 958, 'cf_1054', 'vtiger_transactioncf', 2, '10', 'cf_1054', 'Clients', 1, 2, '', 100, 3, 143, 1, 'V~M~LE~255', 2, 4, 'BAS', 1, '', 0, 0, 0),
(57, 959, 'cf_1170', 'vtiger_transactioncf', 2, '14', 'cf_1170', 'Punch In', 1, 2, '', 100, 5, 143, 1, 'T~O', 2, 0, 'BAS', 1, '', 0, 0, 0),
(57, 960, 'cf_1172', 'vtiger_transactioncf', 2, '14', 'cf_1172', 'Punch Out', 1, 2, '', 100, 6, 143, 1, 'T~O', 2, 0, 'BAS', 1, '', 0, 0, 0),
(57, 961, 'cf_1185', 'vtiger_transactioncf', 2, '21', 'cf_1185', 'servicelist', 1, 2, '', 100, 4, 143, 1, 'V~O', 2, 0, 'BAS', 1, '', 0, 0, 0),
(57, 962, 'cf_1342', 'vtiger_transactioncf', 2, '7', 'cf_1342', 'Export no. Of hours', 1, 2, '0', 100, 11, 143, 1, 'I~O', 1, 0, 'BAS', 1, '', 0, 0, 0),
(16, 964, 'cf_963', 'vtiger_activitycf', 2, '16', 'cf_963', 'Stage', 1, 2, ' ', 100, 26, 39, 1, 'V~M', 2, 10, 'BAS', 1, '', 0, 0, 0);

-- --------------------------------------------------------

--
-- Table structure for table `vtiger_fieldmodulerel`
--

CREATE TABLE `vtiger_fieldmodulerel` (
  `fieldid` int(11) NOT NULL,
  `module` varchar(100) NOT NULL,
  `relmodule` varchar(100) NOT NULL,
  `status` varchar(10) DEFAULT NULL,
  `sequence` int(11) DEFAULT NULL
) ENGINE=InnoDB DEFAULT CHARSET=utf8;

--
-- Dumping data for table `vtiger_fieldmodulerel`
--

INSERT INTO `vtiger_fieldmodulerel` (`fieldid`, `module`, `relmodule`, `status`, `sequence`) VALUES
(113, 'Potentials', 'Accounts', NULL, 0),
(531, 'ServiceContracts', 'Contacts', NULL, NULL),
(531, 'ServiceContracts', 'Accounts', NULL, NULL),
(557, 'PBXManager', 'Leads', NULL, NULL),
(557, 'PBXManager', 'Contacts', NULL, NULL),
(557, 'PBXManager', 'Accounts', NULL, NULL),
(592, 'ModComments', 'Leads', NULL, NULL),
(592, 'ModComments', 'Contacts', NULL, NULL),
(592, 'ModComments', 'Accounts', NULL, NULL),
(594, 'ModComments', 'ModComments', NULL, NULL),
(592, 'ModComments', 'Potentials', NULL, NULL),
(597, 'Assets', 'Products', NULL, NULL),
(603, 'Assets', 'Invoice', NULL, NULL),
(608, 'Assets', 'Accounts', NULL, NULL),
(609, 'Assets', 'Contacts', NULL, NULL),
(625, 'ProjectMilestone', 'Project', NULL, NULL),
(639, 'ProjectTask', 'Project', NULL, NULL),
(592, 'ModComments', 'ProjectTask', NULL, NULL),
(660, 'Project', 'Accounts', NULL, NULL),
(660, 'Project', 'Contacts', NULL, NULL),
(592, 'ModComments', 'Project', NULL, NULL),
(676, 'Invoice', 'Products', NULL, NULL),
(676, 'Invoice', 'Services', NULL, NULL),
(685, 'SalesOrder', 'Products', NULL, NULL),
(685, 'SalesOrder', 'Services', NULL, NULL),
(694, 'PurchaseOrder', 'Products', NULL, NULL),
(694, 'PurchaseOrder', 'Services', NULL, NULL),
(703, 'Quotes', 'Products', NULL, NULL),
(703, 'Quotes', 'Services', NULL, NULL),
(714, 'ModComments', 'Contacts', NULL, NULL),
(592, 'ModComments', 'HelpDesk', NULL, NULL),
(592, 'ModComments', 'Faq', NULL, NULL),
(740, 'Potentials', 'Contacts', NULL, NULL),
(157, 'HelpDesk', 'Accounts', NULL, NULL),
(741, 'HelpDesk', 'Contacts', NULL, NULL),
(238, 'Accounts', 'Calendar', NULL, NULL),
(238, 'Leads', 'Calendar', NULL, NULL),
(238, 'HelpDesk', 'Calendar', NULL, NULL),
(238, 'Campaigns', 'Calendar', NULL, NULL),
(238, 'Potentials', 'Calendar', NULL, NULL),
(238, 'PurchaseOrder', 'Calendar', NULL, NULL),
(238, 'SalesOrder', 'Calendar', NULL, NULL),
(238, 'Quotes', 'Calendar', NULL, NULL),
(238, 'Invoice', 'Calendar', NULL, NULL),
(239, 'Contacts', 'Calendar', NULL, NULL),
(774, 'Invoice', 'Potentials', NULL, NULL),
(592, 'ModComments', 'Invoice', NULL, NULL),
(592, 'ModComments', 'Quotes', NULL, NULL),
(592, 'ModComments', 'PurchaseOrder', NULL, NULL),
(592, 'ModComments', 'SalesOrder', NULL, NULL),
(849, 'Project', 'Potentials', NULL, NULL),
(951, 'Transaction', 'Users', NULL, NULL),
(958, 'Transaction', 'Accounts', NULL, NULL);

-- --------------------------------------------------------

--
-- Table structure for table `vtiger_field_seq`
--

CREATE TABLE `vtiger_field_seq` (
  `id` int(11) NOT NULL
) ENGINE=InnoDB DEFAULT CHARSET=utf8;

--
-- Dumping data for table `vtiger_field_seq`
--

INSERT INTO `vtiger_field_seq` (`id`) VALUES
(964);

-- --------------------------------------------------------

--
-- Table structure for table `vtiger_franchise_detail`
--

CREATE TABLE `vtiger_franchise_detail` (
  `id` int(255) NOT NULL,
  `zipcode` longtext NOT NULL,
  `accessedpermission` varchar(255) NOT NULL
) ENGINE=InnoDB DEFAULT CHARSET=latin1;

--
-- Dumping data for table `vtiger_franchise_detail`
--

INSERT INTO `vtiger_franchise_detail` (`id`, `zipcode`, `accessedpermission`) VALUES
(74, '4000 4001 4002', 'Groups:Team Selling'),
(75, '3000 3001 3005 3006', 'Groups:Support Group');

-- --------------------------------------------------------

--
-- Table structure for table `vtiger_freetagged_objects`
--

CREATE TABLE `vtiger_freetagged_objects` (
  `tag_id` int(20) NOT NULL DEFAULT 0,
  `tagger_id` int(20) NOT NULL DEFAULT 0,
  `object_id` int(20) NOT NULL DEFAULT 0,
  `tagged_on` timestamp NOT NULL DEFAULT current_timestamp(),
  `module` varchar(100) DEFAULT NULL
) ENGINE=InnoDB DEFAULT CHARSET=utf8;

-- --------------------------------------------------------

--
-- Table structure for table `vtiger_freetags`
--

CREATE TABLE `vtiger_freetags` (
  `id` int(19) NOT NULL,
  `tag` varchar(50) NOT NULL DEFAULT '',
  `raw_tag` varchar(50) NOT NULL DEFAULT '',
  `visibility` varchar(100) NOT NULL DEFAULT 'PRIVATE',
  `owner` int(19) NOT NULL
) ENGINE=InnoDB DEFAULT CHARSET=utf8;

--
-- Dumping data for table `vtiger_freetags`
--

INSERT INTO `vtiger_freetags` (`id`, `tag`, `raw_tag`, `visibility`, `owner`) VALUES
(2, 'dog', 'dog', 'public', 1);

-- --------------------------------------------------------

--
-- Table structure for table `vtiger_freetags_seq`
--

CREATE TABLE `vtiger_freetags_seq` (
  `id` int(11) NOT NULL
) ENGINE=InnoDB DEFAULT CHARSET=utf8;

--
-- Dumping data for table `vtiger_freetags_seq`
--

INSERT INTO `vtiger_freetags_seq` (`id`) VALUES
(2);

-- --------------------------------------------------------

--
-- Table structure for table `vtiger_glacct`
--

CREATE TABLE `vtiger_glacct` (
  `glacctid` int(19) NOT NULL,
  `glacct` varchar(200) NOT NULL,
  `presence` int(1) NOT NULL DEFAULT 1,
  `picklist_valueid` int(19) NOT NULL DEFAULT 0,
  `sortorderid` int(11) DEFAULT NULL,
  `color` varchar(10) DEFAULT NULL
) ENGINE=InnoDB DEFAULT CHARSET=utf8;

--
-- Dumping data for table `vtiger_glacct`
--

INSERT INTO `vtiger_glacct` (`glacctid`, `glacct`, `presence`, `picklist_valueid`, `sortorderid`, `color`) VALUES
(1, '300-Sales-Software', 1, 51, 0, NULL),
(2, '301-Sales-Hardware', 1, 52, 1, NULL),
(3, '302-Rental-Income', 1, 53, 2, NULL),
(4, '303-Interest-Income', 1, 54, 3, NULL),
(5, '304-Sales-Software-Support', 1, 55, 4, NULL),
(6, '305-Sales Other', 1, 56, 5, NULL),
(7, '306-Internet Sales', 1, 57, 6, NULL),
(8, '307-Service-Hardware Labor', 1, 58, 7, NULL),
(9, '308-Sales-Books', 1, 59, 8, NULL);

-- --------------------------------------------------------

--
-- Table structure for table `vtiger_glacct_seq`
--

CREATE TABLE `vtiger_glacct_seq` (
  `id` int(11) NOT NULL
) ENGINE=InnoDB DEFAULT CHARSET=utf8;

--
-- Dumping data for table `vtiger_glacct_seq`
--

INSERT INTO `vtiger_glacct_seq` (`id`) VALUES
(9);

-- --------------------------------------------------------

--
-- Table structure for table `vtiger_google_event_calendar_mapping`
--

CREATE TABLE `vtiger_google_event_calendar_mapping` (
  `event_id` varchar(255) DEFAULT NULL,
  `calendar_id` varchar(255) DEFAULT NULL,
  `user_id` int(11) NOT NULL
) ENGINE=InnoDB DEFAULT CHARSET=utf8;

-- --------------------------------------------------------

--
-- Table structure for table `vtiger_google_oauth2`
--

CREATE TABLE `vtiger_google_oauth2` (
  `service` varchar(20) DEFAULT NULL,
  `access_token` varchar(500) DEFAULT NULL,
  `refresh_token` varchar(500) DEFAULT NULL,
  `userid` int(19) DEFAULT NULL
) ENGINE=InnoDB DEFAULT CHARSET=utf8;

-- --------------------------------------------------------

--
-- Table structure for table `vtiger_google_sync_fieldmapping`
--

CREATE TABLE `vtiger_google_sync_fieldmapping` (
  `vtiger_field` varchar(255) DEFAULT NULL,
  `google_field` varchar(255) DEFAULT NULL,
  `google_field_type` varchar(255) DEFAULT NULL,
  `google_custom_label` varchar(255) DEFAULT NULL,
  `user` int(11) DEFAULT NULL
) ENGINE=InnoDB DEFAULT CHARSET=utf8;

-- --------------------------------------------------------

--
-- Table structure for table `vtiger_google_sync_settings`
--

CREATE TABLE `vtiger_google_sync_settings` (
  `user` int(11) DEFAULT NULL,
  `module` varchar(50) DEFAULT NULL,
  `clientgroup` varchar(255) DEFAULT NULL,
  `direction` varchar(50) DEFAULT NULL,
  `enabled` tinyint(3) DEFAULT 1
) ENGINE=InnoDB DEFAULT CHARSET=utf8;

-- --------------------------------------------------------

--
-- Table structure for table `vtiger_group2grouprel`
--

CREATE TABLE `vtiger_group2grouprel` (
  `groupid` int(19) NOT NULL,
  `containsgroupid` int(19) NOT NULL
) ENGINE=InnoDB DEFAULT CHARSET=utf8;

-- --------------------------------------------------------

--
-- Table structure for table `vtiger_group2role`
--

CREATE TABLE `vtiger_group2role` (
  `groupid` int(19) NOT NULL,
  `roleid` varchar(255) NOT NULL
) ENGINE=InnoDB DEFAULT CHARSET=utf8;

--
-- Dumping data for table `vtiger_group2role`
--

INSERT INTO `vtiger_group2role` (`groupid`, `roleid`) VALUES
(2, 'H4'),
(3, 'H2'),
(4, 'H3');

-- --------------------------------------------------------

--
-- Table structure for table `vtiger_group2rs`
--

CREATE TABLE `vtiger_group2rs` (
  `groupid` int(19) NOT NULL,
  `roleandsubid` varchar(255) NOT NULL
) ENGINE=InnoDB DEFAULT CHARSET=utf8;

--
-- Dumping data for table `vtiger_group2rs`
--

INSERT INTO `vtiger_group2rs` (`groupid`, `roleandsubid`) VALUES
(2, 'H5'),
(3, 'H3'),
(4, 'H3');

-- --------------------------------------------------------

--
-- Table structure for table `vtiger_groups`
--

CREATE TABLE `vtiger_groups` (
  `groupid` int(19) NOT NULL,
  `groupname` varchar(100) DEFAULT NULL,
  `description` text DEFAULT NULL
) ENGINE=InnoDB DEFAULT CHARSET=utf8;

--
-- Dumping data for table `vtiger_groups`
--

INSERT INTO `vtiger_groups` (`groupid`, `groupname`, `description`) VALUES
(2, 'Team Selling', 'Group Related to Sales'),
(3, 'Marketing Group', 'Group Related to Marketing Activities'),
(4, 'Support Group', 'Group Related to providing Support to Customers');

-- --------------------------------------------------------

--
-- Table structure for table `vtiger_homedashbd`
--

CREATE TABLE `vtiger_homedashbd` (
  `stuffid` int(19) NOT NULL DEFAULT 0,
  `dashbdname` varchar(100) DEFAULT NULL,
  `dashbdtype` varchar(100) DEFAULT NULL
) ENGINE=InnoDB DEFAULT CHARSET=utf8;

-- --------------------------------------------------------

--
-- Table structure for table `vtiger_homedefault`
--

CREATE TABLE `vtiger_homedefault` (
  `stuffid` int(19) NOT NULL DEFAULT 0,
  `hometype` varchar(30) NOT NULL,
  `maxentries` int(19) DEFAULT NULL,
  `setype` varchar(30) DEFAULT NULL
) ENGINE=InnoDB DEFAULT CHARSET=utf8;

--
-- Dumping data for table `vtiger_homedefault`
--

INSERT INTO `vtiger_homedefault` (`stuffid`, `hometype`, `maxentries`, `setype`) VALUES
(1, 'ALVT', 5, 'Accounts'),
(2, 'HDB', 5, 'Dashboard'),
(3, 'PLVT', 5, 'Potentials'),
(4, 'QLTQ', 5, 'Quotes'),
(5, 'CVLVT', 5, 'NULL'),
(6, 'HLT', 5, 'HelpDesk'),
(7, 'UA', 5, 'Calendar'),
(8, 'GRT', 5, 'NULL'),
(9, 'OLTSO', 5, 'SalesOrder'),
(10, 'ILTI', 5, 'Invoice'),
(11, 'MNL', 5, 'Leads'),
(12, 'OLTPO', 5, 'PurchaseOrder'),
(13, 'PA', 5, 'Calendar'),
(14, 'LTFAQ', 5, 'Faq'),
(241, 'ALVT', 5, 'Accounts'),
(242, 'HDB', 5, 'Dashboard'),
(243, 'PLVT', 5, 'Potentials'),
(244, 'QLTQ', 5, 'Quotes'),
(245, 'CVLVT', 5, 'NULL'),
(246, 'HLT', 5, 'HelpDesk'),
(247, 'UA', 5, 'Calendar'),
(248, 'GRT', 5, 'NULL'),
(249, 'OLTSO', 5, 'SalesOrder'),
(250, 'ILTI', 5, 'Invoice'),
(251, 'MNL', 5, 'Leads'),
(252, 'OLTPO', 5, 'PurchaseOrder'),
(253, 'PA', 5, 'Calendar'),
(254, 'LTFAQ', 5, 'Faq'),
(256, 'ALVT', 5, 'Accounts'),
(257, 'HDB', 5, 'Dashboard'),
(258, 'PLVT', 5, 'Potentials'),
(259, 'QLTQ', 5, 'Quotes'),
(260, 'CVLVT', 5, 'NULL'),
(261, 'HLT', 5, 'HelpDesk'),
(262, 'UA', 5, 'Calendar'),
(263, 'GRT', 5, 'NULL'),
(264, 'OLTSO', 5, 'SalesOrder'),
(265, 'ILTI', 5, 'Invoice'),
(266, 'MNL', 5, 'Leads'),
(267, 'OLTPO', 5, 'PurchaseOrder'),
(268, 'PA', 5, 'Calendar'),
(269, 'LTFAQ', 5, 'Faq'),
(271, 'ALVT', 5, 'Accounts'),
(272, 'HDB', 5, 'Dashboard'),
(273, 'PLVT', 5, 'Potentials'),
(274, 'QLTQ', 5, 'Quotes'),
(275, 'CVLVT', 5, 'NULL'),
(276, 'HLT', 5, 'HelpDesk'),
(277, 'UA', 5, 'Calendar'),
(278, 'GRT', 5, 'NULL'),
(279, 'OLTSO', 5, 'SalesOrder'),
(280, 'ILTI', 5, 'Invoice'),
(281, 'MNL', 5, 'Leads'),
(282, 'OLTPO', 5, 'PurchaseOrder'),
(283, 'PA', 5, 'Calendar'),
(284, 'LTFAQ', 5, 'Faq');

-- --------------------------------------------------------

--
-- Table structure for table `vtiger_homemodule`
--

CREATE TABLE `vtiger_homemodule` (
  `stuffid` int(19) NOT NULL,
  `modulename` varchar(100) DEFAULT NULL,
  `maxentries` int(19) NOT NULL,
  `customviewid` int(19) NOT NULL,
  `setype` varchar(30) NOT NULL
) ENGINE=InnoDB DEFAULT CHARSET=utf8;

-- --------------------------------------------------------

--
-- Table structure for table `vtiger_homemoduleflds`
--

CREATE TABLE `vtiger_homemoduleflds` (
  `stuffid` int(19) DEFAULT NULL,
  `fieldname` varchar(100) DEFAULT NULL
) ENGINE=InnoDB DEFAULT CHARSET=utf8;

-- --------------------------------------------------------

--
-- Table structure for table `vtiger_homereportchart`
--

CREATE TABLE `vtiger_homereportchart` (
  `stuffid` int(11) NOT NULL,
  `reportid` int(19) DEFAULT NULL,
  `reportcharttype` varchar(100) DEFAULT NULL
) ENGINE=InnoDB DEFAULT CHARSET=utf8;

-- --------------------------------------------------------

--
-- Table structure for table `vtiger_homerss`
--

CREATE TABLE `vtiger_homerss` (
  `stuffid` int(19) NOT NULL DEFAULT 0,
  `url` varchar(100) DEFAULT NULL,
  `maxentries` int(19) NOT NULL
) ENGINE=InnoDB DEFAULT CHARSET=utf8;

-- --------------------------------------------------------

--
-- Table structure for table `vtiger_homestuff`
--

CREATE TABLE `vtiger_homestuff` (
  `stuffid` int(19) NOT NULL DEFAULT 0,
  `stuffsequence` int(19) NOT NULL DEFAULT 0,
  `stufftype` varchar(100) DEFAULT NULL,
  `userid` int(19) NOT NULL,
  `visible` int(10) NOT NULL DEFAULT 0,
  `stufftitle` varchar(100) DEFAULT NULL
) ENGINE=InnoDB DEFAULT CHARSET=utf8;

--
-- Dumping data for table `vtiger_homestuff`
--

INSERT INTO `vtiger_homestuff` (`stuffid`, `stuffsequence`, `stufftype`, `userid`, `visible`, `stufftitle`) VALUES
(1, 1, 'Default', 1, 1, 'Top Accounts'),
(2, 2, 'Default', 1, 1, 'Home Page Dashboard'),
(3, 3, 'Default', 1, 1, 'Top Potentials'),
(4, 4, 'Default', 1, 1, 'Top Quotes'),
(5, 5, 'Default', 1, 1, 'Key Metrics'),
(6, 6, 'Default', 1, 1, 'Top Trouble Tickets'),
(7, 7, 'Default', 1, 1, 'Upcoming Activities'),
(8, 8, 'Default', 1, 1, 'My Group Allocation'),
(9, 9, 'Default', 1, 1, 'Top Sales Orders'),
(10, 10, 'Default', 1, 1, 'Top Invoices'),
(11, 11, 'Default', 1, 1, 'My New Leads'),
(12, 12, 'Default', 1, 1, 'Top Purchase Orders'),
(13, 13, 'Default', 1, 1, 'Pending Activities'),
(14, 14, 'Default', 1, 1, 'My Recent FAQs'),
(15, 15, 'Tag Cloud', 1, 0, 'Tag Cloud'),
(241, 1, 'Default', 21, 1, 'Top Accounts'),
(242, 2, 'Default', 21, 1, 'Home Page Dashboard'),
(243, 3, 'Default', 21, 1, 'Top Potentials'),
(244, 4, 'Default', 21, 1, 'Top Quotes'),
(245, 5, 'Default', 21, 1, 'Key Metrics'),
(246, 6, 'Default', 21, 1, 'Top Trouble Tickets'),
(247, 7, 'Default', 21, 1, 'Upcoming Activities'),
(248, 8, 'Default', 21, 1, 'My Group Allocation'),
(249, 9, 'Default', 21, 1, 'Top Sales Orders'),
(250, 10, 'Default', 21, 1, 'Top Invoices'),
(251, 11, 'Default', 21, 1, 'My New Leads'),
(252, 12, 'Default', 21, 1, 'Top Purchase Orders'),
(253, 13, 'Default', 21, 1, 'Pending Activities'),
(254, 14, 'Default', 21, 1, 'My Recent FAQs'),
(255, 15, 'Tag Cloud', 21, 0, 'Tag Cloud'),
(256, 1, 'Default', 22, 1, 'Top Accounts'),
(257, 2, 'Default', 22, 1, 'Home Page Dashboard'),
(258, 3, 'Default', 22, 1, 'Top Potentials'),
(259, 4, 'Default', 22, 1, 'Top Quotes'),
(260, 5, 'Default', 22, 1, 'Key Metrics'),
(261, 6, 'Default', 22, 1, 'Top Trouble Tickets'),
(262, 7, 'Default', 22, 1, 'Upcoming Activities'),
(263, 8, 'Default', 22, 1, 'My Group Allocation'),
(264, 9, 'Default', 22, 1, 'Top Sales Orders'),
(265, 10, 'Default', 22, 1, 'Top Invoices'),
(266, 11, 'Default', 22, 1, 'My New Leads'),
(267, 12, 'Default', 22, 1, 'Top Purchase Orders'),
(268, 13, 'Default', 22, 1, 'Pending Activities'),
(269, 14, 'Default', 22, 1, 'My Recent FAQs'),
(270, 15, 'Tag Cloud', 22, 0, 'Tag Cloud'),
(271, 1, 'Default', 23, 1, 'Top Accounts'),
(272, 2, 'Default', 23, 1, 'Home Page Dashboard'),
(273, 3, 'Default', 23, 1, 'Top Potentials'),
(274, 4, 'Default', 23, 1, 'Top Quotes'),
(275, 5, 'Default', 23, 1, 'Key Metrics'),
(276, 6, 'Default', 23, 1, 'Top Trouble Tickets'),
(277, 7, 'Default', 23, 1, 'Upcoming Activities'),
(278, 8, 'Default', 23, 1, 'My Group Allocation'),
(279, 9, 'Default', 23, 1, 'Top Sales Orders'),
(280, 10, 'Default', 23, 1, 'Top Invoices'),
(281, 11, 'Default', 23, 1, 'My New Leads'),
(282, 12, 'Default', 23, 1, 'Top Purchase Orders'),
(283, 13, 'Default', 23, 1, 'Pending Activities'),
(284, 14, 'Default', 23, 1, 'My Recent FAQs'),
(285, 15, 'Tag Cloud', 23, 0, 'Tag Cloud');

-- --------------------------------------------------------

--
-- Table structure for table `vtiger_homestuff_seq`
--

CREATE TABLE `vtiger_homestuff_seq` (
  `id` int(11) NOT NULL
) ENGINE=InnoDB DEFAULT CHARSET=utf8;

--
-- Dumping data for table `vtiger_homestuff_seq`
--

INSERT INTO `vtiger_homestuff_seq` (`id`) VALUES
(285);

-- --------------------------------------------------------

--
-- Table structure for table `vtiger_home_layout`
--

CREATE TABLE `vtiger_home_layout` (
  `userid` int(19) NOT NULL,
  `layout` int(19) NOT NULL DEFAULT 4
) ENGINE=InnoDB DEFAULT CHARSET=utf8;

-- --------------------------------------------------------

--
-- Table structure for table `vtiger_hour_format`
--

CREATE TABLE `vtiger_hour_format` (
  `hour_formatid` int(11) NOT NULL,
  `hour_format` varchar(200) NOT NULL,
  `sortorderid` int(11) DEFAULT NULL,
  `presence` int(11) NOT NULL DEFAULT 1
) ENGINE=InnoDB DEFAULT CHARSET=utf8;

--
-- Dumping data for table `vtiger_hour_format`
--

INSERT INTO `vtiger_hour_format` (`hour_formatid`, `hour_format`, `sortorderid`, `presence`) VALUES
(1, '12', 0, 1),
(2, '24', 1, 1);

-- --------------------------------------------------------

--
-- Table structure for table `vtiger_hour_format_seq`
--

CREATE TABLE `vtiger_hour_format_seq` (
  `id` int(11) NOT NULL
) ENGINE=InnoDB DEFAULT CHARSET=utf8;

--
-- Dumping data for table `vtiger_hour_format_seq`
--

INSERT INTO `vtiger_hour_format_seq` (`id`) VALUES
(2);

-- --------------------------------------------------------

--
-- Table structure for table `vtiger_import_locks`
--

CREATE TABLE `vtiger_import_locks` (
  `vtiger_import_lock_id` int(11) NOT NULL,
  `userid` int(11) NOT NULL,
  `tabid` int(11) NOT NULL,
  `importid` int(11) NOT NULL,
  `locked_since` datetime DEFAULT NULL
) ENGINE=InnoDB DEFAULT CHARSET=utf8;

-- --------------------------------------------------------

--
-- Table structure for table `vtiger_import_maps`
--

CREATE TABLE `vtiger_import_maps` (
  `id` int(19) NOT NULL,
  `name` varchar(36) NOT NULL,
  `module` varchar(36) NOT NULL,
  `content` longblob DEFAULT NULL,
  `has_header` int(1) NOT NULL DEFAULT 1,
  `deleted` int(1) NOT NULL DEFAULT 0,
  `date_entered` timestamp NOT NULL DEFAULT current_timestamp() ON UPDATE current_timestamp(),
  `date_modified` datetime DEFAULT NULL,
  `assigned_user_id` varchar(36) DEFAULT NULL,
  `is_published` varchar(3) NOT NULL DEFAULT 'no'
) ENGINE=InnoDB DEFAULT CHARSET=utf8;

-- --------------------------------------------------------

--
-- Table structure for table `vtiger_import_queue`
--

CREATE TABLE `vtiger_import_queue` (
  `importid` int(11) NOT NULL,
  `userid` int(11) NOT NULL,
  `tabid` int(11) NOT NULL,
  `field_mapping` text DEFAULT NULL,
  `default_values` text DEFAULT NULL,
  `merge_type` int(11) DEFAULT NULL,
  `merge_fields` text DEFAULT NULL,
  `status` int(11) DEFAULT 0,
  `lineitem_currency_id` int(5) DEFAULT NULL,
  `paging` int(1) DEFAULT 0
) ENGINE=InnoDB DEFAULT CHARSET=utf8;

-- --------------------------------------------------------

--
-- Table structure for table `vtiger_industry`
--

CREATE TABLE `vtiger_industry` (
  `industryid` int(19) NOT NULL,
  `industry` varchar(200) NOT NULL,
  `presence` int(1) NOT NULL DEFAULT 1,
  `picklist_valueid` int(19) NOT NULL DEFAULT 0,
  `sortorderid` int(11) DEFAULT NULL,
  `color` varchar(10) DEFAULT NULL
) ENGINE=InnoDB DEFAULT CHARSET=utf8;

--
-- Dumping data for table `vtiger_industry`
--

INSERT INTO `vtiger_industry` (`industryid`, `industry`, `presence`, `picklist_valueid`, `sortorderid`, `color`) VALUES
(2, 'Apparel', 1, 61, 1, NULL),
(3, 'Banking', 1, 62, 2, NULL),
(4, 'Biotechnology', 1, 63, 3, NULL),
(5, 'Chemicals', 1, 64, 4, NULL),
(6, 'Communications', 1, 65, 5, NULL),
(7, 'Construction', 1, 66, 6, NULL),
(8, 'Consulting', 1, 67, 7, NULL),
(9, 'Education', 1, 68, 8, NULL),
(10, 'Electronics', 1, 69, 9, NULL),
(11, 'Energy', 1, 70, 10, NULL),
(12, 'Engineering', 1, 71, 11, NULL),
(13, 'Entertainment', 1, 72, 12, NULL),
(14, 'Environmental', 1, 73, 13, NULL),
(15, 'Finance', 1, 74, 14, NULL),
(16, 'Food & Beverage', 1, 75, 15, NULL),
(17, 'Government', 1, 76, 16, NULL),
(18, 'Healthcare', 1, 77, 17, NULL),
(19, 'Hospitality', 1, 78, 18, NULL),
(20, 'Insurance', 1, 79, 19, NULL),
(21, 'Machinery', 1, 80, 20, NULL),
(22, 'Manufacturing', 1, 81, 21, NULL),
(23, 'Media', 1, 82, 22, NULL),
(24, 'Not For Profit', 1, 83, 23, NULL),
(25, 'Recreation', 1, 84, 24, NULL),
(26, 'Retail', 1, 85, 25, NULL),
(27, 'Shipping', 1, 86, 26, NULL),
(28, 'Technology', 1, 87, 27, NULL),
(29, 'Telecommunications', 1, 88, 28, NULL),
(30, 'Transportation', 1, 89, 29, NULL),
(31, 'Utilities', 1, 90, 30, NULL),
(32, 'Other', 1, 91, 31, NULL);

-- --------------------------------------------------------

--
-- Table structure for table `vtiger_industry_seq`
--

CREATE TABLE `vtiger_industry_seq` (
  `id` int(11) NOT NULL
) ENGINE=InnoDB DEFAULT CHARSET=utf8;

--
-- Dumping data for table `vtiger_industry_seq`
--

INSERT INTO `vtiger_industry_seq` (`id`) VALUES
(32);

-- --------------------------------------------------------

--
-- Table structure for table `vtiger_inventorycharges`
--

CREATE TABLE `vtiger_inventorycharges` (
  `chargeid` int(5) NOT NULL,
  `name` varchar(100) NOT NULL,
  `format` varchar(10) DEFAULT NULL,
  `type` varchar(10) DEFAULT NULL,
  `value` decimal(12,5) DEFAULT NULL,
  `regions` text DEFAULT NULL,
  `istaxable` int(1) NOT NULL DEFAULT 1,
  `taxes` varchar(1024) DEFAULT NULL,
  `deleted` int(1) NOT NULL DEFAULT 0
) ENGINE=InnoDB DEFAULT CHARSET=utf8;

--
-- Dumping data for table `vtiger_inventorycharges`
--

INSERT INTO `vtiger_inventorycharges` (`chargeid`, `name`, `format`, `type`, `value`, `regions`, `istaxable`, `taxes`, `deleted`) VALUES
(1, 'Shipping & Handling', 'Flat', 'Fixed', NULL, '[]', 1, '[\"1\",\"2\",\"3\"]', 0);

-- --------------------------------------------------------

--
-- Table structure for table `vtiger_inventorychargesrel`
--

CREATE TABLE `vtiger_inventorychargesrel` (
  `recordid` int(19) NOT NULL,
  `charges` text DEFAULT NULL
) ENGINE=InnoDB DEFAULT CHARSET=utf8;

-- --------------------------------------------------------

--
-- Table structure for table `vtiger_inventorynotification`
--

CREATE TABLE `vtiger_inventorynotification` (
  `notificationid` int(19) NOT NULL,
  `notificationname` varchar(200) DEFAULT NULL,
  `notificationsubject` varchar(200) DEFAULT NULL,
  `notificationbody` text DEFAULT NULL,
  `label` varchar(50) DEFAULT NULL,
  `status` varchar(30) DEFAULT NULL
) ENGINE=InnoDB DEFAULT CHARSET=utf8;

--
-- Dumping data for table `vtiger_inventorynotification`
--

INSERT INTO `vtiger_inventorynotification` (`notificationid`, `notificationname`, `notificationsubject`, `notificationbody`, `label`, `status`) VALUES
(1, 'InvoiceNotification', '{PRODUCTNAME} Stock Level is Low', 'Dear {HANDLER},\n\nThe current stock of {PRODUCTNAME} in our warehouse is {CURRENTSTOCK}. Kindly procure required number of units as the stock level is below reorder level {REORDERLEVELVALUE}.\n\nPlease treat this information as Urgent as the invoice is already sent  to the customer.\n\nSeverity: Critical\n\nThanks,\n{CURRENTUSER} ', 'InvoiceNotificationDescription', NULL),
(2, 'QuoteNotification', 'Quote given for {PRODUCTNAME}', 'Dear {HANDLER},\n\nQuote is generated for {QUOTEQUANTITY} units of {PRODUCTNAME}. The current stock of {PRODUCTNAME} in our warehouse is {CURRENTSTOCK}.\n\nSeverity: Minor\n\nThanks,\n{CURRENTUSER} ', 'QuoteNotificationDescription', NULL),
(3, 'SalesOrderNotification', 'Sales Order generated for {PRODUCTNAME}', 'Dear {HANDLER},\n\nSalesOrder is generated for {SOQUANTITY} units of {PRODUCTNAME}. The current stock of {PRODUCTNAME} in our warehouse is {CURRENTSTOCK}.\n\nPlease treat this information  with priority as the sales order is already generated.\n\nSeverity: Major\n\nThanks,\n{CURRENTUSER} ', 'SalesOrderNotificationDescription', NULL);

-- --------------------------------------------------------

--
-- Table structure for table `vtiger_inventorynotification_seq`
--

CREATE TABLE `vtiger_inventorynotification_seq` (
  `id` int(11) NOT NULL
) ENGINE=InnoDB DEFAULT CHARSET=utf8;

--
-- Dumping data for table `vtiger_inventorynotification_seq`
--

INSERT INTO `vtiger_inventorynotification_seq` (`id`) VALUES
(3);

-- --------------------------------------------------------

--
-- Table structure for table `vtiger_inventoryproductrel`
--

CREATE TABLE `vtiger_inventoryproductrel` (
  `id` int(19) DEFAULT NULL,
  `productid` int(19) DEFAULT NULL,
  `sequence_no` int(4) DEFAULT NULL,
  `quantity` decimal(25,3) DEFAULT NULL,
  `listprice` decimal(27,8) DEFAULT NULL,
  `discount_percent` decimal(7,3) DEFAULT NULL,
  `discount_amount` decimal(27,8) DEFAULT NULL,
  `comment` text DEFAULT NULL,
  `description` text DEFAULT NULL,
  `incrementondel` int(11) NOT NULL DEFAULT 0,
  `lineitem_id` int(11) NOT NULL,
  `tax1` decimal(7,3) DEFAULT NULL,
  `tax2` decimal(7,3) DEFAULT NULL,
  `tax3` decimal(7,3) DEFAULT NULL,
  `image` varchar(2) DEFAULT NULL,
  `purchase_cost` decimal(27,8) DEFAULT NULL,
  `margin` decimal(27,8) DEFAULT NULL
) ENGINE=InnoDB DEFAULT CHARSET=utf8;

-- --------------------------------------------------------

--
-- Table structure for table `vtiger_inventoryproductrel_seq`
--

CREATE TABLE `vtiger_inventoryproductrel_seq` (
  `id` int(11) NOT NULL
) ENGINE=InnoDB DEFAULT CHARSET=utf8;

--
-- Dumping data for table `vtiger_inventoryproductrel_seq`
--

INSERT INTO `vtiger_inventoryproductrel_seq` (`id`) VALUES
(0);

-- --------------------------------------------------------

--
-- Table structure for table `vtiger_inventoryshippingrel`
--

CREATE TABLE `vtiger_inventoryshippingrel` (
  `id` int(19) DEFAULT NULL,
  `shtax1` decimal(7,3) DEFAULT NULL,
  `shtax2` decimal(7,3) DEFAULT NULL,
  `shtax3` decimal(7,3) DEFAULT NULL
) ENGINE=InnoDB DEFAULT CHARSET=utf8;

-- --------------------------------------------------------

--
-- Table structure for table `vtiger_inventorysubproductrel`
--

CREATE TABLE `vtiger_inventorysubproductrel` (
  `id` int(19) NOT NULL,
  `sequence_no` int(10) NOT NULL,
  `productid` int(19) NOT NULL,
  `quantity` int(19) DEFAULT 1
) ENGINE=InnoDB DEFAULT CHARSET=utf8;

-- --------------------------------------------------------

--
-- Table structure for table `vtiger_inventorytaxinfo`
--

CREATE TABLE `vtiger_inventorytaxinfo` (
  `taxid` int(3) NOT NULL,
  `taxname` varchar(50) DEFAULT NULL,
  `taxlabel` varchar(50) DEFAULT NULL,
  `percentage` decimal(7,3) DEFAULT NULL,
  `deleted` int(1) DEFAULT NULL,
  `method` varchar(10) DEFAULT NULL,
  `type` varchar(10) DEFAULT NULL,
  `compoundon` varchar(400) DEFAULT NULL,
  `regions` text DEFAULT NULL
) ENGINE=InnoDB DEFAULT CHARSET=utf8;

--
-- Dumping data for table `vtiger_inventorytaxinfo`
--

INSERT INTO `vtiger_inventorytaxinfo` (`taxid`, `taxname`, `taxlabel`, `percentage`, `deleted`, `method`, `type`, `compoundon`, `regions`) VALUES
(1, 'tax1', 'VAT', 4.500, 0, 'Simple', 'Fixed', '[]', '[]'),
(2, 'tax2', 'Sales', 10.000, 0, 'Simple', 'Fixed', '[]', '[]'),
(3, 'tax3', 'Service', 12.500, 0, 'Simple', 'Fixed', '[]', '[]');

-- --------------------------------------------------------

--
-- Table structure for table `vtiger_inventorytaxinfo_seq`
--

CREATE TABLE `vtiger_inventorytaxinfo_seq` (
  `id` int(11) NOT NULL
) ENGINE=InnoDB DEFAULT CHARSET=utf8;

--
-- Dumping data for table `vtiger_inventorytaxinfo_seq`
--

INSERT INTO `vtiger_inventorytaxinfo_seq` (`id`) VALUES
(3);

-- --------------------------------------------------------

--
-- Table structure for table `vtiger_inventory_tandc`
--

CREATE TABLE `vtiger_inventory_tandc` (
  `id` int(19) NOT NULL,
  `type` varchar(30) NOT NULL,
  `tandc` text DEFAULT NULL
) ENGINE=InnoDB DEFAULT CHARSET=utf8;

--
-- Dumping data for table `vtiger_inventory_tandc`
--

INSERT INTO `vtiger_inventory_tandc` (`id`, `type`, `tandc`) VALUES
(2, 'Invoice', '\n - Unless otherwise agreed in writing by the supplier all invoices are payable within thirty (30) days of the date of invoice, in the currency of the invoice, drawn on a bank based in India or by such other method as is agreed in advance by the Supplier.\n\n - All prices are not inclusive of VAT which shall be payable in addition by the Customer at the applicable rate.'),
(3, 'Quotes', '\n - Unless otherwise agreed in writing by the supplier all invoices are payable within thirty (30) days of the date of invoice, in the currency of the invoice, drawn on a bank based in India or by such other method as is agreed in advance by the Supplier.\n\n - All prices are not inclusive of VAT which shall be payable in addition by the Customer at the applicable rate.'),
(4, 'PurchaseOrder', '\n - Unless otherwise agreed in writing by the supplier all invoices are payable within thirty (30) days of the date of invoice, in the currency of the invoice, drawn on a bank based in India or by such other method as is agreed in advance by the Supplier.\n\n - All prices are not inclusive of VAT which shall be payable in addition by the Customer at the applicable rate.'),
(5, 'SalesOrder', '\n - Unless otherwise agreed in writing by the supplier all invoices are payable within thirty (30) days of the date of invoice, in the currency of the invoice, drawn on a bank based in India or by such other method as is agreed in advance by the Supplier.\n\n - All prices are not inclusive of VAT which shall be payable in addition by the Customer at the applicable rate.');

-- --------------------------------------------------------

--
-- Table structure for table `vtiger_inventory_tandc_seq`
--

CREATE TABLE `vtiger_inventory_tandc_seq` (
  `id` int(11) NOT NULL
) ENGINE=InnoDB DEFAULT CHARSET=utf8;

--
-- Dumping data for table `vtiger_inventory_tandc_seq`
--

INSERT INTO `vtiger_inventory_tandc_seq` (`id`) VALUES
(5);

-- --------------------------------------------------------

--
-- Table structure for table `vtiger_invitees`
--

CREATE TABLE `vtiger_invitees` (
  `activityid` int(19) NOT NULL,
  `inviteeid` int(19) NOT NULL,
  `status` varchar(50) DEFAULT NULL
) ENGINE=InnoDB DEFAULT CHARSET=utf8;

-- --------------------------------------------------------

--
-- Table structure for table `vtiger_invoice`
--

CREATE TABLE `vtiger_invoice` (
  `invoiceid` int(19) NOT NULL DEFAULT 0,
  `subject` varchar(100) DEFAULT NULL,
  `salesorderid` int(19) DEFAULT NULL,
  `customerno` varchar(100) DEFAULT NULL,
  `contactid` int(19) DEFAULT NULL,
  `notes` varchar(100) DEFAULT NULL,
  `invoicedate` date DEFAULT NULL,
  `duedate` date DEFAULT NULL,
  `invoiceterms` varchar(100) DEFAULT NULL,
  `type` varchar(100) DEFAULT NULL,
  `adjustment` decimal(25,8) DEFAULT NULL,
  `salescommission` decimal(25,3) DEFAULT NULL,
  `exciseduty` decimal(25,3) DEFAULT NULL,
  `subtotal` decimal(25,8) DEFAULT NULL,
  `total` decimal(25,8) DEFAULT NULL,
  `taxtype` varchar(25) DEFAULT NULL,
  `discount_percent` decimal(25,3) DEFAULT NULL,
  `discount_amount` decimal(25,8) DEFAULT NULL,
  `s_h_amount` decimal(25,8) DEFAULT NULL,
  `shipping` varchar(100) DEFAULT NULL,
  `accountid` int(19) DEFAULT NULL,
  `terms_conditions` text DEFAULT NULL,
  `purchaseorder` varchar(200) DEFAULT NULL,
  `invoicestatus` varchar(200) DEFAULT NULL,
  `invoice_no` varchar(100) DEFAULT NULL,
  `currency_id` int(19) NOT NULL DEFAULT 1,
  `conversion_rate` decimal(10,3) NOT NULL DEFAULT 1.000,
  `compound_taxes_info` text DEFAULT NULL,
  `pre_tax_total` decimal(25,8) DEFAULT NULL,
  `received` decimal(25,8) DEFAULT NULL,
  `balance` decimal(25,8) DEFAULT NULL,
  `s_h_percent` decimal(25,8) DEFAULT NULL,
  `potential_id` varchar(100) DEFAULT NULL,
  `tags` varchar(1) DEFAULT NULL,
  `region_id` int(19) DEFAULT NULL
) ENGINE=InnoDB DEFAULT CHARSET=utf8;

-- --------------------------------------------------------

--
-- Table structure for table `vtiger_invoicebillads`
--

CREATE TABLE `vtiger_invoicebillads` (
  `invoicebilladdressid` int(19) NOT NULL DEFAULT 0,
  `bill_city` varchar(30) DEFAULT NULL,
  `bill_code` varchar(30) DEFAULT NULL,
  `bill_country` varchar(30) DEFAULT NULL,
  `bill_state` varchar(30) DEFAULT NULL,
  `bill_street` varchar(250) DEFAULT NULL,
  `bill_pobox` varchar(30) DEFAULT NULL
) ENGINE=InnoDB DEFAULT CHARSET=utf8;

-- --------------------------------------------------------

--
-- Table structure for table `vtiger_invoicecf`
--

CREATE TABLE `vtiger_invoicecf` (
  `invoiceid` int(19) NOT NULL DEFAULT 0
) ENGINE=InnoDB DEFAULT CHARSET=utf8;

-- --------------------------------------------------------

--
-- Table structure for table `vtiger_invoiceshipads`
--

CREATE TABLE `vtiger_invoiceshipads` (
  `invoiceshipaddressid` int(19) NOT NULL DEFAULT 0,
  `ship_city` varchar(30) DEFAULT NULL,
  `ship_code` varchar(30) DEFAULT NULL,
  `ship_country` varchar(30) DEFAULT NULL,
  `ship_state` varchar(30) DEFAULT NULL,
  `ship_street` varchar(250) DEFAULT NULL,
  `ship_pobox` varchar(30) DEFAULT NULL
) ENGINE=InnoDB DEFAULT CHARSET=utf8;

-- --------------------------------------------------------

--
-- Table structure for table `vtiger_invoicestatus`
--

CREATE TABLE `vtiger_invoicestatus` (
  `invoicestatusid` int(19) NOT NULL,
  `invoicestatus` varchar(200) NOT NULL,
  `presence` int(1) NOT NULL DEFAULT 1,
  `picklist_valueid` int(19) NOT NULL DEFAULT 0,
  `sortorderid` int(11) DEFAULT NULL,
  `color` varchar(10) DEFAULT NULL
) ENGINE=InnoDB DEFAULT CHARSET=utf8;

--
-- Dumping data for table `vtiger_invoicestatus`
--

INSERT INTO `vtiger_invoicestatus` (`invoicestatusid`, `invoicestatus`, `presence`, `picklist_valueid`, `sortorderid`, `color`) VALUES
(1, 'AutoCreated', 0, 92, 0, NULL),
(2, 'Created', 0, 93, 1, NULL),
(3, 'Approved', 0, 94, 2, NULL),
(4, 'Sent', 0, 95, 3, NULL),
(5, 'Credit Invoice', 0, 96, 4, NULL),
(6, 'Paid', 0, 97, 5, NULL),
(7, 'Cancel', 1, 288, 1, NULL);

-- --------------------------------------------------------

--
-- Table structure for table `vtiger_invoicestatushistory`
--

CREATE TABLE `vtiger_invoicestatushistory` (
  `historyid` int(19) NOT NULL,
  `invoiceid` int(19) NOT NULL,
  `accountname` varchar(100) DEFAULT NULL,
  `total` decimal(10,0) DEFAULT NULL,
  `invoicestatus` varchar(200) DEFAULT NULL,
  `lastmodified` datetime DEFAULT NULL
) ENGINE=InnoDB DEFAULT CHARSET=utf8;

-- --------------------------------------------------------

--
-- Table structure for table `vtiger_invoicestatus_seq`
--

CREATE TABLE `vtiger_invoicestatus_seq` (
  `id` int(11) NOT NULL
) ENGINE=InnoDB DEFAULT CHARSET=utf8;

--
-- Dumping data for table `vtiger_invoicestatus_seq`
--

INSERT INTO `vtiger_invoicestatus_seq` (`id`) VALUES
(7);

-- --------------------------------------------------------

--
-- Table structure for table `vtiger_invoice_recurring_info`
--

CREATE TABLE `vtiger_invoice_recurring_info` (
  `salesorderid` int(11) NOT NULL DEFAULT 0,
  `recurring_frequency` varchar(200) DEFAULT NULL,
  `start_period` date DEFAULT NULL,
  `end_period` date DEFAULT NULL,
  `last_recurring_date` date DEFAULT NULL,
  `payment_duration` varchar(200) DEFAULT NULL,
  `invoice_status` varchar(200) DEFAULT NULL
) ENGINE=InnoDB DEFAULT CHARSET=utf8;

-- --------------------------------------------------------

--
-- Table structure for table `vtiger_language`
--

CREATE TABLE `vtiger_language` (
  `id` int(11) NOT NULL,
  `name` varchar(50) DEFAULT NULL,
  `prefix` varchar(10) DEFAULT NULL,
  `label` varchar(30) DEFAULT NULL,
  `lastupdated` datetime DEFAULT NULL,
  `sequence` int(11) DEFAULT NULL,
  `isdefault` int(1) DEFAULT NULL,
  `active` int(1) DEFAULT NULL
) ENGINE=InnoDB DEFAULT CHARSET=utf8;

--
-- Dumping data for table `vtiger_language`
--

INSERT INTO `vtiger_language` (`id`, `name`, `prefix`, `label`, `lastupdated`, `sequence`, `isdefault`, `active`) VALUES
(1, 'English', 'en_us', 'US English', '2020-12-17 08:28:50', NULL, 1, 1),
(2, 'Deutsch', 'de_de', 'DE Deutsch', '2020-12-17 08:29:06', NULL, 0, 1),
(3, 'Arabic', 'ar_ae', 'Arabic', '2020-12-17 08:29:27', NULL, 0, 1),
(4, 'Turkce', 'tr_tr', 'Turkce Dil Paketi', '2020-12-17 08:29:06', NULL, 0, 1),
(5, 'Romana', 'ro_ro', 'Romana', '2020-12-17 08:29:15', NULL, 0, 1),
(6, 'Russian', 'ru_ru', 'Russian', '2020-12-17 08:29:06', NULL, 0, 1),
(7, 'Spanish', 'es_es', 'ES Spanish', '2020-12-17 08:29:08', NULL, 0, 1),
(8, 'Pack de langue franais', 'fr_fr', 'Pack de langue franais', '2020-12-17 08:29:15', NULL, 0, 1),
(9, 'Italian', 'it_it', 'IT Italian', '2020-12-17 08:29:08', NULL, 0, 1),
(10, 'Mexican Spanish', 'es_mx', 'ES Mexico', '2020-12-17 08:29:08', NULL, 0, 1),
(11, 'Jzyk Polski', 'pl_pl', 'Jzyk Polski', '2020-12-17 08:29:15', NULL, 0, 1),
(12, 'Swedish', 'sv_se', 'Swedish', '2020-12-17 08:29:27', NULL, 0, 1),
(13, 'Hungarian', 'hu_hu', 'HU Magyar', '2020-12-17 08:29:09', NULL, 0, 1),
(14, 'Brazilian', 'pt_br', 'PT Brasil', '2020-12-17 08:29:15', NULL, 0, 1),
(15, 'Dutch', 'nl_nl', 'NL-Dutch', '2020-12-17 08:29:10', NULL, 0, 1),
(16, 'British English', 'en_gb', 'British English', '2020-12-17 08:29:10', NULL, 0, 1);

-- --------------------------------------------------------

--
-- Table structure for table `vtiger_language_seq`
--

CREATE TABLE `vtiger_language_seq` (
  `id` int(11) NOT NULL
) ENGINE=InnoDB DEFAULT CHARSET=utf8;

--
-- Dumping data for table `vtiger_language_seq`
--

INSERT INTO `vtiger_language_seq` (`id`) VALUES
(16);

-- --------------------------------------------------------

--
-- Table structure for table `vtiger_leadaddress`
--

CREATE TABLE `vtiger_leadaddress` (
  `leadaddressid` int(19) NOT NULL DEFAULT 0,
  `city` varchar(30) DEFAULT NULL,
  `code` varchar(30) DEFAULT NULL,
  `state` varchar(30) DEFAULT NULL,
  `pobox` varchar(30) DEFAULT NULL,
  `country` varchar(30) DEFAULT NULL,
  `phone` varchar(50) DEFAULT NULL,
  `mobile` varchar(50) DEFAULT NULL,
  `fax` varchar(50) DEFAULT NULL,
  `lane` varchar(250) DEFAULT NULL,
  `leadaddresstype` varchar(30) DEFAULT 'Billing'
) ENGINE=InnoDB DEFAULT CHARSET=utf8;

--
-- Dumping data for table `vtiger_leadaddress`
--

INSERT INTO `vtiger_leadaddress` (`leadaddressid`, `city`, `code`, `state`, `pobox`, `country`, `phone`, `mobile`, `fax`, `lane`, `leadaddresstype`) VALUES
(3, '', '', '', '', '', '', '', '', '', 'Billing'),
(7, '', '', '', '', '', '', '', '', '', 'Billing'),
(26, '', '', '', '', '', '', '', '', '', 'Billing'),
(93, '', '', '', '', '', '+612315445545', '', '', '', 'Billing'),
(97, NULL, '4000', NULL, NULL, NULL, '+612315445545', NULL, NULL, NULL, 'Billing'),
(99, NULL, '3006', NULL, NULL, NULL, '+612315445545', NULL, NULL, NULL, 'Billing'),
(101, NULL, '30060', NULL, NULL, NULL, '+612315445545', NULL, NULL, NULL, 'Billing'),
(103, NULL, '560028', NULL, NULL, NULL, '98743982798', NULL, NULL, NULL, 'Billing'),
(105, NULL, '3005', NULL, NULL, NULL, '98743982798', NULL, NULL, NULL, 'Billing'),
(111, '', '', '', '', '', '+612315445545', '', '', '', 'Billing'),
(113, '', '', '', '', '', '', '', '', '', 'Billing'),
(118, '', '', '', '', '', '62432932', '', '', '', 'Billing'),
(213, '', '', '', '', '', '8238929', '', '', '', 'Billing'),
(215, '', '', '', '', '', '0426984066', '', '', '', 'Billing');

-- --------------------------------------------------------

--
-- Table structure for table `vtiger_leaddetails`
--

CREATE TABLE `vtiger_leaddetails` (
  `leadid` int(19) NOT NULL,
  `lead_no` varchar(100) NOT NULL,
  `email` varchar(100) DEFAULT NULL,
  `interest` varchar(50) DEFAULT NULL,
  `firstname` varchar(40) DEFAULT NULL,
  `salutation` varchar(200) DEFAULT NULL,
  `lastname` varchar(80) NOT NULL,
  `company` varchar(100) NOT NULL,
  `annualrevenue` decimal(25,8) DEFAULT NULL,
  `industry` varchar(200) DEFAULT NULL,
  `campaign` varchar(30) DEFAULT NULL,
  `rating` varchar(200) DEFAULT NULL,
  `leadstatus` varchar(200) DEFAULT NULL,
  `leadsource` varchar(200) DEFAULT NULL,
  `converted` int(1) DEFAULT 0,
  `designation` varchar(50) DEFAULT 'SalesMan',
  `licencekeystatus` varchar(50) DEFAULT NULL,
  `space` varchar(250) DEFAULT NULL,
  `comments` text DEFAULT NULL,
  `priority` varchar(50) DEFAULT NULL,
  `demorequest` varchar(50) DEFAULT NULL,
  `partnercontact` varchar(50) DEFAULT NULL,
  `productversion` varchar(20) DEFAULT NULL,
  `product` varchar(50) DEFAULT NULL,
  `maildate` date DEFAULT NULL,
  `nextstepdate` date DEFAULT NULL,
  `fundingsituation` varchar(50) DEFAULT NULL,
  `purpose` varchar(50) DEFAULT NULL,
  `evaluationstatus` varchar(50) DEFAULT NULL,
  `transferdate` date DEFAULT NULL,
  `revenuetype` varchar(50) DEFAULT NULL,
  `noofemployees` int(50) DEFAULT NULL,
  `secondaryemail` varchar(100) DEFAULT NULL,
  `assignleadchk` int(1) DEFAULT 0,
  `emailoptout` varchar(3) DEFAULT NULL,
  `tags` varchar(1) DEFAULT NULL
) ENGINE=InnoDB DEFAULT CHARSET=utf8;

--
-- Dumping data for table `vtiger_leaddetails`
--

INSERT INTO `vtiger_leaddetails` (`leadid`, `lead_no`, `email`, `interest`, `firstname`, `salutation`, `lastname`, `company`, `annualrevenue`, `industry`, `campaign`, `rating`, `leadstatus`, `leadsource`, `converted`, `designation`, `licencekeystatus`, `space`, `comments`, `priority`, `demorequest`, `partnercontact`, `productversion`, `product`, `maildate`, `nextstepdate`, `fundingsituation`, `purpose`, `evaluationstatus`, `transferdate`, `revenuetype`, `noofemployees`, `secondaryemail`, `assignleadchk`, `emailoptout`, `tags`) VALUES
(3, 'LEA1', '', NULL, 'New south', '', 'lead', '', 0.00000000, '', NULL, '', '', '', 0, '', NULL, NULL, NULL, NULL, NULL, NULL, NULL, NULL, NULL, NULL, NULL, NULL, NULL, NULL, NULL, 0, '', 0, '0', ''),
(7, 'LEA2', '', NULL, 'demo', 'Mr.', 'demoo', '', 0.00000000, '', NULL, '', '', '', 0, '', NULL, NULL, NULL, NULL, NULL, NULL, NULL, NULL, NULL, NULL, NULL, NULL, NULL, NULL, NULL, 0, '', 0, '0', ''),
(26, 'LEA3', '', NULL, 'demo', '', 'demo', '', 0.00000000, '', NULL, '', '', '', 0, '', NULL, NULL, NULL, NULL, NULL, NULL, NULL, NULL, NULL, NULL, NULL, NULL, NULL, NULL, NULL, 0, '', 0, '0', ''),
(93, 'LEA4', 'srinivas.comx@gmail.com', NULL, 'ss', '', 'vv', '', 0.00000000, '', NULL, '', '', '', 0, '', NULL, NULL, NULL, NULL, NULL, NULL, NULL, NULL, NULL, NULL, NULL, NULL, NULL, NULL, NULL, 0, '', 0, '0', ''),
(97, 'LEA6', 'srinivas.comnnnx@gmail.com', NULL, 'ss', NULL, 'vvvbnvb', '', NULL, NULL, NULL, NULL, NULL, NULL, 0, 'SalesMan', NULL, NULL, NULL, NULL, NULL, NULL, NULL, NULL, NULL, NULL, NULL, NULL, NULL, NULL, NULL, NULL, NULL, 0, NULL, NULL),
(99, 'LEA7', 'srinivas.comnn3wnx@gmail.com', NULL, 'ss', NULL, 'vvvbnvbZx', '', NULL, NULL, NULL, NULL, NULL, NULL, 0, 'SalesMan', NULL, NULL, NULL, NULL, NULL, NULL, NULL, NULL, NULL, NULL, NULL, NULL, NULL, NULL, NULL, NULL, NULL, 0, NULL, NULL),
(101, 'LEA8', 'srinivas.com4nn3wnx@gmail.com', NULL, 'ss', NULL, 'vvvbnvbZx', '', NULL, NULL, NULL, NULL, NULL, NULL, 0, 'SalesMan', NULL, NULL, NULL, NULL, NULL, NULL, NULL, NULL, NULL, NULL, NULL, NULL, NULL, NULL, NULL, NULL, NULL, 0, NULL, NULL),
(103, 'LEA9', 'srinivas.comxsf@gmail.com', NULL, 'Comx', NULL, 'vv', '', NULL, NULL, NULL, NULL, NULL, NULL, 0, 'SalesMan', NULL, NULL, NULL, NULL, NULL, NULL, NULL, NULL, NULL, NULL, NULL, NULL, NULL, NULL, NULL, NULL, NULL, 0, NULL, NULL),
(105, 'LEA10', 'srinivas.codsmxsf@gmail.com', NULL, 'Comx', NULL, 'vv', '', NULL, NULL, NULL, NULL, NULL, NULL, 0, 'SalesMan', NULL, NULL, NULL, NULL, NULL, NULL, NULL, NULL, NULL, NULL, NULL, NULL, NULL, NULL, NULL, NULL, NULL, 0, NULL, NULL),
(111, 'LEA10', 'srinivas.comx@gmail.com', NULL, 'ss', '', 'vv', '', 0.00000000, '', NULL, '', '', '', 0, '', NULL, NULL, NULL, NULL, NULL, NULL, NULL, NULL, NULL, NULL, NULL, NULL, NULL, NULL, NULL, 0, '', 0, '0', ''),
(113, 'LEA11', 'test@test.com', NULL, 'test', '', 'test', '', 0.00000000, '', NULL, '', '', '', 0, '', NULL, NULL, NULL, NULL, NULL, NULL, NULL, NULL, NULL, NULL, NULL, NULL, NULL, NULL, NULL, 0, '', 0, '0', ''),
(118, 'LEA12', 'john@gmail.com', NULL, 'John', '', 'Leo', '', 0.00000000, '', NULL, '', '', '', 0, '', NULL, NULL, NULL, NULL, NULL, NULL, NULL, NULL, NULL, NULL, NULL, NULL, NULL, NULL, NULL, 0, '', 0, '0', ''),
(213, 'LEA13', '', NULL, 'srinivas', '', 'M', 'T', 0.00000000, '', NULL, '', '', '', 0, '', NULL, NULL, NULL, NULL, NULL, NULL, NULL, NULL, NULL, NULL, NULL, NULL, NULL, NULL, NULL, 0, 'srinivas.qacomx@gmail.com', 0, '0', ''),
(215, 'LEA14', 'qldcleaningclub@gmail.com', NULL, 'Gurjeet', '', 'Singh', 'Queensland Cleaning Club Pty Ltd', 0.00000000, '', NULL, '', '', '', 0, '', NULL, NULL, NULL, NULL, NULL, NULL, NULL, NULL, NULL, NULL, NULL, NULL, NULL, NULL, NULL, 0, '', 0, '0', '');

-- --------------------------------------------------------

--
-- Table structure for table `vtiger_leadscf`
--

CREATE TABLE `vtiger_leadscf` (
  `leadid` int(19) NOT NULL DEFAULT 0
) ENGINE=InnoDB DEFAULT CHARSET=utf8;

--
-- Dumping data for table `vtiger_leadscf`
--

INSERT INTO `vtiger_leadscf` (`leadid`) VALUES
(3),
(7),
(26),
(93),
(97),
(99),
(101),
(103),
(105),
(111),
(113),
(118),
(213),
(215);

-- --------------------------------------------------------

--
-- Table structure for table `vtiger_leadsource`
--

CREATE TABLE `vtiger_leadsource` (
  `leadsourceid` int(19) NOT NULL,
  `leadsource` varchar(200) NOT NULL,
  `presence` int(1) NOT NULL DEFAULT 1,
  `picklist_valueid` int(19) NOT NULL DEFAULT 0,
  `sortorderid` int(11) DEFAULT NULL,
  `color` varchar(10) DEFAULT NULL
) ENGINE=InnoDB DEFAULT CHARSET=utf8;

--
-- Dumping data for table `vtiger_leadsource`
--

INSERT INTO `vtiger_leadsource` (`leadsourceid`, `leadsource`, `presence`, `picklist_valueid`, `sortorderid`, `color`) VALUES
(2, 'Cold Call', 1, 99, 1, NULL),
(3, 'Existing Customer', 1, 100, 2, NULL),
(4, 'Self Generated', 1, 101, 3, NULL),
(5, 'Employee', 1, 102, 4, NULL),
(6, 'Partner', 1, 103, 5, NULL),
(7, 'Public Relations', 1, 104, 6, NULL),
(8, 'Direct Mail', 1, 105, 7, NULL),
(9, 'Conference', 1, 106, 8, NULL),
(10, 'Trade Show', 1, 107, 9, NULL),
(11, 'Web Site', 1, 108, 10, NULL),
(12, 'Word of mouth', 1, 109, 11, NULL),
(13, 'Other', 1, 110, 12, NULL);

-- --------------------------------------------------------

--
-- Table structure for table `vtiger_leadsource_seq`
--

CREATE TABLE `vtiger_leadsource_seq` (
  `id` int(11) NOT NULL
) ENGINE=InnoDB DEFAULT CHARSET=utf8;

--
-- Dumping data for table `vtiger_leadsource_seq`
--

INSERT INTO `vtiger_leadsource_seq` (`id`) VALUES
(13);

-- --------------------------------------------------------

--
-- Table structure for table `vtiger_leadstage`
--

CREATE TABLE `vtiger_leadstage` (
  `leadstageid` int(19) NOT NULL,
  `stage` varchar(200) NOT NULL,
  `sortorderid` int(19) NOT NULL DEFAULT 0,
  `presence` int(1) NOT NULL DEFAULT 1
) ENGINE=InnoDB DEFAULT CHARSET=utf8;

-- --------------------------------------------------------

--
-- Table structure for table `vtiger_leadstatus`
--

CREATE TABLE `vtiger_leadstatus` (
  `leadstatusid` int(19) NOT NULL,
  `leadstatus` varchar(200) NOT NULL,
  `presence` int(1) NOT NULL DEFAULT 1,
  `picklist_valueid` int(19) NOT NULL DEFAULT 0,
  `sortorderid` int(11) DEFAULT NULL,
  `color` varchar(10) DEFAULT NULL
) ENGINE=InnoDB DEFAULT CHARSET=utf8;

--
-- Dumping data for table `vtiger_leadstatus`
--

INSERT INTO `vtiger_leadstatus` (`leadstatusid`, `leadstatus`, `presence`, `picklist_valueid`, `sortorderid`, `color`) VALUES
(2, 'Attempted to Contact', 1, 112, 1, NULL),
(3, 'Cold', 1, 113, 2, NULL),
(4, 'Contact in Future', 1, 114, 3, NULL),
(5, 'Contacted', 1, 115, 4, NULL),
(6, 'Hot', 1, 116, 5, NULL),
(7, 'Junk Lead', 1, 117, 6, NULL),
(8, 'Lost Lead', 1, 118, 7, NULL),
(9, 'Not Contacted', 1, 119, 8, NULL),
(10, 'Pre Qualified', 1, 120, 9, NULL),
(11, 'Qualified', 1, 121, 10, NULL),
(12, 'Warm', 1, 122, 11, NULL);

-- --------------------------------------------------------

--
-- Table structure for table `vtiger_leadstatus_seq`
--

CREATE TABLE `vtiger_leadstatus_seq` (
  `id` int(11) NOT NULL
) ENGINE=InnoDB DEFAULT CHARSET=utf8;

--
-- Dumping data for table `vtiger_leadstatus_seq`
--

INSERT INTO `vtiger_leadstatus_seq` (`id`) VALUES
(12);

-- --------------------------------------------------------

--
-- Table structure for table `vtiger_leadsubdetails`
--

CREATE TABLE `vtiger_leadsubdetails` (
  `leadsubscriptionid` int(19) NOT NULL DEFAULT 0,
  `website` varchar(255) DEFAULT NULL,
  `callornot` int(1) DEFAULT 0,
  `readornot` int(1) DEFAULT 0,
  `empct` int(10) DEFAULT 0
) ENGINE=InnoDB DEFAULT CHARSET=utf8;

--
-- Dumping data for table `vtiger_leadsubdetails`
--

INSERT INTO `vtiger_leadsubdetails` (`leadsubscriptionid`, `website`, `callornot`, `readornot`, `empct`) VALUES
(3, '', 0, 0, 0),
(7, '', 0, 0, 0),
(26, '', 0, 0, 0),
(93, '', 0, 0, 0),
(97, NULL, 0, 0, 0),
(99, NULL, 0, 0, 0),
(101, NULL, 0, 0, 0),
(103, NULL, 0, 0, 0),
(105, NULL, 0, 0, 0),
(111, '', 0, 0, 0),
(113, '', 0, 0, 0),
(118, '', 0, 0, 0),
(213, '', 0, 0, 0),
(215, '', 0, 0, 0);

-- --------------------------------------------------------

--
-- Table structure for table `vtiger_lead_view`
--

CREATE TABLE `vtiger_lead_view` (
  `lead_viewid` int(19) NOT NULL,
  `lead_view` varchar(200) NOT NULL,
  `sortorderid` int(19) NOT NULL DEFAULT 0,
  `presence` int(1) NOT NULL DEFAULT 1
) ENGINE=InnoDB DEFAULT CHARSET=utf8;

--
-- Dumping data for table `vtiger_lead_view`
--

INSERT INTO `vtiger_lead_view` (`lead_viewid`, `lead_view`, `sortorderid`, `presence`) VALUES
(1, 'Today', 0, 1),
(2, 'Last 2 Days', 1, 1),
(3, 'Last Week', 2, 1);

-- --------------------------------------------------------

--
-- Table structure for table `vtiger_lead_view_seq`
--

CREATE TABLE `vtiger_lead_view_seq` (
  `id` int(11) NOT NULL
) ENGINE=InnoDB DEFAULT CHARSET=utf8;

--
-- Dumping data for table `vtiger_lead_view_seq`
--

INSERT INTO `vtiger_lead_view_seq` (`id`) VALUES
(3);

-- --------------------------------------------------------

--
-- Table structure for table `vtiger_links`
--

CREATE TABLE `vtiger_links` (
  `linkid` int(11) NOT NULL,
  `tabid` int(11) DEFAULT NULL,
  `linktype` varchar(50) DEFAULT NULL,
  `linklabel` varchar(50) DEFAULT NULL,
  `linkurl` varchar(255) DEFAULT NULL,
  `linkicon` varchar(100) DEFAULT NULL,
  `sequence` int(11) DEFAULT NULL,
  `handler_path` varchar(128) DEFAULT NULL,
  `handler_class` varchar(50) DEFAULT NULL,
  `handler` varchar(50) DEFAULT NULL,
  `parent_link` int(19) DEFAULT NULL
) ENGINE=InnoDB DEFAULT CHARSET=utf8;

--
-- Dumping data for table `vtiger_links`
--

INSERT INTO `vtiger_links` (`linkid`, `tabid`, `linktype`, `linklabel`, `linkurl`, `linkicon`, `sequence`, `handler_path`, `handler_class`, `handler`, `parent_link`) VALUES
(2, 6, 'DETAILVIEW', 'LBL_SHOW_ACCOUNT_HIERARCHY', 'index.php?module=Accounts&action=AccountHierarchy&accountid=$RECORD$', '', 0, NULL, NULL, NULL, NULL),
(5, 0, 'HEADERSCRIPT', 'Incoming Calls', 'modules/PBXManager/resources/PBXManagerJS.js', '', 0, 'modules/PBXManager/PBXManager.php', 'PBXManager', 'checkLinkPermission', NULL),
(6, 7, 'DETAILVIEWWIDGET', 'DetailViewBlockCommentWidget', 'block://ModComments:modules/ModComments/ModComments.php', '', 0, NULL, NULL, NULL, NULL),
(7, 4, 'DETAILVIEWWIDGET', 'DetailViewBlockCommentWidget', 'block://ModComments:modules/ModComments/ModComments.php', '', 0, NULL, NULL, NULL, NULL),
(8, 6, 'DETAILVIEWWIDGET', 'DetailViewBlockCommentWidget', 'block://ModComments:modules/ModComments/ModComments.php', '', 0, NULL, NULL, NULL, NULL),
(9, 2, 'DETAILVIEWWIDGET', 'DetailViewBlockCommentWidget', 'block://ModComments:modules/ModComments/ModComments.php', '', 0, NULL, NULL, NULL, NULL),
(10, 38, 'HEADERSCRIPT', 'ModCommentsCommonHeaderScript', 'modules/ModComments/ModCommentsCommon.js', '', 0, NULL, NULL, NULL, NULL),
(11, 4, 'DETAILVIEWSIDEBARWIDGET', 'Google Map', 'module=Google&view=Map&mode=showMap&viewtype=detail', '', 0, NULL, NULL, NULL, NULL),
(12, 7, 'DETAILVIEWSIDEBARWIDGET', 'Google Map', 'module=Google&view=Map&mode=showMap&viewtype=detail', '', 0, NULL, NULL, NULL, NULL),
(13, 6, 'DETAILVIEWSIDEBARWIDGET', 'Google Map', 'module=Google&view=Map&mode=showMap&viewtype=detail', '', 0, NULL, NULL, NULL, NULL),
(14, 4, 'LISTVIEWSIDEBARWIDGET', 'Google Contacts', 'module=Google&view=List&sourcemodule=Contacts', '', 0, NULL, NULL, NULL, NULL),
(15, 9, 'LISTVIEWSIDEBARWIDGET', 'Google Calendar', 'module=Google&view=List&sourcemodule=Calendar', '', 0, NULL, NULL, NULL, NULL),
(16, 44, 'HEADERSCRIPT', 'SMSNotifierCommonJS', 'modules/SMSNotifier/SMSNotifierCommon.js', '', 0, NULL, NULL, NULL, NULL),
(17, 7, 'LISTVIEWBASIC', 'Send SMS', 'SMSNotifierCommon.displaySelectWizard(this, \'$MODULE$\');', '', 0, NULL, NULL, NULL, NULL),
(18, 7, 'DETAILVIEW', 'Send SMS', 'javascript:SMSNotifierCommon.displaySelectWizard_DetailView(\'$MODULE$\', \'$RECORD$\');', '', 0, NULL, NULL, NULL, NULL),
(19, 4, 'LISTVIEWBASIC', 'Send SMS', 'SMSNotifierCommon.displaySelectWizard(this, \'$MODULE$\');', '', 0, NULL, NULL, NULL, NULL),
(20, 4, 'DETAILVIEW', 'Send SMS', 'javascript:SMSNotifierCommon.displaySelectWizard_DetailView(\'$MODULE$\', \'$RECORD$\');', '', 0, NULL, NULL, NULL, NULL),
(21, 6, 'LISTVIEWBASIC', 'Send SMS', 'SMSNotifierCommon.displaySelectWizard(this, \'$MODULE$\');', '', 0, NULL, NULL, NULL, NULL),
(22, 6, 'DETAILVIEW', 'Send SMS', 'javascript:SMSNotifierCommon.displaySelectWizard_DetailView(\'$MODULE$\', \'$RECORD$\');', '', 0, NULL, NULL, NULL, NULL),
(28, 49, 'HEADERSCRIPT', 'ExtensionStoreCommonHeaderScript', 'modules/ExtensionStore/ExtensionStore.js', '', 0, NULL, NULL, NULL, NULL),
(30, 47, 'DETAILVIEWWIDGET', 'DetailViewBlockCommentWidget', 'block://ModComments:modules/ModComments/ModComments.php', '', 0, NULL, NULL, NULL, NULL),
(31, 48, 'DETAILVIEWBASIC', 'Add Project Task', 'index.php?module=ProjectTask&action=EditView&projectid=$RECORD$&return_module=Project&return_action=DetailView&return_id=$RECORD$', '', 0, 'modules/ProjectTask/ProjectTask.php', 'ProjectTask', 'isLinkPermitted', NULL),
(33, 48, 'DETAILVIEWWIDGET', 'DetailViewBlockCommentWidget', 'block://ModComments:modules/ModComments/ModComments.php', '', 0, NULL, NULL, NULL, NULL),
(34, 2, 'DASHBOARDWIDGET', 'History', 'index.php?module=Potentials&view=ShowWidget&name=History', '', 1, NULL, NULL, NULL, NULL),
(35, 2, 'DASHBOARDWIDGET', 'Upcoming Activities', 'index.php?module=Potentials&view=ShowWidget&name=CalendarActivities', '', 2, NULL, NULL, NULL, NULL),
(36, 2, 'DASHBOARDWIDGET', 'Funnel', 'index.php?module=Potentials&view=ShowWidget&name=GroupedBySalesStage', '', 3, NULL, NULL, NULL, NULL),
(37, 2, 'DASHBOARDWIDGET', 'Potentials by Stage', 'index.php?module=Potentials&view=ShowWidget&name=GroupedBySalesPerson', '', 4, NULL, NULL, NULL, NULL),
(38, 2, 'DASHBOARDWIDGET', 'Pipelined Amount', 'index.php?module=Potentials&view=ShowWidget&name=PipelinedAmountPerSalesPerson', '', 5, NULL, NULL, NULL, NULL),
(39, 2, 'DASHBOARDWIDGET', 'Total Revenue', 'index.php?module=Potentials&view=ShowWidget&name=TotalRevenuePerSalesPerson', '', 6, NULL, NULL, NULL, NULL),
(40, 2, 'DASHBOARDWIDGET', 'Top Potentials', 'index.php?module=Potentials&view=ShowWidget&name=TopPotentials', '', 7, NULL, NULL, NULL, NULL),
(41, 2, 'DASHBOARDWIDGET', 'Overdue Activities', 'index.php?module=Potentials&view=ShowWidget&name=OverdueActivities', '', 9, NULL, NULL, NULL, NULL),
(42, 6, 'DASHBOARDWIDGET', 'History', 'index.php?module=Accounts&view=ShowWidget&name=History', '', 1, NULL, NULL, NULL, NULL),
(43, 6, 'DASHBOARDWIDGET', 'Upcoming Activities', 'index.php?module=Accounts&view=ShowWidget&name=CalendarActivities', '', 2, NULL, NULL, NULL, NULL),
(44, 6, 'DASHBOARDWIDGET', 'Overdue Activities', 'index.php?module=Accounts&view=ShowWidget&name=OverdueActivities', '', 3, NULL, NULL, NULL, NULL),
(45, 4, 'DASHBOARDWIDGET', 'History', 'index.php?module=Contacts&view=ShowWidget&name=History', '', 1, NULL, NULL, NULL, NULL),
(46, 4, 'DASHBOARDWIDGET', 'Upcoming Activities', 'index.php?module=Contacts&view=ShowWidget&name=CalendarActivities', '', 2, NULL, NULL, NULL, NULL),
(47, 4, 'DASHBOARDWIDGET', 'Overdue Activities', 'index.php?module=Contacts&view=ShowWidget&name=OverdueActivities', '', 3, NULL, NULL, NULL, NULL),
(48, 7, 'DASHBOARDWIDGET', 'History', 'index.php?module=Leads&view=ShowWidget&name=History', '', 1, NULL, NULL, NULL, NULL),
(49, 7, 'DASHBOARDWIDGET', 'Upcoming Activities', 'index.php?module=Leads&view=ShowWidget&name=CalendarActivities', '', 2, NULL, NULL, NULL, NULL),
(50, 7, 'DASHBOARDWIDGET', 'Leads by Status', 'index.php?module=Leads&view=ShowWidget&name=LeadsByStatus', '', 4, NULL, NULL, NULL, NULL),
(51, 7, 'DASHBOARDWIDGET', 'Leads by Source', 'index.php?module=Leads&view=ShowWidget&name=LeadsBySource', '', 5, NULL, NULL, NULL, NULL),
(52, 7, 'DASHBOARDWIDGET', 'Leads by Industry', 'index.php?module=Leads&view=ShowWidget&name=LeadsByIndustry', '', 6, NULL, NULL, NULL, NULL),
(53, 7, 'DASHBOARDWIDGET', 'Overdue Activities', 'index.php?module=Leads&view=ShowWidget&name=OverdueActivities', '', 7, NULL, NULL, NULL, NULL),
(54, 13, 'DASHBOARDWIDGET', 'Tickets by Status', 'index.php?module=HelpDesk&view=ShowWidget&name=TicketsByStatus', '', 1, NULL, NULL, NULL, NULL),
(55, 13, 'DASHBOARDWIDGET', 'Open Tickets', 'index.php?module=HelpDesk&view=ShowWidget&name=OpenTickets', '', 2, NULL, NULL, NULL, NULL),
(56, 3, 'DASHBOARDWIDGET', 'History', 'index.php?module=Home&view=ShowWidget&name=History', '', 1, NULL, NULL, NULL, NULL),
(57, 3, 'DASHBOARDWIDGET', 'Upcoming Activities', 'index.php?module=Home&view=ShowWidget&name=CalendarActivities', '', 2, NULL, NULL, NULL, NULL),
(58, 3, 'DASHBOARDWIDGET', 'Funnel', 'index.php?module=Potentials&view=ShowWidget&name=GroupedBySalesStage', '', 3, NULL, NULL, NULL, NULL),
(59, 3, 'DASHBOARDWIDGET', 'Potentials by Stage', 'index.php?module=Potentials&view=ShowWidget&name=GroupedBySalesPerson', '', 4, NULL, NULL, NULL, NULL),
(60, 3, 'DASHBOARDWIDGET', 'Pipelined Amount', 'index.php?module=Potentials&view=ShowWidget&name=PipelinedAmountPerSalesPerson', '', 5, NULL, NULL, NULL, NULL),
(61, 3, 'DASHBOARDWIDGET', 'Total Revenue', 'index.php?module=Potentials&view=ShowWidget&name=TotalRevenuePerSalesPerson', '', 6, NULL, NULL, NULL, NULL),
(62, 3, 'DASHBOARDWIDGET', 'Top Potentials', 'index.php?module=Potentials&view=ShowWidget&name=TopPotentials', '', 7, NULL, NULL, NULL, NULL),
(63, 3, 'DASHBOARDWIDGET', 'Leads by Status', 'index.php?module=Leads&view=ShowWidget&name=LeadsByStatus', '', 10, NULL, NULL, NULL, NULL),
(64, 3, 'DASHBOARDWIDGET', 'Leads by Source', 'index.php?module=Leads&view=ShowWidget&name=LeadsBySource', '', 11, NULL, NULL, NULL, NULL),
(65, 3, 'DASHBOARDWIDGET', 'Leads by Industry', 'index.php?module=Leads&view=ShowWidget&name=LeadsByIndustry', '', 12, NULL, NULL, NULL, NULL),
(66, 3, 'DASHBOARDWIDGET', 'Overdue Activities', 'index.php?module=Home&view=ShowWidget&name=OverdueActivities', '', 13, NULL, NULL, NULL, NULL),
(67, 3, 'DASHBOARDWIDGET', 'Tickets by Status', 'index.php?module=HelpDesk&view=ShowWidget&name=TicketsByStatus', '', 13, NULL, NULL, NULL, NULL),
(68, 3, 'DASHBOARDWIDGET', 'Open Tickets', 'index.php?module=HelpDesk&view=ShowWidget&name=OpenTickets', '', 14, NULL, NULL, NULL, NULL),
(69, 13, 'DETAILVIEWWIDGET', 'DetailViewBlockCommentWidget', 'block://ModComments:modules/ModComments/ModComments.php', '', 0, NULL, NULL, NULL, NULL),
(70, 15, 'DETAILVIEWWIDGET', 'DetailViewBlockCommentWidget', 'block://ModComments:modules/ModComments/ModComments.php', '', 0, NULL, NULL, NULL, NULL),
(99, 3, 'DASHBOARDWIDGET', 'Key Metrics', 'index.php?module=Home&view=ShowWidget&name=KeyMetrics', '', 0, NULL, NULL, NULL, NULL),
(100, 3, 'DASHBOARDWIDGET', 'Mini List', 'index.php?module=Home&view=ShowWidget&name=MiniList', '', 0, NULL, NULL, NULL, NULL),
(101, 3, 'DASHBOARDWIDGET', 'Tag Cloud', 'index.php?module=Home&view=ShowWidget&name=TagCloud', '', 0, NULL, NULL, NULL, NULL),
(102, 2, 'DASHBOARDWIDGET', 'Funnel Amount', 'index.php?module=Potentials&view=ShowWidget&name=FunnelAmount', '', 10, NULL, NULL, NULL, NULL),
(103, 3, 'DASHBOARDWIDGET', 'Funnel Amount', 'index.php?module=Potentials&view=ShowWidget&name=FunnelAmount', '', 10, NULL, NULL, NULL, NULL),
(104, 3, 'DASHBOARDWIDGET', 'Notebook', 'index.php?module=Home&view=ShowWidget&name=Notebook', '', 0, NULL, NULL, NULL, NULL),
(105, 25, 'LISTVIEWBASIC', 'LBL_ADD_RECORD', '', '', 0, NULL, NULL, NULL, NULL),
(106, 25, 'LISTVIEWBASIC', 'LBL_DETAIL_REPORT', 'javascript:Reports_List_Js.addReport(\"index.php?module=Reports&view=Edit\")', '', 0, 'modules/Reports/models/Module.php', 'Reports_Module_Model', 'checkLinkAccess', 105),
(107, 25, 'LISTVIEWBASIC', 'LBL_CHARTS', 'javascript:Reports_List_Js.addReport(\"index.php?module=Reports&view=ChartEdit\")', '', 0, 'modules/Reports/models/Module.php', 'Reports_Module_Model', 'checkLinkAccess', 105),
(108, 25, 'LISTVIEWBASIC', 'LBL_ADD_FOLDER', 'javascript:Reports_List_Js.triggerAddFolder(\"index.php?module=Reports&view=EditFolder\")', '', 0, 'modules/Reports/models/Module.php', 'Reports_Module_Model', 'checkLinkAccess', NULL),
(109, 4, 'EXTENSIONLINK', 'Google', 'index.php?module=Contacts&view=Extension&extensionModule=Google&extensionView=Index', '', 0, NULL, NULL, NULL, NULL),
(110, 9, 'EXTENSIONLINK', 'Google', 'index.php?module=Calendar&view=Extension&extensionModule=Google&extensionView=Index', '', 0, NULL, NULL, NULL, NULL);

-- --------------------------------------------------------

--
-- Table structure for table `vtiger_links_seq`
--

CREATE TABLE `vtiger_links_seq` (
  `id` int(11) NOT NULL
) ENGINE=InnoDB DEFAULT CHARSET=utf8;

--
-- Dumping data for table `vtiger_links_seq`
--

INSERT INTO `vtiger_links_seq` (`id`) VALUES
(110);

-- --------------------------------------------------------

--
-- Table structure for table `vtiger_locationmap`
--

CREATE TABLE `vtiger_locationmap` (
  `locationmapid` int(19) NOT NULL
) ENGINE=InnoDB DEFAULT CHARSET=utf8;

-- --------------------------------------------------------

--
-- Table structure for table `vtiger_locationmapcf`
--

CREATE TABLE `vtiger_locationmapcf` (
  `locationmapid` int(19) NOT NULL
) ENGINE=InnoDB DEFAULT CHARSET=utf8;

-- --------------------------------------------------------

--
-- Table structure for table `vtiger_loginhistory`
--

CREATE TABLE `vtiger_loginhistory` (
  `login_id` int(11) NOT NULL,
  `user_name` varchar(255) DEFAULT NULL,
  `user_ip` varchar(25) NOT NULL,
  `logout_time` timestamp NOT NULL DEFAULT current_timestamp() ON UPDATE current_timestamp(),
  `login_time` datetime DEFAULT NULL,
  `status` varchar(25) DEFAULT NULL
) ENGINE=InnoDB DEFAULT CHARSET=utf8;

--
-- Dumping data for table `vtiger_loginhistory`
--

INSERT INTO `vtiger_loginhistory` (`login_id`, `user_name`, `user_ip`, `logout_time`, `login_time`, `status`) VALUES
(1, 'admin', '106.206.115.123', '2020-12-16 21:30:58', '2020-12-17 08:29:57', 'Signed off'),
(2, 'admin', '106.206.115.123', '2020-12-16 21:31:12', '2020-12-17 08:31:12', 'Signed in'),
(3, 'admin', '106.206.115.123', '2020-12-16 21:33:10', '2020-12-17 08:33:10', 'Signed in'),
(4, 'admin', '58.96.15.82', '2020-12-16 21:34:10', '2020-12-17 08:34:10', 'Signed in'),
(5, 'admin', '58.96.15.82', '2020-12-16 21:38:45', '2020-12-17 08:35:44', 'Signed off'),
(6, 'admin', '58.96.15.82', '2020-12-16 21:40:42', '2020-12-17 08:40:42', 'Signed in'),
(7, 'admin', '49.37.161.249', '2020-12-16 22:58:19', '2020-12-17 09:58:19', 'Signed in'),
(8, 'admin', '49.37.161.249', '2020-12-16 22:58:54', '2020-12-17 09:58:54', 'Signed in'),
(9, 'admin', '157.46.69.3', '2020-12-16 23:46:05', '2020-12-17 10:46:05', 'Signed in'),
(10, 'admin', '157.46.69.3', '2020-12-16 23:46:38', '2020-12-17 10:46:38', 'Signed in'),
(11, 'admin', '157.46.69.3', '2020-12-16 23:47:33', '2020-12-17 10:47:33', 'Signed in'),
(12, 'admin', '157.46.69.3', '2020-12-17 00:05:59', '2020-12-17 10:49:06', 'Signed off'),
(13, 'lucas@gmail.com', '157.46.69.3', '2020-12-17 00:05:19', '2020-12-17 11:05:19', 'Signed in'),
(14, 'lucas@gmail.com', '157.46.69.3', '2020-12-17 00:06:28', '2020-12-17 11:06:28', 'Signed in'),
(15, 'admin', '49.37.161.249', '2020-12-17 00:42:37', '2020-12-17 11:42:37', 'Signed in'),
(16, 'admin', '49.37.161.249', '2020-12-17 01:54:20', '2020-12-17 12:54:20', 'Signed in'),
(17, 'admin', '42.111.154.95', '2020-12-17 02:21:31', '2020-12-17 13:21:31', 'Signed in'),
(18, 'admin', '42.111.154.95', '2020-12-17 02:22:17', '2020-12-17 13:22:17', 'Signed in'),
(19, 'admin', '42.111.154.95', '2020-12-17 02:22:59', '2020-12-17 13:22:59', 'Signed in'),
(20, 'admin', '42.111.154.95', '2020-12-17 02:23:27', '2020-12-17 13:23:27', 'Signed in'),
(21, 'admin', '42.111.154.95', '2020-12-17 02:23:55', '2020-12-17 13:23:55', 'Signed in'),
(22, 'admin', '58.96.15.82', '2020-12-17 02:37:35', '2020-12-17 13:37:35', 'Signed in'),
(23, 'lucas@gmail.com', '157.46.78.37', '2020-12-17 02:49:51', '2020-12-17 13:49:27', 'Signed off'),
(24, 'mathiew@gmail.com', '157.46.78.37', '2020-12-17 03:01:03', '2020-12-17 13:50:19', 'Signed off'),
(25, 'admin', '157.46.78.37', '2020-12-17 03:01:52', '2020-12-17 14:01:52', 'Signed in'),
(26, 'admin', '106.206.115.123', '2020-12-17 03:46:51', '2020-12-17 14:41:06', 'Signed off'),
(27, 'admin', '106.206.115.123', '2020-12-17 03:48:32', '2020-12-17 14:48:32', 'Signed in'),
(28, 'admin', '106.206.115.123', '2020-12-17 05:04:01', '2020-12-17 15:53:12', 'Signed off'),
(29, 'admin', '106.206.115.123', '2020-12-17 05:12:31', '2020-12-17 16:04:08', 'Signed off'),
(30, 'admin', '106.206.115.123', '2020-12-17 05:16:52', '2020-12-17 16:14:39', 'Signed off'),
(31, 'admin', '106.206.115.123', '2020-12-17 05:18:17', '2020-12-17 16:17:26', 'Signed off'),
(32, 'admin', '157.45.138.252', '2020-12-17 06:05:41', '2020-12-17 17:04:06', 'Signed off'),
(33, 'admin', '157.45.138.252', '2020-12-17 06:09:16', '2020-12-17 17:06:47', 'Signed off'),
(34, 'admin', '157.45.132.23', '2020-12-17 07:38:08', '2020-12-17 18:38:08', 'Signed in'),
(35, 'admin', '157.45.129.215', '2020-12-17 08:14:55', '2020-12-17 19:14:02', 'Signed off'),
(36, 'admin', '58.96.15.82', '2020-12-17 14:27:30', '2020-12-18 01:26:57', 'Signed off'),
(37, 'admin', '42.111.167.177', '2020-12-17 19:46:23', '2020-12-18 04:40:53', 'Signed off'),
(38, 'admin', '157.45.139.214', '2020-12-17 18:05:05', '2020-12-18 05:05:05', 'Signed in'),
(39, 'admin', '42.111.153.129', '2020-12-17 18:29:52', '2020-12-18 05:22:42', 'Signed off'),
(40, 'admin', '157.45.230.247', '2020-12-17 18:25:26', '2020-12-18 05:25:26', 'Signed in'),
(41, 'lucas@gmail.com', '42.111.153.129', '2020-12-17 18:30:30', '2020-12-18 05:30:20', 'Signed off'),
(42, 'admin', '42.111.153.129', '2020-12-17 18:32:24', '2020-12-18 05:31:06', 'Signed off'),
(43, 'xy', '42.111.153.129', '2020-12-17 18:33:02', '2020-12-18 05:32:40', 'Signed off'),
(44, 'admin', '42.111.153.129', '2020-12-17 18:35:20', '2020-12-18 05:35:20', 'Signed in'),
(45, 'lucas@gmail.com', '42.111.167.177', '2020-12-17 19:47:17', '2020-12-18 06:46:36', 'Signed off'),
(46, 'admin', '42.111.167.177', '2020-12-17 20:06:06', '2020-12-18 06:47:24', 'Signed off'),
(47, 'admin', '58.96.15.82', '2020-12-17 19:50:28', '2020-12-18 06:50:28', 'Signed in'),
(48, 'lucas@gmail.com', '42.111.167.177', '2020-12-17 20:06:43', '2020-12-18 07:06:34', 'Signed off'),
(49, 'admin', '42.111.153.129', '2020-12-17 20:20:09', '2020-12-18 07:20:09', 'Signed in'),
(50, 'admin', '49.37.161.77', '2020-12-17 22:13:10', '2020-12-18 09:13:10', 'Signed in'),
(51, 'admin', '49.37.161.77', '2020-12-17 22:23:50', '2020-12-18 09:23:50', 'Signed in'),
(52, 'admin', '49.37.161.77', '2020-12-17 22:44:14', '2020-12-18 09:44:14', 'Signed in'),
(53, 'admin', '42.111.155.249', '2020-12-18 00:50:35', '2020-12-18 09:47:18', 'Signed off'),
(54, 'admin', '42.111.155.249', '2020-12-18 00:51:00', '2020-12-18 11:51:00', 'Signed in'),
(55, 'admin', '42.111.137.85', '2020-12-20 17:29:20', '2020-12-21 04:29:20', 'Signed in'),
(56, 'admin', '49.37.165.121', '2020-12-20 18:15:03', '2020-12-21 05:13:21', 'Signed off'),
(57, 'admin', '49.37.165.121', '2020-12-20 18:18:10', '2020-12-21 05:18:10', 'Signed in'),
(58, 'admin', '49.37.165.121', '2020-12-20 18:21:09', '2020-12-21 05:21:09', 'Signed in'),
(59, 'admin', '49.37.165.121', '2020-12-20 18:44:55', '2020-12-21 05:44:55', 'Signed in'),
(60, 'admin', '49.37.165.121', '2020-12-20 21:15:23', '2020-12-21 08:15:23', 'Signed in'),
(61, 'admin', '42.111.136.13', '2020-12-20 22:48:16', '2020-12-21 09:48:16', 'Signed in'),
(62, 'admin', '42.111.136.13', '2020-12-20 22:48:26', '2020-12-21 09:48:26', 'Signed in'),
(63, 'admin', '42.111.136.13', '2020-12-20 22:52:16', '2020-12-21 09:52:16', 'Signed in'),
(64, 'admin', '42.111.136.13', '2020-12-20 22:52:46', '2020-12-21 09:52:46', 'Signed in'),
(65, 'admin', '223.186.15.247', '2020-12-21 00:13:08', '2020-12-21 10:50:19', 'Signed off'),
(66, 'admin', '42.111.136.13', '2020-12-20 23:53:24', '2020-12-21 10:53:24', 'Signed in'),
(67, 'admin', '42.111.136.13', '2020-12-20 23:56:11', '2020-12-21 10:56:11', 'Signed in'),
(68, 'admin', '223.186.15.247', '2020-12-21 00:13:27', '2020-12-21 11:13:27', 'Signed in'),
(69, 'admin', '58.96.15.107', '2020-12-21 13:59:32', '2020-12-22 00:59:32', 'Signed in'),
(70, 'admin', '58.96.15.107', '2020-12-21 14:06:21', '2020-12-22 01:06:21', 'Signed in'),
(71, 'admin', '42.111.131.22', '2020-12-21 17:34:41', '2020-12-22 04:34:41', 'Signed in'),
(72, 'admin', '157.46.69.255', '2020-12-21 22:12:27', '2020-12-22 09:12:27', 'Signed in'),
(73, 'admin', '157.46.94.126', '2020-12-22 01:24:54', '2020-12-22 12:24:54', 'Signed in'),
(74, 'admin', '157.45.145.43', '2020-12-22 06:19:08', '2020-12-22 15:43:48', 'Signed off'),
(75, 'admin', '223.186.118.124', '2020-12-22 06:02:28', '2020-12-22 17:02:28', 'Signed in'),
(76, 'admin', '223.186.118.124', '2020-12-22 06:09:02', '2020-12-22 17:09:02', 'Signed in'),
(77, 'admin', '223.186.118.124', '2020-12-22 06:09:15', '2020-12-22 17:09:15', 'Signed in'),
(78, 'admin', '223.186.118.124', '2020-12-22 06:09:50', '2020-12-22 17:09:50', 'Signed in'),
(79, 'admin', '223.186.118.124', '2020-12-22 06:10:43', '2020-12-22 17:10:43', 'Signed in'),
(80, 'admin', '223.186.118.124', '2020-12-22 06:11:47', '2020-12-22 17:11:47', 'Signed in'),
(81, 'admin', '223.186.118.124', '2020-12-22 06:12:53', '2020-12-22 17:12:53', 'Signed in'),
(82, 'admin', '223.186.118.124', '2020-12-22 06:13:02', '2020-12-22 17:13:02', 'Signed in'),
(83, 'admin', '223.186.118.124', '2020-12-22 06:14:20', '2020-12-22 17:14:20', 'Signed in'),
(84, 'admin', '223.186.118.124', '2020-12-22 06:17:00', '2020-12-22 17:17:00', 'Signed in'),
(85, 'admin', '157.45.145.43', '2020-12-22 06:19:55', '2020-12-22 17:19:23', 'Signed off'),
(86, 'admin', '223.186.118.124', '2020-12-22 06:19:44', '2020-12-22 17:19:44', 'Signed in'),
(87, 'admin', '157.45.145.43', '2020-12-22 06:27:36', '2020-12-22 17:20:24', 'Signed off'),
(88, 'admin', '223.186.118.124', '2020-12-22 06:20:29', '2020-12-22 17:20:29', 'Signed in'),
(89, 'admin', '223.186.118.124', '2020-12-22 06:22:20', '2020-12-22 17:22:20', 'Signed in'),
(90, 'admin', '223.186.118.124', '2020-12-22 07:10:44', '2020-12-22 17:24:12', 'Signed off'),
(91, 'admin', '157.45.145.43', '2020-12-22 07:16:20', '2020-12-22 17:28:16', 'Signed off'),
(92, 'admin', '223.186.118.124', '2020-12-22 07:22:04', '2020-12-22 18:21:38', 'Signed off'),
(93, 'admin', '42.109.131.134', '2020-12-22 16:51:40', '2020-12-23 03:51:40', 'Signed in'),
(94, 'admin', '223.186.69.211', '2020-12-22 17:59:57', '2020-12-23 04:59:57', 'Signed in'),
(95, 'admin', '157.45.238.123', '2020-12-22 18:04:48', '2020-12-23 05:04:30', 'Signed off'),
(96, 'admin', '157.45.238.123', '2020-12-22 18:20:24', '2020-12-23 05:20:24', 'Signed in'),
(97, 'admin', '42.111.155.104', '2020-12-22 18:45:16', '2020-12-23 05:45:16', 'Signed in'),
(98, 'admin', '58.96.15.107', '2020-12-23 00:14:29', '2020-12-23 11:14:29', 'Signed in'),
(99, 'admin', '157.45.197.142', '2020-12-23 05:41:01', '2020-12-23 16:41:01', 'Signed in'),
(100, 'admin', '42.111.150.47', '2020-12-23 17:37:08', '2020-12-24 04:37:08', 'Signed in'),
(101, 'admin', '157.45.147.229', '2020-12-23 22:20:07', '2020-12-24 09:20:07', 'Signed in'),
(102, 'admin', '157.46.114.119', '2020-12-27 17:54:22', '2020-12-28 04:54:22', 'Signed in'),
(103, 'admin', '157.45.67.159', '2020-12-27 18:52:08', '2020-12-28 05:52:08', 'Signed in'),
(104, 'admin', '157.46.114.119', '2020-12-27 19:14:37', '2020-12-28 06:14:37', 'Signed in'),
(105, 'admin', '157.45.67.159', '2020-12-27 19:54:59', '2020-12-28 06:54:59', 'Signed in'),
(106, 'admin', '223.186.199.158', '2020-12-27 20:28:10', '2020-12-28 07:28:10', 'Signed in'),
(107, 'admin', '157.45.167.26', '2020-12-27 20:46:47', '2020-12-28 07:46:47', 'Signed in'),
(108, 'admin', '157.45.167.26', '2020-12-27 23:56:00', '2020-12-28 10:56:00', 'Signed in'),
(109, 'admin', '157.46.104.152', '2020-12-28 00:28:34', '2020-12-28 11:28:34', 'Signed in'),
(110, 'admin', '157.45.167.26', '2020-12-28 00:30:49', '2020-12-28 11:30:49', 'Signed in'),
(111, 'admin', '157.49.245.52', '2020-12-28 18:02:55', '2020-12-29 05:02:55', 'Signed in'),
(112, 'admin', '157.49.245.52', '2020-12-28 21:02:36', '2020-12-29 08:02:36', 'Signed in'),
(113, 'admin', '157.51.102.106', '2020-12-29 00:40:35', '2020-12-29 11:40:35', 'Signed in'),
(114, 'admin', '223.186.199.158', '2020-12-29 01:43:37', '2020-12-29 12:43:37', 'Signed in'),
(115, 'admin', '157.49.254.186', '2020-12-29 18:04:49', '2020-12-30 05:04:49', 'Signed in'),
(116, 'admin', '157.51.122.1', '2020-12-29 22:48:48', '2020-12-30 09:48:48', 'Signed in'),
(117, 'admin', '157.46.127.208', '2020-12-30 17:57:21', '2020-12-31 04:57:21', 'Signed in'),
(118, 'admin', '103.76.211.214', '2020-12-30 19:12:48', '2020-12-31 06:12:48', 'Signed in'),
(119, 'admin', '157.49.210.150', '2020-12-30 20:40:12', '2020-12-31 07:40:12', 'Signed in'),
(120, 'admin', '157.49.213.5', '2020-12-30 21:31:29', '2020-12-31 08:31:29', 'Signed in'),
(121, 'admin', '223.186.211.203', '2020-12-31 00:48:50', '2020-12-31 11:48:50', 'Signed in'),
(122, 'admin', '223.186.204.14', '2021-01-03 18:05:29', '2021-01-04 05:05:29', 'Signed in'),
(123, 'admin', '157.51.171.137', '2021-01-03 19:19:40', '2021-01-04 06:19:40', 'Signed in'),
(124, 'admin', '157.45.138.251', '2021-01-03 19:53:56', '2021-01-04 06:53:56', 'Signed in'),
(125, 'admin', '157.51.171.137', '2021-01-03 20:29:14', '2021-01-04 07:29:14', 'Signed in'),
(126, 'admin', '157.51.171.137', '2021-01-03 20:29:33', '2021-01-04 07:29:33', 'Signed in'),
(127, 'admin', '157.51.171.137', '2021-01-03 20:30:23', '2021-01-04 07:30:23', 'Signed in'),
(128, 'admin', '157.45.138.251', '2021-01-03 23:12:41', '2021-01-04 10:12:41', 'Signed in'),
(129, 'admin', '157.46.126.75', '2021-01-03 23:54:41', '2021-01-04 10:54:41', 'Signed in'),
(130, 'admin', '157.46.126.75', '2021-01-04 00:38:02', '2021-01-04 11:38:02', 'Signed in'),
(131, 'admin', '157.46.114.128', '2021-01-04 01:49:30', '2021-01-04 12:49:30', 'Signed in'),
(132, 'admin', '157.49.249.63', '2021-01-04 20:19:01', '2021-01-05 07:19:01', 'Signed in'),
(133, 'admin', '157.49.249.63', '2021-01-04 20:52:18', '2021-01-05 07:52:18', 'Signed in'),
(134, 'admin', '157.46.112.162', '2021-01-04 22:03:49', '2021-01-05 09:03:49', 'Signed in'),
(135, 'admin', '223.186.204.14', '2021-01-05 01:36:48', '2021-01-05 12:36:48', 'Signed in'),
(136, 'admin', '157.49.253.205', '2021-01-05 18:32:25', '2021-01-06 05:32:25', 'Signed in'),
(137, 'admin', '157.49.253.205', '2021-01-05 20:33:26', '2021-01-06 07:33:26', 'Signed in'),
(138, 'admin', '157.49.232.66', '2021-01-05 22:46:16', '2021-01-06 09:46:16', 'Signed in'),
(139, 'admin', '157.51.32.45', '2021-01-06 18:22:46', '2021-01-07 05:22:46', 'Signed in'),
(140, 'admin', '106.206.88.169', '2021-01-06 23:28:18', '2021-01-07 10:28:18', 'Signed in'),
(141, 'admin', '157.49.255.27', '2021-01-07 17:50:36', '2021-01-08 04:50:36', 'Signed in'),
(142, 'admin', '157.46.98.69', '2021-01-07 19:50:27', '2021-01-08 06:50:27', 'Signed in'),
(143, 'admin', '157.46.98.69', '2021-01-07 20:56:19', '2021-01-08 07:56:19', 'Signed in'),
(144, 'admin', '223.186.5.188', '2021-01-10 17:44:02', '2021-01-11 04:44:02', 'Signed in'),
(145, 'admin', '157.51.19.119', '2021-01-10 18:16:50', '2021-01-11 05:16:50', 'Signed in'),
(146, 'admin', '157.51.8.6', '2021-01-11 18:31:15', '2021-01-12 05:31:15', 'Signed in'),
(147, 'admin', '223.186.5.192', '2021-01-11 20:52:49', '2021-01-12 07:52:49', 'Signed in'),
(148, 'admin', '106.216.174.251', '2021-01-12 17:33:37', '2021-01-13 04:33:37', 'Signed in'),
(149, 'admin', '157.51.123.250', '2021-01-12 19:59:42', '2021-01-13 06:59:42', 'Signed in'),
(150, 'admin', '42.111.163.145', '2021-01-12 23:14:29', '2021-01-13 10:14:29', 'Signed in'),
(151, 'admin', '157.49.199.48', '2021-01-14 17:28:43', '2021-01-15 04:28:43', 'Signed in'),
(152, 'admin', '157.49.204.206', '2021-01-14 22:35:35', '2021-01-15 09:35:35', 'Signed in'),
(153, 'admin', '119.158.105.35', '2021-01-15 00:27:30', '2021-01-15 11:27:30', 'Signed in'),
(154, 'admin', '119.158.105.35', '2021-01-16 06:32:34', '2021-01-16 17:32:34', 'Signed in'),
(155, 'admin', '39.41.254.207', '2021-01-17 01:56:44', '2021-01-17 12:56:44', 'Signed in'),
(156, 'admin', '39.41.254.207', '2021-01-17 01:57:03', '2021-01-17 12:57:03', 'Signed in'),
(157, 'admin', '39.41.254.207', '2021-01-17 01:57:04', '2021-01-17 12:57:04', 'Signed in'),
(158, 'admin', '39.41.254.207', '2021-01-17 01:57:34', '2021-01-17 12:57:34', 'Signed in'),
(159, 'admin', '39.41.218.193', '2021-01-17 09:48:25', '2021-01-17 19:03:11', 'Signed off'),
(160, 'admin', '39.41.218.193', '2021-01-17 09:48:53', '2021-01-17 20:48:53', 'Signed in'),
(161, 'admin', '106.217.70.136', '2021-01-17 18:05:09', '2021-01-18 05:05:09', 'Signed in'),
(162, 'admin', '223.228.52.73', '2021-01-24 22:49:42', '2021-01-25 09:49:42', 'Signed in'),
(163, 'admin', '223.186.231.94', '2021-01-28 17:43:01', '2021-01-29 04:43:01', 'Signed in'),
(164, 'admin', '157.51.98.156', '2021-01-28 17:44:25', '2021-01-29 04:44:25', 'Signed in'),
(165, 'admin', '157.51.98.156', '2021-01-28 20:22:27', '2021-01-29 07:20:15', 'Signed off'),
(166, 'admin', '157.51.98.156', '2021-01-28 20:37:16', '2021-01-29 07:22:46', 'Signed off'),
(167, 'admin', '157.51.98.156', '2021-01-28 20:38:07', '2021-01-29 07:38:07', 'Signed in'),
(168, 'admin', '157.51.98.156', '2021-01-28 23:32:49', '2021-01-29 10:32:49', 'Signed in'),
(169, 'admin', '223.186.231.94', '2021-01-29 01:50:31', '2021-01-29 12:50:31', 'Signed in'),
(170, 'admin', '58.96.15.226', '2021-01-30 16:44:51', '2021-01-31 03:44:51', 'Signed in'),
(171, 'admin', '157.45.191.66', '2021-01-30 18:10:04', '2021-01-31 05:10:04', 'Signed in'),
(172, 'admin', '106.206.107.153', '2021-01-30 20:28:02', '2021-01-31 07:28:02', 'Signed in'),
(173, 'admin', '58.96.15.226', '2021-01-30 22:19:12', '2021-01-31 09:19:12', 'Signed in'),
(174, 'admin', '58.96.15.226', '2021-01-30 22:21:36', '2021-01-31 09:21:36', 'Signed in'),
(175, 'admin', '49.197.165.173', '2021-01-30 22:24:13', '2021-01-31 09:24:13', 'Signed in'),
(176, 'admin', '157.49.216.210', '2021-02-01 22:04:10', '2021-02-02 09:04:10', 'Signed in'),
(177, 'admin', '157.49.201.173', '2021-02-01 23:20:39', '2021-02-02 10:20:39', 'Signed in'),
(178, 'admin', '157.49.201.173', '2021-02-01 23:21:06', '2021-02-02 10:21:06', 'Signed in'),
(179, 'admin', '157.49.217.45', '2021-02-04 00:52:48', '2021-02-04 11:35:56', 'Signed off'),
(180, 'srinivas', '157.49.217.45', '2021-02-04 00:53:10', '2021-02-04 11:53:10', 'Signed in'),
(181, 'admin', '157.49.254.198', '2021-02-07 17:52:50', '2021-02-08 04:52:50', 'Signed in'),
(182, 'admin', '157.49.197.119', '2021-02-09 01:09:05', '2021-02-09 12:09:05', 'Signed in'),
(183, 'admin', '157.51.2.157', '2021-02-10 23:40:47', '2021-02-11 10:38:27', 'Signed off'),
(184, 'Locus', '157.51.2.157', '2021-02-10 23:59:16', '2021-02-11 10:41:05', 'Signed off'),
(185, 'admin', '157.51.2.157', '2021-02-11 00:01:53', '2021-02-11 11:00:18', 'Signed off'),
(186, 'manish', '157.51.2.157', '2021-02-11 00:02:32', '2021-02-11 11:02:32', 'Signed in'),
(187, 'manish', '157.51.2.157', '2021-02-11 01:03:27', '2021-02-11 11:49:16', 'Signed off'),
(188, 'admin', '157.51.2.157', '2021-02-11 01:17:35', '2021-02-11 12:17:35', 'Signed in'),
(189, 'manish', '43.224.156.213', '2021-02-11 18:44:23', '2021-02-12 05:44:23', 'Signed in'),
(190, 'manish', '157.51.17.86', '2021-02-11 21:15:50', '2021-02-12 07:24:23', 'Signed off'),
(191, 'admin', '157.51.17.86', '2021-02-11 21:17:51', '2021-02-12 08:17:51', 'Signed in'),
(192, 'manish', '157.51.5.236', '2021-02-11 23:17:28', '2021-02-12 10:15:29', 'Signed off'),
(193, 'admin', '157.51.5.236', '2021-02-11 23:19:29', '2021-02-12 10:17:41', 'Signed off'),
(194, 'manish', '157.51.5.236', '2021-02-11 23:19:49', '2021-02-12 10:19:49', 'Signed in'),
(195, 'manish', '157.51.5.236', '2021-02-12 00:02:08', '2021-02-12 11:02:08', 'Signed in'),
(196, 'admin', '39.41.225.20', '2021-02-12 00:25:32', '2021-02-12 11:25:32', 'Signed in'),
(197, 'lucas@gmail.com', '157.51.5.236', '2021-02-12 01:02:31', '2021-02-12 12:02:30', 'Signed off'),
(198, 'admin', '157.51.5.236', '2021-02-12 01:03:53', '2021-02-12 12:02:55', 'Signed off'),
(199, 'lucas@gmail.com', '157.51.5.236', '2021-02-12 01:04:07', '2021-02-12 12:04:07', 'Signed in'),
(200, 'admin', '43.224.156.213', '2021-02-12 01:16:27', '2021-02-12 12:16:27', 'Signed in'),
(201, 'admin', '198.16.78.45', '2021-02-12 02:43:40', '2021-02-12 13:43:40', 'Signed in'),
(202, 'admin', '223.186.212.25', '2021-02-12 02:54:27', '2021-02-12 13:54:27', 'Signed in'),
(203, 'admin', '223.186.212.25', '2021-02-12 04:30:18', '2021-02-12 15:30:18', 'Signed in'),
(204, 'admin', '223.186.212.25', '2021-02-12 04:30:19', '2021-02-12 15:30:19', 'Signed in'),
(205, 'admin', '223.186.212.25', '2021-02-12 04:30:23', '2021-02-12 15:30:23', 'Signed in'),
(206, 'admin', '39.41.225.20', '2021-02-12 23:09:32', '2021-02-13 10:09:32', 'Signed in'),
(207, 'admin', '39.41.217.39', '2021-02-14 06:47:33', '2021-02-14 17:47:33', 'Signed in'),
(208, 'admin', '39.41.217.39', '2021-02-14 09:42:54', '2021-02-14 20:42:54', 'Signed in'),
(209, 'admin', '43.224.156.209', '2021-02-14 19:37:14', '2021-02-15 06:37:14', 'Signed in'),
(210, 'admin', '43.224.156.209', '2021-02-15 00:39:30', '2021-02-15 11:34:09', 'Signed off'),
(211, 'Diya', '43.224.156.209', '2021-02-15 00:40:09', '2021-02-15 11:40:09', 'Signed in'),
(212, 'admin', '223.186.217.214', '2021-02-15 00:52:48', '2021-02-15 11:52:48', 'Signed in'),
(213, 'admin', '182.182.231.199', '2021-02-15 02:40:52', '2021-02-15 13:40:52', 'Signed in'),
(214, 'admin', '182.182.231.199', '2021-02-15 02:40:57', '2021-02-15 13:40:57', 'Signed in'),
(215, 'admin', '182.182.231.199', '2021-02-15 06:56:22', '2021-02-15 17:56:22', 'Signed in'),
(216, 'admin', '43.224.156.212', '2021-02-15 17:27:54', '2021-02-16 04:27:54', 'Signed in'),
(217, 'admin', '43.224.156.212', '2021-02-15 18:58:42', '2021-02-16 05:58:42', 'Signed in'),
(218, 'admin', '43.224.156.212', '2021-02-16 00:52:10', '2021-02-16 11:51:21', 'Signed off'),
(219, 'admin', '119.158.98.216', '2021-02-16 00:59:53', '2021-02-16 11:59:53', 'Signed in'),
(220, 'admin', '223.186.217.214', '2021-02-16 01:53:32', '2021-02-16 12:53:32', 'Signed in'),
(221, 'admin', '223.186.217.214', '2021-02-16 01:53:52', '2021-02-16 12:53:52', 'Signed in'),
(222, 'admin', '223.186.217.214', '2021-02-16 01:55:34', '2021-02-16 12:55:34', 'Signed in'),
(223, 'admin', '223.186.217.214', '2021-02-16 01:57:59', '2021-02-16 12:57:59', 'Signed in'),
(224, 'admin', '223.186.217.214', '2021-02-16 02:01:25', '2021-02-16 13:01:25', 'Signed in'),
(225, 'admin', '223.186.217.214', '2021-02-16 02:01:48', '2021-02-16 13:01:48', 'Signed in'),
(226, 'admin', '223.186.217.214', '2021-02-16 02:02:45', '2021-02-16 13:02:45', 'Signed in'),
(227, 'admin', '223.186.217.214', '2021-02-16 02:03:34', '2021-02-16 13:03:34', 'Signed in'),
(228, 'admin', '223.186.217.214', '2021-02-16 02:05:13', '2021-02-16 13:05:13', 'Signed in'),
(229, 'admin', '223.186.217.214', '2021-02-16 02:19:02', '2021-02-16 13:19:02', 'Signed in'),
(230, 'admin', '223.186.217.214', '2021-02-16 02:19:48', '2021-02-16 13:19:48', 'Signed in'),
(231, 'admin', '223.186.217.214', '2021-02-16 02:20:35', '2021-02-16 13:20:35', 'Signed in'),
(232, 'admin', '223.186.217.214', '2021-02-16 02:21:12', '2021-02-16 13:21:12', 'Signed in'),
(233, 'admin', '223.186.217.214', '2021-02-16 02:21:28', '2021-02-16 13:21:28', 'Signed in'),
(234, 'admin', '119.158.98.216', '2021-02-16 08:31:48', '2021-02-16 19:31:48', 'Signed in'),
(235, 'admin', '43.224.156.210', '2021-02-16 16:50:01', '2021-02-17 03:50:01', 'Signed in'),
(236, 'admin', '223.237.184.126', '2021-02-16 19:46:45', '2021-02-17 06:40:50', 'Signed off'),
(237, 'admin', '39.41.203.51', '2021-02-16 23:31:30', '2021-02-17 10:31:30', 'Signed in'),
(238, 'admin', '157.45.71.23', '2021-02-17 01:19:26', '2021-02-17 12:19:26', 'Signed in'),
(239, 'admin', '39.41.183.191', '2021-02-17 07:19:08', '2021-02-17 18:19:08', 'Signed in'),
(240, 'admin', '39.41.183.191', '2021-02-17 17:40:44', '2021-02-18 04:40:44', 'Signed in'),
(241, 'admin', '223.237.171.159', '2021-02-17 19:16:30', '2021-02-18 06:16:30', 'Signed in'),
(242, 'admin', '43.224.156.210', '2021-02-17 20:04:14', '2021-02-18 07:02:23', 'Signed off'),
(243, 'admin', '39.41.183.191', '2021-02-18 02:10:58', '2021-02-18 13:10:58', 'Signed in'),
(244, 'admin', '43.224.156.209', '2021-02-18 16:32:43', '2021-02-19 03:32:43', 'Signed in'),
(245, 'admin', '39.41.183.191', '2021-02-18 18:02:11', '2021-02-19 05:02:11', 'Signed in'),
(246, 'admin', '223.228.48.58', '2021-02-18 20:05:33', '2021-02-19 07:05:33', 'Signed in'),
(247, 'admin', '39.41.183.191', '2021-02-18 23:39:41', '2021-02-19 10:39:41', 'Signed in'),
(248, 'admin', '39.41.183.191', '2021-02-18 23:39:46', '2021-02-19 10:39:46', 'Signed in'),
(249, 'admin', '157.45.84.167', '2021-02-19 03:47:30', '2021-02-19 14:47:30', 'Signed in'),
(250, 'shan@aussiebuspartners.com', '157.45.84.167', '2021-02-19 04:32:46', '2021-02-19 15:30:13', 'Signed off'),
(251, 'shan@aussiebuspartners.com', '103.6.158.75', '2021-02-19 19:13:40', '2021-02-20 06:13:40', 'Signed in'),
(252, 'shan@aussiebuspartners.com', '43.224.156.209', '2021-02-21 17:08:27', '2021-02-22 04:08:27', 'Signed in'),
(253, 'shan@aussiebuspartners.com', '42.105.117.214', '2021-02-22 01:59:30', '2021-02-22 12:59:00', 'Signed off'),
(254, 'shan@aussiebuspartners.com', '43.224.156.209', '2021-02-22 02:07:16', '2021-02-22 13:07:16', 'Signed in'),
(255, 'shan@aussiebuspartners.com', '42.105.117.214', '2021-02-22 02:09:16', '2021-02-22 13:08:55', 'Signed off'),
(256, 'shan@aussiebuspartners.com', '42.105.117.214', '2021-02-22 02:25:30', '2021-02-22 13:24:06', 'Signed off'),
(257, 'shan@aussiebuspartners.com', '106.217.102.166', '2021-02-22 03:57:10', '2021-02-22 14:57:10', 'Signed in'),
(258, 'shan@aussiebuspartners.com', '103.6.158.74', '2021-02-22 05:33:52', '2021-02-22 16:33:52', 'Signed in'),
(259, 'shan@aussiebuspartners.com', '103.6.158.74', '2021-02-22 07:42:47', '2021-02-22 18:42:47', 'Signed in'),
(260, 'shan@aussiebuspartners.com', '43.224.156.211', '2021-02-22 17:14:07', '2021-02-23 04:14:07', 'Signed in'),
(261, 'shan@aussiebuspartners.com', '106.216.166.72', '2021-02-22 17:47:21', '2021-02-23 04:34:29', 'Signed off'),
(262, 'shan@aussiebuspartners.com', '42.105.118.250', '2021-02-22 18:25:34', '2021-02-23 05:25:34', 'Signed in'),
(263, 'shan@aussiebuspartners.com', '43.224.156.211', '2021-02-22 22:17:28', '2021-02-23 08:47:01', 'Signed off'),
(264, 'assa', '43.224.156.211', '2021-02-22 22:18:04', '2021-02-23 09:17:40', 'Signed off'),
(265, 'assa', '43.224.156.211', '2021-02-22 22:18:39', '2021-02-23 09:18:15', 'Signed off'),
(266, 'shan@aussiebuspartners.com', '43.224.156.211', '2021-02-22 22:20:50', '2021-02-23 09:20:03', 'Signed off'),
(267, 'assa', '43.224.156.211', '2021-02-22 22:24:25', '2021-02-23 09:21:12', 'Signed off'),
(268, 'shan@aussiebuspartners.com', '43.224.156.211', '2021-02-22 22:26:08', '2021-02-23 09:25:54', 'Signed off'),
(269, 'shan@aussiebuspartners.com', '43.224.156.211', '2021-02-23 01:02:48', '2021-02-23 09:26:49', 'Signed off'),
(270, 'shan@aussiebuspartners.com', '43.224.156.211', '2021-02-23 01:06:51', '2021-02-23 12:06:51', 'Signed in'),
(271, 'shan@aussiebuspartners.com', '43.224.156.211', '2021-02-23 01:27:10', '2021-02-23 12:25:48', 'Signed off'),
(272, 'shan@aussiebuspartners.com', '43.224.156.211', '2021-02-23 03:38:52', '2021-02-23 12:29:45', 'Signed off'),
(273, 'Parm', '43.224.156.211', '2021-02-23 01:34:41', '2021-02-23 12:34:04', 'Signed off'),
(274, 'Parm', '43.224.156.211', '2021-02-23 01:52:14', '2021-02-23 12:46:24', 'Signed off'),
(275, 'Parm', '49.197.137.148', '2021-02-23 02:01:21', '2021-02-23 13:01:21', 'Signed in'),
(276, 'shan@aussiebuspartners.com', '157.45.160.130', '2021-02-23 02:33:00', '2021-02-23 13:33:00', 'Signed in'),
(277, 'shan@aussiebuspartners.com', '42.105.118.250', '2021-02-23 02:57:41', '2021-02-23 13:57:41', 'Signed in'),
(278, 'shan@aussiebuspartners.com', '42.105.118.250', '2021-02-23 02:57:51', '2021-02-23 13:57:51', 'Signed in'),
(279, 'shan@aussiebuspartners.com', '42.105.118.250', '2021-02-23 02:59:21', '2021-02-23 13:59:21', 'Signed in'),
(280, 'Shan Barla', '43.224.156.211', '2021-02-23 03:42:40', '2021-02-23 14:39:01', 'Signed off'),
(281, 'shan@aussiebuspartners.com', '43.224.156.211', '2021-02-23 03:51:30', '2021-02-23 14:45:16', 'Signed off'),
(282, 'Parm', '43.224.156.211', '2021-02-23 03:52:02', '2021-02-23 14:51:56', 'Signed off'),
(283, 'Shan Barla', '43.224.156.211', '2021-02-23 03:52:26', '2021-02-23 14:52:21', 'Signed off'),
(284, 'shan@aussiebuspartners.com', '43.224.156.211', '2021-02-23 04:02:14', '2021-02-23 14:55:59', 'Signed off'),
(285, 'shan@aussiebuspartners.com', '43.224.156.211', '2021-02-23 04:08:18', '2021-02-23 15:02:55', 'Signed off'),
(286, 'shan@aussiebuspartners.com', '43.224.156.211', '2021-02-23 04:16:36', '2021-02-23 15:16:36', 'Signed in'),
(287, 'shan@aussiebuspartners.com', '43.224.156.211', '2021-02-23 04:33:52', '2021-02-23 15:33:52', 'Signed in'),
(288, 'shan@aussiebuspartners.com', '43.224.156.212', '2021-02-23 19:14:33', '2021-02-24 06:14:33', 'Signed in'),
(289, 'shan@aussiebuspartners.com', '43.224.156.212', '2021-02-23 19:15:02', '2021-02-24 06:15:02', 'Signed in'),
(290, 'shan@aussiebuspartners.com', '157.45.174.10', '2021-02-24 00:44:40', '2021-02-24 11:44:40', 'Signed in'),
(291, 'shan@aussiebuspartners.com', '106.216.164.13', '2021-02-24 03:39:13', '2021-02-24 11:48:44', 'Signed off'),
(292, 'shan@aussiebuspartners.com', '106.216.164.13', '2021-02-24 03:44:10', '2021-02-24 14:43:53', 'Signed off'),
(293, 'shan@aussiebuspartners.com', '106.216.164.13', '2021-02-24 04:04:18', '2021-02-24 15:04:18', 'Signed in'),
(294, 'Shan Barla', '203.219.162.157', '2021-02-24 16:54:06', '2021-02-25 03:54:06', 'Signed in'),
(295, 'shan@aussiebuspartners.com', '106.216.163.241', '2021-02-24 18:39:14', '2021-02-25 05:38:54', 'Signed off'),
(296, 'shan@aussiebuspartners.com', '223.186.37.246', '2021-03-01 19:36:04', '2021-03-02 06:36:04', 'Signed in'),
(297, 'shan@aussiebuspartners.com', '43.224.156.210', '2021-03-01 22:02:58', '2021-03-02 09:00:54', 'Signed off'),
(298, 'shan@aussiebuspartners.com', '43.224.156.212', '2021-03-03 20:31:52', '2021-03-04 07:31:52', 'Signed in'),
(299, 'shan@aussiebuspartners.com', '43.224.156.209', '2021-03-07 17:12:15', '2021-03-08 04:12:15', 'Signed in'),
(300, 'Shan Barla', '43.224.156.209', '2021-03-07 17:26:18', '2021-03-08 04:19:34', 'Signed off'),
(301, 'Contact Chris Or Dianne', '43.224.156.209', '2021-03-07 17:27:13', '2021-03-08 04:26:30', 'Signed off'),
(302, 'Parm', '43.224.156.209', '2021-03-07 20:01:39', '2021-03-08 06:59:27', 'Signed off'),
(303, 'test123', '43.224.156.209', '2021-03-07 20:02:00', '2021-03-08 07:02:00', 'Signed in'),
(304, 'Parm', '43.224.156.209', '2021-03-07 20:07:09', '2021-03-08 07:06:28', 'Signed off'),
(305, 'Shan Barla', '43.224.156.209', '2021-03-07 20:09:24', '2021-03-08 07:08:05', 'Signed off'),
(306, 'test 09', '43.224.156.209', '2021-03-07 20:10:10', '2021-03-08 07:09:34', 'Signed off'),
(307, 'Parm', '43.224.156.209', '2021-03-07 20:10:17', '2021-03-08 07:10:17', 'Signed in'),
(308, 'shan@aussiebuspartners.com', '27.59.27.121', '2021-03-09 23:59:58', '2021-03-10 10:59:58', 'Signed in'),
(309, 'Parm', '58.96.15.160', '2021-03-10 14:27:55', '2021-03-11 01:27:55', 'Signed in'),
(310, 'Parm', '58.96.15.160', '2021-03-10 14:28:09', '2021-03-11 01:28:09', 'Signed in'),
(311, 'Shan Barla', '58.96.15.160', '2021-03-10 14:28:30', '2021-03-11 01:28:30', 'Signed in'),
(312, 'Shan Barla', '123.100.146.76', '2021-03-10 14:31:23', '2021-03-11 01:28:42', 'Signed off'),
(313, 'Shan Barla', '58.96.15.160', '2021-03-10 14:29:17', '2021-03-11 01:29:13', 'Signed off'),
(314, 'Parm', '58.96.15.160', '2021-03-10 14:29:49', '2021-03-11 01:29:49', 'Signed in'),
(315, 'Parm', '123.100.146.76', '2021-03-10 14:31:54', '2021-03-11 01:31:54', 'Signed in'),
(316, 'shan@aussiebuspartners.com', '49.37.171.77', '2021-03-11 21:21:50', '2021-03-12 08:21:50', 'Signed in'),
(317, 'shan@aussiebuspartners.com', '49.37.171.77', '2021-03-12 00:35:01', '2021-03-12 11:35:01', 'Signed in'),
(318, 'shan@aussiebuspartners.com', '43.224.156.213', '2021-03-15 21:39:38', '2021-03-16 08:39:38', 'Signed in'),
(319, 'shan@aussiebuspartners.com', '43.224.156.210', '2021-03-17 01:01:33', '2021-03-17 11:45:55', 'Signed off'),
(320, 'hello@seva-cleaning.com.au', '43.224.156.210', '2021-03-17 01:02:58', '2021-03-17 12:02:40', 'Signed off'),
(321, 'accounts@seva-cleaning.com.au', '43.224.156.210', '2021-03-17 01:03:35', '2021-03-17 12:03:21', 'Signed off'),
(322, 'shan@aussiebuspartners.com', '43.224.156.210', '2021-03-17 01:06:30', '2021-03-17 12:04:00', 'Signed off'),
(323, 'operations@seva-cleaning.com.au', '43.224.156.210', '2021-03-17 01:14:10', '2021-03-17 12:06:56', 'Signed off'),
(324, 'shan@aussiebuspartners.com', '43.224.156.210', '2021-03-17 01:42:42', '2021-03-17 12:38:20', 'Signed off'),
(325, 'operations@seva-cleaning.com.au', '43.224.156.210', '2021-03-17 01:44:05', '2021-03-17 12:43:15', 'Signed off'),
(326, 'shan@aussiebuspartners.com', '43.224.156.210', '2021-03-17 01:44:10', '2021-03-17 12:44:10', 'Signed in'),
(327, 'shan@aussiebuspartners.com', '43.224.156.210', '2021-03-17 02:21:45', '2021-03-17 13:13:46', 'Signed off'),
(328, 'operations@seva-cleaning.com.au', '43.224.156.210', '2021-03-17 02:22:05', '2021-03-17 13:22:05', 'Signed in'),
(329, 'shan@aussiebuspartners.com', '43.224.156.213', '2021-03-17 17:38:40', '2021-03-18 04:12:54', 'Signed off'),
(330, 'operations@seva-cleaning.com.au', '43.224.156.213', '2021-03-17 17:30:03', '2021-03-18 04:30:03', 'Signed in'),
(331, 'operations@seva-cleaning.com.au', '103.192.173.74', '2021-03-17 17:47:59', '2021-03-18 04:47:59', 'Signed in'),
(332, 'operations@seva-cleaning.com.au', '103.192.173.74', '2021-03-17 21:53:35', '2021-03-18 08:53:35', 'Signed in'),
(333, 'operations@seva-cleaning.com.au', '103.192.173.74', '2021-03-17 21:53:43', '2021-03-18 08:53:43', 'Signed in'),
(334, 'operations@seva-cleaning.com.au', '103.192.173.74', '2021-03-17 21:53:50', '2021-03-18 08:53:50', 'Signed in'),
(335, 'operations@seva-cleaning.com.au', '103.192.173.74', '2021-03-17 21:54:08', '2021-03-18 08:54:08', 'Signed in'),
(336, 'operations@seva-cleaning.com.au', '123.100.146.76', '2021-03-18 23:44:45', '2021-03-19 10:42:46', 'Signed off'),
(337, 'operations@seva-cleaning.com.au', '118.208.146.136', '2021-03-21 16:19:26', '2021-03-22 03:07:20', 'Signed off'),
(338, 'accounts@seva-cleaning.com.au', '118.208.146.136', '2021-03-21 16:33:46', '2021-03-22 03:20:04', 'Signed off'),
(339, 'hello@seva-cleaning.com.au', '118.208.146.136', '2021-03-21 16:34:05', '2021-03-22 03:34:05', 'Signed in'),
(340, 'operations@seva-cleaning.com.au', '49.187.240.166', '2021-03-22 01:01:45', '2021-03-22 12:01:45', 'Signed in'),
(341, 'operations@seva-cleaning.com.au', '49.187.240.166', '2021-03-22 12:11:17', '2021-03-22 23:11:17', 'Signed in'),
(342, 'operations@seva-cleaning.com.au', '49.187.240.166', '2021-03-22 13:27:23', '2021-03-23 00:27:23', 'Signed in'),
(343, 'shan@aussiebuspartners.com', '43.224.156.12', '2021-03-23 01:43:54', '2021-03-23 12:43:54', 'Signed in'),
(344, 'shan@aussiebuspartners.com', '43.224.156.12', '2021-03-24 17:06:31', '2021-03-25 04:06:31', 'Signed in'),
(345, 'shan@aussiebuspartners.com', '43.224.156.9', '2021-03-28 17:23:35', '2021-03-29 04:23:35', 'Signed in'),
(346, 'shan@aussiebuspartners.com', '103.192.173.74', '2021-03-28 18:23:49', '2021-03-29 05:23:49', 'Signed in'),
(347, 'shan@aussiebuspartners.com', '103.192.173.74', '2021-03-28 18:30:37', '2021-03-29 05:30:37', 'Signed in'),
(348, 'shan@aussiebuspartners.com', '103.192.173.74', '2021-03-28 21:36:51', '2021-03-29 08:36:51', 'Signed in'),
(349, 'shan@aussiebuspartners.com', '43.224.156.9', '2021-03-29 01:56:19', '2021-03-29 12:56:19', 'Signed in'),
(350, 'hello@seva-cleaning.com.au', '123.100.146.76', '2021-03-29 20:23:14', '2021-03-30 07:23:14', 'Signed in'),
(351, 'hello@seva-cleaning.com.au', '123.100.146.76', '2021-03-29 20:24:31', '2021-03-30 07:24:31', 'Signed in'),
(352, 'hello@seva-cleaning.com.au', '123.100.146.76', '2021-03-29 20:25:49', '2021-03-30 07:25:49', 'Signed in'),
(353, 'hello@seva-cleaning.com.au', '123.100.146.76', '2021-03-29 20:26:18', '2021-03-30 07:26:18', 'Signed in'),
(354, 'hello@seva-cleaning.com.au', '123.100.146.76', '2021-03-29 20:27:19', '2021-03-30 07:27:19', 'Signed in'),
(355, 'operations@seva-cleaning.com.au', '220.240.250.35', '2021-03-29 20:34:58', '2021-03-30 07:31:24', 'Signed off'),
(356, 'hello@seva-cleaning.com.au', '123.100.146.76', '2021-03-29 20:34:55', '2021-03-30 07:34:55', 'Signed in'),
(357, 'operations@seva-cleaning.com.au', '123.100.146.76', '2021-03-29 20:35:23', '2021-03-30 07:35:23', 'Signed in'),
(358, 'hello@seva-cleaning.com.au', '220.240.250.35', '2021-03-29 20:48:44', '2021-03-30 07:35:23', 'Signed off'),
(359, 'hello@seva-cleaning.com.au', '123.100.146.76', '2021-03-29 20:37:39', '2021-03-30 07:37:39', 'Signed in'),
(360, 'hello@seva-cleaning.com.au', '123.100.146.76', '2021-03-29 20:38:30', '2021-03-30 07:38:30', 'Signed in'),
(361, 'hello@seva-cleaning.com.au', '123.100.146.76', '2021-03-29 20:40:40', '2021-03-30 07:40:40', 'Signed in'),
(362, 'hello@seva-cleaning.com.au', '123.100.146.76', '2021-03-29 20:48:07', '2021-03-30 07:48:07', 'Signed in'),
(363, 'hello@seva-cleaning.com.au', '123.100.146.76', '2021-03-29 20:48:30', '2021-03-30 07:48:30', 'Signed in'),
(364, 'hello@seva-cleaning.com.au', '123.100.146.76', '2021-03-29 20:49:02', '2021-03-30 07:49:02', 'Signed in'),
(365, 'hello@seva-cleaning.com.au', '123.100.146.76', '2021-03-29 20:49:54', '2021-03-30 07:49:54', 'Signed in'),
(366, 'hello@seva-cleaning.com.au', '123.100.146.76', '2021-03-29 20:50:50', '2021-03-30 07:50:50', 'Signed in'),
(367, 'hello@seva-cleaning.com.au', '123.100.146.76', '2021-03-29 20:52:51', '2021-03-30 07:52:51', 'Signed in'),
(368, 'shan@aussiebuspartners.com', '43.224.156.10', '2021-03-29 21:32:29', '2021-03-30 08:32:29', 'Signed in'),
(369, 'hello@seva-cleaning.com.au', '220.240.250.35', '2021-03-29 21:41:22', '2021-03-30 08:40:24', 'Signed off'),
(370, 'operations@seva-cleaning.com.au', '123.100.146.76', '2021-03-29 21:41:10', '2021-03-30 08:41:10', 'Signed in'),
(371, 'hello@seva-cleaning.com.au', '220.240.250.35', '2021-03-29 21:42:18', '2021-03-30 08:42:06', 'Signed off'),
(372, 'hello@seva-cleaning.com.au', '123.100.146.76', '2021-03-29 21:42:25', '2021-03-30 08:42:25', 'Signed in'),
(373, 'hello@seva-cleaning.com.au', '123.100.146.76', '2021-03-29 21:43:06', '2021-03-30 08:43:06', 'Signed in'),
(374, 'hello@seva-cleaning.com.au', '123.100.146.76', '2021-03-29 21:46:07', '2021-03-30 08:46:07', 'Signed in'),
(375, 'hello@seva-cleaning.com.au', '220.240.250.35', '2021-03-29 21:47:23', '2021-03-30 08:47:17', 'Signed off'),
(376, 'hello@seva-cleaning.com.au', '123.100.146.76', '2021-03-29 21:47:22', '2021-03-30 08:47:22', 'Signed in'),
(377, 'hello@seva-cleaning.com.au', '123.100.146.76', '2021-03-29 21:48:38', '2021-03-30 08:48:32', 'Signed off'),
(378, 'hello@seva-cleaning.com.au', '123.100.146.76', '2021-03-29 21:49:00', '2021-03-30 08:49:00', 'Signed in'),
(379, 'shan@aussiebuspartners.com', '223.186.255.226', '2021-03-29 21:55:04', '2021-03-30 08:55:04', 'Signed in'),
(380, 'hello@seva-cleaning.com.au', '123.100.146.76', '2021-03-29 22:05:33', '2021-03-30 09:05:33', 'Signed in'),
(381, 'shan@aussiebuspartners.com', '43.224.156.10', '2021-03-29 23:27:39', '2021-03-30 10:27:39', 'Signed in'),
(382, 'hello@seva-cleaning.com.au', '123.100.146.76', '2021-03-29 23:30:11', '2021-03-30 10:30:11', 'Signed in'),
(383, 'hello@seva-cleaning.com.au', '49.197.253.212', '2021-03-30 12:48:45', '2021-03-30 23:48:45', 'Signed in'),
(384, 'hello@seva-cleaning.com.au', '49.197.253.212', '2021-03-30 12:51:26', '2021-03-30 23:51:26', 'Signed in'),
(385, 'shan@aussiebuspartners.com', '43.224.156.13', '2021-03-30 17:05:30', '2021-03-31 04:05:30', 'Signed in'),
(386, 'shan@aussiebuspartners.com', '223.186.255.226', '2021-03-30 18:27:16', '2021-03-31 05:27:16', 'Signed in'),
(387, 'hello@seva-cleaning.com.au', '123.100.146.76', '2021-03-30 21:33:57', '2021-03-31 07:15:04', 'Signed off'),
(388, 'hello@seva-cleaning.com.au', '123.100.146.76', '2021-03-31 14:47:36', '2021-04-01 01:44:41', 'Signed off'),
(389, 'operations@seva-cleaning.com.au', '220.235.205.228', '2021-03-31 14:53:40', '2021-04-01 01:47:00', 'Signed off'),
(390, 'hello@seva-cleaning.com.au', '123.100.146.76', '2021-03-31 14:48:08', '2021-04-01 01:47:49', 'Signed off'),
(391, 'operations@seva-cleaning.com.au', '123.100.146.76', '2021-03-31 14:50:54', '2021-04-01 01:49:23', 'Signed off'),
(392, 'operations@seva-cleaning.com.au', '123.100.146.76', '2021-03-31 14:51:34', '2021-04-01 01:51:21', 'Signed off'),
(393, 'hello@seva-cleaning.com.au', '220.235.205.228', '2021-03-31 14:55:27', '2021-04-01 01:55:16', 'Signed off'),
(394, 'operations@seva-cleaning.com.au', '220.235.205.228', '2021-03-31 14:57:13', '2021-04-01 01:56:40', 'Signed off'),
(395, 'hello@seva-cleaning.com.au', '123.100.146.76', '2021-03-31 14:58:23', '2021-04-01 01:58:13', 'Signed off'),
(396, 'operations@seva-cleaning.com.au', '123.100.146.76', '2021-03-31 14:59:26', '2021-04-01 01:58:57', 'Signed off'),
(397, 'operations@seva-cleaning.com.au', '123.100.146.76', '2021-03-31 19:00:35', '2021-04-01 06:00:26', 'Signed off'),
(398, 'shan@aussiebuspartners.com', '43.224.156.10', '2021-03-31 19:06:34', '2021-04-01 06:06:27', 'Signed off'),
(399, 'shan@aussiebuspartners.com', '43.224.156.10', '2021-03-31 19:11:20', '2021-04-01 06:09:05', 'Signed off'),
(400, 'shan@aussiebuspartners.com', '43.224.156.10', '2021-03-31 19:13:56', '2021-04-01 06:13:07', 'Signed off'),
(401, 'shan@aussiebuspartners.com', '43.224.156.10', '2021-03-31 19:19:49', '2021-04-01 06:19:49', 'Signed in'),
(402, 'shan@aussiebuspartners.com', '43.224.156.10', '2021-03-31 19:28:27', '2021-04-01 06:23:29', 'Signed off'),
(403, 'hello@seva-cleaning.com.au', '123.100.146.76', '2021-03-31 19:35:55', '2021-04-01 06:23:32', 'Signed off'),
(404, 'hello@seva-cleaning.com.au', '43.224.156.10', '2021-03-31 19:28:49', '2021-04-01 06:28:38', 'Signed off'),
(405, 'shan@aussiebuspartners.com', '43.224.156.10', '2021-03-31 19:29:10', '2021-04-01 06:28:53', 'Signed off'),
(406, 'operations@seva-cleaning.com.au', '43.224.156.10', '2021-03-31 19:29:27', '2021-04-01 06:29:22', 'Signed off'),
(407, 'hello@seva-cleaning.com.au', '43.224.156.10', '2021-03-31 19:31:16', '2021-04-01 06:30:02', 'Signed off'),
(408, 'shan@aussiebuspartners.com', '43.224.156.10', '2021-03-31 19:33:33', '2021-04-01 06:31:20', 'Signed off'),
(409, 'operations@seva-cleaning.com.au', '43.224.156.10', '2021-03-31 19:43:55', '2021-04-01 06:43:55', 'Signed in'),
(410, 'shan@aussiebuspartners.com', '43.224.156.10', '2021-03-31 20:07:39', '2021-04-01 07:06:23', 'Signed off'),
(411, 'shan@aussiebuspartners.com', '43.224.156.10', '2021-03-31 20:50:18', '2021-04-01 07:07:54', 'Signed off'),
(412, 'hello@seva-cleaning.com.au', '43.224.156.10', '2021-03-31 20:51:55', '2021-04-01 07:50:22', 'Signed off'),
(413, 'shan@aussiebuspartners.com', '43.224.156.10', '2021-03-31 20:55:02', '2021-04-01 07:51:59', 'Signed off'),
(414, 'hello@seva-cleaning.com.au', '43.224.156.10', '2021-03-31 20:56:00', '2021-04-01 07:55:06', 'Signed off'),
(415, 'shan@aussiebuspartners.com', '43.224.156.10', '2021-03-31 21:00:08', '2021-04-01 07:56:05', 'Signed off'),
(416, 'operations@seva-cleaning.com.au', '43.224.156.10', '2021-03-31 21:01:35', '2021-04-01 08:00:13', 'Signed off'),
(417, 'shan@aussiebuspartners.com', '43.224.156.10', '2021-03-31 21:52:34', '2021-04-01 08:01:42', 'Signed off'),
(418, 'hello@seva-cleaning.com.au', '43.224.156.10', '2021-03-31 21:53:07', '2021-04-01 08:52:40', 'Signed off'),
(419, 'shan@aussiebuspartners.com', '43.224.156.10', '2021-03-31 21:53:18', '2021-04-01 08:53:12', 'Signed off'),
(420, 'operations@seva-cleaning.com.au', '43.224.156.10', '2021-03-31 21:53:58', '2021-04-01 08:53:22', 'Signed off'),
(421, 'hello@seva-cleaning.com.au', '123.100.146.76', '2021-03-31 22:06:38', '2021-04-01 08:53:27', 'Signed off'),
(422, 'shan@aussiebuspartners.com', '43.224.156.10', '2021-03-31 21:54:33', '2021-04-01 08:54:02', 'Signed off'),
(423, 'operations@seva-cleaning.com.au', '43.224.156.10', '2021-03-31 21:55:35', '2021-04-01 08:54:36', 'Signed off'),
(424, 'shan@aussiebuspartners.com', '43.224.156.10', '2021-03-31 21:56:02', '2021-04-01 08:55:40', 'Signed off'),
(425, 'operations@seva-cleaning.com.au', '43.224.156.10', '2021-03-31 21:56:21', '2021-04-01 08:56:05', 'Signed off'),
(426, 'hello@seva-cleaning.com.au', '43.224.156.10', '2021-03-31 21:56:40', '2021-04-01 08:56:26', 'Signed off'),
(427, 'shan@aussiebuspartners.com', '43.224.156.10', '2021-03-31 21:57:10', '2021-04-01 08:56:44', 'Signed off'),
(428, 'hello@seva-cleaning.com.au', '43.224.156.10', '2021-03-31 21:57:33', '2021-04-01 08:57:13', 'Signed off'),
(429, 'shan@aussiebuspartners.com', '43.224.156.10', '2021-03-31 21:59:12', '2021-04-01 08:57:36', 'Signed off'),
(430, 'hello@seva-cleaning.com.au', '43.224.156.10', '2021-03-31 22:00:18', '2021-04-01 08:59:16', 'Signed off'),
(431, 'shan@aussiebuspartners.com', '43.224.156.10', '2021-03-31 22:02:35', '2021-04-01 09:00:21', 'Signed off'),
(432, 'shan@aussiebuspartners.com', '43.224.156.10', '2021-03-31 22:18:43', '2021-04-01 09:02:40', 'Signed off'),
(433, 'hello@seva-cleaning.com.au', '43.224.156.10', '2021-03-31 22:18:57', '2021-04-01 09:18:47', 'Signed off'),
(434, 'shan@aussiebuspartners.com', '43.224.156.10', '2021-03-31 22:47:51', '2021-04-01 09:19:04', 'Signed off'),
(435, 'operations@seva-cleaning.com.au', '43.224.156.10', '2021-03-31 22:23:44', '2021-04-01 09:22:30', 'Signed off'),
(436, 'hello@seva-cleaning.com.au', '43.224.156.10', '2021-03-31 22:24:06', '2021-04-01 09:24:06', 'Signed in'),
(437, 'hello@seva-cleaning.com.au', '43.224.156.10', '2021-03-31 23:46:32', '2021-04-01 09:47:56', 'Signed off'),
(438, 'operations@seva-cleaning.com.au', '43.224.156.10', '2021-03-31 23:29:40', '2021-04-01 09:58:23', 'Signed off'),
(439, 'shan@aussiebuspartners.com', '43.224.156.10', '2021-04-01 00:15:47', '2021-04-01 10:29:45', 'Signed off'),
(440, 'shan@aussiebuspartners.com', '43.224.156.11', '2021-04-01 16:34:33', '2021-04-02 03:22:17', 'Signed off'),
(441, 'hello@seva-cleaning.com.au', '43.224.156.11', '2021-04-01 16:34:37', '2021-04-02 03:34:37', 'Signed in'),
(442, 'operations@seva-cleaning.com.au', '43.224.156.11', '2021-04-01 16:40:03', '2021-04-02 03:36:23', 'Signed off'),
(443, 'hello@seva-cleaning.com.au', '43.224.156.11', '2021-04-01 17:05:21', '2021-04-02 03:40:19', 'Signed off'),
(444, 'operations@seva-cleaning.com.au', '43.224.156.11', '2021-04-01 17:05:27', '2021-04-02 04:05:27', 'Signed in'),
(445, 'operations@seva-cleaning.com.au', '43.224.156.11', '2021-04-01 20:43:38', '2021-04-02 07:43:38', 'Signed in'),
(446, 'shan@aussiebuspartners.com', '43.224.156.11', '2021-04-01 21:57:31', '2021-04-02 08:56:55', 'Signed off'),
(447, 'shan@aussiebuspartners.com', '43.224.156.11', '2021-04-01 21:59:44', '2021-04-02 08:58:08', 'Signed off'),
(448, 'shan@aussiebuspartners.com', '43.224.156.11', '2021-04-01 23:20:37', '2021-04-02 10:20:37', 'Signed in'),
(449, 'shan@aussiebuspartners.com', '43.224.156.11', '2021-04-01 23:53:00', '2021-04-02 10:53:00', 'Signed in'),
(450, 'hello@seva-cleaning.com.au', '103.6.158.74', '2021-04-03 19:03:00', '2021-04-04 05:03:00', 'Signed in'),
(451, 'hello@seva-cleaning.com.au', '43.224.156.12', '2021-04-05 00:44:06', '2021-04-05 10:44:06', 'Signed in'),
(452, 'hello@seva-cleaning.com.au', '43.224.156.12', '2021-04-05 02:00:53', '2021-04-05 12:00:53', 'Signed in'),
(453, 'shan@aussiebuspartners.com', '157.51.147.140', '2021-04-05 02:13:54', '2021-04-05 12:13:54', 'Signed in'),
(454, 'shan@aussiebuspartners.com', '223.186.255.226', '2021-04-05 03:04:11', '2021-04-05 13:04:11', 'Signed in'),
(455, 'shan@aussiebuspartners.com', '43.224.156.12', '2021-04-05 18:21:22', '2021-04-06 04:21:22', 'Signed in'),
(456, 'shan@aussiebuspartners.com', '157.51.140.8', '2021-04-05 18:58:55', '2021-04-06 04:57:29', 'Signed off'),
(457, 'shan@aussiebuspartners.com', '157.51.140.8', '2021-04-05 19:00:41', '2021-04-06 05:00:01', 'Signed off'),
(458, 'hello@seva-cleaning.com.au', '157.51.140.8', '2021-04-05 19:01:11', '2021-04-06 05:01:03', 'Signed off'),
(459, 'operations@seva-cleaning.com.au', '157.51.140.8', '2021-04-05 19:03:24', '2021-04-06 05:01:29', 'Signed off'),
(460, 'hello@seva-cleaning.com.au', '157.51.140.8', '2021-04-05 19:10:50', '2021-04-06 05:10:42', 'Signed off'),
(461, 'operations@seva-cleaning.com.au', '157.51.140.8', '2021-04-05 19:11:44', '2021-04-06 05:11:44', 'Signed in'),
(462, 'hello@seva-cleaning.com.au', '123.100.146.76', '2021-04-05 19:14:01', '2021-04-06 05:13:52', 'Signed off'),
(463, 'operations@seva-cleaning.com.au', '123.100.146.76', '2021-04-05 19:14:24', '2021-04-06 05:14:17', 'Signed off'),
(464, 'hello@seva-cleaning.com.au', '123.100.146.76', '2021-04-05 19:17:43', '2021-04-06 05:14:39', 'Signed off'),
(465, 'operations@seva-cleaning.com.au', '123.100.146.76', '2021-04-05 19:19:54', '2021-04-06 05:17:59', 'Signed off'),
(466, 'hello@seva-cleaning.com.au', '123.100.146.76', '2021-04-05 19:20:57', '2021-04-06 05:20:09', 'Signed off'),
(467, 'shan@aussiebuspartners.com', '157.51.154.220', '2021-04-06 00:36:29', '2021-04-06 10:36:29', 'Signed in'),
(468, 'shan@aussiebuspartners.com', '43.224.156.12', '2021-04-06 18:40:50', '2021-04-07 04:40:50', 'Signed in'),
(469, 'operations@seva-cleaning.com.au', '220.245.56.194', '2021-04-07 05:59:38', '2021-04-07 15:59:23', 'Signed off'),
(470, 'hello@seva-cleaning.com.au', '220.245.56.194', '2021-04-07 06:00:07', '2021-04-07 16:00:07', 'Signed in'),
(471, 'operations@seva-cleaning.com.au', '157.45.237.183', '2021-04-07 19:39:34', '2021-04-08 05:39:11', 'Signed off'),
(472, 'hello@seva-cleaning.com.au', '157.45.237.183', '2021-04-07 19:39:46', '2021-04-08 05:39:46', 'Signed in'),
(473, 'shan@aussiebuspartners.com', '42.105.117.87', '2021-04-08 03:17:18', '2021-04-08 13:16:56', 'Signed off'),
(474, 'hello@seva-cleaning.com.au', '123.100.146.76', '2021-04-08 21:47:05', '2021-04-09 07:40:34', 'Signed off'),
(475, 'shan@aussiebuspartners.com', '157.49.218.169', '2021-04-11 18:20:50', '2021-04-12 04:20:50', 'Signed in'),
(476, 'shan@aussiebuspartners.com', '223.186.240.79', '2021-04-11 20:50:15', '2021-04-12 06:50:15', 'Signed in'),
(477, 'shan@aussiebuspartners.com', '157.49.218.169', '2021-04-12 01:29:01', '2021-04-12 11:29:01', 'Signed in'),
(478, 'hello@seva-cleaning.com.au', '123.100.146.76', '2021-04-12 16:50:19', '2021-04-13 02:16:50', 'Signed off'),
(479, 'shan@aussiebuspartners.com', '223.186.240.79', '2021-04-14 19:57:08', '2021-04-15 05:57:08', 'Signed in'),
(480, 'shan@aussiebuspartners.com', '157.51.65.111', '2021-04-15 18:35:39', '2021-04-16 04:35:39', 'Signed in'),
(481, 'shan@aussiebuspartners.com', '157.51.81.142', '2021-04-16 00:28:42', '2021-04-16 10:28:42', 'Signed in'),
(482, 'shan@aussiebuspartners.com', '43.224.156.12', '2021-04-18 22:56:24', '2021-04-19 08:56:24', 'Signed in'),
(483, 'shan@aussiebuspartners.com', '43.224.156.10', '2021-04-19 17:47:21', '2021-04-20 03:47:21', 'Signed in'),
(484, 'shan@aussiebuspartners.com', '223.228.53.71', '2021-04-19 20:11:09', '2021-04-20 06:11:09', 'Signed in'),
(485, 'shan@aussiebuspartners.com', '43.224.156.10', '2021-04-20 17:21:25', '2021-04-21 03:21:25', 'Signed in'),
(486, 'shan@aussiebuspartners.com', '43.224.156.13', '2021-04-21 18:55:17', '2021-04-22 04:55:17', 'Signed in'),
(487, 'shan@aussiebuspartners.com', '157.49.84.45', '2021-04-22 23:26:46', '2021-04-23 09:26:46', 'Signed in'),
(488, 'shan@aussiebuspartners.com', '157.41.7.199', '2021-04-22 23:48:38', '2021-04-23 09:48:38', 'Signed in'),
(489, 'shan@aussiebuspartners.com', '157.49.221.61', '2021-04-25 22:36:14', '2021-04-26 08:36:14', 'Signed in'),
(490, 'shan@aussiebuspartners.com', '157.41.25.237', '2021-04-26 02:04:09', '2021-04-26 12:00:50', 'Signed off'),
(491, 'shan@aussiebuspartners.com', '157.41.25.237', '2021-04-26 02:20:35', '2021-04-26 12:20:35', 'Signed in'),
(492, 'hello@seva-cleaning.com.au', '123.100.146.76', '2021-04-26 20:34:25', '2021-04-27 06:34:25', 'Signed in'),
(493, 'shan@aussiebuspartners.com', '157.41.28.219', '2021-04-27 01:00:08', '2021-04-27 11:00:08', 'Signed in'),
(494, 'shan@aussiebuspartners.com', '199.187.211.62', '2021-04-27 01:46:36', '2021-04-27 11:46:36', 'Signed in'),
(495, 'shan@aussiebuspartners.com', '49.37.166.244', '2021-04-27 03:10:05', '2021-04-27 13:10:05', 'Signed in');
INSERT INTO `vtiger_loginhistory` (`login_id`, `user_name`, `user_ip`, `logout_time`, `login_time`, `status`) VALUES
(496, 'shan@aussiebuspartners.com', '157.49.245.211', '2021-04-28 19:02:38', '2021-04-29 05:02:38', 'Signed in'),
(497, 'shan@aussiebuspartners.com', '42.105.116.11', '2021-04-28 21:51:23', '2021-04-29 07:51:23', 'Signed in'),
(498, 'shan@aussiebuspartners.com', '157.49.245.211', '2021-04-28 23:19:16', '2021-04-29 09:19:16', 'Signed in'),
(499, 'shan@aussiebuspartners.com', '42.105.116.11', '2021-04-28 23:50:53', '2021-04-29 09:50:53', 'Signed in'),
(500, 'shan@aussiebuspartners.com', '157.49.238.229', '2021-04-29 18:49:20', '2021-04-30 04:49:20', 'Signed in'),
(501, 'shan@aussiebuspartners.com', '157.49.238.229', '2021-04-29 20:03:10', '2021-04-30 06:03:10', 'Signed in'),
(502, 'shan@aussiebuspartners.com', '42.105.118.16', '2021-05-02 21:06:36', '2021-05-03 07:06:36', 'Signed in'),
(503, 'shan@aussiebuspartners.com', '157.46.73.136', '2021-05-02 22:57:39', '2021-05-03 08:57:39', 'Signed in'),
(504, 'shan@aussiebuspartners.com', '157.46.93.179', '2021-05-03 18:18:35', '2021-05-04 04:18:35', 'Signed in'),
(505, 'shan@aussiebuspartners.com', '157.46.93.179', '2021-05-03 19:26:56', '2021-05-04 05:26:56', 'Signed in'),
(506, 'shan@aussiebuspartners.com', '157.46.72.185', '2021-05-04 18:07:00', '2021-05-05 04:07:00', 'Signed in'),
(507, 'shan@aussiebuspartners.com', '157.51.139.184', '2021-05-05 18:37:32', '2021-05-06 04:37:32', 'Signed in'),
(508, 'shan@aussiebuspartners.com', '223.186.192.15', '2021-05-05 21:14:13', '2021-05-06 07:13:45', 'Signed off'),
(509, 'shan@aussiebuspartners.com', '157.51.128.80', '2021-05-06 18:26:44', '2021-05-07 04:26:44', 'Signed in'),
(510, 'shan@aussiebuspartners.com', '157.51.32.61', '2021-05-09 17:54:32', '2021-05-10 03:54:32', 'Signed in'),
(511, 'shan@aussiebuspartners.com', '37.120.150.107', '2021-05-09 21:28:41', '2021-05-10 07:28:41', 'Signed in'),
(512, 'shan@aussiebuspartners.com', '37.120.150.107', '2021-05-10 00:57:58', '2021-05-10 10:57:58', 'Signed in'),
(513, 'shan@aussiebuspartners.com', '49.37.162.178', '2021-05-10 01:56:55', '2021-05-10 11:56:55', 'Signed in'),
(514, 'shan@aussiebuspartners.com', '223.186.211.247', '2021-05-11 00:08:45', '2021-05-11 10:08:45', 'Signed in'),
(515, 'shan@aussiebuspartners.com', '157.41.31.250', '2021-05-11 00:27:31', '2021-05-11 10:27:31', 'Signed in'),
(516, 'shan@aussiebuspartners.com', '157.51.109.215', '2021-05-11 18:03:57', '2021-05-12 04:03:57', 'Signed in'),
(517, 'shan@aussiebuspartners.com', '157.41.74.120', '2021-05-11 18:09:37', '2021-05-12 04:09:37', 'Signed in'),
(518, 'shan@aussiebuspartners.com', '49.37.162.6', '2021-05-11 19:03:38', '2021-05-12 04:58:40', 'Signed off'),
(519, 'shan@aussiebuspartners.com', '104.200.131.48', '2021-05-11 19:01:41', '2021-05-12 05:01:41', 'Signed in'),
(520, 'shan@aussiebuspartners.com', '104.200.131.48', '2021-05-11 19:02:26', '2021-05-12 05:02:26', 'Signed in'),
(521, 'shan@aussiebuspartners.com', '49.37.162.6', '2021-05-11 19:04:13', '2021-05-12 05:04:03', 'Signed off'),
(522, 'shan@aussiebuspartners.com', '49.37.162.6', '2021-05-11 19:04:52', '2021-05-12 05:04:52', 'Signed in'),
(523, 'shan@aussiebuspartners.com', '157.51.109.215', '2021-05-11 21:22:44', '2021-05-12 07:22:44', 'Signed in'),
(524, 'shan@aussiebuspartners.com', '157.51.109.215', '2021-05-11 22:36:46', '2021-05-12 08:36:46', 'Signed in'),
(525, 'shan@aussiebuspartners.com', '223.186.211.247', '2021-05-11 22:58:53', '2021-05-12 08:58:53', 'Signed in'),
(526, 'shan@aussiebuspartners.com', '157.51.110.222', '2021-05-12 18:25:54', '2021-05-13 04:25:54', 'Signed in'),
(527, 'shan@aussiebuspartners.com', '157.51.186.78', '2021-05-13 18:33:26', '2021-05-14 04:33:26', 'Signed in'),
(528, 'shan@aussiebuspartners.com', '157.41.94.202', '2021-05-14 00:47:49', '2021-05-14 10:47:49', 'Signed in');

-- --------------------------------------------------------

--
-- Table structure for table `vtiger_mailer_queue`
--

CREATE TABLE `vtiger_mailer_queue` (
  `id` int(11) NOT NULL,
  `fromname` varchar(100) DEFAULT NULL,
  `fromemail` varchar(100) DEFAULT NULL,
  `mailer` varchar(10) DEFAULT NULL,
  `content_type` varchar(15) DEFAULT NULL,
  `subject` varchar(999) DEFAULT NULL,
  `body` text DEFAULT NULL,
  `relcrmid` int(11) DEFAULT NULL,
  `failed` int(1) NOT NULL DEFAULT 0,
  `failreason` varchar(255) DEFAULT NULL
) ENGINE=InnoDB DEFAULT CHARSET=utf8;

-- --------------------------------------------------------

--
-- Table structure for table `vtiger_mailer_queueattachments`
--

CREATE TABLE `vtiger_mailer_queueattachments` (
  `id` int(11) DEFAULT NULL,
  `path` text DEFAULT NULL,
  `name` varchar(100) DEFAULT NULL,
  `encoding` varchar(50) DEFAULT NULL,
  `type` varchar(100) DEFAULT NULL
) ENGINE=InnoDB DEFAULT CHARSET=utf8;

-- --------------------------------------------------------

--
-- Table structure for table `vtiger_mailer_queueinfo`
--

CREATE TABLE `vtiger_mailer_queueinfo` (
  `id` int(11) DEFAULT NULL,
  `name` varchar(100) DEFAULT NULL,
  `email` varchar(100) DEFAULT NULL,
  `type` varchar(7) DEFAULT NULL
) ENGINE=InnoDB DEFAULT CHARSET=utf8;

-- --------------------------------------------------------

--
-- Table structure for table `vtiger_mailmanager_mailattachments`
--

CREATE TABLE `vtiger_mailmanager_mailattachments` (
  `userid` int(11) DEFAULT NULL,
  `muid` int(11) DEFAULT NULL,
  `aname` varchar(100) DEFAULT NULL,
  `lastsavedtime` int(11) DEFAULT NULL,
  `attachid` int(19) NOT NULL,
  `path` varchar(200) NOT NULL,
  `cid` varchar(100) DEFAULT NULL
) ENGINE=InnoDB DEFAULT CHARSET=utf8;

--
-- Dumping data for table `vtiger_mailmanager_mailattachments`
--

INSERT INTO `vtiger_mailmanager_mailattachments` (`userid`, `muid`, `aname`, `lastsavedtime`, `attachid`, `path`, `cid`) VALUES
(21, 1492, 'image001.png', 1617269694, 134, 'storage/2021/April/week1/', '178867151fb4cff311'),
(21, 1492, 'image002.png', 1617269694, 135, 'storage/2021/April/week1/', '178867151fb5b16b22'),
(21, 1492, 'image003.gif', 1617269694, 136, 'storage/2021/April/week1/', '178867151fb690bce3'),
(21, 1492, 'image004.gif', 1617269694, 137, 'storage/2021/April/week1/', '178867151fb77234f4'),
(21, 1492, 'image005.jpg', 1617269694, 138, 'storage/2021/April/week1/', '178867151fb8546ed5'),
(21, 1492, 'image006.gif', 1617269694, 139, 'storage/2021/April/week1/', '178867151fb9352516'),
(21, 1492, 'image007.gif', 1617269694, 140, 'storage/2021/April/week1/', '178867151fba169d27'),
(21, 1495, 'image001.png', 1617269694, 141, 'storage/2021/April/week1/', 'image001.png@01D726EA.BCCEA120'),
(21, 1495, 'image002.gif', 1617269694, 142, 'storage/2021/April/week1/', 'image002.gif@01D726EA.BCCEA120'),
(21, 1495, 'image003.gif', 1617269694, 143, 'storage/2021/April/week1/', 'image003.gif@01D726EA.BCCEA120'),
(21, 1495, 'image004.jpg', 1617269694, 144, 'storage/2021/April/week1/', 'image004.jpg@01D726EA.BCCEA120'),
(21, 1495, 'image005.gif', 1617269694, 145, 'storage/2021/April/week1/', 'image005.gif@01D726EA.BCCEA120'),
(21, 1495, 'image006.gif', 1617269694, 146, 'storage/2021/April/week1/', 'image006.gif@01D726EA.BCCEA120'),
(21, 1495, 'image007.png', 1617269694, 147, 'storage/2021/April/week1/', 'image007.png@01D726EA.BCCEA120'),
(21, 1495, 'image008.png', 1617269694, 148, 'storage/2021/April/week1/', 'image008.png@01D726EA.BCCEA120'),
(21, 1496, 'image001.png', 1617269694, 149, 'storage/2021/April/week1/', '1788b16a0964cff311'),
(21, 1496, 'image002.gif', 1617269694, 150, 'storage/2021/April/week1/', '1788b16a0965af44d2'),
(21, 1496, 'image003.gif', 1617269694, 151, 'storage/2021/April/week1/', '1788b16a096690bce3'),
(21, 1496, 'image004.jpg', 1617269694, 152, 'storage/2021/April/week1/', '1788b16a096772f6c4'),
(21, 1496, 'image005.gif', 1617269694, 153, 'storage/2021/April/week1/', '1788b16a096853ad05'),
(21, 1496, 'image006.gif', 1617269694, 154, 'storage/2021/April/week1/', '1788b16a0969352516'),
(21, 1496, 'image007.png', 1617269694, 155, 'storage/2021/April/week1/', '1788b16a096a18c377'),
(21, 1496, 'image008.png', 1617269694, 156, 'storage/2021/April/week1/', '1788b16a096afa3b88'),
(21, 1497, 'image001.png', 1617269694, 157, 'storage/2021/April/week1/', '1788b16a0964cff311'),
(21, 1497, 'image002.gif', 1617269694, 158, 'storage/2021/April/week1/', '1788b16a0965af44d2'),
(21, 1497, 'image003.gif', 1617269694, 159, 'storage/2021/April/week1/', '1788b16a096690bce3'),
(21, 1497, 'image004.jpg', 1617269694, 160, 'storage/2021/April/week1/', '1788b16a096772f6c4'),
(21, 1497, 'image005.gif', 1617269694, 161, 'storage/2021/April/week1/', '1788b16a096853ad05'),
(21, 1497, 'image006.gif', 1617269694, 162, 'storage/2021/April/week1/', '1788b16a0969352516'),
(21, 1497, 'image007.png', 1617269694, 163, 'storage/2021/April/week1/', '1788b16a096a18c377'),
(21, 1497, 'image008.png', 1617269694, 164, 'storage/2021/April/week1/', '1788b16a096afa3b88'),
(21, 1498, 'image001.png', 1617269694, 165, 'storage/2021/April/week1/', '1788b41052f4cff311'),
(21, 1498, 'image002.gif', 1617269694, 166, 'storage/2021/April/week1/', '1788b41052f5af44d2'),
(21, 1498, 'image003.gif', 1617269694, 167, 'storage/2021/April/week1/', '1788b41052f690bce3'),
(21, 1498, 'image004.jpg', 1617269694, 168, 'storage/2021/April/week1/', '1788b41052f772f6c4'),
(21, 1498, 'image005.gif', 1617269694, 169, 'storage/2021/April/week1/', '1788b41052f853ad05'),
(21, 1498, 'image006.gif', 1617269694, 170, 'storage/2021/April/week1/', '1788b41052f9352516'),
(21, 1499, 'image001.png', 1617269694, 171, 'storage/2021/April/week1/', NULL),
(21, 1499, 'image013.png', 1617269694, 172, 'storage/2021/April/week1/', NULL),
(21, 1499, 'image014.png', 1617269694, 173, 'storage/2021/April/week1/', NULL),
(21, 1499, 'image003.jpg', 1617269694, 174, 'storage/2021/April/week1/', NULL),
(21, 1499, 'image005.jpg', 1617269694, 175, 'storage/2021/April/week1/', NULL),
(21, 1499, 'image007.jpg', 1617269694, 176, 'storage/2021/April/week1/', NULL),
(21, 1499, 'image009.jpg', 1617269694, 177, 'storage/2021/April/week1/', NULL),
(21, 1499, 'image011.jpg', 1617269694, 178, 'storage/2021/April/week1/', NULL),
(21, 1499, 'image012.jpg', 1617269694, 179, 'storage/2021/April/week1/', NULL),
(21, 1499, 'image015.jpg', 1617269694, 180, 'storage/2021/April/week1/', NULL),
(21, 1499, 'image016.jpg', 1617269694, 181, 'storage/2021/April/week1/', NULL),
(21, 1499, 'image017.jpg', 1617269694, 182, 'storage/2021/April/week1/', NULL),
(21, 1499, 'image018.jpg', 1617269694, 183, 'storage/2021/April/week1/', NULL),
(21, 1499, 'image029.jpg', 1617269694, 184, 'storage/2021/April/week1/', NULL),
(21, 1501, 'image001.jpg', 1617269695, 185, 'storage/2021/April/week1/', NULL),
(21, 1501, 'image002.png', 1617269695, 186, 'storage/2021/April/week1/', NULL),
(21, 1501, 'image003.jpg', 1617269695, 187, 'storage/2021/April/week1/', NULL),
(21, 1501, 'image004.jpg', 1617269695, 188, 'storage/2021/April/week1/', NULL),
(21, 1501, 'image005.jpg', 1617269695, 189, 'storage/2021/April/week1/', NULL),
(21, 1501, 'image006.jpg', 1617269695, 190, 'storage/2021/April/week1/', NULL),
(21, 1501, 'image007.jpg', 1617269695, 191, 'storage/2021/April/week1/', NULL),
(21, 1502, 'image002.jpg', 1617269695, 192, 'storage/2021/April/week1/', NULL),
(21, 1502, 'image003.png', 1617269695, 193, 'storage/2021/April/week1/', NULL),
(21, 1502, 'image004.jpg', 1617269695, 194, 'storage/2021/April/week1/', NULL),
(21, 1502, 'image005.jpg', 1617269695, 195, 'storage/2021/April/week1/', NULL),
(21, 1502, 'image006.jpg', 1617269695, 196, 'storage/2021/April/week1/', NULL),
(21, 1502, 'image007.jpg', 1617269695, 197, 'storage/2021/April/week1/', NULL),
(21, 1502, 'image008.jpg', 1617269695, 198, 'storage/2021/April/week1/', NULL),
(21, 1502, 'image009.jpg', 1617269695, 199, 'storage/2021/April/week1/', NULL),
(21, 1502, 'image010.png', 1617269695, 200, 'storage/2021/April/week1/', NULL),
(21, 1502, 'image011.png', 1617269695, 201, 'storage/2021/April/week1/', NULL),
(21, 1502, 'image012.jpg', 1617269695, 202, 'storage/2021/April/week1/', NULL),
(21, 1502, 'image013.jpg', 1617269695, 203, 'storage/2021/April/week1/', NULL),
(21, 1502, 'image014.jpg', 1617269695, 204, 'storage/2021/April/week1/', NULL),
(21, 1502, 'image015.jpg', 1617269695, 205, 'storage/2021/April/week1/', NULL),
(21, 1503, 'image001.jpg', 1617269695, 206, 'storage/2021/April/week1/', '1788ca44bb94ce8e91'),
(21, 1503, 'image002.png', 1617269695, 207, 'storage/2021/April/week1/', '1788ca44bb95b16b22'),
(21, 1503, 'image003.jpg', 1617269695, 208, 'storage/2021/April/week1/', '1788ca44bb96917eb3'),
(21, 1503, 'image004.jpg', 1617269695, 209, 'storage/2021/April/week1/', '1788ca44bb9772f6c4'),
(21, 1503, 'image005.jpg', 1617269695, 210, 'storage/2021/April/week1/', '1788ca44bb98546ed5'),
(21, 1503, 'image006.jpg', 1617269695, 211, 'storage/2021/April/week1/', '1788ca44bba935e6e6'),
(21, 1503, 'image007.jpg', 1617269695, 212, 'storage/2021/April/week1/', '1788ca44bbaa175ef7');

-- --------------------------------------------------------

--
-- Table structure for table `vtiger_mailmanager_mailrecord`
--

CREATE TABLE `vtiger_mailmanager_mailrecord` (
  `userid` int(11) DEFAULT NULL,
  `mfrom` varchar(255) DEFAULT NULL,
  `mto` varchar(255) DEFAULT NULL,
  `mcc` varchar(500) DEFAULT NULL,
  `mbcc` varchar(500) DEFAULT NULL,
  `mdate` varchar(20) DEFAULT NULL,
  `msubject` varchar(500) DEFAULT NULL,
  `mbody` text DEFAULT NULL,
  `mcharset` varchar(10) DEFAULT NULL,
  `misbodyhtml` int(1) DEFAULT NULL,
  `mplainmessage` int(1) DEFAULT NULL,
  `mhtmlmessage` int(1) DEFAULT NULL,
  `muniqueid` varchar(500) DEFAULT NULL,
  `mbodyparsed` int(1) DEFAULT NULL,
  `muid` int(11) DEFAULT NULL,
  `lastsavedtime` int(11) DEFAULT NULL,
  `folder` varchar(250) DEFAULT NULL,
  `mfolder` varchar(250) DEFAULT NULL
) ENGINE=InnoDB DEFAULT CHARSET=utf8;

--
-- Dumping data for table `vtiger_mailmanager_mailrecord`
--

INSERT INTO `vtiger_mailmanager_mailrecord` (`userid`, `mfrom`, `mto`, `mcc`, `mbcc`, `mdate`, `msubject`, `mbody`, `mcharset`, `misbodyhtml`, `mplainmessage`, `mhtmlmessage`, `muniqueid`, `mbodyparsed`, `muid`, `lastsavedtime`, `folder`, `mfolder`) VALUES
(21, '[\"Mailer-Daemon@vmse02.mailcluster.com.au\"]', '[\"support@rightchoice.io\"]', '[]', '[]', '1617181187', 'Mail delivery failed: returning message to sender', 'This message was created automatically by mail delivery software.\r\n\r\nA message that you sent could not be delivered to one or more of its\r\nrecipients. This is a permanent error. The following address(es) failed:\r\n\r\n  operations@seva-cleaning.com.au\r\n    all relevant MX records point to non-existent hosts\n\nReporting-MTA: dns; vmse02.mailcluster.com.au\r\n\r\nAction: failed\r\nFinal-Recipient: rfc822;operations@seva-cleaning.com.au\r\nStatus: 5.0.0\n\nReturn-path: <support@rightchoice.io>\r\nReceived: from vmres14.auserver.com.au ([101.0.117.115])\r\n	by vmse02.mailcluster.com.au with esmtps (TLSv1.2:AES128-GCM-SHA256:128)\r\n	(Exim 4.92)\r\n	(envelope-from <support@rightchoice.io>)\r\n	id 1lRWhP-0000QT-Ge\r\n	for operations@seva-cleaning.com.au; Wed, 31 Mar 2021 19:59:43 +1100\r\nReceived: from [223.228.5.89] (port=5957 helo=DESKTOPFI498Q2)\r\n	by vmres14.auserver.com.au with esmtpa (Exim 4.94)\r\n	(envelope-from <support@rightchoice.io>)\r\n	id 1lRWhO-003lni-5g\r\n	for operations@seva-cleaning.com.au; Wed, 31 Mar 2021 19:59:38 +1100\r\nFrom: \"Support RightChoice\" <support@rightchoice.io>\r\nTo: <operations@seva-cleaning.com.au>\r\nReferences: \r\nIn-Reply-To: \r\nSubject: RE: Test from Henry\r\nDate: Wed, 31 Mar 2021 14:29:35 +0530\r\nMessage-ID: <023601d7260c$2d6dc2b0$88494810$@rightchoice.io>\r\nMIME-Version: 1.0\r\nContent-Type: multipart/alternative;\r\n	boundary=\"----=_NextPart_000_0237_01D7263A.47273730\"\r\nX-Mailer: Microsoft Outlook 14.0\r\nThread-Index: Adcl3i3WyXn1mVTvQEudf1HJdJm6JwALVFugAAAp59A=\r\nContent-Language: en-in\r\nX-Authenticated-User: support@rightchoice.io\r\nX-Authenticator: dovecot_login\r\nX-Originating-IP: 101.0.117.115\r\nX-SpamExperts-Domain: digipac-rs-outbound1.mailcluster.com.au\r\nX-SpamExperts-Username: 101.0.117.115\r\nAuthentication-Results: mailcluster.com.au; auth=pass smtp.auth=101.0.117.115@digipac-rs-outbound1.mailcluster.com.au\r\nX-SpamExperts-Outgoing-Class: ham\r\nX-SpamExperts-Outgoing-Evidence: Combined (0.15)\r\nX-Recommended-Action: accept\r\nX-Filter-ID: Pt3MvcO5N4iKaDQ5O6lkdGlMVN6RH8bjRMzItlySaT9WLQux0N3HQm8ltz8rnu+BPUtbdvnXkggZ\r\n 3YnVId/Y5jcf0yeVQAvfjHznO7+bT5z1x6J4Ftwj+o3LTTai00PivE1jX7BsmmIzgCSelY6lkwag\r\n XZ5vRGOTDJIfXMwZA7eiDphvHp5/0477gnnDJ/aWIeebqmNzITIBQB6uQcT8T+QorUjcq+hcEQFg\r\n eAy+0p5+Ye8myYCDPFy/ADBHMYkbnD8gDohb7K4YTs8w5eOQIvvbbcUfe7Pk3jt/YfjesfcEaPO6\r\n HgEwvoRrWzci6g+/vSRXWZhDMHI3q+X+qtgejmL9vCOdPQqzoaTMNwUi4CcUx7MG2wf4WvmVq0gI\r\n vEpMsXte0CH4ExjoF85tff90A1HUoVwaoyKiseY5we892IYad3lsxkDrjYxAaP1hGz0QyGcCgytU\r\n Mu2J9HJXA1Uo4DM90njqKzeLQzdyBbjdZhJfzN//aABQ+r0yqzV0iXYSB2tHxbXSrZnTOXTw3KLq\r\n N5E3duSpl3s+9JzXSKJpDvDlgTl6fJxyntEfhZCKje4ZliR0FKZaMq+8PxI/r95dABXvTgrp3B88\r\n C87ZdsClpiwUfTr26s/5PSZcfEU2ZCQrKTjECb0PwpN4olPuA0AI9+ulfm1tbbH4NsTwNgi2MDff\r\n eoOo0Uj8D/2o9kidqdc+oZxJZVFpHTFb7R98xM/OWk+dROY1zu8B9HM1wv2MK5Om7mIwv8Qxg6rP\r\n lrICCHCcJ8oqdv2UtVadWUyFc7GDGixO/kwkky29SyyAgtDuq/8t9hKEpwdCkOgd8bfFD/SKKux2\r\n GasJz9n160lhafiL9KMF/LptX1eRbJ+dj59uLd6kBJTycjSXYBbCRRLP/dzFlZQaUhvYfiO0eyaA\r\n E6hTE+QJyPsBMRItmV2XMBZo/xseg9EgV7uUCQ/1yyOu/LIBetpWqyMCbK03F9s9jY5cn7QsdPIL\r\n X6priHNUiUKPg/fT+HCC1xXRGZnzWRMDlB1qWcjUszuVdAFThYh6O9NGOZ1FqZ8IYVbQnnVFWFZs\r\n FK+3uV8HEyjtlg8gzwsa3BFTwWGmXe4qXM2soClHD0MZNlIyVfF/CCML9TpoVmqx4d5CJ3z/684G\r\n TEMVc2P67vQPAJs2HqLI8g1AIyPjbUoyk/Y4ocfmWv3Fe9Iziczdq+A=\r\nX-Report-Abuse-To: spam@vmse01.mailcluster.com.au\r\n\r\nThis is a multipart message in MIME format.\r\n\r\n------=_NextPart_000_0237_01D7263A.47273730\r\nContent-Type: text/plain;\r\n	charset=\"US-ASCII\"\r\nContent-Transfer-Encoding: 7bit\r\n\r\n2.30\r\n\r\n\r\n------=_NextPart_000_0237_01D7263A.47273730\r\nContent-Type: text/html;\r\n	charset=\"US-ASCII\"\r\nContent-Transfer-Encoding: quoted-printable\r\n\r\n<html xmlns:v=3D\"urn:schemas-microsoft-com:vml\" =\r\nxmlns:o=3D\"urn:schemas-microsoft-com:office:office\" =\r\nxmlns:w=3D\"urn:schemas-microsoft-com:office:word\" =\r\nxmlns:m=3D\"http://schemas.microsoft.com/office/2004/12/omml\" =\r\nxmlns=3D\"http://www.w3.org/TR/REC-html40\"><head><META =\r\nHTTP-EQUIV=3D\"Content-Type\" CONTENT=3D\"text/html; =\r\ncharset=3Dus-ascii\"><meta name=3DGenerator content=3D\"Microsoft Word 14 =\r\n(filtered medium)\"><style><!--\r\n/* Font Definitions */\r\n@font-face\r\n	{font-family:Calibri;\r\n	panose-1:2 15 5 2 2 2 4 3 2 4;}\r\n/* Style Definitions */\r\np.MsoNormal, li.MsoNormal, div.MsoNormal\r\n	{margin:0cm;\r\n	margin-bottom:.0001pt;\r\n	font-size:11.0pt;\r\n	font-family:\"Calibri\",\"sans-serif\";\r\n	mso-fareast-language:EN-US;}\r\na:link, span.MsoHyperlink\r\n	{mso-style-priority:99;\r\n	color:blue;\r\n	text-decoration:underline;}\r\na:visited, span.MsoHyperlinkFollowed\r\n	{mso-style-priority:99;\r\n	color:purple;\r\n	text-decoration:underline;}\r\nspan.EmailStyle17\r\n	{mso-style-type:personal;\r\n	font-family:\"Calibri\",\"sans-serif\";\r\n	color:windowtext;}\r\nspan.EmailStyle18\r\n	{mso-style-type:personal;\r\n	font-family:\"Calibri\",\"sans-serif\";\r\n	color:#1F497D;}\r\nspan.EmailStyle19\r\n	{mso-style-type:personal-reply;\r\n	font-family:\"Calibri\",\"sans-serif\";\r\n	color:#1F497D;}\r\n.MsoChpDefault\r\n	{mso-style-type:export-only;\r\n	font-size:10.0pt;}\r\n@page WordSection1\r\n	{size:612.0pt 792.0pt;\r\n	margin:72.0pt 72.0pt 72.0pt 72.0pt;}\r\ndiv.WordSection1\r\n	{page:WordSection1;}\r\n--></style><!--[if gte mso 9]><xml>\r\n<o:shapedefaults v:ext=3D\"edit\" spidmax=3D\"1026\" />\r\n</xml><![endif]--><!--[if gte mso 9]><xml>\r\n<o:shapelayout v:ext=3D\"edit\">\r\n<o:idmap v:ext=3D\"edit\" data=3D\"1\" />\r\n</o:shapelayout></xml><![endif]--></head><body lang=3DEN-IN link=3Dblue =\r\nvlink=3Dpurple><div class=3DWordSection1><p class=3DMsoNormal><span =\r\nstyle=3D\'color:#1F497D\'>2.</span><span =\r\nstyle=3D\'color:#1F497D\'>30</span><o:p></o:p></p></div></body></html>\r\n------=_NextPart_000_0237_01D7263A.47273730--\n\n', 'us-ascii', 0, 0, 0, '<E1lRWhU-0000VF-0P@vmse02.mailcluster.com.au>', 1, 1484, 1617269694, NULL, 'INBOX'),
(21, '[\"Mailer-Daemon@vmse02.mailcluster.com.au\"]', '[\"support@rightchoice.io\"]', '[]', '[]', '1617184019', 'Mail delivery failed: returning message to sender', 'This message was created automatically by mail delivery software.\r\n\r\nA message that you sent could not be delivered to one or more of its\r\nrecipients. This is a permanent error. The following address(es) failed:\r\n\r\n  operations@seva-cleaning.com.au\r\n    all relevant MX records point to non-existent hosts\n\nReporting-MTA: dns; vmse02.mailcluster.com.au\r\n\r\nAction: failed\r\nFinal-Recipient: rfc822;operations@seva-cleaning.com.au\r\nStatus: 5.0.0\n\nReturn-path: <support@rightchoice.io>\r\nReceived: from vmres14.auserver.com.au ([101.0.117.115])\r\n	by vmse02.mailcluster.com.au with esmtps (TLSv1.2:AES128-GCM-SHA256:128)\r\n	(Exim 4.92)\r\n	(envelope-from <support@rightchoice.io>)\r\n	id 1lRXR6-0004uD-8T\r\n	for operations@seva-cleaning.com.au; Wed, 31 Mar 2021 20:46:56 +1100\r\nReceived: from [223.228.5.89] (port=11290 helo=DESKTOPFI498Q2)\r\n	by vmres14.auserver.com.au with esmtpa (Exim 4.94)\r\n	(envelope-from <support@rightchoice.io>)\r\n	id 1lRXR5-0047zF-Da\r\n	for operations@seva-cleaning.com.au; Wed, 31 Mar 2021 20:46:51 +1100\r\nFrom: \"Support RightChoice\" <support@rightchoice.io>\r\nTo: <operations@seva-cleaning.com.au>\r\nReferences: \r\nIn-Reply-To: \r\nSubject: RE: Test from Henry\r\nDate: Wed, 31 Mar 2021 15:16:48 +0530\r\nMessage-ID: <025a01d72612$c61a05e0$524e11a0$@rightchoice.io>\r\nMIME-Version: 1.0\r\nContent-Type: multipart/alternative;\r\n	boundary=\"----=_NextPart_000_025B_01D72640.DFD29000\"\r\nX-Mailer: Microsoft Outlook 14.0\r\nThread-Index: Adcl3i3WyXn1mVTvQEudf1HJdJm6JwALVFugAAAp59AAAaWnMA==\r\nContent-Language: en-in\r\nX-Authenticated-User: support@rightchoice.io\r\nX-Authenticator: dovecot_login\r\nX-Originating-IP: 101.0.117.115\r\nX-SpamExperts-Domain: digipac-rs-outbound1.mailcluster.com.au\r\nX-SpamExperts-Username: 101.0.117.115\r\nAuthentication-Results: mailcluster.com.au; auth=pass smtp.auth=101.0.117.115@digipac-rs-outbound1.mailcluster.com.au\r\nX-SpamExperts-Outgoing-Class: ham\r\nX-SpamExperts-Outgoing-Evidence: Combined (0.15)\r\nX-Recommended-Action: accept\r\nX-Filter-ID: Pt3MvcO5N4iKaDQ5O6lkdGlMVN6RH8bjRMzItlySaT9WLQux0N3HQm8ltz8rnu+BPUtbdvnXkggZ\r\n 3YnVId/Y5jcf0yeVQAvfjHznO7+bT5z1x6J4Ftwj+o3LTTai00PivE1jX7BsmmIzgCSelY6lkwag\r\n XZ5vRGOTDJIfXMwZA7dSH9xKJoDJ9xZE7OMo0dbvIeebqmNzITIBQB6uQcT8T+QorUjcq+hcEQFg\r\n eAy+0p5+Ye8myYCDPFy/ADBHMYkbnD8gDohb7K4YTs8w5eOQIvvbbcUfe7Pk3jt/YfjesfcEaPO6\r\n HgEwvoRrWzci6g+/vSRXWZhDMHI3q+X+qtgejmL9vCOdPQqzoaTMNwUi4CcUx7MG2wf4WvmVq0gI\r\n vEpMsXte0CH4ExjoF85tff90A1HUoVwaoyKiseY5we892IYad3lsxkDrjYxAaP1hGz0QyGcCgytU\r\n Mu2J9HJXA1Uo4DM90njqKzeLQzdyBbjdZhJfzN//aABQ+r0yqzV0iXYSB2tHxbXSrZnTOXTw3KLq\r\n N5E3duSpl3s+9JzXSKJpDvDlgTl6fJxyntEfhZCKje4ZliR0FKZaMq+8PxI/r95dABXvTgrp3B88\r\n C87ZdsClpiwUfTr26s/5PSZcfEU2ZCQrKTjECb0PwpN4olPuA0AI9+ulfm1tbbH4NsTwNgi2MDff\r\n eoOo0Uj8D/2o9kidqdc+oZxJZVFpHTFb7R98xM/OWoZWwuPNlPkW/+L2d3F+6i//jJitYmMxXbCM\r\n hOQU+t2BJ8oqdv2UtVadWUyFc7GDGixO/kwkky29SyyAgtDuq/8t9hKEpwdCkOgd8bfFD/SKKux2\r\n GasJz9n160lhafiL9KMF/LptX1eRbJ+dj59uLd6kBJTycjSXYBbCRRLP/dzFJWxp6uUrzKqFIwQZ\r\n H8ogNeQJyPsBMRItmV2XMBZo/xseg9EgV7uUCQ/1yyOu/LIBetpWqyMCbK03F9s9jY5cn7QsdPIL\r\n X6priHNUiUKPg/fT+HCC1xXRGZnzWRMDlB1qWcjUszuVdAFThYh6O9NGOZ1FqZ8IYVbQnnVFWFZs\r\n FK+3uV8HEyjtlg8gzwsa3BFTwWGmXe4qXM2soClHD0MZNlIyVfF/CCML9TpoVmqx4d5CJ3z/684G\r\n TEMVc2P67vQPAJs2HqLI8g1AIyPjbUoyk/Y4ocfmWv3Fe9Iziczdq+A=\r\nX-Report-Abuse-To: spam@vmse01.mailcluster.com.au\r\n\r\nThis is a multipart message in MIME format.\r\n\r\n------=_NextPart_000_025B_01D72640.DFD29000\r\nContent-Type: text/plain;\r\n	charset=\"US-ASCII\"\r\nContent-Transfer-Encoding: 7bit\r\n\r\n3.17\r\n\r\n\r\n------=_NextPart_000_025B_01D72640.DFD29000\r\nContent-Type: text/html;\r\n	charset=\"US-ASCII\"\r\nContent-Transfer-Encoding: quoted-printable\r\n\r\n<html xmlns:v=3D\"urn:schemas-microsoft-com:vml\" =\r\nxmlns:o=3D\"urn:schemas-microsoft-com:office:office\" =\r\nxmlns:w=3D\"urn:schemas-microsoft-com:office:word\" =\r\nxmlns:m=3D\"http://schemas.microsoft.com/office/2004/12/omml\" =\r\nxmlns=3D\"http://www.w3.org/TR/REC-html40\"><head><META =\r\nHTTP-EQUIV=3D\"Content-Type\" CONTENT=3D\"text/html; =\r\ncharset=3Dus-ascii\"><meta name=3DGenerator content=3D\"Microsoft Word 14 =\r\n(filtered medium)\"><style><!--\r\n/* Font Definitions */\r\n@font-face\r\n	{font-family:Calibri;\r\n	panose-1:2 15 5 2 2 2 4 3 2 4;}\r\n/* Style Definitions */\r\np.MsoNormal, li.MsoNormal, div.MsoNormal\r\n	{margin:0cm;\r\n	margin-bottom:.0001pt;\r\n	font-size:11.0pt;\r\n	font-family:\"Calibri\",\"sans-serif\";\r\n	mso-fareast-language:EN-US;}\r\na:link, span.MsoHyperlink\r\n	{mso-style-priority:99;\r\n	color:blue;\r\n	text-decoration:underline;}\r\na:visited, span.MsoHyperlinkFollowed\r\n	{mso-style-priority:99;\r\n	color:purple;\r\n	text-decoration:underline;}\r\nspan.EmailStyle17\r\n	{mso-style-type:personal;\r\n	font-family:\"Calibri\",\"sans-serif\";\r\n	color:windowtext;}\r\nspan.EmailStyle18\r\n	{mso-style-type:personal;\r\n	font-family:\"Calibri\",\"sans-serif\";\r\n	color:#1F497D;}\r\nspan.EmailStyle19\r\n	{mso-style-type:personal;\r\n	font-family:\"Calibri\",\"sans-serif\";\r\n	color:#1F497D;}\r\nspan.EmailStyle20\r\n	{mso-style-type:personal-reply;\r\n	font-family:\"Calibri\",\"sans-serif\";\r\n	color:#1F497D;}\r\n.MsoChpDefault\r\n	{mso-style-type:export-only;\r\n	font-size:10.0pt;}\r\n@page WordSection1\r\n	{size:612.0pt 792.0pt;\r\n	margin:72.0pt 72.0pt 72.0pt 72.0pt;}\r\ndiv.WordSection1\r\n	{page:WordSection1;}\r\n--></style><!--[if gte mso 9]><xml>\r\n<o:shapedefaults v:ext=3D\"edit\" spidmax=3D\"1026\" />\r\n</xml><![endif]--><!--[if gte mso 9]><xml>\r\n<o:shapelayout v:ext=3D\"edit\">\r\n<o:idmap v:ext=3D\"edit\" data=3D\"1\" />\r\n</o:shapelayout></xml><![endif]--></head><body lang=3DEN-IN link=3Dblue =\r\nvlink=3Dpurple><div class=3DWordSection1><p class=3DMsoNormal><span =\r\nstyle=3D\'color:#1F497D\'>3</span><span =\r\nstyle=3D\'color:#1F497D\'>.</span><span =\r\nstyle=3D\'color:#1F497D\'>17</span><o:p></o:p></p></div></body></html>\r\n------=_NextPart_000_025B_01D72640.DFD29000--\n\n', 'us-ascii', 0, 0, 0, '<E1lRXRA-0004xr-CE@vmse02.mailcluster.com.au>', 1, 1485, 1617269694, NULL, 'INBOX'),
(21, '[\"operations@seva-cleaning.com.au\"]', '[\"support@rightchoice.io\"]', '[]', '[]', '1617184168', 'Test', '<html>\r\n<head>\r\n<meta http-equiv=\"Content-Type\" content=\"text/html; charset=iso-8859-1\">\r\n<style type=\"text/css\" style=\"display:none;\"> P {margin-top:0;margin-bottom:0;} </style>\r\n</head>\r\n<body dir=\"ltr\">\r\n<div style=\"font-family: Calibri, Arial, Helvetica, sans-serif; font-size: 12pt; color: rgb(0, 0, 0);\">\r\nTest</div>\r\n</body>\r\n</html>\r\n<br><br>', 'iso-8859-1', 1, 0, 0, ' <MEYP282MB1607C18CEAC9B2B28126EBE1A07C9@MEYP282MB1607.AUSP282.PROD.OUTLOOK.COM>', 1, 1486, 1617269694, NULL, 'INBOX'),
(21, '[\"operations@seva-cleaning.com.au\"]', '[\"support@rightchoice.io\"]', '[]', '[]', '1617194962', 'Re: Test from Henry', '<html>\r\n<head>\r\n<meta http-equiv=\"Content-Type\" content=\"text/html; charset=us-ascii\">\r\n<style type=\"text/css\" style=\"display:none;\"> P {margin-top:0;margin-bottom:0;} </style>\r\n</head>\r\n<body dir=\"ltr\">\r\n<div style=\"font-family: Calibri, Arial, Helvetica, sans-serif; font-size: 12pt; color: rgb(0, 0, 0);\">\r\nRecieved Henry</div>\r\n<div id=\"appendonsend\"></div>\r\n<hr style=\"display:inline-block;width:98%\" tabindex=\"-1\">\r\n<div id=\"divRplyFwdMsg\" dir=\"ltr\"><font face=\"Calibri, sans-serif\" style=\"font-size:11pt\" color=\"#000000\"><b>From:</b> Support RightChoice &lt;support@rightchoice.io&gt;<br>\r\n<b>Sent:</b> Wednesday, March 31, 2021 10:47 PM<br>\r\n<b>To:</b> Operations Seva Cleaning &lt;operations@seva-cleaning.com.au&gt;<br>\r\n<b>Subject:</b> RE: Test from Henry</font>\r\n<div>&nbsp;</div>\r\n</div>\r\n<style>\r\n<!--\r\n@font-face\r\n	{font-family:Calibri}\r\np.x_MsoNormal, li.x_MsoNormal, div.x_MsoNormal\r\n	{margin:0cm;\r\n	margin-bottom:.0001pt;\r\n	font-size:11.0pt;\r\n	font-family:\"Calibri\",\"sans-serif\"}\r\na:link, span.x_MsoHyperlink\r\n	{color:blue;\r\n	text-decoration:underline}\r\na:visited, span.x_MsoHyperlinkFollowed\r\n	{color:purple;\r\n	text-decoration:underline}\r\nspan.x_EmailStyle17\r\n	{font-family:\"Calibri\",\"sans-serif\";\r\n	color:windowtext}\r\nspan.x_EmailStyle18\r\n	{font-family:\"Calibri\",\"sans-serif\";\r\n	color:#1F497D}\r\nspan.x_EmailStyle19\r\n	{font-family:\"Calibri\",\"sans-serif\";\r\n	color:#1F497D}\r\nspan.x_EmailStyle20\r\n	{font-family:\"Calibri\",\"sans-serif\";\r\n	color:#1F497D}\r\nspan.x_EmailStyle21\r\n	{font-family:\"Calibri\",\"sans-serif\";\r\n	color:#1F497D}\r\n.x_MsoChpDefault\r\n	{font-size:10.0pt}\r\n@page WordSection1\r\n	{margin:72.0pt 72.0pt 72.0pt 72.0pt}\r\ndiv.x_WordSection1\r\n	{}\r\n-->\r\n</style>\r\n<div lang=\"EN-IN\" link=\"blue\" vlink=\"purple\">\r\n<div class=\"x_WordSection1\">\r\n<p class=\"x_MsoNormal\"><span style=\"color:#1F497D\">6</span><span style=\"color:#1F497D\">.17</span></p>\r\n</div>\r\n</div>\r\n</body>\r\n</html>\r\n<br><br>', 'us-ascii', 1, 0, 0, ' <MEYP282MB1607AC12A6BA492EDB34AAAAA07C9@MEYP282MB1607.AUSP282.PROD.OUTLOOK.COM>', 1, 1487, 1617269694, NULL, 'INBOX'),
(21, '[\"hello@seva-cleaning.com.au\"]', '[\"support@rightchoice.io\"]', '[]', '[]', '1617195280', 'Re: Test', '<html>\r\n<head>\r\n<meta http-equiv=\"Content-Type\" content=\"text/html; charset=us-ascii\">\r\n<style type=\"text/css\" style=\"display:none;\"> P {margin-top:0;margin-bottom:0;} </style>\r\n</head>\r\n<body dir=\"ltr\">\r\n<div style=\"font-family: Calibri, Arial, Helvetica, sans-serif; font-size: 12pt; color: rgb(0, 0, 0);\">\r\nRecieved</div>\r\n<div id=\"appendonsend\"></div>\r\n<hr style=\"display:inline-block;width:98%\" tabindex=\"-1\">\r\n<div id=\"divRplyFwdMsg\" dir=\"ltr\"><font face=\"Calibri, sans-serif\" style=\"font-size:11pt\" color=\"#000000\"><b>From:</b> Support RightChoice &lt;support@rightchoice.io&gt;<br>\r\n<b>Sent:</b> Wednesday, March 31, 2021 10:53 PM<br>\r\n<b>To:</b> Hello Seva Cleaning &lt;hello@seva-cleaning.com.au&gt;<br>\r\n<b>Subject:</b> RE: Test</font>\r\n<div>&nbsp;</div>\r\n</div>\r\n<style>\r\n<!--\r\n@font-face\r\n	{font-family:Calibri}\r\np.x_MsoNormal, li.x_MsoNormal, div.x_MsoNormal\r\n	{margin:0cm;\r\n	margin-bottom:.0001pt;\r\n	font-size:12.0pt;\r\n	font-family:\"Times New Roman\",\"serif\"}\r\na:link, span.x_MsoHyperlink\r\n	{color:blue;\r\n	text-decoration:underline}\r\na:visited, span.x_MsoHyperlinkFollowed\r\n	{color:purple;\r\n	text-decoration:underline}\r\np\r\n	{margin:0cm;\r\n	margin-bottom:.0001pt;\r\n	font-size:12.0pt;\r\n	font-family:\"Times New Roman\",\"serif\"}\r\nspan.x_EmailStyle18\r\n	{font-family:\"Calibri\",\"sans-serif\";\r\n	color:#1F497D}\r\n.x_MsoChpDefault\r\n	{font-size:10.0pt}\r\n@page WordSection1\r\n	{margin:72.0pt 72.0pt 72.0pt 72.0pt}\r\ndiv.x_WordSection1\r\n	{}\r\n-->\r\n</style>\r\n<div lang=\"EN-IN\" link=\"blue\" vlink=\"purple\">\r\n<div class=\"x_WordSection1\">\r\n<p class=\"x_MsoNormal\"><span style=\"font-family:&quot;Calibri&quot;,&quot;sans-serif&quot;; color:black\">Test</span></p>\r\n</div>\r\n</div>\r\n</body>\r\n</html>\r\n<br><br>', 'us-ascii', 1, 0, 0, ' <ME3P282MB2450B23B52D1352A6533EEB0C47C9@ME3P282MB2450.AUSP282.PROD.OUTLOOK.COM>', 1, 1488, 1617269694, NULL, 'INBOX'),
(21, '[\"accounts@seva-cleaning.com.au\"]', '[\"support@rightchoice.io\"]', '[]', '[]', '1617195451', 'Re: Accounts', '<html>\r\n<head>\r\n<meta http-equiv=\"Content-Type\" content=\"text/html; charset=us-ascii\">\r\n<style type=\"text/css\" style=\"display:none;\"> P {margin-top:0;margin-bottom:0;} </style>\r\n</head>\r\n<body dir=\"ltr\">\r\n<div style=\"font-family: Calibri, Arial, Helvetica, sans-serif; font-size: 12pt; color: rgb(0, 0, 0);\">\r\nRecieved&nbsp;</div>\r\n<div id=\"appendonsend\"></div>\r\n<hr style=\"display:inline-block;width:98%\" tabindex=\"-1\">\r\n<div id=\"divRplyFwdMsg\" dir=\"ltr\"><font face=\"Calibri, sans-serif\" style=\"font-size:11pt\" color=\"#000000\"><b>From:</b> Support RightChoice &lt;support@rightchoice.io&gt;<br>\r\n<b>Sent:</b> Wednesday, March 31, 2021 10:56 PM<br>\r\n<b>To:</b> Accounts Seva Cleaning &lt;accounts@seva-cleaning.com.au&gt;<br>\r\n<b>Subject:</b> Accounts</font>\r\n<div>&nbsp;</div>\r\n</div>\r\n<style>\r\n<!--\r\n@font-face\r\n	{font-family:Calibri}\r\np.x_MsoNormal, li.x_MsoNormal, div.x_MsoNormal\r\n	{margin:0cm;\r\n	margin-bottom:.0001pt;\r\n	font-size:11.0pt;\r\n	font-family:\"Calibri\",\"sans-serif\"}\r\na:link, span.x_MsoHyperlink\r\n	{color:blue;\r\n	text-decoration:underline}\r\na:visited, span.x_MsoHyperlinkFollowed\r\n	{color:purple;\r\n	text-decoration:underline}\r\nspan.x_EmailStyle17\r\n	{font-family:\"Calibri\",\"sans-serif\";\r\n	color:windowtext}\r\n.x_MsoChpDefault\r\n	{font-family:\"Calibri\",\"sans-serif\"}\r\n@page WordSection1\r\n	{margin:72.0pt 72.0pt 72.0pt 72.0pt}\r\ndiv.x_WordSection1\r\n	{}\r\n-->\r\n</style>\r\n<div lang=\"EN-IN\" link=\"blue\" vlink=\"purple\">\r\n<div class=\"x_WordSection1\">\r\n<p class=\"x_MsoNormal\">Testing Henry</p>\r\n</div>\r\n</div>\r\n</body>\r\n</html>\r\n<br><br>', 'us-ascii', 1, 0, 0, ' <SY4P282MB20128568B01E8C403C8EF845B47C9@SY4P282MB2012.AUSP282.PROD.OUTLOOK.COM>', 1, 1489, 1617269694, NULL, 'INBOX'),
(21, '[\"accounts@seva-cleaning.com.au\"]', '[\"support@rightchoice.io\"]', '[]', '[]', '1617195638', 'Re: Accounts', '<html>\r\n<head>\r\n<meta http-equiv=\"Content-Type\" content=\"text/html; charset=us-ascii\">\r\n<style type=\"text/css\" style=\"display:none;\"> P {margin-top:0;margin-bottom:0;} </style>\r\n</head>\r\n<body dir=\"ltr\">\r\n<div style=\"font-family: Calibri, Arial, Helvetica, sans-serif; font-size: 12pt; color: rgb(0, 0, 0);\">\r\nrecieved</div>\r\n<div id=\"appendonsend\"></div>\r\n<hr style=\"display:inline-block;width:98%\" tabindex=\"-1\">\r\n<div id=\"divRplyFwdMsg\" dir=\"ltr\"><font face=\"Calibri, sans-serif\" style=\"font-size:11pt\" color=\"#000000\"><b>From:</b> Support RightChoice &lt;support@rightchoice.io&gt;<br>\r\n<b>Sent:</b> Wednesday, March 31, 2021 10:59 PM<br>\r\n<b>To:</b> Accounts Seva Cleaning &lt;accounts@seva-cleaning.com.au&gt;<br>\r\n<b>Subject:</b> RE: Accounts</font>\r\n<div>&nbsp;</div>\r\n</div>\r\n<style>\r\n<!--\r\n@font-face\r\n	{font-family:Calibri}\r\n@font-face\r\n	{font-family:Tahoma}\r\np.x_MsoNormal, li.x_MsoNormal, div.x_MsoNormal\r\n	{margin:0cm;\r\n	margin-bottom:.0001pt;\r\n	font-size:11.0pt;\r\n	font-family:\"Calibri\",\"sans-serif\"}\r\na:link, span.x_MsoHyperlink\r\n	{color:blue;\r\n	text-decoration:underline}\r\na:visited, span.x_MsoHyperlinkFollowed\r\n	{color:purple;\r\n	text-decoration:underline}\r\nspan.x_EmailStyle17\r\n	{font-family:\"Calibri\",\"sans-serif\";\r\n	color:windowtext}\r\nspan.x_EmailStyle18\r\n	{font-family:\"Calibri\",\"sans-serif\";\r\n	color:#1F497D}\r\n.x_MsoChpDefault\r\n	{font-size:10.0pt}\r\n@page WordSection1\r\n	{margin:72.0pt 72.0pt 72.0pt 72.0pt}\r\ndiv.x_WordSection1\r\n	{}\r\n-->\r\n</style>\r\n<div lang=\"EN-IN\" link=\"blue\" vlink=\"purple\">\r\n<div class=\"x_WordSection1\">\r\n<p class=\"x_MsoNormal\"><span style=\"color:#1F497D\">&nbsp;</span></p>\r\n<p class=\"x_MsoNormal\"><span style=\"color:#1F497D\">&nbsp;</span></p>\r\n<div>\r\n<div style=\"border:none; border-top:solid #B5C4DF 1.0pt; padding:3.0pt 0cm 0cm 0cm\">\r\n<p class=\"x_MsoNormal\"><b><span lang=\"EN-US\" style=\"font-size:10.0pt; font-family:&quot;Tahoma&quot;,&quot;sans-serif&quot;\">From:</span></b><span lang=\"EN-US\" style=\"font-size:10.0pt; font-family:&quot;Tahoma&quot;,&quot;sans-serif&quot;\"> Support RightChoice [mailto:support@rightchoice.io]\r\n<br>\r\n<b>Sent:</b> 31 March 2021 06:27 PM<br>\r\n<b>To:</b> \'accounts@seva-cleaning.com.au\'<br>\r\n<b>Subject:</b> Accounts</span></p>\r\n</div>\r\n</div>\r\n<p class=\"x_MsoNormal\">&nbsp;</p>\r\n<p class=\"x_MsoNormal\">Testing Henry</p>\r\n</div>\r\n</div>\r\n</body>\r\n</html>\r\n<br><br>', 'us-ascii', 1, 0, 0, ' <SY4P282MB201226B7910835D8C471CC0DB47C9@SY4P282MB2012.AUSP282.PROD.OUTLOOK.COM>', 1, 1490, 1617269694, NULL, 'INBOX'),
(21, '[\"Houseskinbeauty@outlook.com\"]', '[\"support@rightchoice.io\"]', '[\"support@rightchoice.io\"]', '[]', '1617227004', 'Re: Gmb', '<html>\r\n<head>\r\n<meta http-equiv=\"Content-Type\" content=\"text/html; charset=Windows-1252\">\r\n</head>\r\n<body>\r\n<div>\r\n<div>\r\n<div style=\"direction: ltr;\">Could you not ignore my email and reply please <span id=\"ms-outlook-ios-cursor\">\r\n</span></div>\r\n</div>\r\n<div><br>\r\n</div>\r\n<div class=\"ms-outlook-ios-signature\">Get <a href=\"https://aka.ms/o0ukef\">Outlook for iOS</a></div>\r\n</div>\r\n<hr style=\"display:inline-block;width:98%\" tabindex=\"-1\">\r\n<div id=\"divRplyFwdMsg\" dir=\"ltr\"><font face=\"Calibri, sans-serif\" style=\"font-size:11pt\" color=\"#000000\"><b>From:</b> Madison Taubman &lt;Houseskinbeauty@outlook.com&gt;<br>\r\n<b>Sent:</b> Tuesday, March 30, 2021 9:15:46 PM<br>\r\n<b>To:</b> Support RightChoice &lt;support@rightchoice.io&gt;<br>\r\n<b>Cc:</b> support@rightchoice.io &lt;support@rightchoice.io&gt;<br>\r\n<b>Subject:</b> Re: Gmb</font>\r\n<div>&nbsp;</div>\r\n</div>\r\n<div>\r\n<div>\r\n<div>\r\n<div style=\"direction:ltr\">Hi just confirming.... I thought it was quoted $250 monthly?\r\n</div>\r\n<div><br>\r\n</div>\r\n<div style=\"direction:ltr\">Also... hows my ranking going on Google I still cant find my website on the 10th page\r\n<span id=\"x_ms-outlook-ios-cursor\"></span></div>\r\n</div>\r\n<div><br>\r\n</div>\r\n<div class=\"x_ms-outlook-ios-signature\">Get <a href=\"https://aka.ms/o0ukef\">Outlook for iOS</a></div>\r\n</div>\r\n<hr tabindex=\"-1\" style=\"display:inline-block; width:98%\">\r\n<div id=\"x_divRplyFwdMsg\" dir=\"ltr\"><font face=\"Calibri, sans-serif\" color=\"#000000\" style=\"font-size:11pt\"><b>From:</b> Madison Taubman &lt;Houseskinbeauty@outlook.com&gt;<br>\r\n<b>Sent:</b> Tuesday, March 30, 2021 8:59:37 PM<br>\r\n<b>To:</b> Support RightChoice &lt;support@rightchoice.io&gt;<br>\r\n<b>Cc:</b> support@rightchoice.io &lt;support@rightchoice.io&gt;<br>\r\n<b>Subject:</b> Re: Gmb</font>\r\n<div>&nbsp;</div>\r\n</div>\r\n<div>\r\n<div>\r\n<div>\r\n<div style=\"direction:ltr\">Could you see if you can adjust my slideshow front page photos seems Pixelated<span id=\"x_x_ms-outlook-ios-cursor\"></span></div>\r\n</div>\r\n<div><br>\r\n</div>\r\n<div class=\"x_x_ms-outlook-ios-signature\">Get <a href=\"https://aka.ms/o0ukef\">Outlook for iOS</a></div>\r\n</div>\r\n<hr tabindex=\"-1\" style=\"display:inline-block; width:98%\">\r\n<div id=\"x_x_divRplyFwdMsg\" dir=\"ltr\"><font face=\"Calibri, sans-serif\" color=\"#000000\" style=\"font-size:11pt\"><b>From:</b> Madison Taubman &lt;Houseskinbeauty@outlook.com&gt;<br>\r\n<b>Sent:</b> Tuesday, March 30, 2021 5:39:30 PM<br>\r\n<b>To:</b> Support RightChoice &lt;support@rightchoice.io&gt;<br>\r\n<b>Cc:</b> support@rightchoice.io &lt;support@rightchoice.io&gt;<br>\r\n<b>Subject:</b> Re: Gmb</font>\r\n<div>&nbsp;</div>\r\n</div>\r\n<div>\r\n<div>\r\n<div>\r\n<div style=\"direction:ltr\">https://g.co/kgs/ePpE7G<span id=\"x_x_x_ms-outlook-ios-cursor\"></span></div>\r\n</div>\r\n<div><br>\r\n</div>\r\n<div class=\"x_x_x_ms-outlook-ios-signature\">Get <a href=\"https://aka.ms/o0ukef\">Outlook for iOS</a></div>\r\n</div>\r\n<hr tabindex=\"-1\" style=\"display:inline-block; width:98%\">\r\n<div id=\"x_x_x_divRplyFwdMsg\" dir=\"ltr\"><font face=\"Calibri, sans-serif\" color=\"#000000\" style=\"font-size:11pt\"><b>From:</b> Madison Taubman &lt;Houseskinbeauty@outlook.com&gt;<br>\r\n<b>Sent:</b> Tuesday, March 30, 2021 5:38:16 PM<br>\r\n<b>To:</b> Support RightChoice &lt;support@rightchoice.io&gt;<br>\r\n<b>Cc:</b> support@rightchoice.io &lt;support@rightchoice.io&gt;<br>\r\n<b>Subject:</b> Re: Gmb</font>\r\n<div>&nbsp;</div>\r\n</div>\r\n<div>\r\n<div>\r\n<div>\r\n<div style=\"direction:ltr\">Im unsure where to get the link but what do you need me to change on my Google account\r\n<span id=\"x_x_x_x_ms-outlook-ios-cursor\"></span></div>\r\n</div>\r\n<div><br>\r\n</div>\r\n<div class=\"x_x_x_x_ms-outlook-ios-signature\">Get <a href=\"https://aka.ms/o0ukef\">\r\nOutlook for iOS</a></div>\r\n</div>\r\n<hr tabindex=\"-1\" style=\"display:inline-block; width:98%\">\r\n<div id=\"x_x_x_x_divRplyFwdMsg\" dir=\"ltr\"><font face=\"Calibri, sans-serif\" color=\"#000000\" style=\"font-size:11pt\"><b>From:</b> Madison Taubman &lt;Houseskinbeauty@outlook.com&gt;<br>\r\n<b>Sent:</b> Tuesday, March 30, 2021 5:36:44 PM<br>\r\n<b>To:</b> Support RightChoice &lt;support@rightchoice.io&gt;<br>\r\n<b>Cc:</b> support@rightchoice.io &lt;support@rightchoice.io&gt;<br>\r\n<b>Subject:</b> Re: Gmb</font>\r\n<div>&nbsp;</div>\r\n</div>\r\n<div>\r\n<div>\r\n<div>\r\n<div style=\"direction:ltr\">Check out House of Skin &amp; Beauty on Google<span id=\"x_x_x_x_x_ms-outlook-ios-cursor\"></span></div>\r\n<div style=\"direction:ltr\">https://g.page/house-of-skin-beauty?gm</div>\r\n</div>\r\n<div><br>\r\n</div>\r\n<div class=\"x_x_x_x_x_ms-outlook-ios-signature\">Get <a href=\"https://aka.ms/o0ukef\">\r\nOutlook for iOS</a></div>\r\n</div>\r\n<hr tabindex=\"-1\" style=\"display:inline-block; width:98%\">\r\n<div id=\"x_x_x_x_x_divRplyFwdMsg\" dir=\"ltr\"><font face=\"Calibri, sans-serif\" color=\"#000000\" style=\"font-size:11pt\"><b>From:</b> Support RightChoice &lt;support@rightchoice.io&gt;<br>\r\n<b>Sent:</b> Tuesday, March 30, 2021 5:20:58 PM<br>\r\n<b>To:</b> \'Madison Taubman\' &lt;Houseskinbeauty@outlook.com&gt;<br>\r\n<b>Cc:</b> support@rightchoice.io &lt;support@rightchoice.io&gt;<br>\r\n<b>Subject:</b> RE: Gmb</font>\r\n<div>&nbsp;</div>\r\n</div>\r\n<style>\r\n<!--\r\n@font-face\r\n	{font-family:\"Cambria Math\"}\r\n@font-face\r\n	{font-family:Calibri}\r\np.x_x_x_x_x_x_MsoNormal, li.x_x_x_x_x_x_MsoNormal, div.x_x_x_x_x_x_MsoNormal\r\n	{margin:0cm;\r\n	margin-bottom:.0001pt;\r\n	font-size:12.0pt;\r\n	font-family:\"Times New Roman\",\"serif\"}\r\na:link, span.x_x_x_x_x_x_MsoHyperlink\r\n	{color:blue;\r\n	text-decoration:underline}\r\na:visited, span.x_x_x_x_x_x_MsoHyperlinkFollowed\r\n	{color:purple;\r\n	text-decoration:underline}\r\np.x_x_x_x_x_x_xmsonormal, li.x_x_x_x_x_x_xmsonormal, div.x_x_x_x_x_x_xmsonormal\r\n	{margin:0cm;\r\n	margin-bottom:.0001pt;\r\n	font-size:12.0pt;\r\n	font-family:\"Times New Roman\",\"serif\"}\r\np.x_x_x_x_x_x_xmsochpdefault, li.x_x_x_x_x_x_xmsochpdefault, div.x_x_x_x_x_x_xmsochpdefault\r\n	{margin-right:0cm;\r\n	margin-left:0cm;\r\n	font-size:10.0pt;\r\n	font-family:\"Times New Roman\",\"serif\"}\r\nspan.x_x_x_x_x_x_xmsohyperlink\r\n	{color:blue;\r\n	text-decoration:underline}\r\nspan.x_x_x_x_x_x_xmsohyperlinkfollowed\r\n	{color:purple;\r\n	text-decoration:underline}\r\nspan.x_x_x_x_x_x_xemailstyle17\r\n	{font-family:\"Calibri\",\"sans-serif\";\r\n	color:#1F497D}\r\nspan.x_x_x_x_x_x_EmailStyle22\r\n	{font-family:\"Calibri\",\"sans-serif\";\r\n	color:#1F497D}\r\n.x_x_x_x_x_x_MsoChpDefault\r\n	{font-size:10.0pt}\r\n@page WordSection1\r\n	{margin:72.0pt 72.0pt 72.0pt 72.0pt}\r\n-->\r\n</style>\r\n<div lang=\"EN-IN\">\r\n<div class=\"x_x_x_x_x_x_WordSection1\">\r\n<p class=\"x_x_x_x_x_x_MsoNormal\"><span style=\"font-size:11.0pt; font-family:&quot;Calibri&quot;,&quot;sans-serif&quot;; color:#1F497D\">Hi Madison,</span></p>\r\n<p class=\"x_x_x_x_x_x_MsoNormal\"><span style=\"font-size:11.0pt; font-family:&quot;Calibri&quot;,&quot;sans-serif&quot;; color:#1F497D\">&nbsp;</span></p>\r\n<p class=\"x_x_x_x_x_x_MsoNormal\"><span style=\"font-size:11.0pt; font-family:&quot;Calibri&quot;,&quot;sans-serif&quot;; color:#1F497D\">Thank you for the below email.</span></p>\r\n<p class=\"x_x_x_x_x_x_MsoNormal\"><span style=\"font-size:11.0pt; font-family:&quot;Calibri&quot;,&quot;sans-serif&quot;; color:#1F497D\">&nbsp;</span></p>\r\n<p class=\"x_x_x_x_x_x_MsoNormal\"><span style=\"font-size:11.0pt; font-family:&quot;Calibri&quot;,&quot;sans-serif&quot;; color:#1F497D\">Please send me your GMB (Google My Business) link.</span></p>\r\n<p class=\"x_x_x_x_x_x_MsoNormal\"><span style=\"font-size:11.0pt; font-family:&quot;Calibri&quot;,&quot;sans-serif&quot;; color:#1F497D\">&nbsp;</span></p>\r\n<p class=\"x_x_x_x_x_x_MsoNormal\"><span style=\"font-size:11.0pt; font-family:&quot;Calibri&quot;,&quot;sans-serif&quot;; color:#1F497D\">Thanks,</span></p>\r\n<p class=\"x_x_x_x_x_x_MsoNormal\"><span style=\"font-size:11.0pt; font-family:&quot;Calibri&quot;,&quot;sans-serif&quot;; color:#1F497D\">Jennifer</span></p>\r\n<p class=\"x_x_x_x_x_x_MsoNormal\"><span style=\"font-size:11.0pt; font-family:&quot;Calibri&quot;,&quot;sans-serif&quot;; color:#1F497D\">&nbsp;</span></p>\r\n<div>\r\n<div style=\"border:none; border-top:solid #E1E1E1 1.0pt; padding:3.0pt 0cm 0cm 0cm\">\r\n<p class=\"x_x_x_x_x_x_MsoNormal\"><b><span lang=\"EN-US\" style=\"font-size:11.0pt; font-family:&quot;Calibri&quot;,&quot;sans-serif&quot;\">From:</span></b><span lang=\"EN-US\" style=\"font-size:11.0pt; font-family:&quot;Calibri&quot;,&quot;sans-serif&quot;\"> Madison Taubman [mailto:Houseskinbeauty@outlook.com]\r\n<br>\r\n<b>Sent:</b> 30 March 2021 12:34<br>\r\n<b>To:</b> Support RightChoice <br>\r\n<b>Cc:</b> support@rightchoice.io<br>\r\n<b>Subject:</b> Re: Gmb</span></p>\r\n</div>\r\n</div>\r\n<p class=\"x_x_x_x_x_x_MsoNormal\">&nbsp;</p>\r\n<div>\r\n<div>\r\n<div>\r\n<p class=\"x_x_x_x_x_x_MsoNormal\">G-728479 is your Google verification code</p>\r\n</div>\r\n</div>\r\n<div>\r\n<p class=\"x_x_x_x_x_x_MsoNormal\">&nbsp;</p>\r\n</div>\r\n<div>\r\n<p class=\"x_x_x_x_x_x_MsoNormal\">Get <a href=\"https://aka.ms/o0ukef\">Outlook for iOS</a></p>\r\n</div>\r\n</div>\r\n<div class=\"x_x_x_x_x_x_MsoNormal\" align=\"center\" style=\"text-align:center\">\r\n<hr size=\"2\" width=\"98%\" align=\"center\">\r\n</div>\r\n<div id=\"x_x_x_x_x_x_divRplyFwdMsg\">\r\n<p class=\"x_x_x_x_x_x_MsoNormal\"><b><span style=\"font-size:11.0pt; font-family:&quot;Calibri&quot;,&quot;sans-serif&quot;; color:black\">From:</span></b><span style=\"font-size:11.0pt; font-family:&quot;Calibri&quot;,&quot;sans-serif&quot;; color:black\"> Support RightChoice &lt;<a href=\"mailto:support@rightchoice.io\">support@rightchoice.io</a>&gt;<br>\r\n<b>Sent:</b> Tuesday, March 30, 2021 4:58:10 PM<br>\r\n<b>To:</b> \'Madison Taubman\' &lt;<a href=\"mailto:Houseskinbeauty@outlook.com\">Houseskinbeauty@outlook.com</a>&gt;<br>\r\n<b>Cc:</b> <a href=\"mailto:support@rightchoice.io\">support@rightchoice.io</a> &lt;<a href=\"mailto:support@rightchoice.io\">support@rightchoice.io</a>&gt;<br>\r\n<b>Subject:</b> RE: Gmb</span> </p>\r\n<div>\r\n<p class=\"x_x_x_x_x_x_MsoNormal\">&nbsp;</p>\r\n</div>\r\n</div>\r\n<div>\r\n<div>\r\n<p class=\"x_x_x_x_x_x_xmsonormal\"><span style=\"font-family:&quot;Calibri&quot;,&quot;sans-serif&quot;; color:#1F497D\">Hi Madison,</span></p>\r\n<p class=\"x_x_x_x_x_x_xmsonormal\"><span style=\"font-family:&quot;Calibri&quot;,&quot;sans-serif&quot;; color:#1F497D\">&nbsp;</span></p>\r\n<p class=\"x_x_x_x_x_x_xmsonormal\"><span style=\"font-family:&quot;Calibri&quot;,&quot;sans-serif&quot;; color:#1F497D\">Yes, please send me GMB link and also provide product image for below page.&nbsp; We are updating logo temporarily behalf of product image. we will replace once we\r\n get the original one.</span></p>\r\n<p class=\"x_x_x_x_x_x_xmsonormal\"><span style=\"font-family:&quot;Calibri&quot;,&quot;sans-serif&quot;; color:#1F497D\">&nbsp;</span></p>\r\n<p class=\"x_x_x_x_x_x_xmsonormal\"><span style=\"font-family:&quot;Calibri&quot;,&quot;sans-serif&quot;; color:#1F497D\"><a href=\"http://www.houseskinbeauty.com.au/product/vitamin-b5-hyaluronic-acid-boost-moisturizer-am-pm/\">http://www.houseskinbeauty.com.au/product/vitamin-b5-hyaluronic-acid-boost-moisturizer-am-pm/</a>\r\n</span></p>\r\n<p class=\"x_x_x_x_x_x_xmsonormal\"><span style=\"font-family:&quot;Calibri&quot;,&quot;sans-serif&quot;; color:#1F497D\">&nbsp;</span></p>\r\n<p class=\"x_x_x_x_x_x_xmsonormal\"><span style=\"font-family:&quot;Calibri&quot;,&quot;sans-serif&quot;; color:#1F497D\">Thanks,</span></p>\r\n<p class=\"x_x_x_x_x_x_xmsonormal\"><span style=\"font-family:&quot;Calibri&quot;,&quot;sans-serif&quot;; color:#1F497D\">Jennifer</span><span style=\"font-size:11.0pt; font-family:&quot;Calibri&quot;,&quot;sans-serif&quot;; color:#1F497D\">\r\n</span></p>\r\n<p class=\"x_x_x_x_x_x_xmsonormal\"><span style=\"font-size:11.0pt; font-family:&quot;Calibri&quot;,&quot;sans-serif&quot;; color:#1F497D\">&nbsp;</span></p>\r\n<div>\r\n<div style=\"border:none; border-top:solid #E1E1E1 1.0pt; padding:3.0pt 0cm 0cm 0cm\">\r\n<p class=\"x_x_x_x_x_x_xmsonormal\"><b><span lang=\"EN-US\" style=\"font-size:11.0pt; font-family:&quot;Calibri&quot;,&quot;sans-serif&quot;\">From:</span></b><span lang=\"EN-US\" style=\"font-size:11.0pt; font-family:&quot;Calibri&quot;,&quot;sans-serif&quot;\"> Madison Taubman [<a href=\"mailto:Houseskinbeauty@outlook.com\">mailto:Houseskinbeauty@outlook.com</a>]\r\n<br>\r\n<b>Sent:</b> 30 March 2021 11:54<br>\r\n<b>To:</b> <a href=\"mailto:support@rightchoice.io\">support@rightchoice.io</a><br>\r\n<b>Subject:</b> Gmb</span></p>\r\n</div>\r\n</div>\r\n<p class=\"x_x_x_x_x_x_xmsonormal\">&nbsp;</p>\r\n<div>\r\n<div>\r\n<div>\r\n<p class=\"x_x_x_x_x_x_xmsonormal\">Gmb link?&nbsp;</p>\r\n</div>\r\n<div>\r\n<p class=\"x_x_x_x_x_x_xmsonormal\">Are you referring to (Google my business) app? &nbsp;</p>\r\n</div>\r\n<div>\r\n<p class=\"x_x_x_x_x_x_xmsonormal\">&nbsp;</p>\r\n</div>\r\n<div id=\"x_x_x_x_x_x_x_ms-outlook-mobile-signature\">\r\n<p class=\"x_x_x_x_x_x_xmsonormal\">Get <a href=\"https://aka.ms/o0ukef\">Outlook for iOS</a></p>\r\n</div>\r\n</div>\r\n</div>\r\n</div>\r\n</div>\r\n</div>\r\n</div>\r\n</div>\r\n</div>\r\n</div>\r\n</div>\r\n</div>\r\n</body>\r\n</html>\r\n<br><br>', 'Windows-12', 1, 0, 0, ' <SL2PR01MB25699BC4A801D1F361A0DA24B97C9@SL2PR01MB2569.apcprd01.prod.exchangelabs.com>', 1, 1491, 1617269694, NULL, 'INBOX'),
(21, '[\"support@rightchoice.io\"]', '[\"shan@aussiebuspartners.com\",\"support@rightchoice.io\"]', '[\"qldcleaningclub@gmail.com\"]', '[]', '1617231002', 'Re: Email - Hello Account', '<div dir=\"ltr\">Hi Shan / Parm,<div><br></div><div> Warm Greetings from Right Choice.</div><div><br></div><div>Emails are workign fine, have a look and share your feedback.</div><div><br></div><div><div><span style=\"color:rgb(80,0,80);font-family:&quot;Courier New&quot;;font-size:10pt\">Regards,</span><br></div><div><div><p class=\"MsoNormal\"><span style=\"color:rgb(80,0,80)\"></span></p></div><div><div><p class=\"MsoNormal\"><span style=\"font-size:10pt;font-family:&quot;Courier New&quot;;color:rgb(80,0,80)\">Gopi S</span></p></div><div><p class=\"MsoNormal\"><span style=\"font-size:10pt;font-family:&quot;Courier New&quot;;color:rgb(80,0,80)\"><img width=\"95\" height=\"22\" id=\"gmail-m_908764955747496320gmail-m_-2323876801123190242gmail-m_4189886204359344571gmail-m_8607377848939088395gmail-m_4572864191915371548_x0000_i1026\" src=\"https://rightchoice.io/wp-content/uploads/2019/12/RIGHT-CHOICE-NEW-LOGO-1.jpg\" class=\"gmail-CToWUd\" style=\"width: 0.9895in; height: 0.2291in;\"></span><span style=\"font-size:10pt;font-family:&quot;Courier New&quot;;color:rgb(80,0,80)\"><br><a href=\"http://www.rightchoice.io/\" target=\"_blank\">www.rightChoice.io</a></span></p></div><div><p class=\"MsoNormal\"><span style=\"font-size:10pt;font-family:&quot;Courier New&quot;;color:rgb(80,0,80)\"><a href=\"mailto:support@rightchoice.io\" target=\"_blank\">support@rightchoice.io</a><br>0431 202 187</span></p></div></div></div></div></div><br><div class=\"gmail_quote\"><div dir=\"ltr\" class=\"gmail_attr\">On Wed, Mar 31, 2021 at 2:08 PM Gopi RightChoice &lt;<a href=\"mailto:gopi@rightchoice.io\">gopi@rightchoice.io</a>&gt; wrote:<br></div><blockquote class=\"gmail_quote\" style=\"margin:0px 0px 0px 0.8ex;border-left:1px solid rgb(204,204,204);padding-left:1ex\"><div dir=\"ltr\"><div dir=\"ltr\">Hi Shan,<div><br></div><div> Thank you for your email.</div><div><br></div><div>It seems Domain DNS settings are changed.</div><div><br></div><div>Can you share the Godaddy credentials?</div><div><br></div><div>Note: Don&#39;t change any settings withoutour knowledge, it will lead to a lot ofproblems.</div><div><br></div><div><br></div><div><div><span style=\"color:rgb(80,0,80);font-family:&quot;Courier New&quot;;font-size:10pt\">Regards,</span><br></div><div><div><p class=\"MsoNormal\"><span style=\"color:rgb(80,0,80)\"></span></p></div><div><div><p class=\"MsoNormal\"><span style=\"font-size:10pt;font-family:&quot;Courier New&quot;;color:rgb(80,0,80)\">Gopi S</span></p></div><div><p class=\"MsoNormal\"><span style=\"font-size:10pt;font-family:&quot;Courier New&quot;;color:rgb(80,0,80)\"><img width=\"95\" height=\"22\" id=\"gmail-m_908764955747496320gmail-m_-2323876801123190242gmail-m_4189886204359344571gmail-m_8607377848939088395gmail-m_4572864191915371548_x0000_i1026\" src=\"https://rightchoice.io/wp-content/uploads/2019/12/RIGHT-CHOICE-NEW-LOGO-1.jpg\" style=\"width: 0.9895in; height: 0.2291in;\"></span><span style=\"font-size:10pt;font-family:&quot;Courier New&quot;;color:rgb(80,0,80)\"><br><a href=\"http://www.rightchoice.io/\" target=\"_blank\">www.rightChoice.io</a></span></p></div><div><p class=\"MsoNormal\"><span style=\"font-size:10pt;font-family:&quot;Courier New&quot;;color:rgb(80,0,80)\"><a href=\"mailto:support@rightchoice.io\" target=\"_blank\">support@rightchoice.io</a><br>0431 202 187</span></p></div></div></div><p style=\"margin:0px;font-variant-numeric:normal;font-variant-east-asian:normal;font-stretch:normal;font-size:12px;line-height:normal;font-family:&quot;Helvetica Neue&quot;\"><br></p></div><div><br></div></div><br><div class=\"gmail_quote\"><div dir=\"ltr\" class=\"gmail_attr\">On Wed, Mar 31, 2021 at 1:00 PM Shan Barla &lt;<a href=\"mailto:shan@aussiebuspartners.com\" target=\"_blank\">shan@aussiebuspartners.com</a>&gt; wrote:<br></div><blockquote class=\"gmail_quote\" style=\"margin:0px 0px 0px 0.8ex;border-left:1px solid rgb(204,204,204);padding-left:1ex\">\r\n\r\n\r\n\r\n\r\n\r\n<div lang=\"EN-US\">\r\n<div>\r\n<p class=\"MsoNormal\">Hi Gopi, <u></u><u></u></p>\r\n<p class=\"MsoNormal\"><u></u><u></u></p>\r\n<p class=\"MsoNormal\">Here you go, checked in Junk email as well nothing in there!<u></u><u></u></p>\r\n<p class=\"MsoNormal\"><u></u><u></u></p>\r\n<p class=\"MsoNormal\"><u></u><u></u></p>\r\n<p class=\"MsoNormal\"><u></u><u></u></p>\r\n<p class=\"MsoNormal\"><img width=\"1680\" height=\"652\" style=\"width: 17.5in; height: 6.7916in;\" id=\"gmail-m_908764955747496320gmail-m_1103675106087585796gmail-m_-6562394285341439988Picture_x0020_6\" src=\"cid:178867151fb4cff311\"><u></u><u></u></p>\r\n<p class=\"MsoNormal\"><u></u><u></u></p>\r\n<p class=\"MsoNormal\"><img width=\"898\" height=\"687\" style=\"width: 9.3541in; height: 7.1562in;\" id=\"gmail-m_908764955747496320gmail-m_1103675106087585796gmail-m_-6562394285341439988Picture_x0020_7\" src=\"cid:178867151fb5b16b22\"><u></u><u></u></p>\r\n<p class=\"MsoNormal\"><u></u><u></u></p>\r\n<p class=\"MsoNormal\"><u></u><u></u></p>\r\n<p class=\"MsoNormal\"><u></u><u></u></p>\r\n<p class=\"MsoNormal\">--<u></u><u></u></p>\r\n<p class=\"MsoNormal\"><span style=\"font-size:10pt;font-family:Verdana,sans-serif\">Thanks and Regards,</span><u></u><u></u></p>\r\n<p class=\"MsoNormal\"><span style=\"font-size:9.5pt\"><u></u><u></u></span></p>\r\n<p class=\"MsoNormal\"><b><i><span style=\"font-size:12pt;font-family:Verdana,sans-serif\">Shan Barla</span></i></b><b><i><span style=\"font-size:12pt\"><u></u><u></u></span></i></b></p>\r\n<p class=\"MsoNormal\"><span style=\"font-size:9.5pt\"><u></u><u></u></span></p>\r\n<p class=\"MsoNormal\"><span style=\"font-size:9.5pt;font-family:Verdana,sans-serif\"><a href=\"mailto:shan@aussiebuspartners.com\" target=\"_blank\"><span style=\"color:blue\">shan@aussiebuspartners.com</span></a></span><u><span style=\"font-family:Verdana,sans-serif;color:blue\"><u></u><u></u></span></u></p>\r\n<p class=\"MsoNormal\"><u></u><u></u></p>\r\n<p class=\"MsoNormal\"><span style=\"font-size:10pt;font-family:Verdana,sans-serif\">Phone: </span><span style=\"color:rgb(30,10,182)\"><a href=\"tel:0452+525+651\" target=\"_blank\"><span style=\"font-size:10pt;font-family:Verdana,sans-serif;color:rgb(30,10,182)\">+61 452\r\n 52 56 51</span></a></span><span style=\"font-size:9.5pt\"><u></u><u></u></span></p>\r\n<p class=\"MsoNormal\"><span style=\"font-size:9.5pt\"><u></u><u></u></span></p>\r\n<p class=\"MsoNormal\"><a href=\"https://aussiebuspartners.com/\" target=\"_blank\"><span style=\"color:blue\">https://aussiebuspartners.com/</span></a><u></u><u></u></p>\r\n<p class=\"MsoNormal\"><span style=\"font-size:9.5pt\"><u></u><u></u></span></p>\r\n<p class=\"MsoNormal\"><span style=\"font-size:9.5pt\"><u></u><u></u></span></p>\r\n<p class=\"MsoNormal\" style=\"background:white;vertical-align:baseline\"><span style=\"font-size:9.5pt;color:black\"></span><span lang=\"EN-AU\" style=\"font-size:9pt;color:blue;border:1pt none windowtext;padding:0in\"><img border=\"0\" width=\"86\" height=\"36\" style=\"width: 0.8958in; height: 0.375in;\" id=\"gmail-m_908764955747496320gmail-m_1103675106087585796gmail-m_-6562394285341439988Picture_x0020_1\" src=\"cid:178867151fb690bce3\" alt=\"download 1\"></span><span lang=\"EN-AU\" style=\"font-size:6pt;color:blue;border:1pt none windowtext;padding:0in\"><img border=\"0\" width=\"81\" height=\"41\" style=\"width: 0.8437in; height: 0.427in;\" id=\"gmail-m_908764955747496320gmail-m_1103675106087585796gmail-m_-6562394285341439988Picture_x0020_2\" src=\"cid:178867151fb77234f4\" alt=\"download 2\"><img border=\"0\" width=\"63\" height=\"45\" style=\"width: 0.6562in; height: 0.4687in;\" id=\"gmail-m_908764955747496320gmail-m_1103675106087585796gmail-m_-6562394285341439988Picture_x0020_3\" src=\"cid:178867151fb8546ed5\" alt=\"download 3\"></span><u><span lang=\"EN-AU\" style=\"color:blue;border:1pt none windowtext;padding:0in\"><u></u><u></u></span></u></p>\r\n<p class=\"MsoNormal\" style=\"background:white;vertical-align:baseline\"><span lang=\"EN-AU\" style=\"font-size:6pt;color:blue;border:1pt none windowtext;padding:0in\"><img border=\"0\" width=\"62\" height=\"35\" style=\"width: 0.6458in; height: 0.3645in;\" id=\"gmail-m_908764955747496320gmail-m_1103675106087585796gmail-m_-6562394285341439988Picture_x0020_4\" src=\"cid:178867151fb9352516\" alt=\"download 4\"><img border=\"0\" width=\"70\" height=\"46\" style=\"width: 0.7291in; height: 0.4791in;\" id=\"gmail-m_908764955747496320gmail-m_1103675106087585796gmail-m_-6562394285341439988Picture_x0020_5\" src=\"cid:178867151fba169d27\" alt=\"download 5\"></span><u><span lang=\"EN-AU\" style=\"color:blue;border:1pt none windowtext;padding:0in\"><u></u><u></u></span></u></p>\r\n<p class=\"MsoNormal\" style=\"background:white;vertical-align:baseline\"><u><span lang=\"EN-AU\" style=\"color:blue;border:1pt none windowtext;padding:0in\"><u></u><span style=\"text-decoration:none\"></span><u></u></span></u></p>\r\n<p class=\"MsoNormal\" style=\"background:white;vertical-align:baseline\"><u><span lang=\"EN-AU\" style=\"color:blue;border:1pt none windowtext;padding:0in\"><u></u><span style=\"text-decoration:none\"></span><u></u></span></u></p>\r\n<p class=\"MsoNormal\"><span style=\"font-size:9.5pt\"><u></u><u></u></span></p>\r\n<p class=\"MsoNormal\"><span style=\"font-size:9.5pt\"> <u></u><u></u></span></p>\r\n<p class=\"MsoNormal\"><u></u><u></u></p>\r\n</div>\r\n</div>\r\n\r\n</blockquote></div>\r\n</div>\r\n</blockquote></div>\r\n<br><br>', 'UTF-8', 1, 0, 0, '<CAOED1e-_0S5kCkgctX50AChEKhyeAZd5jNHduSR3uW1h5qOijg@mail.gmail.com>', 1, 1492, 1617269694, NULL, 'INBOX');
INSERT INTO `vtiger_mailmanager_mailrecord` (`userid`, `mfrom`, `mto`, `mcc`, `mbcc`, `mdate`, `msubject`, `mbody`, `mcharset`, `misbodyhtml`, `mplainmessage`, `mhtmlmessage`, `muniqueid`, `mbodyparsed`, `muid`, `lastsavedtime`, `folder`, `mfolder`) VALUES
(21, '[\"support@rightchoice.io\"]', '[\"Houseskinbeauty@outlook.com\",\"support@rightchoice.io\"]', '[]', '[]', '1617231286', 'Re: Gmb', '<div dir=\"ltr\">Hi Madison,<div><br></div><div> Thank you for your email.</div><div><br></div><div>Yes, We are charging 20% extra for full trade on BarterCard and GST will added.</div><div><br></div><div>as Peter mentioned earlier the SEO result will take 3 to 4 months because we do white- hat SEO as per Google standards.</div><div><br></div><div>I will ask the team to share the Current status report.</div><div><br></div><div><div><span style=\"color:rgb(80,0,80);font-family:&quot;Courier New&quot;;font-size:10pt\">Regards,</span><br></div><div><div><p class=\"MsoNormal\"><span style=\"color:rgb(80,0,80)\"></span></p></div><div><div><p class=\"MsoNormal\"><span style=\"font-size:10pt;font-family:&quot;Courier New&quot;;color:rgb(80,0,80)\">Gopi S</span></p></div><div><p class=\"MsoNormal\"><span style=\"font-size:10pt;font-family:&quot;Courier New&quot;;color:rgb(80,0,80)\"><img width=\"95\" height=\"22\" id=\"gmail-m_908764955747496320gmail-m_-2323876801123190242gmail-m_4189886204359344571gmail-m_8607377848939088395gmail-m_4572864191915371548_x0000_i1026\" src=\"https://rightchoice.io/wp-content/uploads/2019/12/RIGHT-CHOICE-NEW-LOGO-1.jpg\" class=\"gmail-CToWUd\" style=\"width: 0.9895in; height: 0.2291in;\"></span><span style=\"font-size:10pt;font-family:&quot;Courier New&quot;;color:rgb(80,0,80)\"><br><a href=\"http://www.rightchoice.io/\" target=\"_blank\">www.rightChoice.io</a></span></p></div><div><p class=\"MsoNormal\"><span style=\"font-size:10pt;font-family:&quot;Courier New&quot;;color:rgb(80,0,80)\"><a href=\"mailto:support@rightchoice.io\" target=\"_blank\">support@rightchoice.io</a><br>0431 202 187</span></p></div></div></div></div></div><br><div class=\"gmail_quote\"><div dir=\"ltr\" class=\"gmail_attr\">On Thu, Apr 1, 2021 at 7:43 AM Madison Taubman &lt;<a href=\"mailto:Houseskinbeauty@outlook.com\">Houseskinbeauty@outlook.com</a>&gt; wrote:<br></div><blockquote class=\"gmail_quote\" style=\"margin:0px 0px 0px 0.8ex;border-left:1px solid rgb(204,204,204);padding-left:1ex\">\r\n\r\n\r\n\r\n<div>\r\n<div>\r\n<div>\r\n<div style=\"direction:ltr\">Could you not ignore my email and reply please <span id=\"gmail-m_1526180627340184230ms-outlook-ios-cursor\">\r\n</span></div>\r\n</div>\r\n<div><br>\r\n</div>\r\n<div>Get <a href=\"https://aka.ms/o0ukef\" target=\"_blank\">Outlook for iOS</a></div>\r\n</div>\r\n<hr style=\"display:inline-block;width:98%\">\r\n<div id=\"gmail-m_1526180627340184230divRplyFwdMsg\" dir=\"ltr\"><font face=\"Calibri, sans-serif\" style=\"font-size:11pt\" color=\"#000000\"><b>From:</b> Madison Taubman &lt;<a href=\"mailto:Houseskinbeauty@outlook.com\" target=\"_blank\">Houseskinbeauty@outlook.com</a>&gt;<br>\r\n<b>Sent:</b> Tuesday, March 30, 2021 9:15:46 PM<br>\r\n<b>To:</b> Support RightChoice &lt;<a href=\"mailto:support@rightchoice.io\" target=\"_blank\">support@rightchoice.io</a>&gt;<br>\r\n<b>Cc:</b> <a href=\"mailto:support@rightchoice.io\" target=\"_blank\">support@rightchoice.io</a> &lt;<a href=\"mailto:support@rightchoice.io\" target=\"_blank\">support@rightchoice.io</a>&gt;<br>\r\n<b>Subject:</b> Re: Gmb</font>\r\n<div></div>\r\n</div>\r\n<div>\r\n<div>\r\n<div>\r\n<div style=\"direction:ltr\">Hi just confirming.... I thought it was quoted $250 monthly?\r\n</div>\r\n<div><br>\r\n</div>\r\n<div style=\"direction:ltr\">Also... hows my ranking going on Google I still cant find my website on the 10th page\r\n<span id=\"gmail-m_1526180627340184230x_ms-outlook-ios-cursor\"></span></div>\r\n</div>\r\n<div><br>\r\n</div>\r\n<div>Get <a href=\"https://aka.ms/o0ukef\" target=\"_blank\">Outlook for iOS</a></div>\r\n</div>\r\n<hr style=\"display:inline-block;width:98%\">\r\n<div id=\"gmail-m_1526180627340184230x_divRplyFwdMsg\" dir=\"ltr\"><font face=\"Calibri, sans-serif\" color=\"#000000\" style=\"font-size:11pt\"><b>From:</b> Madison Taubman &lt;<a href=\"mailto:Houseskinbeauty@outlook.com\" target=\"_blank\">Houseskinbeauty@outlook.com</a>&gt;<br>\r\n<b>Sent:</b> Tuesday, March 30, 2021 8:59:37 PM<br>\r\n<b>To:</b> Support RightChoice &lt;<a href=\"mailto:support@rightchoice.io\" target=\"_blank\">support@rightchoice.io</a>&gt;<br>\r\n<b>Cc:</b> <a href=\"mailto:support@rightchoice.io\" target=\"_blank\">support@rightchoice.io</a> &lt;<a href=\"mailto:support@rightchoice.io\" target=\"_blank\">support@rightchoice.io</a>&gt;<br>\r\n<b>Subject:</b> Re: Gmb</font>\r\n<div></div>\r\n</div>\r\n<div>\r\n<div>\r\n<div>\r\n<div style=\"direction:ltr\">Could you see if you can adjust my slideshow front page photos seems Pixelated<span id=\"gmail-m_1526180627340184230x_x_ms-outlook-ios-cursor\"></span></div>\r\n</div>\r\n<div><br>\r\n</div>\r\n<div>Get <a href=\"https://aka.ms/o0ukef\" target=\"_blank\">Outlook for iOS</a></div>\r\n</div>\r\n<hr style=\"display:inline-block;width:98%\">\r\n<div id=\"gmail-m_1526180627340184230x_x_divRplyFwdMsg\" dir=\"ltr\"><font face=\"Calibri, sans-serif\" color=\"#000000\" style=\"font-size:11pt\"><b>From:</b> Madison Taubman &lt;<a href=\"mailto:Houseskinbeauty@outlook.com\" target=\"_blank\">Houseskinbeauty@outlook.com</a>&gt;<br>\r\n<b>Sent:</b> Tuesday, March 30, 2021 5:39:30 PM<br>\r\n<b>To:</b> Support RightChoice &lt;<a href=\"mailto:support@rightchoice.io\" target=\"_blank\">support@rightchoice.io</a>&gt;<br>\r\n<b>Cc:</b> <a href=\"mailto:support@rightchoice.io\" target=\"_blank\">support@rightchoice.io</a> &lt;<a href=\"mailto:support@rightchoice.io\" target=\"_blank\">support@rightchoice.io</a>&gt;<br>\r\n<b>Subject:</b> Re: Gmb</font>\r\n<div></div>\r\n</div>\r\n<div>\r\n<div>\r\n<div>\r\n<div style=\"direction:ltr\"><a href=\"https://g.co/kgs/ePpE7G\" target=\"_blank\">https://g.co/kgs/ePpE7G</a><span id=\"gmail-m_1526180627340184230x_x_x_ms-outlook-ios-cursor\"></span></div>\r\n</div>\r\n<div><br>\r\n</div>\r\n<div>Get <a href=\"https://aka.ms/o0ukef\" target=\"_blank\">Outlook for iOS</a></div>\r\n</div>\r\n<hr style=\"display:inline-block;width:98%\">\r\n<div id=\"gmail-m_1526180627340184230x_x_x_divRplyFwdMsg\" dir=\"ltr\"><font face=\"Calibri, sans-serif\" color=\"#000000\" style=\"font-size:11pt\"><b>From:</b> Madison Taubman &lt;<a href=\"mailto:Houseskinbeauty@outlook.com\" target=\"_blank\">Houseskinbeauty@outlook.com</a>&gt;<br>\r\n<b>Sent:</b> Tuesday, March 30, 2021 5:38:16 PM<br>\r\n<b>To:</b> Support RightChoice &lt;<a href=\"mailto:support@rightchoice.io\" target=\"_blank\">support@rightchoice.io</a>&gt;<br>\r\n<b>Cc:</b> <a href=\"mailto:support@rightchoice.io\" target=\"_blank\">support@rightchoice.io</a> &lt;<a href=\"mailto:support@rightchoice.io\" target=\"_blank\">support@rightchoice.io</a>&gt;<br>\r\n<b>Subject:</b> Re: Gmb</font>\r\n<div></div>\r\n</div>\r\n<div>\r\n<div>\r\n<div>\r\n<div style=\"direction:ltr\">Im unsure where to get the link but what do you need me to change on my Google account\r\n<span id=\"gmail-m_1526180627340184230x_x_x_x_ms-outlook-ios-cursor\"></span></div>\r\n</div>\r\n<div><br>\r\n</div>\r\n<div>Get <a href=\"https://aka.ms/o0ukef\" target=\"_blank\">\r\nOutlook for iOS</a></div>\r\n</div>\r\n<hr style=\"display:inline-block;width:98%\">\r\n<div id=\"gmail-m_1526180627340184230x_x_x_x_divRplyFwdMsg\" dir=\"ltr\"><font face=\"Calibri, sans-serif\" color=\"#000000\" style=\"font-size:11pt\"><b>From:</b> Madison Taubman &lt;<a href=\"mailto:Houseskinbeauty@outlook.com\" target=\"_blank\">Houseskinbeauty@outlook.com</a>&gt;<br>\r\n<b>Sent:</b> Tuesday, March 30, 2021 5:36:44 PM<br>\r\n<b>To:</b> Support RightChoice &lt;<a href=\"mailto:support@rightchoice.io\" target=\"_blank\">support@rightchoice.io</a>&gt;<br>\r\n<b>Cc:</b> <a href=\"mailto:support@rightchoice.io\" target=\"_blank\">support@rightchoice.io</a> &lt;<a href=\"mailto:support@rightchoice.io\" target=\"_blank\">support@rightchoice.io</a>&gt;<br>\r\n<b>Subject:</b> Re: Gmb</font>\r\n<div></div>\r\n</div>\r\n<div>\r\n<div>\r\n<div>\r\n<div style=\"direction:ltr\">Check out House of Skin &amp; Beauty on Google<span id=\"gmail-m_1526180627340184230x_x_x_x_x_ms-outlook-ios-cursor\"></span></div>\r\n<div style=\"direction:ltr\"><a href=\"https://g.page/house-of-skin-beauty?gm\" target=\"_blank\">https://g.page/house-of-skin-beauty?gm</a></div>\r\n</div>\r\n<div><br>\r\n</div>\r\n<div>Get <a href=\"https://aka.ms/o0ukef\" target=\"_blank\">\r\nOutlook for iOS</a></div>\r\n</div>\r\n<hr style=\"display:inline-block;width:98%\">\r\n<div id=\"gmail-m_1526180627340184230x_x_x_x_x_divRplyFwdMsg\" dir=\"ltr\"><font face=\"Calibri, sans-serif\" color=\"#000000\" style=\"font-size:11pt\"><b>From:</b> Support RightChoice &lt;<a href=\"mailto:support@rightchoice.io\" target=\"_blank\">support@rightchoice.io</a>&gt;<br>\r\n<b>Sent:</b> Tuesday, March 30, 2021 5:20:58 PM<br>\r\n<b>To:</b> &#39;Madison Taubman&#39; &lt;<a href=\"mailto:Houseskinbeauty@outlook.com\" target=\"_blank\">Houseskinbeauty@outlook.com</a>&gt;<br>\r\n<b>Cc:</b> <a href=\"mailto:support@rightchoice.io\" target=\"_blank\">support@rightchoice.io</a> &lt;<a href=\"mailto:support@rightchoice.io\" target=\"_blank\">support@rightchoice.io</a>&gt;<br>\r\n<b>Subject:</b> RE: Gmb</font>\r\n<div></div>\r\n</div>\r\n\r\n<div lang=\"EN-IN\">\r\n<div>\r\n<p><span style=\"font-size:11pt;font-family:Calibri,sans-serif;color:rgb(31,73,125)\">Hi Madison,</span></p>\r\n<p><span style=\"font-size:11pt;font-family:Calibri,sans-serif;color:rgb(31,73,125)\"></span></p>\r\n<p><span style=\"font-size:11pt;font-family:Calibri,sans-serif;color:rgb(31,73,125)\">Thank you for the below email.</span></p>\r\n<p><span style=\"font-size:11pt;font-family:Calibri,sans-serif;color:rgb(31,73,125)\"></span></p>\r\n<p><span style=\"font-size:11pt;font-family:Calibri,sans-serif;color:rgb(31,73,125)\">Please send me your GMB (Google My Business) link.</span></p>\r\n<p><span style=\"font-size:11pt;font-family:Calibri,sans-serif;color:rgb(31,73,125)\"></span></p>\r\n<p><span style=\"font-size:11pt;font-family:Calibri,sans-serif;color:rgb(31,73,125)\">Thanks,</span></p>\r\n<p><span style=\"font-size:11pt;font-family:Calibri,sans-serif;color:rgb(31,73,125)\">Jennifer</span></p>\r\n<p><span style=\"font-size:11pt;font-family:Calibri,sans-serif;color:rgb(31,73,125)\"></span></p>\r\n<div>\r\n<div style=\"border-right:none;border-bottom:none;border-left:none;border-top:1pt solid rgb(225,225,225);padding:3pt 0cm 0cm\">\r\n<p><b><span lang=\"EN-US\" style=\"font-size:11pt;font-family:Calibri,sans-serif\">From:</span></b><span lang=\"EN-US\" style=\"font-size:11pt;font-family:Calibri,sans-serif\"> Madison Taubman [mailto:<a href=\"mailto:Houseskinbeauty@outlook.com\" target=\"_blank\">Houseskinbeauty@outlook.com</a>]\r\n<br>\r\n<b>Sent:</b> 30 March 2021 12:34<br>\r\n<b>To:</b> Support RightChoice <br>\r\n<b>Cc:</b> <a href=\"mailto:support@rightchoice.io\" target=\"_blank\">support@rightchoice.io</a><br>\r\n<b>Subject:</b> Re: Gmb</span></p>\r\n</div>\r\n</div>\r\n<p></p>\r\n<div>\r\n<div>\r\n<div>\r\n<p>G-728479 is your Google verification code</p>\r\n</div>\r\n</div>\r\n<div>\r\n<p></p>\r\n</div>\r\n<div>\r\n<p>Get <a href=\"https://aka.ms/o0ukef\" target=\"_blank\">Outlook for iOS</a></p>\r\n</div>\r\n</div>\r\n<div align=\"center\" style=\"text-align:center\">\r\n<hr size=\"2\" width=\"98%\" align=\"center\">\r\n</div>\r\n<div id=\"gmail-m_1526180627340184230x_x_x_x_x_x_divRplyFwdMsg\">\r\n<p><b><span style=\"font-size:11pt;font-family:Calibri,sans-serif;color:black\">From:</span></b><span style=\"font-size:11pt;font-family:Calibri,sans-serif;color:black\"> Support RightChoice &lt;<a href=\"mailto:support@rightchoice.io\" target=\"_blank\">support@rightchoice.io</a>&gt;<br>\r\n<b>Sent:</b> Tuesday, March 30, 2021 4:58:10 PM<br>\r\n<b>To:</b> &#39;Madison Taubman&#39; &lt;<a href=\"mailto:Houseskinbeauty@outlook.com\" target=\"_blank\">Houseskinbeauty@outlook.com</a>&gt;<br>\r\n<b>Cc:</b> <a href=\"mailto:support@rightchoice.io\" target=\"_blank\">support@rightchoice.io</a> &lt;<a href=\"mailto:support@rightchoice.io\" target=\"_blank\">support@rightchoice.io</a>&gt;<br>\r\n<b>Subject:</b> RE: Gmb</span> </p>\r\n<div>\r\n<p></p>\r\n</div>\r\n</div>\r\n<div>\r\n<div>\r\n<p><span style=\"font-family:Calibri,sans-serif;color:rgb(31,73,125)\">Hi Madison,</span></p>\r\n<p><span style=\"font-family:Calibri,sans-serif;color:rgb(31,73,125)\"></span></p>\r\n<p><span style=\"font-family:Calibri,sans-serif;color:rgb(31,73,125)\">Yes, please send me GMB link and also provide product image for below page. We are updating logo temporarily behalf of product image. we will replace once we\r\n get the original one.</span></p>\r\n<p><span style=\"font-family:Calibri,sans-serif;color:rgb(31,73,125)\"></span></p>\r\n<p><span style=\"font-family:Calibri,sans-serif;color:rgb(31,73,125)\"><a href=\"http://www.houseskinbeauty.com.au/product/vitamin-b5-hyaluronic-acid-boost-moisturizer-am-pm/\" target=\"_blank\">http://www.houseskinbeauty.com.au/product/vitamin-b5-hyaluronic-acid-boost-moisturizer-am-pm/</a>\r\n</span></p>\r\n<p><span style=\"font-family:Calibri,sans-serif;color:rgb(31,73,125)\"></span></p>\r\n<p><span style=\"font-family:Calibri,sans-serif;color:rgb(31,73,125)\">Thanks,</span></p>\r\n<p><span style=\"font-family:Calibri,sans-serif;color:rgb(31,73,125)\">Jennifer</span><span style=\"font-size:11pt;font-family:Calibri,sans-serif;color:rgb(31,73,125)\">\r\n</span></p>\r\n<p><span style=\"font-size:11pt;font-family:Calibri,sans-serif;color:rgb(31,73,125)\"></span></p>\r\n<div>\r\n<div style=\"border-right:none;border-bottom:none;border-left:none;border-top:1pt solid rgb(225,225,225);padding:3pt 0cm 0cm\">\r\n<p><b><span lang=\"EN-US\" style=\"font-size:11pt;font-family:Calibri,sans-serif\">From:</span></b><span lang=\"EN-US\" style=\"font-size:11pt;font-family:Calibri,sans-serif\"> Madison Taubman [<a href=\"mailto:Houseskinbeauty@outlook.com\" target=\"_blank\">mailto:Houseskinbeauty@outlook.com</a>]\r\n<br>\r\n<b>Sent:</b> 30 March 2021 11:54<br>\r\n<b>To:</b> <a href=\"mailto:support@rightchoice.io\" target=\"_blank\">support@rightchoice.io</a><br>\r\n<b>Subject:</b> Gmb</span></p>\r\n</div>\r\n</div>\r\n<p></p>\r\n<div>\r\n<div>\r\n<div>\r\n<p>Gmb link?</p>\r\n</div>\r\n<div>\r\n<p>Are you referring to (Google my business) app? </p>\r\n</div>\r\n<div>\r\n<p></p>\r\n</div>\r\n<div id=\"gmail-m_1526180627340184230x_x_x_x_x_x_x_ms-outlook-mobile-signature\">\r\n<p>Get <a href=\"https://aka.ms/o0ukef\" target=\"_blank\">Outlook for iOS</a></p>\r\n</div>\r\n</div>\r\n</div>\r\n</div>\r\n</div>\r\n</div>\r\n</div>\r\n</div>\r\n</div>\r\n</div>\r\n</div>\r\n</div>\r\n</div>\r\n\r\n</blockquote></div>\r\n<br><br>', 'UTF-8', 1, 0, 0, '<CAOED1e_vyDt2WVHk+JtQu1WkkoqCKYYiQQLkrkCUqZaOc-mvrg@mail.gmail.com>', 1, 1493, 1617269694, NULL, 'INBOX'),
(21, '[\"Houseskinbeauty@outlook.com\"]', '[\"support@rightchoice.io\"]', '[]', '[]', '1617231911', 'Re: Gmb', '<html>\r\n<head>\r\n<meta http-equiv=\"Content-Type\" content=\"text/html; charset=Windows-1252\">\r\n</head>\r\n<body>\r\n<div>\r\n<div>\r\n<div style=\"direction: ltr;\">I wasnt told 3/4 months I was told to start seeing some results after another month if I wasnt happy.\r\n</div>\r\n<div><br>\r\n</div>\r\n<div><br>\r\n</div>\r\n<div style=\"direction: ltr;\">Could you send me an email that was sent to me regarding that extra 20% extra charge\r\n<span id=\"ms-outlook-ios-cursor\"></span></div>\r\n</div>\r\n<div><br>\r\n</div>\r\n<div class=\"ms-outlook-ios-signature\">Get <a href=\"https://aka.ms/o0ukef\">Outlook for iOS</a></div>\r\n</div>\r\n<hr style=\"display:inline-block;width:98%\" tabindex=\"-1\">\r\n<div id=\"divRplyFwdMsg\" dir=\"ltr\"><font face=\"Calibri, sans-serif\" style=\"font-size:11pt\" color=\"#000000\"><b>From:</b> Support RightChoice &lt;support@rightchoice.io&gt;<br>\r\n<b>Sent:</b> Thursday, April 1, 2021 8:54:16 AM<br>\r\n<b>To:</b> Madison Taubman &lt;Houseskinbeauty@outlook.com&gt;; support@rightchoice.io &lt;support@rightchoice.io&gt;<br>\r\n<b>Subject:</b> Re: Gmb</font>\r\n<div>&nbsp;</div>\r\n</div>\r\n<div>\r\n<div dir=\"ltr\">Hi Madison,\r\n<div><br>\r\n</div>\r\n<div>&nbsp; Thank you for your email.</div>\r\n<div><br>\r\n</div>\r\n<div>Yes,&nbsp; &nbsp;We are charging 20% extra for full trade on BarterCard and GST will added.</div>\r\n<div><br>\r\n</div>\r\n<div>as Peter mentioned earlier the SEO result will take 3 to 4 months because we do white- hat SEO as per Google standards.</div>\r\n<div><br>\r\n</div>\r\n<div>I will ask the team to share the Current status report.</div>\r\n<div><br>\r\n</div>\r\n<div>\r\n<div><span style=\"color:rgb(80,0,80); font-family:&quot;Courier New&quot;; font-size:10pt\">Regards,</span><br>\r\n</div>\r\n<div>\r\n<div>\r\n<p class=\"x_MsoNormal\"><span style=\"color:rgb(80,0,80)\"></span></p>\r\n</div>\r\n<div>\r\n<div>\r\n<p class=\"x_MsoNormal\"><span style=\"font-size:10pt; font-family:&quot;Courier New&quot;; color:rgb(80,0,80)\">Gopi S</span></p>\r\n</div>\r\n<div>\r\n<p class=\"x_MsoNormal\"><span style=\"font-size:10pt; font-family:&quot;Courier New&quot;; color:rgb(80,0,80)\"><img width=\"95\" height=\"22\" id=\"x_gmail-m_908764955747496320gmail-m_-2323876801123190242gmail-m_4189886204359344571gmail-m_8607377848939088395gmail-m_4572864191915371548_x0000_i1026\" src=\"https://rightchoice.io/wp-content/uploads/2019/12/RIGHT-CHOICE-NEW-LOGO-1.jpg\" class=\"x_gmail-CToWUd\" style=\"width:0.9895in; height:0.2291in\"></span><span style=\"font-size:10pt; font-family:&quot;Courier New&quot;; color:rgb(80,0,80)\"><br>\r\n<a href=\"http://www.rightchoice.io/\" target=\"_blank\">www.rightChoice.io</a></span></p>\r\n</div>\r\n<div>\r\n<p class=\"x_MsoNormal\"><span style=\"font-size:10pt; font-family:&quot;Courier New&quot;; color:rgb(80,0,80)\"><a href=\"mailto:support@rightchoice.io\" target=\"_blank\">support@rightchoice.io</a><br>\r\n0431 202 187</span></p>\r\n</div>\r\n</div>\r\n</div>\r\n</div>\r\n</div>\r\n<br>\r\n<div class=\"x_gmail_quote\">\r\n<div dir=\"ltr\" class=\"x_gmail_attr\">On Thu, Apr 1, 2021 at 7:43 AM Madison Taubman &lt;<a href=\"mailto:Houseskinbeauty@outlook.com\">Houseskinbeauty@outlook.com</a>&gt; wrote:<br>\r\n</div>\r\n<blockquote class=\"x_gmail_quote\" style=\"margin:0px 0px 0px 0.8ex; border-left:1px solid rgb(204,204,204); padding-left:1ex\">\r\n<div>\r\n<div>\r\n<div>\r\n<div style=\"direction:ltr\">Could you not ignore my email and reply please <span id=\"x_gmail-m_1526180627340184230ms-outlook-ios-cursor\">\r\n</span></div>\r\n</div>\r\n<div><br>\r\n</div>\r\n<div>Get <a href=\"https://aka.ms/o0ukef\" target=\"_blank\">Outlook for iOS</a></div>\r\n</div>\r\n<hr style=\"display:inline-block; width:98%\">\r\n<div id=\"x_gmail-m_1526180627340184230divRplyFwdMsg\" dir=\"ltr\"><font face=\"Calibri, sans-serif\" color=\"#000000\" style=\"font-size:11pt\"><b>From:</b> Madison Taubman &lt;<a href=\"mailto:Houseskinbeauty@outlook.com\" target=\"_blank\">Houseskinbeauty@outlook.com</a>&gt;<br>\r\n<b>Sent:</b> Tuesday, March 30, 2021 9:15:46 PM<br>\r\n<b>To:</b> Support RightChoice &lt;<a href=\"mailto:support@rightchoice.io\" target=\"_blank\">support@rightchoice.io</a>&gt;<br>\r\n<b>Cc:</b> <a href=\"mailto:support@rightchoice.io\" target=\"_blank\">support@rightchoice.io</a> &lt;<a href=\"mailto:support@rightchoice.io\" target=\"_blank\">support@rightchoice.io</a>&gt;<br>\r\n<b>Subject:</b> Re: Gmb</font>\r\n<div>&nbsp;</div>\r\n</div>\r\n<div>\r\n<div>\r\n<div>\r\n<div style=\"direction:ltr\">Hi just confirming.... I thought it was quoted $250 monthly?\r\n</div>\r\n<div><br>\r\n</div>\r\n<div style=\"direction:ltr\">Also... hows my ranking going on Google I still cant find my website on the 10th page\r\n<span id=\"x_gmail-m_1526180627340184230x_ms-outlook-ios-cursor\"></span></div>\r\n</div>\r\n<div><br>\r\n</div>\r\n<div>Get <a href=\"https://aka.ms/o0ukef\" target=\"_blank\">Outlook for iOS</a></div>\r\n</div>\r\n<hr style=\"display:inline-block; width:98%\">\r\n<div id=\"x_gmail-m_1526180627340184230x_divRplyFwdMsg\" dir=\"ltr\"><font face=\"Calibri, sans-serif\" color=\"#000000\" style=\"font-size:11pt\"><b>From:</b> Madison Taubman &lt;<a href=\"mailto:Houseskinbeauty@outlook.com\" target=\"_blank\">Houseskinbeauty@outlook.com</a>&gt;<br>\r\n<b>Sent:</b> Tuesday, March 30, 2021 8:59:37 PM<br>\r\n<b>To:</b> Support RightChoice &lt;<a href=\"mailto:support@rightchoice.io\" target=\"_blank\">support@rightchoice.io</a>&gt;<br>\r\n<b>Cc:</b> <a href=\"mailto:support@rightchoice.io\" target=\"_blank\">support@rightchoice.io</a> &lt;<a href=\"mailto:support@rightchoice.io\" target=\"_blank\">support@rightchoice.io</a>&gt;<br>\r\n<b>Subject:</b> Re: Gmb</font>\r\n<div>&nbsp;</div>\r\n</div>\r\n<div>\r\n<div>\r\n<div>\r\n<div style=\"direction:ltr\">Could you see if you can adjust my slideshow front page photos seems Pixelated<span id=\"x_gmail-m_1526180627340184230x_x_ms-outlook-ios-cursor\"></span></div>\r\n</div>\r\n<div><br>\r\n</div>\r\n<div>Get <a href=\"https://aka.ms/o0ukef\" target=\"_blank\">Outlook for iOS</a></div>\r\n</div>\r\n<hr style=\"display:inline-block; width:98%\">\r\n<div id=\"x_gmail-m_1526180627340184230x_x_divRplyFwdMsg\" dir=\"ltr\"><font face=\"Calibri, sans-serif\" color=\"#000000\" style=\"font-size:11pt\"><b>From:</b> Madison Taubman &lt;<a href=\"mailto:Houseskinbeauty@outlook.com\" target=\"_blank\">Houseskinbeauty@outlook.com</a>&gt;<br>\r\n<b>Sent:</b> Tuesday, March 30, 2021 5:39:30 PM<br>\r\n<b>To:</b> Support RightChoice &lt;<a href=\"mailto:support@rightchoice.io\" target=\"_blank\">support@rightchoice.io</a>&gt;<br>\r\n<b>Cc:</b> <a href=\"mailto:support@rightchoice.io\" target=\"_blank\">support@rightchoice.io</a> &lt;<a href=\"mailto:support@rightchoice.io\" target=\"_blank\">support@rightchoice.io</a>&gt;<br>\r\n<b>Subject:</b> Re: Gmb</font>\r\n<div>&nbsp;</div>\r\n</div>\r\n<div>\r\n<div>\r\n<div>\r\n<div style=\"direction:ltr\"><a href=\"https://g.co/kgs/ePpE7G\" target=\"_blank\">https://g.co/kgs/ePpE7G</a><span id=\"x_gmail-m_1526180627340184230x_x_x_ms-outlook-ios-cursor\"></span></div>\r\n</div>\r\n<div><br>\r\n</div>\r\n<div>Get <a href=\"https://aka.ms/o0ukef\" target=\"_blank\">Outlook for iOS</a></div>\r\n</div>\r\n<hr style=\"display:inline-block; width:98%\">\r\n<div id=\"x_gmail-m_1526180627340184230x_x_x_divRplyFwdMsg\" dir=\"ltr\"><font face=\"Calibri, sans-serif\" color=\"#000000\" style=\"font-size:11pt\"><b>From:</b> Madison Taubman &lt;<a href=\"mailto:Houseskinbeauty@outlook.com\" target=\"_blank\">Houseskinbeauty@outlook.com</a>&gt;<br>\r\n<b>Sent:</b> Tuesday, March 30, 2021 5:38:16 PM<br>\r\n<b>To:</b> Support RightChoice &lt;<a href=\"mailto:support@rightchoice.io\" target=\"_blank\">support@rightchoice.io</a>&gt;<br>\r\n<b>Cc:</b> <a href=\"mailto:support@rightchoice.io\" target=\"_blank\">support@rightchoice.io</a> &lt;<a href=\"mailto:support@rightchoice.io\" target=\"_blank\">support@rightchoice.io</a>&gt;<br>\r\n<b>Subject:</b> Re: Gmb</font>\r\n<div>&nbsp;</div>\r\n</div>\r\n<div>\r\n<div>\r\n<div>\r\n<div style=\"direction:ltr\">Im unsure where to get the link but what do you need me to change on my Google account\r\n<span id=\"x_gmail-m_1526180627340184230x_x_x_x_ms-outlook-ios-cursor\"></span></div>\r\n</div>\r\n<div><br>\r\n</div>\r\n<div>Get <a href=\"https://aka.ms/o0ukef\" target=\"_blank\">Outlook for iOS</a></div>\r\n</div>\r\n<hr style=\"display:inline-block; width:98%\">\r\n<div id=\"x_gmail-m_1526180627340184230x_x_x_x_divRplyFwdMsg\" dir=\"ltr\"><font face=\"Calibri, sans-serif\" color=\"#000000\" style=\"font-size:11pt\"><b>From:</b> Madison Taubman &lt;<a href=\"mailto:Houseskinbeauty@outlook.com\" target=\"_blank\">Houseskinbeauty@outlook.com</a>&gt;<br>\r\n<b>Sent:</b> Tuesday, March 30, 2021 5:36:44 PM<br>\r\n<b>To:</b> Support RightChoice &lt;<a href=\"mailto:support@rightchoice.io\" target=\"_blank\">support@rightchoice.io</a>&gt;<br>\r\n<b>Cc:</b> <a href=\"mailto:support@rightchoice.io\" target=\"_blank\">support@rightchoice.io</a> &lt;<a href=\"mailto:support@rightchoice.io\" target=\"_blank\">support@rightchoice.io</a>&gt;<br>\r\n<b>Subject:</b> Re: Gmb</font>\r\n<div>&nbsp;</div>\r\n</div>\r\n<div>\r\n<div>\r\n<div>\r\n<div style=\"direction:ltr\">Check out House of Skin &amp; Beauty on Google<span id=\"x_gmail-m_1526180627340184230x_x_x_x_x_ms-outlook-ios-cursor\"></span></div>\r\n<div style=\"direction:ltr\"><a href=\"https://g.page/house-of-skin-beauty?gm\" target=\"_blank\">https://g.page/house-of-skin-beauty?gm</a></div>\r\n</div>\r\n<div><br>\r\n</div>\r\n<div>Get <a href=\"https://aka.ms/o0ukef\" target=\"_blank\">Outlook for iOS</a></div>\r\n</div>\r\n<hr style=\"display:inline-block; width:98%\">\r\n<div id=\"x_gmail-m_1526180627340184230x_x_x_x_x_divRplyFwdMsg\" dir=\"ltr\"><font face=\"Calibri, sans-serif\" color=\"#000000\" style=\"font-size:11pt\"><b>From:</b> Support RightChoice &lt;<a href=\"mailto:support@rightchoice.io\" target=\"_blank\">support@rightchoice.io</a>&gt;<br>\r\n<b>Sent:</b> Tuesday, March 30, 2021 5:20:58 PM<br>\r\n<b>To:</b> \'Madison Taubman\' &lt;<a href=\"mailto:Houseskinbeauty@outlook.com\" target=\"_blank\">Houseskinbeauty@outlook.com</a>&gt;<br>\r\n<b>Cc:</b> <a href=\"mailto:support@rightchoice.io\" target=\"_blank\">support@rightchoice.io</a> &lt;<a href=\"mailto:support@rightchoice.io\" target=\"_blank\">support@rightchoice.io</a>&gt;<br>\r\n<b>Subject:</b> RE: Gmb</font>\r\n<div>&nbsp;</div>\r\n</div>\r\n<div lang=\"EN-IN\">\r\n<div>\r\n<p><span style=\"font-size:11pt; font-family:Calibri,sans-serif; color:rgb(31,73,125)\">Hi Madison,</span></p>\r\n<p><span style=\"font-size:11pt; font-family:Calibri,sans-serif; color:rgb(31,73,125)\">&nbsp;</span></p>\r\n<p><span style=\"font-size:11pt; font-family:Calibri,sans-serif; color:rgb(31,73,125)\">Thank you for the below email.</span></p>\r\n<p><span style=\"font-size:11pt; font-family:Calibri,sans-serif; color:rgb(31,73,125)\">&nbsp;</span></p>\r\n<p><span style=\"font-size:11pt; font-family:Calibri,sans-serif; color:rgb(31,73,125)\">Please send me your GMB (Google My Business) link.</span></p>\r\n<p><span style=\"font-size:11pt; font-family:Calibri,sans-serif; color:rgb(31,73,125)\">&nbsp;</span></p>\r\n<p><span style=\"font-size:11pt; font-family:Calibri,sans-serif; color:rgb(31,73,125)\">Thanks,</span></p>\r\n<p><span style=\"font-size:11pt; font-family:Calibri,sans-serif; color:rgb(31,73,125)\">Jennifer</span></p>\r\n<p><span style=\"font-size:11pt; font-family:Calibri,sans-serif; color:rgb(31,73,125)\">&nbsp;</span></p>\r\n<div>\r\n<div style=\"border-right:none; border-bottom:none; border-left:none; border-top:1pt solid rgb(225,225,225); padding:3pt 0cm 0cm\">\r\n<p><b><span lang=\"EN-US\" style=\"font-size:11pt; font-family:Calibri,sans-serif\">From:</span></b><span lang=\"EN-US\" style=\"font-size:11pt; font-family:Calibri,sans-serif\"> Madison Taubman [mailto:<a href=\"mailto:Houseskinbeauty@outlook.com\" target=\"_blank\">Houseskinbeauty@outlook.com</a>]\r\n<br>\r\n<b>Sent:</b> 30 March 2021 12:34<br>\r\n<b>To:</b> Support RightChoice <br>\r\n<b>Cc:</b> <a href=\"mailto:support@rightchoice.io\" target=\"_blank\">support@rightchoice.io</a><br>\r\n<b>Subject:</b> Re: Gmb</span></p>\r\n</div>\r\n</div>\r\n<p>&nbsp;</p>\r\n<div>\r\n<div>\r\n<div>\r\n<p>G-728479 is your Google verification code</p>\r\n</div>\r\n</div>\r\n<div>\r\n<p>&nbsp;</p>\r\n</div>\r\n<div>\r\n<p>Get <a href=\"https://aka.ms/o0ukef\" target=\"_blank\">Outlook for iOS</a></p>\r\n</div>\r\n</div>\r\n<div align=\"center\" style=\"text-align:center\">\r\n<hr size=\"2\" width=\"98%\" align=\"center\">\r\n</div>\r\n<div id=\"x_gmail-m_1526180627340184230x_x_x_x_x_x_divRplyFwdMsg\">\r\n<p><b><span style=\"font-size:11pt; font-family:Calibri,sans-serif; color:black\">From:</span></b><span style=\"font-size:11pt; font-family:Calibri,sans-serif; color:black\"> Support RightChoice &lt;<a href=\"mailto:support@rightchoice.io\" target=\"_blank\">support@rightchoice.io</a>&gt;<br>\r\n<b>Sent:</b> Tuesday, March 30, 2021 4:58:10 PM<br>\r\n<b>To:</b> \'Madison Taubman\' &lt;<a href=\"mailto:Houseskinbeauty@outlook.com\" target=\"_blank\">Houseskinbeauty@outlook.com</a>&gt;<br>\r\n<b>Cc:</b> <a href=\"mailto:support@rightchoice.io\" target=\"_blank\">support@rightchoice.io</a> &lt;<a href=\"mailto:support@rightchoice.io\" target=\"_blank\">support@rightchoice.io</a>&gt;<br>\r\n<b>Subject:</b> RE: Gmb</span> </p>\r\n<div>\r\n<p>&nbsp;</p>\r\n</div>\r\n</div>\r\n<div>\r\n<div>\r\n<p><span style=\"font-family:Calibri,sans-serif; color:rgb(31,73,125)\">Hi Madison,</span></p>\r\n<p><span style=\"font-family:Calibri,sans-serif; color:rgb(31,73,125)\">&nbsp;</span></p>\r\n<p><span style=\"font-family:Calibri,sans-serif; color:rgb(31,73,125)\">Yes, please send me GMB link and also provide product image for below page.&nbsp; We are updating logo temporarily behalf of product image. we will replace once we get the original one.</span></p>\r\n<p><span style=\"font-family:Calibri,sans-serif; color:rgb(31,73,125)\">&nbsp;</span></p>\r\n<p><span style=\"font-family:Calibri,sans-serif; color:rgb(31,73,125)\"><a href=\"http://www.houseskinbeauty.com.au/product/vitamin-b5-hyaluronic-acid-boost-moisturizer-am-pm/\" target=\"_blank\">http://www.houseskinbeauty.com.au/product/vitamin-b5-hyaluronic-acid-boost-moisturizer-am-pm/</a>\r\n</span></p>\r\n<p><span style=\"font-family:Calibri,sans-serif; color:rgb(31,73,125)\">&nbsp;</span></p>\r\n<p><span style=\"font-family:Calibri,sans-serif; color:rgb(31,73,125)\">Thanks,</span></p>\r\n<p><span style=\"font-family:Calibri,sans-serif; color:rgb(31,73,125)\">Jennifer</span><span style=\"font-size:11pt; font-family:Calibri,sans-serif; color:rgb(31,73,125)\">\r\n</span></p>\r\n<p><span style=\"font-size:11pt; font-family:Calibri,sans-serif; color:rgb(31,73,125)\">&nbsp;</span></p>\r\n<div>\r\n<div style=\"border-right:none; border-bottom:none; border-left:none; border-top:1pt solid rgb(225,225,225); padding:3pt 0cm 0cm\">\r\n<p><b><span lang=\"EN-US\" style=\"font-size:11pt; font-family:Calibri,sans-serif\">From:</span></b><span lang=\"EN-US\" style=\"font-size:11pt; font-family:Calibri,sans-serif\"> Madison Taubman [<a href=\"mailto:Houseskinbeauty@outlook.com\" target=\"_blank\">mailto:Houseskinbeauty@outlook.com</a>]\r\n<br>\r\n<b>Sent:</b> 30 March 2021 11:54<br>\r\n<b>To:</b> <a href=\"mailto:support@rightchoice.io\" target=\"_blank\">support@rightchoice.io</a><br>\r\n<b>Subject:</b> Gmb</span></p>\r\n</div>\r\n</div>\r\n<p>&nbsp;</p>\r\n<div>\r\n<div>\r\n<div>\r\n<p>Gmb link?&nbsp;</p>\r\n</div>\r\n<div>\r\n<p>Are you referring to (Google my business) app? &nbsp;</p>\r\n</div>\r\n<div>\r\n<p>&nbsp;</p>\r\n</div>\r\n<div id=\"x_gmail-m_1526180627340184230x_x_x_x_x_x_x_ms-outlook-mobile-signature\">\r\n<p>Get <a href=\"https://aka.ms/o0ukef\" target=\"_blank\">Outlook for iOS</a></p>\r\n</div>\r\n</div>\r\n</div>\r\n</div>\r\n</div>\r\n</div>\r\n</div>\r\n</div>\r\n</div>\r\n</div>\r\n</div>\r\n</div>\r\n</div>\r\n</blockquote>\r\n</div>\r\n</div>\r\n</body>\r\n</html>\r\n<br><br>', 'Windows-12', 1, 0, 0, ' <SL2PR01MB2569D89FF296A516C0DDFEEBB97C9@SL2PR01MB2569.apcprd01.prod.exchangelabs.com>', 1, 1494, 1617269694, NULL, 'INBOX');
INSERT INTO `vtiger_mailmanager_mailrecord` (`userid`, `mfrom`, `mto`, `mcc`, `mbcc`, `mdate`, `msubject`, `mbody`, `mcharset`, `misbodyhtml`, `mplainmessage`, `mhtmlmessage`, `muniqueid`, `mbodyparsed`, `muid`, `lastsavedtime`, `folder`, `mfolder`) VALUES
(21, '[\"shan@aussiebuspartners.com\"]', '[\"support@rightchoice.io\"]', '[\"qldcleaningclub@gmail.com\"]', '[]', '1617241149', 'RE: Email - Hello Account', '<html xmlns:v=\"urn:schemas-microsoft-com:vml\" xmlns:o=\"urn:schemas-microsoft-com:office:office\" xmlns:w=\"urn:schemas-microsoft-com:office:word\" xmlns:m=\"http://schemas.microsoft.com/office/2004/12/omml\" xmlns=\"http://www.w3.org/TR/REC-html40\">\r\n<head>\r\n<meta http-equiv=\"Content-Type\" content=\"text/html; charset=utf-8\">\r\n<meta name=\"Generator\" content=\"Microsoft Word 15 (filtered medium)\">\r\n<!--[if !mso]><style>v\\:* {behavior:url(#default#VML);}\r\no\\:* {behavior:url(#default#VML);}\r\nw\\:* {behavior:url(#default#VML);}\r\n.shape {behavior:url(#default#VML);}\r\n</style><![endif]--><style><!--\r\n/* Font Definitions */\r\n@font-face\r\n	{font-family:\"Cambria Math\";\r\n	panose-1:2 4 5 3 5 4 6 3 2 4;}\r\n@font-face\r\n	{font-family:Calibri;\r\n	panose-1:2 15 5 2 2 2 4 3 2 4;}\r\n@font-face\r\n	{font-family:Verdana;\r\n	panose-1:2 11 6 4 3 5 4 4 2 4;}\r\n@font-face\r\n	{font-family:\"Helvetica Neue\";\r\n	panose-1:0 0 0 0 0 0 0 0 0 0;}\r\n/* Style Definitions */\r\np.MsoNormal, li.MsoNormal, div.MsoNormal\r\n	{margin:0in;\r\n	font-size:11.0pt;\r\n	font-family:\"Calibri\",sans-serif;}\r\na:link, span.MsoHyperlink\r\n	{mso-style-priority:99;\r\n	color:blue;\r\n	text-decoration:underline;}\r\nspan.EmailStyle19\r\n	{mso-style-type:personal-reply;\r\n	font-family:\"Calibri\",sans-serif;\r\n	color:windowtext;}\r\n.MsoChpDefault\r\n	{mso-style-type:export-only;\r\n	font-family:\"Calibri\",sans-serif;}\r\n@page WordSection1\r\n	{size:8.5in 11.0in;\r\n	margin:1.0in 1.0in 1.0in 1.0in;}\r\ndiv.WordSection1\r\n	{page:WordSection1;}\r\n--></style><!--[if gte mso 9]><xml>\r\n<o:shapedefaults v:ext=\"edit\" spidmax=\"1026\" />\r\n</xml><![endif]--><!--[if gte mso 9]><xml>\r\n<o:shapelayout v:ext=\"edit\">\r\n<o:idmap v:ext=\"edit\" data=\"1\" />\r\n</o:shapelayout></xml><![endif]-->\r\n</head>\r\n<body lang=\"EN-US\" link=\"blue\" vlink=\"purple\" style=\"word-wrap:break-word\">\r\n<div class=\"WordSection1\">\r\n<p class=\"MsoNormal\">Hi Gopi, <o:p></o:p></p>\r\n<p class=\"MsoNormal\"><o:p>&nbsp;</o:p></p>\r\n<p class=\"MsoNormal\">Thank you. They are not working.<o:p></o:p></p>\r\n<p class=\"MsoNormal\"><o:p>&nbsp;</o:p></p>\r\n<p class=\"MsoNormal\">Please see below. <o:p></o:p></p>\r\n<p class=\"MsoNormal\"><o:p>&nbsp;</o:p></p>\r\n<p class=\"MsoNormal\"><img width=\"1071\" height=\"837\" style=\"width:11.1562in;height:8.7187in\" id=\"Picture_x0020_15\" src=\"cid:image001.png@01D726EA.BCCEA120\"><o:p></o:p></p>\r\n<p class=\"MsoNormal\"><o:p>&nbsp;</o:p></p>\r\n<p class=\"MsoNormal\">--&nbsp;<o:p></o:p></p>\r\n<p class=\"MsoNormal\"><span style=\"font-size:10.0pt;font-family:&quot;Verdana&quot;,sans-serif\">Thanks and Regards,&nbsp;</span><o:p></o:p></p>\r\n<p class=\"MsoNormal\"><span style=\"font-size:9.5pt\"><o:p>&nbsp;</o:p></span></p>\r\n<p class=\"MsoNormal\"><b><i><span style=\"font-size:12.0pt;font-family:&quot;Verdana&quot;,sans-serif\">Shan Barla</span></i></b><b><i><span style=\"font-size:12.0pt\"><o:p></o:p></span></i></b></p>\r\n<p class=\"MsoNormal\"><span style=\"font-size:9.5pt\"><o:p>&nbsp;</o:p></span></p>\r\n<p class=\"MsoNormal\"><span style=\"font-size:9.5pt;font-family:&quot;Verdana&quot;,sans-serif\"><a href=\"mailto:shan@aussiebuspartners.com\">shan@aussiebuspartners.com</a></span><u><span style=\"font-family:&quot;Verdana&quot;,sans-serif;color:blue\"><o:p></o:p></span></u></p>\r\n<p class=\"MsoNormal\"><o:p>&nbsp;</o:p></p>\r\n<p class=\"MsoNormal\"><span style=\"font-size:10.0pt;font-family:&quot;Verdana&quot;,sans-serif\">Phone: &nbsp;</span><span style=\"color:#1E0AB6\"><a href=\"tel:0452+525+651\" target=\"_blank\"><span style=\"font-size:10.0pt;font-family:&quot;Verdana&quot;,sans-serif;color:#1E0AB6\">+61 452\r\n 52 56 51</span></a></span><span style=\"font-size:9.5pt\"><o:p></o:p></span></p>\r\n<p class=\"MsoNormal\"><span style=\"font-size:9.5pt\"><o:p>&nbsp;</o:p></span></p>\r\n<p class=\"MsoNormal\"><a href=\"https://aussiebuspartners.com/\">https://aussiebuspartners.com/</a><o:p></o:p></p>\r\n<p class=\"MsoNormal\"><span style=\"font-size:9.5pt\"><o:p>&nbsp;</o:p></span></p>\r\n<p class=\"MsoNormal\"><span style=\"font-size:9.5pt\"><o:p>&nbsp;</o:p></span></p>\r\n<p class=\"MsoNormal\" style=\"background:white;vertical-align:baseline\"><span style=\"font-size:9.5pt;color:black\">&nbsp;&nbsp;</span><span lang=\"EN-AU\" style=\"font-size:9.0pt;color:blue;border:none windowtext 1.0pt;padding:0in\"><img border=\"0\" width=\"86\" height=\"36\" style=\"width:.8958in;height:.375in\" id=\"Picture_x0020_10\" src=\"cid:image002.gif@01D726EA.BCCEA120\" alt=\"download 1\"></span><span lang=\"EN-AU\" style=\"font-size:6.0pt;color:blue;border:none windowtext 1.0pt;padding:0in\"><img border=\"0\" width=\"81\" height=\"41\" style=\"width:.8437in;height:.427in\" id=\"Picture_x0020_11\" src=\"cid:image003.gif@01D726EA.BCCEA120\" alt=\"download 2\"><img border=\"0\" width=\"63\" height=\"45\" style=\"width:.6562in;height:.4687in\" id=\"Picture_x0020_12\" src=\"cid:image004.jpg@01D726EA.BCCEA120\" alt=\"download 3\"></span><u><span lang=\"EN-AU\" style=\"color:blue;border:none windowtext 1.0pt;padding:0in\"><o:p></o:p></span></u></p>\r\n<p class=\"MsoNormal\" style=\"background:white;vertical-align:baseline\"><span lang=\"EN-AU\" style=\"font-size:6.0pt;color:blue;border:none windowtext 1.0pt;padding:0in\"><img border=\"0\" width=\"62\" height=\"35\" style=\"width:.6458in;height:.3645in\" id=\"Picture_x0020_13\" src=\"cid:image005.gif@01D726EA.BCCEA120\" alt=\"download 4\"><img border=\"0\" width=\"70\" height=\"46\" style=\"width:.7291in;height:.4791in\" id=\"Picture_x0020_14\" src=\"cid:image006.gif@01D726EA.BCCEA120\" alt=\"download 5\"></span><u><span lang=\"EN-AU\" style=\"color:blue;border:none windowtext 1.0pt;padding:0in\"><o:p></o:p></span></u></p>\r\n<p class=\"MsoNormal\" style=\"background:white;vertical-align:baseline\"><u><span lang=\"EN-AU\" style=\"color:blue;border:none windowtext 1.0pt;padding:0in\"><o:p><span style=\"text-decoration:none\">&nbsp;</span></o:p></span></u></p>\r\n<p class=\"MsoNormal\" style=\"background:white;vertical-align:baseline\"><u><span lang=\"EN-AU\" style=\"color:blue;border:none windowtext 1.0pt;padding:0in\"><o:p><span style=\"text-decoration:none\">&nbsp;</span></o:p></span></u></p>\r\n<p class=\"MsoNormal\"><span style=\"font-size:9.5pt\"><o:p>&nbsp;</o:p></span></p>\r\n<p class=\"MsoNormal\"><span style=\"font-size:9.5pt\">&nbsp; &nbsp;&nbsp;&nbsp;<o:p></o:p></span></p>\r\n<p class=\"MsoNormal\"><o:p>&nbsp;</o:p></p>\r\n<div style=\"border:none;border-top:solid #E1E1E1 1.0pt;padding:3.0pt 0in 0in 0in\">\r\n<p class=\"MsoNormal\"><b>From:</b> Support RightChoice &lt;support@rightchoice.io&gt; <br>\r\n<b>Sent:</b> Thursday, April 1, 2021 8:49 AM<br>\r\n<b>To:</b> Shan Barla &lt;shan@aussiebuspartners.com&gt;; support@rightchoice.io<br>\r\n<b>Cc:</b> Queensland Cleaning Club &lt;qldcleaningclub@gmail.com&gt;<br>\r\n<b>Subject:</b> Re: Email - Hello Account<o:p></o:p></p>\r\n</div>\r\n<p class=\"MsoNormal\"><o:p>&nbsp;</o:p></p>\r\n<div>\r\n<p class=\"MsoNormal\">Hi Shan / Parm,<o:p></o:p></p>\r\n<div>\r\n<p class=\"MsoNormal\"><o:p>&nbsp;</o:p></p>\r\n</div>\r\n<div>\r\n<p class=\"MsoNormal\">&nbsp; &nbsp;Warm Greetings from Right Choice.<o:p></o:p></p>\r\n</div>\r\n<div>\r\n<p class=\"MsoNormal\"><o:p>&nbsp;</o:p></p>\r\n</div>\r\n<div>\r\n<p class=\"MsoNormal\">Emails are workign fine,&nbsp; have a look and share your feedback.<o:p></o:p></p>\r\n</div>\r\n<div>\r\n<p class=\"MsoNormal\"><o:p>&nbsp;</o:p></p>\r\n</div>\r\n<div>\r\n<div>\r\n<p class=\"MsoNormal\"><span style=\"font-size:10.0pt;font-family:&quot;Courier New&quot;;color:#500050\">Regards,</span><o:p></o:p></p>\r\n</div>\r\n<div>\r\n<div>\r\n<div>\r\n<p class=\"MsoNormal\" style=\"mso-margin-top-alt:auto;mso-margin-bottom-alt:auto\"><span style=\"font-size:10.0pt;font-family:&quot;Courier New&quot;;color:#500050\">Gopi S</span><o:p></o:p></p>\r\n</div>\r\n<div>\r\n<p class=\"MsoNormal\" style=\"mso-margin-top-alt:auto;mso-margin-bottom-alt:auto\"><span style=\"font-size:10.0pt;font-family:&quot;Courier New&quot;;color:#500050\"><img border=\"0\" width=\"95\" height=\"22\" style=\"width:.9895in;height:.2291in\" id=\"_x0000_i1033\" src=\"https://rightchoice.io/wp-content/uploads/2019/12/RIGHT-CHOICE-NEW-LOGO-1.jpg\"></span><span style=\"font-size:10.0pt;font-family:&quot;Courier New&quot;;color:#500050\"><br>\r\n<a href=\"http://www.rightchoice.io/\" target=\"_blank\">www.rightChoice.io</a></span><o:p></o:p></p>\r\n</div>\r\n<div>\r\n<p class=\"MsoNormal\" style=\"mso-margin-top-alt:auto;mso-margin-bottom-alt:auto\"><span style=\"font-size:10.0pt;font-family:&quot;Courier New&quot;;color:#500050\"><a href=\"mailto:support@rightchoice.io\" target=\"_blank\">support@rightchoice.io</a><br>\r\n0431 202 187</span><o:p></o:p></p>\r\n</div>\r\n</div>\r\n</div>\r\n</div>\r\n</div>\r\n<p class=\"MsoNormal\"><o:p>&nbsp;</o:p></p>\r\n<div>\r\n<div>\r\n<p class=\"MsoNormal\">On Wed, Mar 31, 2021 at 2:08 PM Gopi RightChoice &lt;<a href=\"mailto:gopi@rightchoice.io\">gopi@rightchoice.io</a>&gt; wrote:<o:p></o:p></p>\r\n</div>\r\n<blockquote style=\"border:none;border-left:solid #CCCCCC 1.0pt;padding:0in 0in 0in 6.0pt;margin-left:4.8pt;margin-right:0in\">\r\n<div>\r\n<div>\r\n<p class=\"MsoNormal\">Hi Shan,<o:p></o:p></p>\r\n<div>\r\n<p class=\"MsoNormal\"><o:p>&nbsp;</o:p></p>\r\n</div>\r\n<div>\r\n<p class=\"MsoNormal\">&nbsp; &nbsp;Thank you for your email.<o:p></o:p></p>\r\n</div>\r\n<div>\r\n<p class=\"MsoNormal\"><o:p>&nbsp;</o:p></p>\r\n</div>\r\n<div>\r\n<p class=\"MsoNormal\">It seems Domain DNS settings are changed.<o:p></o:p></p>\r\n</div>\r\n<div>\r\n<p class=\"MsoNormal\"><o:p>&nbsp;</o:p></p>\r\n</div>\r\n<div>\r\n<p class=\"MsoNormal\">Can you share the Godaddy credentials?<o:p></o:p></p>\r\n</div>\r\n<div>\r\n<p class=\"MsoNormal\"><o:p>&nbsp;</o:p></p>\r\n</div>\r\n<div>\r\n<p class=\"MsoNormal\">Note:&nbsp; Don\'t change any settings without&nbsp;our knowledge,&nbsp; it will lead to a lot of&nbsp;problems.<o:p></o:p></p>\r\n</div>\r\n<div>\r\n<p class=\"MsoNormal\"><o:p>&nbsp;</o:p></p>\r\n</div>\r\n<div>\r\n<p class=\"MsoNormal\"><o:p>&nbsp;</o:p></p>\r\n</div>\r\n<div>\r\n<div>\r\n<p class=\"MsoNormal\"><span style=\"font-size:10.0pt;font-family:&quot;Courier New&quot;;color:#500050\">Regards,</span><o:p></o:p></p>\r\n</div>\r\n<div>\r\n<div>\r\n<div>\r\n<p class=\"MsoNormal\" style=\"mso-margin-top-alt:auto;mso-margin-bottom-alt:auto\"><span style=\"font-size:10.0pt;font-family:&quot;Courier New&quot;;color:#500050\">Gopi S</span><o:p></o:p></p>\r\n</div>\r\n<div>\r\n<p class=\"MsoNormal\" style=\"mso-margin-top-alt:auto;mso-margin-bottom-alt:auto\"><span style=\"font-size:10.0pt;font-family:&quot;Courier New&quot;;color:#500050\"><img border=\"0\" width=\"95\" height=\"22\" style=\"width:.9895in;height:.2291in\" id=\"_x0000_i1032\" src=\"https://rightchoice.io/wp-content/uploads/2019/12/RIGHT-CHOICE-NEW-LOGO-1.jpg\"></span><span style=\"font-size:10.0pt;font-family:&quot;Courier New&quot;;color:#500050\"><br>\r\n<a href=\"http://www.rightchoice.io/\" target=\"_blank\">www.rightChoice.io</a></span><o:p></o:p></p>\r\n</div>\r\n<div>\r\n<p class=\"MsoNormal\" style=\"mso-margin-top-alt:auto;mso-margin-bottom-alt:auto\"><span style=\"font-size:10.0pt;font-family:&quot;Courier New&quot;;color:#500050\"><a href=\"mailto:support@rightchoice.io\" target=\"_blank\">support@rightchoice.io</a><br>\r\n0431 202 187</span><o:p></o:p></p>\r\n</div>\r\n</div>\r\n</div>\r\n<p style=\"margin:0in;font-variant-numeric:normal;font-variant-east-asian:normal;font-stretch:normal\">\r\n<span style=\"font-size:9.0pt;font-family:&quot;Helvetica Neue&quot;,serif\"><o:p>&nbsp;</o:p></span></p>\r\n</div>\r\n<div>\r\n<p class=\"MsoNormal\"><o:p>&nbsp;</o:p></p>\r\n</div>\r\n</div>\r\n<p class=\"MsoNormal\"><o:p>&nbsp;</o:p></p>\r\n<div>\r\n<div>\r\n<p class=\"MsoNormal\">On Wed, Mar 31, 2021 at 1:00 PM Shan Barla &lt;<a href=\"mailto:shan@aussiebuspartners.com\" target=\"_blank\">shan@aussiebuspartners.com</a>&gt; wrote:<o:p></o:p></p>\r\n</div>\r\n<blockquote style=\"border:none;border-left:solid #CCCCCC 1.0pt;padding:0in 0in 0in 6.0pt;margin-left:4.8pt;margin-right:0in\">\r\n<div>\r\n<div>\r\n<p class=\"MsoNormal\" style=\"mso-margin-top-alt:auto;mso-margin-bottom-alt:auto\">Hi Gopi,\r\n<o:p></o:p></p>\r\n<p class=\"MsoNormal\" style=\"mso-margin-top-alt:auto;mso-margin-bottom-alt:auto\">&nbsp;<o:p></o:p></p>\r\n<p class=\"MsoNormal\" style=\"mso-margin-top-alt:auto;mso-margin-bottom-alt:auto\">Here you go, checked in Junk email as well nothing in there!<o:p></o:p></p>\r\n<p class=\"MsoNormal\" style=\"mso-margin-top-alt:auto;mso-margin-bottom-alt:auto\">&nbsp;<o:p></o:p></p>\r\n<p class=\"MsoNormal\" style=\"mso-margin-top-alt:auto;mso-margin-bottom-alt:auto\">&nbsp;<o:p></o:p></p>\r\n<p class=\"MsoNormal\" style=\"mso-margin-top-alt:auto;mso-margin-bottom-alt:auto\">&nbsp;<o:p></o:p></p>\r\n<p class=\"MsoNormal\" style=\"mso-margin-top-alt:auto;mso-margin-bottom-alt:auto\"><img border=\"0\" width=\"1680\" height=\"652\" style=\"width:17.5in;height:6.7916in\" id=\"gmail-m_908764955747496320gmail-m_1103675106087585796gmail-m_-6562394285341439988Picture_x0020_6\" src=\"cid:image007.png@01D726EA.BCCEA120\"><o:p></o:p></p>\r\n<p class=\"MsoNormal\" style=\"mso-margin-top-alt:auto;mso-margin-bottom-alt:auto\">&nbsp;<o:p></o:p></p>\r\n<p class=\"MsoNormal\" style=\"mso-margin-top-alt:auto;mso-margin-bottom-alt:auto\"><img border=\"0\" width=\"898\" height=\"687\" style=\"width:9.3541in;height:7.1562in\" id=\"gmail-m_908764955747496320gmail-m_1103675106087585796gmail-m_-6562394285341439988Picture_x0020_7\" src=\"cid:image008.png@01D726EA.BCCEA120\"><o:p></o:p></p>\r\n<p class=\"MsoNormal\" style=\"mso-margin-top-alt:auto;mso-margin-bottom-alt:auto\">&nbsp;<o:p></o:p></p>\r\n<p class=\"MsoNormal\" style=\"mso-margin-top-alt:auto;mso-margin-bottom-alt:auto\">&nbsp;<o:p></o:p></p>\r\n<p class=\"MsoNormal\" style=\"mso-margin-top-alt:auto;mso-margin-bottom-alt:auto\">&nbsp;<o:p></o:p></p>\r\n<p class=\"MsoNormal\" style=\"mso-margin-top-alt:auto;mso-margin-bottom-alt:auto\">--&nbsp;<o:p></o:p></p>\r\n<p class=\"MsoNormal\" style=\"mso-margin-top-alt:auto;mso-margin-bottom-alt:auto\"><span style=\"font-size:10.0pt;font-family:&quot;Verdana&quot;,sans-serif\">Thanks and Regards,&nbsp;</span><o:p></o:p></p>\r\n<p class=\"MsoNormal\" style=\"mso-margin-top-alt:auto;mso-margin-bottom-alt:auto\"><span style=\"font-size:9.5pt\">&nbsp;</span><o:p></o:p></p>\r\n<p class=\"MsoNormal\" style=\"mso-margin-top-alt:auto;mso-margin-bottom-alt:auto\"><b><i><span style=\"font-size:12.0pt;font-family:&quot;Verdana&quot;,sans-serif\">Shan Barla</span></i></b><o:p></o:p></p>\r\n<p class=\"MsoNormal\" style=\"mso-margin-top-alt:auto;mso-margin-bottom-alt:auto\"><span style=\"font-size:9.5pt\">&nbsp;</span><o:p></o:p></p>\r\n<p class=\"MsoNormal\" style=\"mso-margin-top-alt:auto;mso-margin-bottom-alt:auto\"><span style=\"font-size:9.5pt;font-family:&quot;Verdana&quot;,sans-serif\"><a href=\"mailto:shan@aussiebuspartners.com\" target=\"_blank\">shan@aussiebuspartners.com</a></span><o:p></o:p></p>\r\n<p class=\"MsoNormal\" style=\"mso-margin-top-alt:auto;mso-margin-bottom-alt:auto\">&nbsp;<o:p></o:p></p>\r\n<p class=\"MsoNormal\" style=\"mso-margin-top-alt:auto;mso-margin-bottom-alt:auto\"><span style=\"font-size:10.0pt;font-family:&quot;Verdana&quot;,sans-serif\">Phone: &nbsp;</span><span style=\"color:#1E0AB6\"><a href=\"tel:0452+525+651\" target=\"_blank\"><span style=\"font-size:10.0pt;font-family:&quot;Verdana&quot;,sans-serif;color:#1E0AB6\">+61\r\n 452 52 56 51</span></a></span><o:p></o:p></p>\r\n<p class=\"MsoNormal\" style=\"mso-margin-top-alt:auto;mso-margin-bottom-alt:auto\"><span style=\"font-size:9.5pt\">&nbsp;</span><o:p></o:p></p>\r\n<p class=\"MsoNormal\" style=\"mso-margin-top-alt:auto;mso-margin-bottom-alt:auto\"><a href=\"https://aussiebuspartners.com/\" target=\"_blank\">https://aussiebuspartners.com/</a><o:p></o:p></p>\r\n<p class=\"MsoNormal\" style=\"mso-margin-top-alt:auto;mso-margin-bottom-alt:auto\"><span style=\"font-size:9.5pt\">&nbsp;</span><o:p></o:p></p>\r\n<p class=\"MsoNormal\" style=\"mso-margin-top-alt:auto;mso-margin-bottom-alt:auto\"><span style=\"font-size:9.5pt\">&nbsp;</span><o:p></o:p></p>\r\n<p class=\"MsoNormal\" style=\"mso-margin-top-alt:auto;mso-margin-bottom-alt:auto;background:white;vertical-align:baseline\">\r\n<span style=\"font-size:9.5pt;color:black\">&nbsp;&nbsp;</span><span lang=\"EN-AU\" style=\"font-size:9.0pt;color:blue;border:none windowtext 1.0pt;padding:0in\"><img border=\"0\" width=\"86\" height=\"36\" style=\"width:.8958in;height:.375in\" id=\"gmail-m_908764955747496320gmail-m_1103675106087585796gmail-m_-6562394285341439988Picture_x0020_1\" src=\"cid:image002.gif@01D726EA.BCCEA120\" alt=\"download 1\"></span><span lang=\"EN-AU\" style=\"font-size:6.0pt;color:blue;border:none windowtext 1.0pt;padding:0in\"><img border=\"0\" width=\"81\" height=\"41\" style=\"width:.8437in;height:.427in\" id=\"gmail-m_908764955747496320gmail-m_1103675106087585796gmail-m_-6562394285341439988Picture_x0020_2\" src=\"cid:image003.gif@01D726EA.BCCEA120\" alt=\"download 2\"><img border=\"0\" width=\"63\" height=\"45\" style=\"width:.6562in;height:.4687in\" id=\"gmail-m_908764955747496320gmail-m_1103675106087585796gmail-m_-6562394285341439988Picture_x0020_3\" src=\"cid:image004.jpg@01D726EA.BCCEA120\" alt=\"download 3\"></span><o:p></o:p></p>\r\n<p class=\"MsoNormal\" style=\"mso-margin-top-alt:auto;mso-margin-bottom-alt:auto;background:white;vertical-align:baseline\">\r\n<span lang=\"EN-AU\" style=\"font-size:6.0pt;color:blue;border:none windowtext 1.0pt;padding:0in\"><img border=\"0\" width=\"62\" height=\"35\" style=\"width:.6458in;height:.3645in\" id=\"gmail-m_908764955747496320gmail-m_1103675106087585796gmail-m_-6562394285341439988Picture_x0020_4\" src=\"cid:image005.gif@01D726EA.BCCEA120\" alt=\"download 4\"><img border=\"0\" width=\"70\" height=\"46\" style=\"width:.7291in;height:.4791in\" id=\"gmail-m_908764955747496320gmail-m_1103675106087585796gmail-m_-6562394285341439988Picture_x0020_5\" src=\"cid:image006.gif@01D726EA.BCCEA120\" alt=\"download 5\"></span><o:p></o:p></p>\r\n<p class=\"MsoNormal\" style=\"mso-margin-top-alt:auto;mso-margin-bottom-alt:auto;background:white;vertical-align:baseline\">\r\n<span lang=\"EN-AU\" style=\"color:blue;border:none windowtext 1.0pt;padding:0in\">&nbsp;</span><o:p></o:p></p>\r\n<p class=\"MsoNormal\" style=\"mso-margin-top-alt:auto;mso-margin-bottom-alt:auto;background:white;vertical-align:baseline\">\r\n<span lang=\"EN-AU\" style=\"color:blue;border:none windowtext 1.0pt;padding:0in\">&nbsp;</span><o:p></o:p></p>\r\n<p class=\"MsoNormal\" style=\"mso-margin-top-alt:auto;mso-margin-bottom-alt:auto\"><span style=\"font-size:9.5pt\">&nbsp;</span><o:p></o:p></p>\r\n<p class=\"MsoNormal\" style=\"mso-margin-top-alt:auto;mso-margin-bottom-alt:auto\"><span style=\"font-size:9.5pt\">&nbsp; &nbsp;&nbsp;&nbsp;</span><o:p></o:p></p>\r\n<p class=\"MsoNormal\" style=\"mso-margin-top-alt:auto;mso-margin-bottom-alt:auto\">&nbsp;<o:p></o:p></p>\r\n</div>\r\n</div>\r\n</blockquote>\r\n</div>\r\n</div>\r\n</blockquote>\r\n</div>\r\n</div>\r\n</body>\r\n</html>\r\n<br><br>', 'utf-8', 1, 0, 0, ' <MEYP282MB1461BB7949A5EEA7CDB1856BC07B9@MEYP282MB1461.AUSP282.PROD.OUTLOOK.COM>', 1, 1495, 1617269694, NULL, 'INBOX'),
(21, '[\"qldcleaningclub@gmail.com\"]', '[\"gopi@rightchoice.io\",\"shan@aussiebuspartners.com\",\"support@rightchoice.io\"]', '[]', '[]', '1617241408', 'Fwd: Email - Hello Account', '<div dir=\"ltr\">Hi Gopi,<div>Good Morning,</div><div>Please check everything before you ask us to check thank you.<br><br><div class=\"gmail_quote\"><div dir=\"ltr\" class=\"gmail_attr\">---------- Forwarded message ---------<br>From: <strong class=\"gmail_sendername\" dir=\"auto\">Shan Barla</strong> <span dir=\"auto\">&lt;<a href=\"mailto:shan@aussiebuspartners.com\">shan@aussiebuspartners.com</a>&gt;</span><br>Date: Thu, 1 Apr 2021 at 11:38<br>Subject: RE: Email - Hello Account<br>To: Support RightChoice &lt;<a href=\"mailto:support@rightchoice.io\">support@rightchoice.io</a>&gt;<br>Cc: Queensland Cleaning Club &lt;<a href=\"mailto:qldcleaningclub@gmail.com\">qldcleaningclub@gmail.com</a>&gt;<br></div><br><br>\r\n\r\n\r\n\r\n\r\n\r\n<div lang=\"EN-US\" link=\"blue\" vlink=\"purple\" style=\"word-wrap:break-word\">\r\n<div class=\"m_5889740412189442072WordSection1\">\r\n<p class=\"MsoNormal\">Hi Gopi, <u></u><u></u></p>\r\n<p class=\"MsoNormal\"><u></u><u></u></p>\r\n<p class=\"MsoNormal\">Thank you. They are not working.<u></u><u></u></p>\r\n<p class=\"MsoNormal\"><u></u><u></u></p>\r\n<p class=\"MsoNormal\">Please see below. <u></u><u></u></p>\r\n<p class=\"MsoNormal\"><u></u><u></u></p>\r\n<p class=\"MsoNormal\"><img width=\"1071\" height=\"837\" style=\"width:11.1562in;height:8.7187in\" id=\"m_5889740412189442072Picture_x0020_15\" src=\"cid:1788b16a0964cff311\"><u></u><u></u></p>\r\n<p class=\"MsoNormal\"><u></u><u></u></p>\r\n<p class=\"MsoNormal\">--<u></u><u></u></p>\r\n<p class=\"MsoNormal\"><span style=\"font-size:10.0pt;font-family:&quot;Verdana&quot;,sans-serif\">Thanks and Regards,</span><u></u><u></u></p>\r\n<p class=\"MsoNormal\"><span style=\"font-size:9.5pt\"><u></u><u></u></span></p>\r\n<p class=\"MsoNormal\"><b><i><span style=\"font-size:12.0pt;font-family:&quot;Verdana&quot;,sans-serif\">Shan Barla</span></i></b><b><i><span style=\"font-size:12.0pt\"><u></u><u></u></span></i></b></p>\r\n<p class=\"MsoNormal\"><span style=\"font-size:9.5pt\"><u></u><u></u></span></p>\r\n<p class=\"MsoNormal\"><span style=\"font-size:9.5pt;font-family:&quot;Verdana&quot;,sans-serif\"><a href=\"mailto:shan@aussiebuspartners.com\" target=\"_blank\">shan@aussiebuspartners.com</a></span><u><span style=\"font-family:&quot;Verdana&quot;,sans-serif;color:blue\"><u></u><u></u></span></u></p>\r\n<p class=\"MsoNormal\"><u></u><u></u></p>\r\n<p class=\"MsoNormal\"><span style=\"font-size:10.0pt;font-family:&quot;Verdana&quot;,sans-serif\">Phone: </span><span style=\"color:#1e0ab6\"><a href=\"tel:0452+525+651\" target=\"_blank\"><span style=\"font-size:10.0pt;font-family:&quot;Verdana&quot;,sans-serif;color:#1e0ab6\">+61 452\r\n 52 56 51</span></a></span><span style=\"font-size:9.5pt\"><u></u><u></u></span></p>\r\n<p class=\"MsoNormal\"><span style=\"font-size:9.5pt\"><u></u><u></u></span></p>\r\n<p class=\"MsoNormal\"><a href=\"https://aussiebuspartners.com/\" target=\"_blank\">https://aussiebuspartners.com/</a><u></u><u></u></p>\r\n<p class=\"MsoNormal\"><span style=\"font-size:9.5pt\"><u></u><u></u></span></p>\r\n<p class=\"MsoNormal\"><span style=\"font-size:9.5pt\"><u></u><u></u></span></p>\r\n<p class=\"MsoNormal\" style=\"background:white;vertical-align:baseline\"><span style=\"font-size:9.5pt;color:black\"></span><span lang=\"EN-AU\" style=\"font-size:9.0pt;color:blue;border:none windowtext 1.0pt;padding:0in\"><img border=\"0\" width=\"86\" height=\"36\" style=\"width:.8958in;height:.375in\" id=\"m_5889740412189442072Picture_x0020_10\" src=\"cid:1788b16a0965af44d2\" alt=\"download 1\"></span><span lang=\"EN-AU\" style=\"font-size:6.0pt;color:blue;border:none windowtext 1.0pt;padding:0in\"><img border=\"0\" width=\"81\" height=\"41\" style=\"width:.8437in;height:.427in\" id=\"m_5889740412189442072Picture_x0020_11\" src=\"cid:1788b16a096690bce3\" alt=\"download 2\"><img border=\"0\" width=\"63\" height=\"45\" style=\"width:.6562in;height:.4687in\" id=\"m_5889740412189442072Picture_x0020_12\" src=\"cid:1788b16a096772f6c4\" alt=\"download 3\"></span><u><span lang=\"EN-AU\" style=\"color:blue;border:none windowtext 1.0pt;padding:0in\"><u></u><u></u></span></u></p>\r\n<p class=\"MsoNormal\" style=\"background:white;vertical-align:baseline\"><span lang=\"EN-AU\" style=\"font-size:6.0pt;color:blue;border:none windowtext 1.0pt;padding:0in\"><img border=\"0\" width=\"62\" height=\"35\" style=\"width:.6458in;height:.3645in\" id=\"m_5889740412189442072Picture_x0020_13\" src=\"cid:1788b16a096853ad05\" alt=\"download 4\"><img border=\"0\" width=\"70\" height=\"46\" style=\"width:.7291in;height:.4791in\" id=\"m_5889740412189442072Picture_x0020_14\" src=\"cid:1788b16a0969352516\" alt=\"download 5\"></span><u><span lang=\"EN-AU\" style=\"color:blue;border:none windowtext 1.0pt;padding:0in\"><u></u><u></u></span></u></p>\r\n<p class=\"MsoNormal\" style=\"background:white;vertical-align:baseline\"><u><span lang=\"EN-AU\" style=\"color:blue;border:none windowtext 1.0pt;padding:0in\"><u></u><span style=\"text-decoration:none\"></span><u></u></span></u></p>\r\n<p class=\"MsoNormal\" style=\"background:white;vertical-align:baseline\"><u><span lang=\"EN-AU\" style=\"color:blue;border:none windowtext 1.0pt;padding:0in\"><u></u><span style=\"text-decoration:none\"></span><u></u></span></u></p>\r\n<p class=\"MsoNormal\"><span style=\"font-size:9.5pt\"><u></u><u></u></span></p>\r\n<p class=\"MsoNormal\"><span style=\"font-size:9.5pt\"> <u></u><u></u></span></p>\r\n<p class=\"MsoNormal\"><u></u><u></u></p>\r\n<div style=\"border:none;border-top:solid #e1e1e1 1.0pt;padding:3.0pt 0in 0in 0in\">\r\n<p class=\"MsoNormal\"><b>From:</b> Support RightChoice &lt;<a href=\"mailto:support@rightchoice.io\" target=\"_blank\">support@rightchoice.io</a>&gt; <br>\r\n<b>Sent:</b> Thursday, April 1, 2021 8:49 AM<br>\r\n<b>To:</b> Shan Barla &lt;<a href=\"mailto:shan@aussiebuspartners.com\" target=\"_blank\">shan@aussiebuspartners.com</a>&gt;; <a href=\"mailto:support@rightchoice.io\" target=\"_blank\">support@rightchoice.io</a><br>\r\n<b>Cc:</b> Queensland Cleaning Club &lt;<a href=\"mailto:qldcleaningclub@gmail.com\" target=\"_blank\">qldcleaningclub@gmail.com</a>&gt;<br>\r\n<b>Subject:</b> Re: Email - Hello Account<u></u><u></u></p>\r\n</div>\r\n<p class=\"MsoNormal\"><u></u><u></u></p>\r\n<div>\r\n<p class=\"MsoNormal\">Hi Shan / Parm,<u></u><u></u></p>\r\n<div>\r\n<p class=\"MsoNormal\"><u></u><u></u></p>\r\n</div>\r\n<div>\r\n<p class=\"MsoNormal\"> Warm Greetings from Right Choice.<u></u><u></u></p>\r\n</div>\r\n<div>\r\n<p class=\"MsoNormal\"><u></u><u></u></p>\r\n</div>\r\n<div>\r\n<p class=\"MsoNormal\">Emails are workign fine, have a look and share your feedback.<u></u><u></u></p>\r\n</div>\r\n<div>\r\n<p class=\"MsoNormal\"><u></u><u></u></p>\r\n</div>\r\n<div>\r\n<div>\r\n<p class=\"MsoNormal\"><span style=\"font-size:10.0pt;font-family:&quot;Courier New&quot;;color:#500050\">Regards,</span><u></u><u></u></p>\r\n</div>\r\n<div>\r\n<div>\r\n<div>\r\n<p class=\"MsoNormal\"><span style=\"font-size:10.0pt;font-family:&quot;Courier New&quot;;color:#500050\">Gopi S</span><u></u><u></u></p>\r\n</div>\r\n<div>\r\n<p class=\"MsoNormal\"><span style=\"font-size:10.0pt;font-family:&quot;Courier New&quot;;color:#500050\"><img border=\"0\" width=\"95\" height=\"22\" style=\"width:.9895in;height:.2291in\" id=\"m_5889740412189442072_x0000_i1033\" src=\"https://rightchoice.io/wp-content/uploads/2019/12/RIGHT-CHOICE-NEW-LOGO-1.jpg\"></span><span style=\"font-size:10.0pt;font-family:&quot;Courier New&quot;;color:#500050\"><br>\r\n<a href=\"http://www.rightchoice.io/\" target=\"_blank\">www.rightChoice.io</a></span><u></u><u></u></p>\r\n</div>\r\n<div>\r\n<p class=\"MsoNormal\"><span style=\"font-size:10.0pt;font-family:&quot;Courier New&quot;;color:#500050\"><a href=\"mailto:support@rightchoice.io\" target=\"_blank\">support@rightchoice.io</a><br>\r\n0431 202 187</span><u></u><u></u></p>\r\n</div>\r\n</div>\r\n</div>\r\n</div>\r\n</div>\r\n<p class=\"MsoNormal\"><u></u><u></u></p>\r\n<div>\r\n<div>\r\n<p class=\"MsoNormal\">On Wed, Mar 31, 2021 at 2:08 PM Gopi RightChoice &lt;<a href=\"mailto:gopi@rightchoice.io\" target=\"_blank\">gopi@rightchoice.io</a>&gt; wrote:<u></u><u></u></p>\r\n</div>\r\n<blockquote style=\"border:none;border-left:solid #cccccc 1.0pt;padding:0in 0in 0in 6.0pt;margin-left:4.8pt;margin-right:0in\">\r\n<div>\r\n<div>\r\n<p class=\"MsoNormal\">Hi Shan,<u></u><u></u></p>\r\n<div>\r\n<p class=\"MsoNormal\"><u></u><u></u></p>\r\n</div>\r\n<div>\r\n<p class=\"MsoNormal\"> Thank you for your email.<u></u><u></u></p>\r\n</div>\r\n<div>\r\n<p class=\"MsoNormal\"><u></u><u></u></p>\r\n</div>\r\n<div>\r\n<p class=\"MsoNormal\">It seems Domain DNS settings are changed.<u></u><u></u></p>\r\n</div>\r\n<div>\r\n<p class=\"MsoNormal\"><u></u><u></u></p>\r\n</div>\r\n<div>\r\n<p class=\"MsoNormal\">Can you share the Godaddy credentials?<u></u><u></u></p>\r\n</div>\r\n<div>\r\n<p class=\"MsoNormal\"><u></u><u></u></p>\r\n</div>\r\n<div>\r\n<p class=\"MsoNormal\">Note: Don&#39;t change any settings withoutour knowledge, it will lead to a lot ofproblems.<u></u><u></u></p>\r\n</div>\r\n<div>\r\n<p class=\"MsoNormal\"><u></u><u></u></p>\r\n</div>\r\n<div>\r\n<p class=\"MsoNormal\"><u></u><u></u></p>\r\n</div>\r\n<div>\r\n<div>\r\n<p class=\"MsoNormal\"><span style=\"font-size:10.0pt;font-family:&quot;Courier New&quot;;color:#500050\">Regards,</span><u></u><u></u></p>\r\n</div>\r\n<div>\r\n<div>\r\n<div>\r\n<p class=\"MsoNormal\"><span style=\"font-size:10.0pt;font-family:&quot;Courier New&quot;;color:#500050\">Gopi S</span><u></u><u></u></p>\r\n</div>\r\n<div>\r\n<p class=\"MsoNormal\"><span style=\"font-size:10.0pt;font-family:&quot;Courier New&quot;;color:#500050\"><img border=\"0\" width=\"95\" height=\"22\" style=\"width:.9895in;height:.2291in\" id=\"m_5889740412189442072_x0000_i1032\" src=\"https://rightchoice.io/wp-content/uploads/2019/12/RIGHT-CHOICE-NEW-LOGO-1.jpg\"></span><span style=\"font-size:10.0pt;font-family:&quot;Courier New&quot;;color:#500050\"><br>\r\n<a href=\"http://www.rightchoice.io/\" target=\"_blank\">www.rightChoice.io</a></span><u></u><u></u></p>\r\n</div>\r\n<div>\r\n<p class=\"MsoNormal\"><span style=\"font-size:10.0pt;font-family:&quot;Courier New&quot;;color:#500050\"><a href=\"mailto:support@rightchoice.io\" target=\"_blank\">support@rightchoice.io</a><br>\r\n0431 202 187</span><u></u><u></u></p>\r\n</div>\r\n</div>\r\n</div>\r\n<p style=\"margin:0in;font-variant-numeric:normal;font-variant-east-asian:normal;font-stretch:normal\">\r\n<span style=\"font-size:9.0pt;font-family:&quot;Helvetica Neue&quot;,serif\"><u></u><u></u></span></p>\r\n</div>\r\n<div>\r\n<p class=\"MsoNormal\"><u></u><u></u></p>\r\n</div>\r\n</div>\r\n<p class=\"MsoNormal\"><u></u><u></u></p>\r\n<div>\r\n<div>\r\n<p class=\"MsoNormal\">On Wed, Mar 31, 2021 at 1:00 PM Shan Barla &lt;<a href=\"mailto:shan@aussiebuspartners.com\" target=\"_blank\">shan@aussiebuspartners.com</a>&gt; wrote:<u></u><u></u></p>\r\n</div>\r\n<blockquote style=\"border:none;border-left:solid #cccccc 1.0pt;padding:0in 0in 0in 6.0pt;margin-left:4.8pt;margin-right:0in\">\r\n<div>\r\n<div>\r\n<p class=\"MsoNormal\">Hi Gopi,\r\n<u></u><u></u></p>\r\n<p class=\"MsoNormal\"><u></u><u></u></p>\r\n<p class=\"MsoNormal\">Here you go, checked in Junk email as well nothing in there!<u></u><u></u></p>\r\n<p class=\"MsoNormal\"><u></u><u></u></p>\r\n<p class=\"MsoNormal\"><u></u><u></u></p>\r\n<p class=\"MsoNormal\"><u></u><u></u></p>\r\n<p class=\"MsoNormal\"><img border=\"0\" width=\"1680\" height=\"652\" style=\"width:17.5in;height:6.7916in\" id=\"m_5889740412189442072gmail-m_908764955747496320gmail-m_1103675106087585796gmail-m_-6562394285341439988Picture_x0020_6\" src=\"cid:1788b16a096a18c377\"><u></u><u></u></p>\r\n<p class=\"MsoNormal\"><u></u><u></u></p>\r\n<p class=\"MsoNormal\"><img border=\"0\" width=\"898\" height=\"687\" style=\"width:9.3541in;height:7.1562in\" id=\"m_5889740412189442072gmail-m_908764955747496320gmail-m_1103675106087585796gmail-m_-6562394285341439988Picture_x0020_7\" src=\"cid:1788b16a096afa3b88\"><u></u><u></u></p>\r\n<p class=\"MsoNormal\"><u></u><u></u></p>\r\n<p class=\"MsoNormal\"><u></u><u></u></p>\r\n<p class=\"MsoNormal\"><u></u><u></u></p>\r\n<p class=\"MsoNormal\">--<u></u><u></u></p>\r\n<p class=\"MsoNormal\"><span style=\"font-size:10.0pt;font-family:&quot;Verdana&quot;,sans-serif\">Thanks and Regards,</span><u></u><u></u></p>\r\n<p class=\"MsoNormal\"><span style=\"font-size:9.5pt\"></span><u></u><u></u></p>\r\n<p class=\"MsoNormal\"><b><i><span style=\"font-size:12.0pt;font-family:&quot;Verdana&quot;,sans-serif\">Shan Barla</span></i></b><u></u><u></u></p>\r\n<p class=\"MsoNormal\"><span style=\"font-size:9.5pt\"></span><u></u><u></u></p>\r\n<p class=\"MsoNormal\"><span style=\"font-size:9.5pt;font-family:&quot;Verdana&quot;,sans-serif\"><a href=\"mailto:shan@aussiebuspartners.com\" target=\"_blank\">shan@aussiebuspartners.com</a></span><u></u><u></u></p>\r\n<p class=\"MsoNormal\"><u></u><u></u></p>\r\n<p class=\"MsoNormal\"><span style=\"font-size:10.0pt;font-family:&quot;Verdana&quot;,sans-serif\">Phone: </span><span style=\"color:#1e0ab6\"><a href=\"tel:0452+525+651\" target=\"_blank\"><span style=\"font-size:10.0pt;font-family:&quot;Verdana&quot;,sans-serif;color:#1e0ab6\">+61\r\n 452 52 56 51</span></a></span><u></u><u></u></p>\r\n<p class=\"MsoNormal\"><span style=\"font-size:9.5pt\"></span><u></u><u></u></p>\r\n<p class=\"MsoNormal\"><a href=\"https://aussiebuspartners.com/\" target=\"_blank\">https://aussiebuspartners.com/</a><u></u><u></u></p>\r\n<p class=\"MsoNormal\"><span style=\"font-size:9.5pt\"></span><u></u><u></u></p>\r\n<p class=\"MsoNormal\"><span style=\"font-size:9.5pt\"></span><u></u><u></u></p>\r\n<p class=\"MsoNormal\" style=\"background:white;vertical-align:baseline\">\r\n<span style=\"font-size:9.5pt;color:black\"></span><span lang=\"EN-AU\" style=\"font-size:9.0pt;color:blue;border:none windowtext 1.0pt;padding:0in\"><img border=\"0\" width=\"86\" height=\"36\" style=\"width:.8958in;height:.375in\" id=\"m_5889740412189442072gmail-m_908764955747496320gmail-m_1103675106087585796gmail-m_-6562394285341439988Picture_x0020_1\" src=\"cid:1788b16a0965af44d2\" alt=\"download 1\"></span><span lang=\"EN-AU\" style=\"font-size:6.0pt;color:blue;border:none windowtext 1.0pt;padding:0in\"><img border=\"0\" width=\"81\" height=\"41\" style=\"width:.8437in;height:.427in\" id=\"m_5889740412189442072gmail-m_908764955747496320gmail-m_1103675106087585796gmail-m_-6562394285341439988Picture_x0020_2\" src=\"cid:1788b16a096690bce3\" alt=\"download 2\"><img border=\"0\" width=\"63\" height=\"45\" style=\"width:.6562in;height:.4687in\" id=\"m_5889740412189442072gmail-m_908764955747496320gmail-m_1103675106087585796gmail-m_-6562394285341439988Picture_x0020_3\" src=\"cid:1788b16a096772f6c4\" alt=\"download 3\"></span><u></u><u></u></p>\r\n<p class=\"MsoNormal\" style=\"background:white;vertical-align:baseline\">\r\n<span lang=\"EN-AU\" style=\"font-size:6.0pt;color:blue;border:none windowtext 1.0pt;padding:0in\"><img border=\"0\" width=\"62\" height=\"35\" style=\"width:.6458in;height:.3645in\" id=\"m_5889740412189442072gmail-m_908764955747496320gmail-m_1103675106087585796gmail-m_-6562394285341439988Picture_x0020_4\" src=\"cid:1788b16a096853ad05\" alt=\"download 4\"><img border=\"0\" width=\"70\" height=\"46\" style=\"width:.7291in;height:.4791in\" id=\"m_5889740412189442072gmail-m_908764955747496320gmail-m_1103675106087585796gmail-m_-6562394285341439988Picture_x0020_5\" src=\"cid:1788b16a0969352516\" alt=\"download 5\"></span><u></u><u></u></p>\r\n<p class=\"MsoNormal\" style=\"background:white;vertical-align:baseline\">\r\n<span lang=\"EN-AU\" style=\"color:blue;border:none windowtext 1.0pt;padding:0in\"></span><u></u><u></u></p>\r\n<p class=\"MsoNormal\" style=\"background:white;vertical-align:baseline\">\r\n<span lang=\"EN-AU\" style=\"color:blue;border:none windowtext 1.0pt;padding:0in\"></span><u></u><u></u></p>\r\n<p class=\"MsoNormal\"><span style=\"font-size:9.5pt\"></span><u></u><u></u></p>\r\n<p class=\"MsoNormal\"><span style=\"font-size:9.5pt\"> </span><u></u><u></u></p>\r\n<p class=\"MsoNormal\"><u></u><u></u></p>\r\n</div>\r\n</div>\r\n</blockquote>\r\n</div>\r\n</div>\r\n</blockquote>\r\n</div>\r\n</div>\r\n</div>\r\n\r\n</div></div></div>\r\n<br><br>', 'UTF-8', 1, 0, 0, '<CA+CgZn0tfZRA-fiey_SuxdzTDvv+5acpDZWKDm5apmYfU_5pZw@mail.gmail.com>', 1, 1496, 1617269694, NULL, 'INBOX');
INSERT INTO `vtiger_mailmanager_mailrecord` (`userid`, `mfrom`, `mto`, `mcc`, `mbcc`, `mdate`, `msubject`, `mbody`, `mcharset`, `misbodyhtml`, `mplainmessage`, `mhtmlmessage`, `muniqueid`, `mbodyparsed`, `muid`, `lastsavedtime`, `folder`, `mfolder`) VALUES
(21, '[\"qldcleaningclub@gmail.com\"]', '[\"gopi@rightchoice.io\",\"shan@aussiebuspartners.com\",\"support@rightchoice.io\"]', '[]', '[]', '1617242679', 'Re: Email - Hello Account', '<div dir=\"ltr\">Hi Gopi,<div>We haven&#39;t received the Right Clean update yet thank you.</div></div><br><div class=\"gmail_quote\"><div dir=\"ltr\" class=\"gmail_attr\">On Thu, 1 Apr 2021 at 11:43, Queensland Cleaning Club &lt;<a href=\"mailto:qldcleaningclub@gmail.com\">qldcleaningclub@gmail.com</a>&gt; wrote:<br></div><blockquote class=\"gmail_quote\" style=\"margin:0px 0px 0px 0.8ex;border-left:1px solid rgb(204,204,204);padding-left:1ex\"><div dir=\"ltr\">Hi Gopi,<div>Good Morning,</div><div>Please check everything before you ask us to check thank you.<br><br><div class=\"gmail_quote\"><div dir=\"ltr\" class=\"gmail_attr\">---------- Forwarded message ---------<br>From: <strong class=\"gmail_sendername\" dir=\"auto\">Shan Barla</strong> <span dir=\"auto\">&lt;<a href=\"mailto:shan@aussiebuspartners.com\" target=\"_blank\">shan@aussiebuspartners.com</a>&gt;</span><br>Date: Thu, 1 Apr 2021 at 11:38<br>Subject: RE: Email - Hello Account<br>To: Support RightChoice &lt;<a href=\"mailto:support@rightchoice.io\" target=\"_blank\">support@rightchoice.io</a>&gt;<br>Cc: Queensland Cleaning Club &lt;<a href=\"mailto:qldcleaningclub@gmail.com\" target=\"_blank\">qldcleaningclub@gmail.com</a>&gt;<br></div><br><br>\r\n\r\n\r\n\r\n\r\n\r\n<div lang=\"EN-US\" style=\"overflow-wrap: break-word;\">\r\n<div>\r\n<p class=\"MsoNormal\">Hi Gopi, <u></u><u></u></p>\r\n<p class=\"MsoNormal\"><u></u><u></u></p>\r\n<p class=\"MsoNormal\">Thank you. They are not working.<u></u><u></u></p>\r\n<p class=\"MsoNormal\"><u></u><u></u></p>\r\n<p class=\"MsoNormal\">Please see below. <u></u><u></u></p>\r\n<p class=\"MsoNormal\"><u></u><u></u></p>\r\n<p class=\"MsoNormal\"><img width=\"1071\" height=\"837\" style=\"width: 11.1562in; height: 8.7187in;\" id=\"gmail-m_-8198839234582512206m_5889740412189442072Picture_x0020_15\" src=\"cid:1788b16a0964cff311\"><u></u><u></u></p>\r\n<p class=\"MsoNormal\"><u></u><u></u></p>\r\n<p class=\"MsoNormal\">--<u></u><u></u></p>\r\n<p class=\"MsoNormal\"><span style=\"font-size:10pt;font-family:Verdana,sans-serif\">Thanks and Regards,</span><u></u><u></u></p>\r\n<p class=\"MsoNormal\"><span style=\"font-size:9.5pt\"><u></u><u></u></span></p>\r\n<p class=\"MsoNormal\"><b><i><span style=\"font-size:12pt;font-family:Verdana,sans-serif\">Shan Barla</span></i></b><b><i><span style=\"font-size:12pt\"><u></u><u></u></span></i></b></p>\r\n<p class=\"MsoNormal\"><span style=\"font-size:9.5pt\"><u></u><u></u></span></p>\r\n<p class=\"MsoNormal\"><span style=\"font-size:9.5pt;font-family:Verdana,sans-serif\"><a href=\"mailto:shan@aussiebuspartners.com\" target=\"_blank\">shan@aussiebuspartners.com</a></span><u><span style=\"font-family:Verdana,sans-serif;color:blue\"><u></u><u></u></span></u></p>\r\n<p class=\"MsoNormal\"><u></u><u></u></p>\r\n<p class=\"MsoNormal\"><span style=\"font-size:10pt;font-family:Verdana,sans-serif\">Phone: </span><span style=\"color:rgb(30,10,182)\"><a href=\"tel:0452+525+651\" target=\"_blank\"><span style=\"font-size:10pt;font-family:Verdana,sans-serif;color:rgb(30,10,182)\">+61 452\r\n 52 56 51</span></a></span><span style=\"font-size:9.5pt\"><u></u><u></u></span></p>\r\n<p class=\"MsoNormal\"><span style=\"font-size:9.5pt\"><u></u><u></u></span></p>\r\n<p class=\"MsoNormal\"><a href=\"https://aussiebuspartners.com/\" target=\"_blank\">https://aussiebuspartners.com/</a><u></u><u></u></p>\r\n<p class=\"MsoNormal\"><span style=\"font-size:9.5pt\"><u></u><u></u></span></p>\r\n<p class=\"MsoNormal\"><span style=\"font-size:9.5pt\"><u></u><u></u></span></p>\r\n<p class=\"MsoNormal\" style=\"background:white;vertical-align:baseline\"><span style=\"font-size:9.5pt;color:black\"></span><span lang=\"EN-AU\" style=\"font-size:9pt;color:blue;border:1pt none windowtext;padding:0in\"><img border=\"0\" width=\"86\" height=\"36\" style=\"width: 0.8958in; height: 0.375in;\" id=\"gmail-m_-8198839234582512206m_5889740412189442072Picture_x0020_10\" src=\"cid:1788b16a0965af44d2\" alt=\"download 1\"></span><span lang=\"EN-AU\" style=\"font-size:6pt;color:blue;border:1pt none windowtext;padding:0in\"><img border=\"0\" width=\"81\" height=\"41\" style=\"width: 0.8437in; height: 0.427in;\" id=\"gmail-m_-8198839234582512206m_5889740412189442072Picture_x0020_11\" src=\"cid:1788b16a096690bce3\" alt=\"download 2\"><img border=\"0\" width=\"63\" height=\"45\" style=\"width: 0.6562in; height: 0.4687in;\" id=\"gmail-m_-8198839234582512206m_5889740412189442072Picture_x0020_12\" src=\"cid:1788b16a096772f6c4\" alt=\"download 3\"></span><u><span lang=\"EN-AU\" style=\"color:blue;border:1pt none windowtext;padding:0in\"><u></u><u></u></span></u></p>\r\n<p class=\"MsoNormal\" style=\"background:white;vertical-align:baseline\"><span lang=\"EN-AU\" style=\"font-size:6pt;color:blue;border:1pt none windowtext;padding:0in\"><img border=\"0\" width=\"62\" height=\"35\" style=\"width: 0.6458in; height: 0.3645in;\" id=\"gmail-m_-8198839234582512206m_5889740412189442072Picture_x0020_13\" src=\"cid:1788b16a096853ad05\" alt=\"download 4\"><img border=\"0\" width=\"70\" height=\"46\" style=\"width: 0.7291in; height: 0.4791in;\" id=\"gmail-m_-8198839234582512206m_5889740412189442072Picture_x0020_14\" src=\"cid:1788b16a0969352516\" alt=\"download 5\"></span><u><span lang=\"EN-AU\" style=\"color:blue;border:1pt none windowtext;padding:0in\"><u></u><u></u></span></u></p>\r\n<p class=\"MsoNormal\" style=\"background:white;vertical-align:baseline\"><u><span lang=\"EN-AU\" style=\"color:blue;border:1pt none windowtext;padding:0in\"><u></u><span style=\"text-decoration:none\"></span><u></u></span></u></p>\r\n<p class=\"MsoNormal\" style=\"background:white;vertical-align:baseline\"><u><span lang=\"EN-AU\" style=\"color:blue;border:1pt none windowtext;padding:0in\"><u></u><span style=\"text-decoration:none\"></span><u></u></span></u></p>\r\n<p class=\"MsoNormal\"><span style=\"font-size:9.5pt\"><u></u><u></u></span></p>\r\n<p class=\"MsoNormal\"><span style=\"font-size:9.5pt\"> <u></u><u></u></span></p>\r\n<p class=\"MsoNormal\"><u></u><u></u></p>\r\n<div style=\"border-right:none;border-bottom:none;border-left:none;border-top:1pt solid rgb(225,225,225);padding:3pt 0in 0in\">\r\n<p class=\"MsoNormal\"><b>From:</b> Support RightChoice &lt;<a href=\"mailto:support@rightchoice.io\" target=\"_blank\">support@rightchoice.io</a>&gt; <br>\r\n<b>Sent:</b> Thursday, April 1, 2021 8:49 AM<br>\r\n<b>To:</b> Shan Barla &lt;<a href=\"mailto:shan@aussiebuspartners.com\" target=\"_blank\">shan@aussiebuspartners.com</a>&gt;; <a href=\"mailto:support@rightchoice.io\" target=\"_blank\">support@rightchoice.io</a><br>\r\n<b>Cc:</b> Queensland Cleaning Club &lt;<a href=\"mailto:qldcleaningclub@gmail.com\" target=\"_blank\">qldcleaningclub@gmail.com</a>&gt;<br>\r\n<b>Subject:</b> Re: Email - Hello Account<u></u><u></u></p>\r\n</div>\r\n<p class=\"MsoNormal\"><u></u><u></u></p>\r\n<div>\r\n<p class=\"MsoNormal\">Hi Shan / Parm,<u></u><u></u></p>\r\n<div>\r\n<p class=\"MsoNormal\"><u></u><u></u></p>\r\n</div>\r\n<div>\r\n<p class=\"MsoNormal\"> Warm Greetings from Right Choice.<u></u><u></u></p>\r\n</div>\r\n<div>\r\n<p class=\"MsoNormal\"><u></u><u></u></p>\r\n</div>\r\n<div>\r\n<p class=\"MsoNormal\">Emails are workign fine, have a look and share your feedback.<u></u><u></u></p>\r\n</div>\r\n<div>\r\n<p class=\"MsoNormal\"><u></u><u></u></p>\r\n</div>\r\n<div>\r\n<div>\r\n<p class=\"MsoNormal\"><span style=\"font-size:10pt;font-family:&quot;Courier New&quot;;color:rgb(80,0,80)\">Regards,</span><u></u><u></u></p>\r\n</div>\r\n<div>\r\n<div>\r\n<div>\r\n<p class=\"MsoNormal\"><span style=\"font-size:10pt;font-family:&quot;Courier New&quot;;color:rgb(80,0,80)\">Gopi S</span><u></u><u></u></p>\r\n</div>\r\n<div>\r\n<p class=\"MsoNormal\"><span style=\"font-size:10pt;font-family:&quot;Courier New&quot;;color:rgb(80,0,80)\"><img border=\"0\" width=\"95\" height=\"22\" style=\"width: 0.9895in; height: 0.2291in;\" id=\"gmail-m_-8198839234582512206m_5889740412189442072_x0000_i1033\" src=\"https://rightchoice.io/wp-content/uploads/2019/12/RIGHT-CHOICE-NEW-LOGO-1.jpg\"></span><span style=\"font-size:10pt;font-family:&quot;Courier New&quot;;color:rgb(80,0,80)\"><br>\r\n<a href=\"http://www.rightchoice.io/\" target=\"_blank\">www.rightChoice.io</a></span><u></u><u></u></p>\r\n</div>\r\n<div>\r\n<p class=\"MsoNormal\"><span style=\"font-size:10pt;font-family:&quot;Courier New&quot;;color:rgb(80,0,80)\"><a href=\"mailto:support@rightchoice.io\" target=\"_blank\">support@rightchoice.io</a><br>\r\n0431 202 187</span><u></u><u></u></p>\r\n</div>\r\n</div>\r\n</div>\r\n</div>\r\n</div>\r\n<p class=\"MsoNormal\"><u></u><u></u></p>\r\n<div>\r\n<div>\r\n<p class=\"MsoNormal\">On Wed, Mar 31, 2021 at 2:08 PM Gopi RightChoice &lt;<a href=\"mailto:gopi@rightchoice.io\" target=\"_blank\">gopi@rightchoice.io</a>&gt; wrote:<u></u><u></u></p>\r\n</div>\r\n<blockquote style=\"border-top:none;border-right:none;border-bottom:none;border-left:1pt solid rgb(204,204,204);padding:0in 0in 0in 6pt;margin-left:4.8pt;margin-right:0in\">\r\n<div>\r\n<div>\r\n<p class=\"MsoNormal\">Hi Shan,<u></u><u></u></p>\r\n<div>\r\n<p class=\"MsoNormal\"><u></u><u></u></p>\r\n</div>\r\n<div>\r\n<p class=\"MsoNormal\"> Thank you for your email.<u></u><u></u></p>\r\n</div>\r\n<div>\r\n<p class=\"MsoNormal\"><u></u><u></u></p>\r\n</div>\r\n<div>\r\n<p class=\"MsoNormal\">It seems Domain DNS settings are changed.<u></u><u></u></p>\r\n</div>\r\n<div>\r\n<p class=\"MsoNormal\"><u></u><u></u></p>\r\n</div>\r\n<div>\r\n<p class=\"MsoNormal\">Can you share the Godaddy credentials?<u></u><u></u></p>\r\n</div>\r\n<div>\r\n<p class=\"MsoNormal\"><u></u><u></u></p>\r\n</div>\r\n<div>\r\n<p class=\"MsoNormal\">Note: Don&#39;t change any settings withoutour knowledge, it will lead to a lot ofproblems.<u></u><u></u></p>\r\n</div>\r\n<div>\r\n<p class=\"MsoNormal\"><u></u><u></u></p>\r\n</div>\r\n<div>\r\n<p class=\"MsoNormal\"><u></u><u></u></p>\r\n</div>\r\n<div>\r\n<div>\r\n<p class=\"MsoNormal\"><span style=\"font-size:10pt;font-family:&quot;Courier New&quot;;color:rgb(80,0,80)\">Regards,</span><u></u><u></u></p>\r\n</div>\r\n<div>\r\n<div>\r\n<div>\r\n<p class=\"MsoNormal\"><span style=\"font-size:10pt;font-family:&quot;Courier New&quot;;color:rgb(80,0,80)\">Gopi S</span><u></u><u></u></p>\r\n</div>\r\n<div>\r\n<p class=\"MsoNormal\"><span style=\"font-size:10pt;font-family:&quot;Courier New&quot;;color:rgb(80,0,80)\"><img border=\"0\" width=\"95\" height=\"22\" style=\"width: 0.9895in; height: 0.2291in;\" id=\"gmail-m_-8198839234582512206m_5889740412189442072_x0000_i1032\" src=\"https://rightchoice.io/wp-content/uploads/2019/12/RIGHT-CHOICE-NEW-LOGO-1.jpg\"></span><span style=\"font-size:10pt;font-family:&quot;Courier New&quot;;color:rgb(80,0,80)\"><br>\r\n<a href=\"http://www.rightchoice.io/\" target=\"_blank\">www.rightChoice.io</a></span><u></u><u></u></p>\r\n</div>\r\n<div>\r\n<p class=\"MsoNormal\"><span style=\"font-size:10pt;font-family:&quot;Courier New&quot;;color:rgb(80,0,80)\"><a href=\"mailto:support@rightchoice.io\" target=\"_blank\">support@rightchoice.io</a><br>\r\n0431 202 187</span><u></u><u></u></p>\r\n</div>\r\n</div>\r\n</div>\r\n<p style=\"margin:0in;font-variant-numeric:normal;font-variant-east-asian:normal;font-stretch:normal\">\r\n<span style=\"font-size:9pt;font-family:&quot;Helvetica Neue&quot;,serif\"><u></u><u></u></span></p>\r\n</div>\r\n<div>\r\n<p class=\"MsoNormal\"><u></u><u></u></p>\r\n</div>\r\n</div>\r\n<p class=\"MsoNormal\"><u></u><u></u></p>\r\n<div>\r\n<div>\r\n<p class=\"MsoNormal\">On Wed, Mar 31, 2021 at 1:00 PM Shan Barla &lt;<a href=\"mailto:shan@aussiebuspartners.com\" target=\"_blank\">shan@aussiebuspartners.com</a>&gt; wrote:<u></u><u></u></p>\r\n</div>\r\n<blockquote style=\"border-top:none;border-right:none;border-bottom:none;border-left:1pt solid rgb(204,204,204);padding:0in 0in 0in 6pt;margin-left:4.8pt;margin-right:0in\">\r\n<div>\r\n<div>\r\n<p class=\"MsoNormal\">Hi Gopi,\r\n<u></u><u></u></p>\r\n<p class=\"MsoNormal\"><u></u><u></u></p>\r\n<p class=\"MsoNormal\">Here you go, checked in Junk email as well nothing in there!<u></u><u></u></p>\r\n<p class=\"MsoNormal\"><u></u><u></u></p>\r\n<p class=\"MsoNormal\"><u></u><u></u></p>\r\n<p class=\"MsoNormal\"><u></u><u></u></p>\r\n<p class=\"MsoNormal\"><img border=\"0\" width=\"1680\" height=\"652\" style=\"width: 17.5in; height: 6.7916in;\" id=\"gmail-m_-8198839234582512206m_5889740412189442072gmail-m_908764955747496320gmail-m_1103675106087585796gmail-m_-6562394285341439988Picture_x0020_6\" src=\"cid:1788b16a096a18c377\"><u></u><u></u></p>\r\n<p class=\"MsoNormal\"><u></u><u></u></p>\r\n<p class=\"MsoNormal\"><img border=\"0\" width=\"898\" height=\"687\" style=\"width: 9.3541in; height: 7.1562in;\" id=\"gmail-m_-8198839234582512206m_5889740412189442072gmail-m_908764955747496320gmail-m_1103675106087585796gmail-m_-6562394285341439988Picture_x0020_7\" src=\"cid:1788b16a096afa3b88\"><u></u><u></u></p>\r\n<p class=\"MsoNormal\"><u></u><u></u></p>\r\n<p class=\"MsoNormal\"><u></u><u></u></p>\r\n<p class=\"MsoNormal\"><u></u><u></u></p>\r\n<p class=\"MsoNormal\">--<u></u><u></u></p>\r\n<p class=\"MsoNormal\"><span style=\"font-size:10pt;font-family:Verdana,sans-serif\">Thanks and Regards,</span><u></u><u></u></p>\r\n<p class=\"MsoNormal\"><span style=\"font-size:9.5pt\"></span><u></u><u></u></p>\r\n<p class=\"MsoNormal\"><b><i><span style=\"font-size:12pt;font-family:Verdana,sans-serif\">Shan Barla</span></i></b><u></u><u></u></p>\r\n<p class=\"MsoNormal\"><span style=\"font-size:9.5pt\"></span><u></u><u></u></p>\r\n<p class=\"MsoNormal\"><span style=\"font-size:9.5pt;font-family:Verdana,sans-serif\"><a href=\"mailto:shan@aussiebuspartners.com\" target=\"_blank\">shan@aussiebuspartners.com</a></span><u></u><u></u></p>\r\n<p class=\"MsoNormal\"><u></u><u></u></p>\r\n<p class=\"MsoNormal\"><span style=\"font-size:10pt;font-family:Verdana,sans-serif\">Phone: </span><span style=\"color:rgb(30,10,182)\"><a href=\"tel:0452+525+651\" target=\"_blank\"><span style=\"font-size:10pt;font-family:Verdana,sans-serif;color:rgb(30,10,182)\">+61\r\n 452 52 56 51</span></a></span><u></u><u></u></p>\r\n<p class=\"MsoNormal\"><span style=\"font-size:9.5pt\"></span><u></u><u></u></p>\r\n<p class=\"MsoNormal\"><a href=\"https://aussiebuspartners.com/\" target=\"_blank\">https://aussiebuspartners.com/</a><u></u><u></u></p>\r\n<p class=\"MsoNormal\"><span style=\"font-size:9.5pt\"></span><u></u><u></u></p>\r\n<p class=\"MsoNormal\"><span style=\"font-size:9.5pt\"></span><u></u><u></u></p>\r\n<p class=\"MsoNormal\" style=\"background:white;vertical-align:baseline\">\r\n<span style=\"font-size:9.5pt;color:black\"></span><span lang=\"EN-AU\" style=\"font-size:9pt;color:blue;border:1pt none windowtext;padding:0in\"><img border=\"0\" width=\"86\" height=\"36\" style=\"width: 0.8958in; height: 0.375in;\" id=\"gmail-m_-8198839234582512206m_5889740412189442072gmail-m_908764955747496320gmail-m_1103675106087585796gmail-m_-6562394285341439988Picture_x0020_1\" src=\"cid:1788b16a0965af44d2\" alt=\"download 1\"></span><span lang=\"EN-AU\" style=\"font-size:6pt;color:blue;border:1pt none windowtext;padding:0in\"><img border=\"0\" width=\"81\" height=\"41\" style=\"width: 0.8437in; height: 0.427in;\" id=\"gmail-m_-8198839234582512206m_5889740412189442072gmail-m_908764955747496320gmail-m_1103675106087585796gmail-m_-6562394285341439988Picture_x0020_2\" src=\"cid:1788b16a096690bce3\" alt=\"download 2\"><img border=\"0\" width=\"63\" height=\"45\" style=\"width: 0.6562in; height: 0.4687in;\" id=\"gmail-m_-8198839234582512206m_5889740412189442072gmail-m_908764955747496320gmail-m_1103675106087585796gmail-m_-6562394285341439988Picture_x0020_3\" src=\"cid:1788b16a096772f6c4\" alt=\"download 3\"></span><u></u><u></u></p>\r\n<p class=\"MsoNormal\" style=\"background:white;vertical-align:baseline\">\r\n<span lang=\"EN-AU\" style=\"font-size:6pt;color:blue;border:1pt none windowtext;padding:0in\"><img border=\"0\" width=\"62\" height=\"35\" style=\"width: 0.6458in; height: 0.3645in;\" id=\"gmail-m_-8198839234582512206m_5889740412189442072gmail-m_908764955747496320gmail-m_1103675106087585796gmail-m_-6562394285341439988Picture_x0020_4\" src=\"cid:1788b16a096853ad05\" alt=\"download 4\"><img border=\"0\" width=\"70\" height=\"46\" style=\"width: 0.7291in; height: 0.4791in;\" id=\"gmail-m_-8198839234582512206m_5889740412189442072gmail-m_908764955747496320gmail-m_1103675106087585796gmail-m_-6562394285341439988Picture_x0020_5\" src=\"cid:1788b16a0969352516\" alt=\"download 5\"></span><u></u><u></u></p>\r\n<p class=\"MsoNormal\" style=\"background:white;vertical-align:baseline\">\r\n<span lang=\"EN-AU\" style=\"color:blue;border:1pt none windowtext;padding:0in\"></span><u></u><u></u></p>\r\n<p class=\"MsoNormal\" style=\"background:white;vertical-align:baseline\">\r\n<span lang=\"EN-AU\" style=\"color:blue;border:1pt none windowtext;padding:0in\"></span><u></u><u></u></p>\r\n<p class=\"MsoNormal\"><span style=\"font-size:9.5pt\"></span><u></u><u></u></p>\r\n<p class=\"MsoNormal\"><span style=\"font-size:9.5pt\"> </span><u></u><u></u></p>\r\n<p class=\"MsoNormal\"><u></u><u></u></p>\r\n</div>\r\n</div>\r\n</blockquote>\r\n</div>\r\n</div>\r\n</blockquote>\r\n</div>\r\n</div>\r\n</div>\r\n\r\n</div></div></div>\r\n</blockquote></div>\r\n<br><br>', 'UTF-8', 1, 0, 0, '<CA+CgZn23mXbvcHcpyPkYMT=_qCNQZteGg_w5qgxrGYogSR7bJA@mail.gmail.com>', 1, 1497, 1617269694, NULL, 'INBOX'),
(21, '[\"gopi@rightchoice.io\"]', '[\"support@rightchoice.io\"]', '[]', '[]', '1617244031', 'Fwd: CRM - Accounts account', '<div dir=\"ltr\"><br><br><div class=\"gmail_quote\"><div dir=\"ltr\" class=\"gmail_attr\">---------- Forwarded message ---------<br>From: <strong class=\"gmail_sendername\" dir=\"auto\">Shan Barla</strong> <span dir=\"auto\">&lt;<a href=\"mailto:shan@aussiebuspartners.com\">shan@aussiebuspartners.com</a>&gt;</span><br>Date: Thu, Apr 1, 2021 at 12:02 PM<br>Subject: CRM - Accounts account<br>To: <a href=\"mailto:gopi@rightchoice.io\">gopi@rightchoice.io</a> &lt;<a href=\"mailto:gopi@rightchoice.io\">gopi@rightchoice.io</a>&gt;<br></div><br><br>\r\n\r\n\r\n\r\n\r\n\r\n<div lang=\"EN-US\" link=\"#0563C1\" vlink=\"#954F72\" style=\"word-wrap:break-word\">\r\n<div class=\"m_-1302313262597221554WordSection1\">\r\n<p class=\"MsoNormal\">Hi Gopi, <u></u><u></u></p>\r\n<p class=\"MsoNormal\"><u></u><u></u></p>\r\n<p class=\"MsoNormal\">The Accounts CRM account not working! was there any changes made?\r\n<u></u><u></u></p>\r\n<p class=\"MsoNormal\"><u></u><u></u></p>\r\n<p class=\"MsoNormal\"><img width=\"1144\" height=\"592\" style=\"width:11.9166in;height:6.1666in\" id=\"m_-1302313262597221554Picture_x0020_6\" src=\"cid:1788b41052f4cff311\"><u></u><u></u></p>\r\n<p class=\"MsoNormal\"><u></u><u></u></p>\r\n<p class=\"MsoNormal\">--<u></u><u></u></p>\r\n<p class=\"MsoNormal\"><span style=\"font-size:10.0pt;font-family:&quot;Verdana&quot;,sans-serif\">Thanks and Regards,</span><u></u><u></u></p>\r\n<p class=\"MsoNormal\"><span style=\"font-size:9.5pt\"><u></u><u></u></span></p>\r\n<p class=\"MsoNormal\"><b><i><span style=\"font-size:12.0pt;font-family:&quot;Verdana&quot;,sans-serif\">Shan Barla</span></i></b><b><i><span style=\"font-size:12.0pt\"><u></u><u></u></span></i></b></p>\r\n<p class=\"MsoNormal\"><span style=\"font-size:9.5pt\"><u></u><u></u></span></p>\r\n<p class=\"MsoNormal\"><span style=\"font-size:9.5pt;font-family:&quot;Verdana&quot;,sans-serif\"><a href=\"mailto:shan@aussiebuspartners.com\" target=\"_blank\"><span style=\"color:blue\">shan@aussiebuspartners.com</span></a></span><u><span style=\"font-family:&quot;Verdana&quot;,sans-serif;color:blue\"><u></u><u></u></span></u></p>\r\n<p class=\"MsoNormal\"><u></u><u></u></p>\r\n<p class=\"MsoNormal\"><span style=\"font-size:10.0pt;font-family:&quot;Verdana&quot;,sans-serif\">Phone: </span><span style=\"color:#1e0ab6\"><a href=\"tel:0452+525+651\" target=\"_blank\"><span style=\"font-size:10.0pt;font-family:&quot;Verdana&quot;,sans-serif;color:#1e0ab6\">+61 452\r\n 52 56 51</span></a></span><span style=\"font-size:9.5pt\"><u></u><u></u></span></p>\r\n<p class=\"MsoNormal\"><span style=\"font-size:9.5pt\"><u></u><u></u></span></p>\r\n<p class=\"MsoNormal\"><a href=\"https://aussiebuspartners.com/\" target=\"_blank\"><span style=\"color:blue\">https://aussiebuspartners.com/</span></a><u></u><u></u></p>\r\n<p class=\"MsoNormal\"><span style=\"font-size:9.5pt\"><u></u><u></u></span></p>\r\n<p class=\"MsoNormal\"><span style=\"font-size:9.5pt\"><u></u><u></u></span></p>\r\n<p class=\"MsoNormal\" style=\"background:white;vertical-align:baseline\"><span style=\"font-size:9.5pt;color:black\"></span><span lang=\"EN-AU\" style=\"font-size:9.0pt;color:blue;border:none windowtext 1.0pt;padding:0in\"><img border=\"0\" width=\"86\" height=\"36\" style=\"width:.8958in;height:.375in\" id=\"m_-1302313262597221554Picture_x0020_1\" src=\"cid:1788b41052f5af44d2\" alt=\"download 1\"></span><span lang=\"EN-AU\" style=\"font-size:6.0pt;color:blue;border:none windowtext 1.0pt;padding:0in\"><img border=\"0\" width=\"81\" height=\"41\" style=\"width:.8437in;height:.427in\" id=\"m_-1302313262597221554Picture_x0020_2\" src=\"cid:1788b41052f690bce3\" alt=\"download 2\"><img border=\"0\" width=\"63\" height=\"45\" style=\"width:.6562in;height:.4687in\" id=\"m_-1302313262597221554Picture_x0020_3\" src=\"cid:1788b41052f772f6c4\" alt=\"download 3\"></span><u><span lang=\"EN-AU\" style=\"color:blue;border:none windowtext 1.0pt;padding:0in\"><u></u><u></u></span></u></p>\r\n<p class=\"MsoNormal\" style=\"background:white;vertical-align:baseline\"><span lang=\"EN-AU\" style=\"font-size:6.0pt;color:blue;border:none windowtext 1.0pt;padding:0in\"><img border=\"0\" width=\"62\" height=\"35\" style=\"width:.6458in;height:.3645in\" id=\"m_-1302313262597221554Picture_x0020_4\" src=\"cid:1788b41052f853ad05\" alt=\"download 4\"><img border=\"0\" width=\"70\" height=\"46\" style=\"width:.7291in;height:.4791in\" id=\"m_-1302313262597221554Picture_x0020_5\" src=\"cid:1788b41052f9352516\" alt=\"download 5\"></span><u><span lang=\"EN-AU\" style=\"color:blue;border:none windowtext 1.0pt;padding:0in\"><u></u><u></u></span></u></p>\r\n<p class=\"MsoNormal\" style=\"background:white;vertical-align:baseline\"><u><span lang=\"EN-AU\" style=\"color:blue;border:none windowtext 1.0pt;padding:0in\"><u></u><span style=\"text-decoration:none\"></span><u></u></span></u></p>\r\n<p class=\"MsoNormal\" style=\"background:white;vertical-align:baseline\"><u><span lang=\"EN-AU\" style=\"color:blue;border:none windowtext 1.0pt;padding:0in\"><u></u><span style=\"text-decoration:none\"></span><u></u></span></u></p>\r\n<p class=\"MsoNormal\"><span style=\"font-size:9.5pt\"><u></u><u></u></span></p>\r\n<p class=\"MsoNormal\"><span style=\"font-size:9.5pt\"> <u></u><u></u></span></p>\r\n<p class=\"MsoNormal\"><u></u><u></u></p>\r\n</div>\r\n</div>\r\n\r\n</div></div>\r\n<br><br>', 'UTF-8', 1, 0, 0, '<CAOED1e9OakwMB1+8PxhBnugjn75e4OkExWR3KcWBNF+K3JOMdQ@mail.gmail.com>', 1, 1498, 1617269694, NULL, 'INBOX');
INSERT INTO `vtiger_mailmanager_mailrecord` (`userid`, `mfrom`, `mto`, `mcc`, `mbcc`, `mdate`, `msubject`, `mbody`, `mcharset`, `misbodyhtml`, `mplainmessage`, `mhtmlmessage`, `muniqueid`, `mbodyparsed`, `muid`, `lastsavedtime`, `folder`, `mfolder`) VALUES
(21, '[\"support@rightchoice.io\"]', '[\"qldcleaningclub@gmail.com\",\"gopi@rightchoice.io\",\"shan@aussiebuspartners.com\"]', '[\"support@rightchoice.io\"]', '[]', '1617245893', 'Email - Hello Account', '<html xmlns:v=\"urn:schemas-microsoft-com:vml\" xmlns:o=\"urn:schemas-microsoft-com:office:office\" xmlns:w=\"urn:schemas-microsoft-com:office:word\" xmlns:m=\"http://schemas.microsoft.com/office/2004/12/omml\" xmlns=\"http://www.w3.org/TR/REC-html40\"><head><meta http-equiv=Content-Type content=\"text/html; charset=utf-8\"><meta name=Generator content=\"Microsoft Word 14 (filtered medium)\"><!--[if !mso]><style>v\\:* {behavior:url(#default#VML);}\r\no\\:* {behavior:url(#default#VML);}\r\nw\\:* {behavior:url(#default#VML);}\r\n.shape {behavior:url(#default#VML);}\r\n</style><![endif]--><style><!--\r\n/* Font Definitions */\r\n@font-face\r\n	{font-family:Calibri;\r\n	panose-1:2 15 5 2 2 2 4 3 2 4;}\r\n@font-face\r\n	{font-family:Tahoma;\r\n	panose-1:2 11 6 4 3 5 4 4 2 4;}\r\n@font-face\r\n	{font-family:Verdana;\r\n	panose-1:2 11 6 4 3 5 4 4 2 4;}\r\n@font-face\r\n	{font-family:\"Helvetica Neue\";\r\n	panose-1:0 0 0 0 0 0 0 0 0 0;}\r\n/* Style Definitions */\r\np.MsoNormal, li.MsoNormal, div.MsoNormal\r\n	{margin:0cm;\r\n	margin-bottom:.0001pt;\r\n	font-size:12.0pt;\r\n	font-family:\"Times New Roman\",\"serif\";}\r\na:link, span.MsoHyperlink\r\n	{mso-style-priority:99;\r\n	color:blue;\r\n	text-decoration:underline;}\r\na:visited, span.MsoHyperlinkFollowed\r\n	{mso-style-priority:99;\r\n	color:purple;\r\n	text-decoration:underline;}\r\np\r\n	{mso-style-priority:99;\r\n	mso-margin-top-alt:auto;\r\n	margin-right:0cm;\r\n	mso-margin-bottom-alt:auto;\r\n	margin-left:0cm;\r\n	font-size:12.0pt;\r\n	font-family:\"Times New Roman\",\"serif\";}\r\np.MsoAcetate, li.MsoAcetate, div.MsoAcetate\r\n	{mso-style-priority:99;\r\n	mso-style-link:\"Balloon Text Char\";\r\n	margin:0cm;\r\n	margin-bottom:.0001pt;\r\n	font-size:8.0pt;\r\n	font-family:\"Tahoma\",\"sans-serif\";}\r\nspan.EmailStyle19\r\n	{mso-style-type:personal-reply;\r\n	font-family:\"Calibri\",\"sans-serif\";\r\n	color:#1F497D;}\r\nspan.BalloonTextChar\r\n	{mso-style-name:\"Balloon Text Char\";\r\n	mso-style-priority:99;\r\n	mso-style-link:\"Balloon Text\";\r\n	font-family:\"Tahoma\",\"sans-serif\";\r\n	mso-fareast-language:EN-IN;}\r\n.MsoChpDefault\r\n	{mso-style-type:export-only;\r\n	font-family:\"Calibri\",\"sans-serif\";\r\n	mso-fareast-language:EN-US;}\r\n@page WordSection1\r\n	{size:612.0pt 792.0pt;\r\n	margin:72.0pt 72.0pt 72.0pt 72.0pt;}\r\ndiv.WordSection1\r\n	{page:WordSection1;}\r\n--></style><!--[if gte mso 9]><xml>\r\n<o:shapedefaults v:ext=\"edit\" spidmax=\"1026\" />\r\n</xml><![endif]--><!--[if gte mso 9]><xml>\r\n<o:shapelayout v:ext=\"edit\">\r\n<o:idmap v:ext=\"edit\" data=\"1\" />\r\n</o:shapelayout></xml><![endif]--></head><body lang=EN-IN link=blue vlink=purple><div class=WordSection1><p class=MsoNormal><span style=\'font-size:11.0pt;font-family:\"Calibri\",\"sans-serif\";color:#1F497D\'>Hi Shan,<o:p></o:p></span></p><p class=MsoNormal><span style=\'font-size:11.0pt;font-family:\"Calibri\",\"sans-serif\";color:#1F497D\'><o:p>&nbsp;</o:p></span></p><p class=MsoNormal><span style=\'font-size:11.0pt;font-family:\"Calibri\",\"sans-serif\";color:#1F497D\'>Please find the below details <o:p></o:p></span></p><p class=MsoNormal><span style=\'font-size:11.0pt;font-family:\"Calibri\",\"sans-serif\";color:#1F497D\'><o:p>&nbsp;</o:p></span></p><p class=MsoNormal><span style=\'font-size:11.0pt;font-family:\"Calibri\",\"sans-serif\";color:#1F497D\'>Login Link: <a href=\"https://outlook.office.com/\">https://outlook.office.com/</a> <o:p></o:p></span></p><p class=MsoNormal><span style=\'font-size:11.0pt;font-family:\"Calibri\",\"sans-serif\";color:#1F497D\'><o:p>&nbsp;</o:p></span></p><p class=MsoNormal><span style=\'font-size:11.0pt;font-family:\"Calibri\",\"sans-serif\";color:#1F497D\'>Username: <a href=\"mailto:operations@seva-cleaning.com.au\">operations@seva-cleaning.com.au</a> <o:p></o:p></span></p><p class=MsoNormal><span style=\'font-size:11.0pt;font-family:\"Calibri\",\"sans-serif\";color:#1F497D\'>Password: <b>nU2Iu[LncuP$<o:p></o:p></b></span></p><p class=MsoNormal><span style=\'font-size:11.0pt;font-family:\"Calibri\",\"sans-serif\";color:#1F497D\'><o:p>&nbsp;</o:p></span></p><p class=MsoNormal><span style=\'font-size:11.0pt;font-family:\"Calibri\",\"sans-serif\";color:#1F497D\'>Username: hello@seva-cleaning.com.au<o:p></o:p></span></p><p class=MsoNormal><span style=\'font-size:11.0pt;font-family:\"Calibri\",\"sans-serif\";color:#1F497D\'>Password: <b>neOxs5eT8l5n<o:p></o:p></b></span></p><p class=MsoNormal><span style=\'font-size:11.0pt;font-family:\"Calibri\",\"sans-serif\";color:#1F497D\'><o:p>&nbsp;</o:p></span></p><p class=MsoNormal><span style=\'font-size:11.0pt;font-family:\"Calibri\",\"sans-serif\";color:#1F497D\'>Username: accounts@seva-cleaning.com.au<o:p></o:p></span></p><p class=MsoNormal><span style=\'font-size:11.0pt;font-family:\"Calibri\",\"sans-serif\";color:#1F497D\'>Password: <b>29TKwt7w2@<o:p></o:p></b></span></p><p class=MsoNormal><span style=\'font-size:11.0pt;font-family:\"Calibri\",\"sans-serif\";color:#1F497D\'><o:p>&nbsp;</o:p></span></p><p class=MsoNormal><span style=\'font-size:11.0pt;font-family:\"Calibri\",\"sans-serif\";color:#1F497D\'><o:p>&nbsp;</o:p></span></p><p class=MsoNormal style=\'background:white\'><span lang=EN-US style=\'font-size:11.0pt;font-family:\"Calibri\",\"sans-serif\";color:#1F497D;mso-fareast-language:EN-AU\'>Thank You,<o:p></o:p></span></p><p class=MsoNormal><b><span style=\'font-size:11.0pt;font-family:\"Calibri\",\"sans-serif\";color:#1F497D;mso-fareast-language:EN-AU\'>Henry Williams<o:p></o:p></span></b></p><p class=MsoNormal style=\'background:white\'><b><span style=\'font-size:11.0pt;font-family:\"Calibri\",\"sans-serif\";color:#1F497D;mso-fareast-language:EN-AU\'>Technical Support Team</span></b><span lang=EN-US style=\'font-size:11.0pt;font-family:\"Calibri\",\"sans-serif\";color:black;mso-fareast-language:EN-AU\'><o:p></o:p></span></p><p class=MsoNormal style=\'background:white\'><span style=\'font-size:11.0pt;font-family:\"Calibri\",\"sans-serif\";color:#222222\'><img border=0 width=150 height=34 id=\"Picture_x0020_16\" src=\"cid:image003.jpg@01D726D0.F1266F80\" alt=\"Description: Description: Description: RIGHT-CHOICE-NEW-LOGO-1\"></span><span lang=EN-US style=\'font-size:11.0pt;font-family:\"Calibri\",\"sans-serif\";color:black;mso-fareast-language:EN-AU\'><o:p></o:p></span></p><p class=MsoNormal style=\'background:white\'><b><span style=\'font-size:11.0pt;font-family:\"Calibri\",\"sans-serif\";color:#1F497D;mso-fareast-language:EN-AU\'>Mob: 0431 965 429</span></b><span lang=EN-US style=\'font-size:11.0pt;font-family:\"Calibri\",\"sans-serif\";color:black;mso-fareast-language:EN-AU\'><o:p></o:p></span></p><p class=MsoNormal><b><span lang=EN-US style=\'font-size:10.0pt;font-family:\"Calibri\",\"sans-serif\";color:#1F497D;mso-fareast-language:EN-AU\'>Email:</span></b><span lang=EN-US style=\'font-size:10.0pt;font-family:\"Calibri\",\"sans-serif\";color:#1F497D;mso-fareast-language:EN-AU\'> &nbsp;&nbsp;</span><span style=\'font-size:11.0pt;font-family:\"Calibri\",\"sans-serif\";color:#44546A;mso-fareast-language:EN-AU\'><a href=\"mailto:support@rightchoice.io\">support@rightchoice.io</a> <o:p></o:p></span></p><p class=MsoNormal><b><span style=\'font-size:11.0pt;font-family:\"Calibri\",\"sans-serif\";color:#44546A;mso-fareast-language:EN-AU\'>Website:</span></b><span style=\'font-size:11.0pt;font-family:\"Calibri\",\"sans-serif\";color:#44546A;mso-fareast-language:EN-AU\'> <a href=\"http://www.rightChoice.io\">www.rightChoice.io</a> </span><span lang=EN-US style=\'font-size:11.0pt;font-family:\"Calibri\",\"sans-serif\";color:black;mso-fareast-language:EN-AU\'><o:p></o:p></span></p><p class=MsoNormal><span style=\'font-size:11.0pt;font-family:\"Calibri\",\"sans-serif\";color:#1F497D\'><o:p>&nbsp;</o:p></span></p><p class=MsoNormal><span style=\'font-size:11.0pt;font-family:\"Calibri\",\"sans-serif\";color:#1F497D\'><o:p>&nbsp;</o:p></span></p><p class=MsoNormal><span style=\'font-size:11.0pt;font-family:\"Calibri\",\"sans-serif\";color:#1F497D\'><o:p>&nbsp;</o:p></span></p><p class=MsoNormal><b><span lang=EN-US style=\'font-size:10.0pt;font-family:\"Tahoma\",\"sans-serif\"\'>From:</span></b><span lang=EN-US style=\'font-size:10.0pt;font-family:\"Tahoma\",\"sans-serif\"\'> Queensland Cleaning Club [mailto:qldcleaningclub@gmail.com] <br><b>Sent:</b> 01 April 2021 07:33 AM<br><b>To:</b> Gopi RightChoice; Shan Barla; Support RightChoice<br><b>Subject:</b> Re: Email - Hello Account<o:p></o:p></span></p><p class=MsoNormal><o:p>&nbsp;</o:p></p><div><p class=MsoNormal>Hi Gopi,<o:p></o:p></p><div><p class=MsoNormal>We haven\'t received the Right Clean update yet thank you.<o:p></o:p></p></div></div><p class=MsoNormal><o:p>&nbsp;</o:p></p><div><div><p class=MsoNormal>On Thu, 1 Apr 2021 at 11:43, Queensland Cleaning Club &lt;<a href=\"mailto:qldcleaningclub@gmail.com\">qldcleaningclub@gmail.com</a>&gt; wrote:<o:p></o:p></p></div><blockquote style=\'border:none;border-left:solid #CCCCCC 1.0pt;padding:0cm 0cm 0cm 6.0pt;margin-left:4.8pt;margin-right:0cm\'><div><p class=MsoNormal>Hi Gopi,<o:p></o:p></p><div><p class=MsoNormal>Good Morning,&nbsp;<o:p></o:p></p></div><div><p class=MsoNormal style=\'margin-bottom:12.0pt\'>Please check everything before you ask us to check thank you.&nbsp;<o:p></o:p></p><div><div><p class=MsoNormal>---------- Forwarded message ---------<br>From: <strong>Shan Barla</strong> &lt;<a href=\"mailto:shan@aussiebuspartners.com\" target=\"_blank\">shan@aussiebuspartners.com</a>&gt;<br>Date: Thu, 1 Apr 2021 at 11:38<br>Subject: RE: Email - Hello Account<br>To: Support RightChoice &lt;<a href=\"mailto:support@rightchoice.io\" target=\"_blank\">support@rightchoice.io</a>&gt;<br>Cc: Queensland Cleaning Club &lt;<a href=\"mailto:qldcleaningclub@gmail.com\" target=\"_blank\">qldcleaningclub@gmail.com</a>&gt;<o:p></o:p></p></div><p class=MsoNormal style=\'margin-bottom:12.0pt\'><o:p>&nbsp;</o:p></p><div><div><p class=MsoNormal style=\'mso-margin-top-alt:auto;mso-margin-bottom-alt:auto\'><span lang=EN-US>Hi Gopi, <o:p></o:p></span></p><p class=MsoNormal style=\'mso-margin-top-alt:auto;mso-margin-bottom-alt:auto\'><span lang=EN-US>&nbsp;<o:p></o:p></span></p><p class=MsoNormal style=\'mso-margin-top-alt:auto;mso-margin-bottom-alt:auto\'><span lang=EN-US>Thank you. They are not working.<o:p></o:p></span></p><p class=MsoNormal style=\'mso-margin-top-alt:auto;mso-margin-bottom-alt:auto\'><span lang=EN-US>&nbsp;<o:p></o:p></span></p><p class=MsoNormal style=\'mso-margin-top-alt:auto;mso-margin-bottom-alt:auto\'><span lang=EN-US>Please see below. <o:p></o:p></span></p><p class=MsoNormal style=\'mso-margin-top-alt:auto;mso-margin-bottom-alt:auto\'><span lang=EN-US>&nbsp;<o:p></o:p></span></p><p class=MsoNormal style=\'mso-margin-top-alt:auto;mso-margin-bottom-alt:auto\'><img border=0 width=1071 height=837 id=\"gmail-m_-8198839234582512206m_5889740412189442072Picture_x0020_15\" src=\"cid:image001.png@01D726CE.5A57C920\" alt=\"Description: cid:1788b16a0964cff311\"><span lang=EN-US><o:p></o:p></span></p><p class=MsoNormal style=\'mso-margin-top-alt:auto;mso-margin-bottom-alt:auto\'><span lang=EN-US>&nbsp;<o:p></o:p></span></p><p class=MsoNormal style=\'mso-margin-top-alt:auto;mso-margin-bottom-alt:auto\'><span lang=EN-US>--&nbsp;<o:p></o:p></span></p><p class=MsoNormal style=\'mso-margin-top-alt:auto;mso-margin-bottom-alt:auto\'><span lang=EN-US style=\'font-size:10.0pt;font-family:\"Verdana\",\"sans-serif\"\'>Thanks and Regards,&nbsp;</span><span lang=EN-US><o:p></o:p></span></p><p class=MsoNormal style=\'mso-margin-top-alt:auto;mso-margin-bottom-alt:auto\'><span lang=EN-US style=\'font-size:9.5pt\'>&nbsp;</span><span lang=EN-US><o:p></o:p></span></p><p class=MsoNormal style=\'mso-margin-top-alt:auto;mso-margin-bottom-alt:auto\'><b><i><span lang=EN-US style=\'font-family:\"Verdana\",\"sans-serif\"\'>Shan Barla</span></i></b><span lang=EN-US><o:p></o:p></span></p><p class=MsoNormal style=\'mso-margin-top-alt:auto;mso-margin-bottom-alt:auto\'><span lang=EN-US style=\'font-size:9.5pt\'>&nbsp;</span><span lang=EN-US><o:p></o:p></span></p><p class=MsoNormal style=\'mso-margin-top-alt:auto;mso-margin-bottom-alt:auto\'><span lang=EN-US style=\'font-size:9.5pt;font-family:\"Verdana\",\"sans-serif\"\'><a href=\"mailto:shan@aussiebuspartners.com\" target=\"_blank\">shan@aussiebuspartners.com</a></span><span lang=EN-US><o:p></o:p></span></p><p class=MsoNormal style=\'mso-margin-top-alt:auto;mso-margin-bottom-alt:auto\'><span lang=EN-US>&nbsp;<o:p></o:p></span></p><p class=MsoNormal style=\'mso-margin-top-alt:auto;mso-margin-bottom-alt:auto\'><span lang=EN-US style=\'font-size:10.0pt;font-family:\"Verdana\",\"sans-serif\"\'>Phone: &nbsp;</span><span lang=EN-US style=\'color:#1E0AB6\'><a href=\"tel:0452+525+651\" target=\"_blank\"><span style=\'font-size:10.0pt;font-family:\"Verdana\",\"sans-serif\";color:#1E0AB6\'>+61 452 52 56 51</span></a></span><span lang=EN-US><o:p></o:p></span></p><p class=MsoNormal style=\'mso-margin-top-alt:auto;mso-margin-bottom-alt:auto\'><span lang=EN-US style=\'font-size:9.5pt\'>&nbsp;</span><span lang=EN-US><o:p></o:p></span></p><p class=MsoNormal style=\'mso-margin-top-alt:auto;mso-margin-bottom-alt:auto\'><span lang=EN-US><a href=\"https://aussiebuspartners.com/\" target=\"_blank\">https://aussiebuspartners.com/</a><o:p></o:p></span></p><p class=MsoNormal style=\'mso-margin-top-alt:auto;mso-margin-bottom-alt:auto\'><span lang=EN-US style=\'font-size:9.5pt\'>&nbsp;</span><span lang=EN-US><o:p></o:p></span></p><p class=MsoNormal style=\'mso-margin-top-alt:auto;mso-margin-bottom-alt:auto\'><span lang=EN-US style=\'font-size:9.5pt\'>&nbsp;</span><span lang=EN-US><o:p></o:p></span></p><p class=MsoNormal style=\'mso-margin-top-alt:auto;mso-margin-bottom-alt:auto;background:white;vertical-align:baseline\'><span lang=EN-US style=\'font-size:9.5pt;color:black\'>&nbsp;&nbsp;</span><span style=\'font-size:9.0pt;color:blue;border:none windowtext 1.0pt;padding:0cm\'><img border=0 width=86 height=36 id=\"gmail-m_-8198839234582512206m_5889740412189442072Picture_x0020_10\" src=\"cid:image005.jpg@01D726D0.F1266F80\" alt=\"Description: download 1\"></span><span style=\'font-size:6.0pt;color:blue;border:none windowtext 1.0pt;padding:0cm\'><img border=0 width=81 height=41 id=\"gmail-m_-8198839234582512206m_5889740412189442072Picture_x0020_11\" src=\"cid:image007.jpg@01D726D0.F1266F80\" alt=\"Description: download 2\"><img border=0 width=63 height=45 id=\"gmail-m_-8198839234582512206m_5889740412189442072Picture_x0020_12\" src=\"cid:image009.jpg@01D726D0.F1266F80\" alt=\"Description: download 3\"></span><span lang=EN-US><o:p></o:p></span></p><p class=MsoNormal style=\'mso-margin-top-alt:auto;mso-margin-bottom-alt:auto;background:white;vertical-align:baseline\'><span style=\'font-size:6.0pt;color:blue;border:none windowtext 1.0pt;padding:0cm\'><img border=0 width=62 height=35 id=\"gmail-m_-8198839234582512206m_5889740412189442072Picture_x0020_13\" src=\"cid:image011.jpg@01D726D0.F1266F80\" alt=\"Description: download 4\"><img border=0 width=70 height=46 id=\"gmail-m_-8198839234582512206m_5889740412189442072Picture_x0020_14\" src=\"cid:image012.jpg@01D726D0.F1266F80\" alt=\"Description: download 5\"></span><span lang=EN-US><o:p></o:p></span></p><p class=MsoNormal style=\'mso-margin-top-alt:auto;mso-margin-bottom-alt:auto;background:white;vertical-align:baseline\'><span lang=EN-AU style=\'color:blue;border:none windowtext 1.0pt;padding:0cm\'>&nbsp;</span><span lang=EN-US><o:p></o:p></span></p><p class=MsoNormal style=\'mso-margin-top-alt:auto;mso-margin-bottom-alt:auto;background:white;vertical-align:baseline\'><span lang=EN-AU style=\'color:blue;border:none windowtext 1.0pt;padding:0cm\'>&nbsp;</span><span lang=EN-US><o:p></o:p></span></p><p class=MsoNormal style=\'mso-margin-top-alt:auto;mso-margin-bottom-alt:auto\'><span lang=EN-US style=\'font-size:9.5pt\'>&nbsp;</span><span lang=EN-US><o:p></o:p></span></p><p class=MsoNormal style=\'mso-margin-top-alt:auto;mso-margin-bottom-alt:auto\'><span lang=EN-US style=\'font-size:9.5pt\'>&nbsp; &nbsp;&nbsp;&nbsp;</span><span lang=EN-US><o:p></o:p></span></p><p class=MsoNormal style=\'mso-margin-top-alt:auto;mso-margin-bottom-alt:auto\'><span lang=EN-US>&nbsp;<o:p></o:p></span></p><div style=\'border:none;border-top:solid #E1E1E1 1.0pt;padding:3.0pt 0cm 0cm 0cm\'><p class=MsoNormal style=\'mso-margin-top-alt:auto;mso-margin-bottom-alt:auto\'><b><span lang=EN-US>From:</span></b><span lang=EN-US> Support RightChoice &lt;<a href=\"mailto:support@rightchoice.io\" target=\"_blank\">support@rightchoice.io</a>&gt; <br><b>Sent:</b> Thursday, April 1, 2021 8:49 AM<br><b>To:</b> Shan Barla &lt;<a href=\"mailto:shan@aussiebuspartners.com\" target=\"_blank\">shan@aussiebuspartners.com</a>&gt;; <a href=\"mailto:support@rightchoice.io\" target=\"_blank\">support@rightchoice.io</a><br><b>Cc:</b> Queensland Cleaning Club &lt;<a href=\"mailto:qldcleaningclub@gmail.com\" target=\"_blank\">qldcleaningclub@gmail.com</a>&gt;<br><b>Subject:</b> Re: Email - Hello Account<o:p></o:p></span></p></div><p class=MsoNormal style=\'mso-margin-top-alt:auto;mso-margin-bottom-alt:auto\'><span lang=EN-US>&nbsp;<o:p></o:p></span></p><div><p class=MsoNormal style=\'mso-margin-top-alt:auto;mso-margin-bottom-alt:auto\'><span lang=EN-US>Hi Shan / Parm,<o:p></o:p></span></p><div><p class=MsoNormal style=\'mso-margin-top-alt:auto;mso-margin-bottom-alt:auto\'><span lang=EN-US>&nbsp;<o:p></o:p></span></p></div><div><p class=MsoNormal style=\'mso-margin-top-alt:auto;mso-margin-bottom-alt:auto\'><span lang=EN-US>&nbsp; &nbsp;Warm Greetings from Right Choice.<o:p></o:p></span></p></div><div><p class=MsoNormal style=\'mso-margin-top-alt:auto;mso-margin-bottom-alt:auto\'><span lang=EN-US>&nbsp;<o:p></o:p></span></p></div><div><p class=MsoNormal style=\'mso-margin-top-alt:auto;mso-margin-bottom-alt:auto\'><span lang=EN-US>Emails are workign fine,&nbsp; have a look and share your feedback.<o:p></o:p></span></p></div><div><p class=MsoNormal style=\'mso-margin-top-alt:auto;mso-margin-bottom-alt:auto\'><span lang=EN-US>&nbsp;<o:p></o:p></span></p></div><div><div><p class=MsoNormal style=\'mso-margin-top-alt:auto;mso-margin-bottom-alt:auto\'><span lang=EN-US style=\'font-size:10.0pt;font-family:\"Courier New\";color:#500050\'>Regards,</span><span lang=EN-US><o:p></o:p></span></p></div><div><div><div><p class=MsoNormal style=\'mso-margin-top-alt:auto;mso-margin-bottom-alt:auto\'><span lang=EN-US style=\'font-size:10.0pt;font-family:\"Courier New\";color:#500050\'>Gopi S</span><span lang=EN-US><o:p></o:p></span></p></div><div><p class=MsoNormal style=\'mso-margin-top-alt:auto;mso-margin-bottom-alt:auto\'><span style=\'font-size:10.0pt;font-family:\"Courier New\";color:#500050;border:solid windowtext 1.0pt;padding:0cm\'><img border=0 width=95 height=22 id=\"gmail-m_-8198839234582512206m_5889740412189442072_x005f_x0000_i1033\" src=\"cid:image015.jpg@01D726D0.F1266F80\" alt=\"Description: Image removed by sender.\"></span><span lang=EN-US style=\'font-size:10.0pt;font-family:\"Courier New\";color:#500050\'><br><a href=\"http://www.rightchoice.io/\" target=\"_blank\">www.rightChoice.io</a></span><span lang=EN-US><o:p></o:p></span></p></div><div><p class=MsoNormal style=\'mso-margin-top-alt:auto;mso-margin-bottom-alt:auto\'><span lang=EN-US style=\'font-size:10.0pt;font-family:\"Courier New\";color:#500050\'><a href=\"mailto:support@rightchoice.io\" target=\"_blank\">support@rightchoice.io</a><br>0431 202 187</span><span lang=EN-US><o:p></o:p></span></p></div></div></div></div></div><p class=MsoNormal style=\'mso-margin-top-alt:auto;mso-margin-bottom-alt:auto\'><span lang=EN-US>&nbsp;<o:p></o:p></span></p><div><div><p class=MsoNormal style=\'mso-margin-top-alt:auto;mso-margin-bottom-alt:auto\'><span lang=EN-US>On Wed, Mar 31, 2021 at 2:08 PM Gopi RightChoice &lt;<a href=\"mailto:gopi@rightchoice.io\" target=\"_blank\">gopi@rightchoice.io</a>&gt; wrote:<o:p></o:p></span></p></div><blockquote style=\'border:none;border-left:solid #CCCCCC 1.0pt;padding:0cm 0cm 0cm 6.0pt;margin-left:4.8pt;margin-top:5.0pt;margin-right:0cm;margin-bottom:5.0pt\'><div><div><p class=MsoNormal style=\'mso-margin-top-alt:auto;mso-margin-bottom-alt:auto\'><span lang=EN-US>Hi Shan,<o:p></o:p></span></p><div><p class=MsoNormal style=\'mso-margin-top-alt:auto;mso-margin-bottom-alt:auto\'><span lang=EN-US>&nbsp;<o:p></o:p></span></p></div><div><p class=MsoNormal style=\'mso-margin-top-alt:auto;mso-margin-bottom-alt:auto\'><span lang=EN-US>&nbsp; &nbsp;Thank you for your email.<o:p></o:p></span></p></div><div><p class=MsoNormal style=\'mso-margin-top-alt:auto;mso-margin-bottom-alt:auto\'><span lang=EN-US>&nbsp;<o:p></o:p></span></p></div><div><p class=MsoNormal style=\'mso-margin-top-alt:auto;mso-margin-bottom-alt:auto\'><span lang=EN-US>It seems Domain DNS settings are changed.<o:p></o:p></span></p></div><div><p class=MsoNormal style=\'mso-margin-top-alt:auto;mso-margin-bottom-alt:auto\'><span lang=EN-US>&nbsp;<o:p></o:p></span></p></div><div><p class=MsoNormal style=\'mso-margin-top-alt:auto;mso-margin-bottom-alt:auto\'><span lang=EN-US>Can you share the Godaddy credentials?<o:p></o:p></span></p></div><div><p class=MsoNormal style=\'mso-margin-top-alt:auto;mso-margin-bottom-alt:auto\'><span lang=EN-US>&nbsp;<o:p></o:p></span></p></div><div><p class=MsoNormal style=\'mso-margin-top-alt:auto;mso-margin-bottom-alt:auto\'><span lang=EN-US>Note:&nbsp; Don\'t change any settings without&nbsp;our knowledge,&nbsp; it will lead to a lot of&nbsp;problems.<o:p></o:p></span></p></div><div><p class=MsoNormal style=\'mso-margin-top-alt:auto;mso-margin-bottom-alt:auto\'><span lang=EN-US>&nbsp;<o:p></o:p></span></p></div><div><p class=MsoNormal style=\'mso-margin-top-alt:auto;mso-margin-bottom-alt:auto\'><span lang=EN-US>&nbsp;<o:p></o:p></span></p></div><div><div><p class=MsoNormal style=\'mso-margin-top-alt:auto;mso-margin-bottom-alt:auto\'><span lang=EN-US style=\'font-size:10.0pt;font-family:\"Courier New\";color:#500050\'>Regards,</span><span lang=EN-US><o:p></o:p></span></p></div><div><div><div><p class=MsoNormal style=\'mso-margin-top-alt:auto;mso-margin-bottom-alt:auto\'><span lang=EN-US style=\'font-size:10.0pt;font-family:\"Courier New\";color:#500050\'>Gopi S</span><span lang=EN-US><o:p></o:p></span></p></div><div><p class=MsoNormal style=\'mso-margin-top-alt:auto;mso-margin-bottom-alt:auto\'><span style=\'font-size:10.0pt;font-family:\"Courier New\";color:#500050;border:solid windowtext 1.0pt;padding:0cm\'><img border=0 width=95 height=22 id=\"gmail-m_-8198839234582512206m_5889740412189442072_x005f_x0000_i1032\" src=\"cid:image015.jpg@01D726D0.F1266F80\" alt=\"Description: Image removed by sender.\"></span><span lang=EN-US style=\'font-size:10.0pt;font-family:\"Courier New\";color:#500050\'><br><a href=\"http://www.rightchoice.io/\" target=\"_blank\">www.rightChoice.io</a></span><span lang=EN-US><o:p></o:p></span></p></div><div><p class=MsoNormal style=\'mso-margin-top-alt:auto;mso-margin-bottom-alt:auto\'><span lang=EN-US style=\'font-size:10.0pt;font-family:\"Courier New\";color:#500050\'><a href=\"mailto:support@rightchoice.io\" target=\"_blank\">support@rightchoice.io</a><br>0431 202 187</span><span lang=EN-US><o:p></o:p></span></p></div></div></div><p style=\'margin:0cm;margin-bottom:.0001pt;font-variant-numeric:normal;font-variant-east-asian:normal;font-stretch:normal\'><span lang=EN-US style=\'font-size:9.0pt;font-family:\"Helvetica Neue\",\"serif\"\'>&nbsp;</span><span lang=EN-US><o:p></o:p></span></p></div><div><p class=MsoNormal style=\'mso-margin-top-alt:auto;mso-margin-bottom-alt:auto\'><span lang=EN-US>&nbsp;<o:p></o:p></span></p></div></div><p class=MsoNormal style=\'mso-margin-top-alt:auto;mso-margin-bottom-alt:auto\'><span lang=EN-US>&nbsp;<o:p></o:p></span></p><div><div><p class=MsoNormal style=\'mso-margin-top-alt:auto;mso-margin-bottom-alt:auto\'><span lang=EN-US>On Wed, Mar 31, 2021 at 1:00 PM Shan Barla &lt;<a href=\"mailto:shan@aussiebuspartners.com\" target=\"_blank\">shan@aussiebuspartners.com</a>&gt; wrote:<o:p></o:p></span></p></div><blockquote style=\'border:none;border-left:solid #CCCCCC 1.0pt;padding:0cm 0cm 0cm 6.0pt;margin-left:4.8pt;margin-top:5.0pt;margin-right:0cm;margin-bottom:5.0pt\'><div><div><p class=MsoNormal style=\'mso-margin-top-alt:auto;mso-margin-bottom-alt:auto\'><span lang=EN-US>Hi Gopi, <o:p></o:p></span></p><p class=MsoNormal style=\'mso-margin-top-alt:auto;mso-margin-bottom-alt:auto\'><span lang=EN-US>&nbsp;<o:p></o:p></span></p><p class=MsoNormal style=\'mso-margin-top-alt:auto;mso-margin-bottom-alt:auto\'><span lang=EN-US>Here you go, checked in Junk email as well nothing in there!<o:p></o:p></span></p><p class=MsoNormal style=\'mso-margin-top-alt:auto;mso-margin-bottom-alt:auto\'><span lang=EN-US>&nbsp;<o:p></o:p></span></p><p class=MsoNormal style=\'mso-margin-top-alt:auto;mso-margin-bottom-alt:auto\'><span lang=EN-US>&nbsp;<o:p></o:p></span></p><p class=MsoNormal style=\'mso-margin-top-alt:auto;mso-margin-bottom-alt:auto\'><span lang=EN-US>&nbsp;<o:p></o:p></span></p><p class=MsoNormal style=\'mso-margin-top-alt:auto;mso-margin-bottom-alt:auto\'><img border=0 width=1680 height=652 id=\"gmail-m_-8198839234582512206m_5889740412189442072gmail-m_908764955747496320gmail-m_1103675106087585796gmail-m_-6562394285341439988Picture_x0020_6\" src=\"cid:image013.png@01D726CE.5A57C920\" alt=\"Description: cid:1788b16a096a18c377\"><span lang=EN-US><o:p></o:p></span></p><p class=MsoNormal style=\'mso-margin-top-alt:auto;mso-margin-bottom-alt:auto\'><span lang=EN-US>&nbsp;<o:p></o:p></span></p><p class=MsoNormal style=\'mso-margin-top-alt:auto;mso-margin-bottom-alt:auto\'><img border=0 width=898 height=687 id=\"gmail-m_-8198839234582512206m_5889740412189442072gmail-m_908764955747496320gmail-m_1103675106087585796gmail-m_-6562394285341439988Picture_x0020_7\" src=\"cid:image014.png@01D726CE.5A57C920\" alt=\"Description: cid:1788b16a096afa3b88\"><span lang=EN-US><o:p></o:p></span></p><p class=MsoNormal style=\'mso-margin-top-alt:auto;mso-margin-bottom-alt:auto\'><span lang=EN-US>&nbsp;<o:p></o:p></span></p><p class=MsoNormal style=\'mso-margin-top-alt:auto;mso-margin-bottom-alt:auto\'><span lang=EN-US>&nbsp;<o:p></o:p></span></p><p class=MsoNormal style=\'mso-margin-top-alt:auto;mso-margin-bottom-alt:auto\'><span lang=EN-US>&nbsp;<o:p></o:p></span></p><p class=MsoNormal style=\'mso-margin-top-alt:auto;mso-margin-bottom-alt:auto\'><span lang=EN-US>--&nbsp;<o:p></o:p></span></p><p class=MsoNormal style=\'mso-margin-top-alt:auto;mso-margin-bottom-alt:auto\'><span lang=EN-US style=\'font-size:10.0pt;font-family:\"Verdana\",\"sans-serif\"\'>Thanks and Regards,&nbsp;</span><span lang=EN-US><o:p></o:p></span></p><p class=MsoNormal style=\'mso-margin-top-alt:auto;mso-margin-bottom-alt:auto\'><span lang=EN-US style=\'font-size:9.5pt\'>&nbsp;</span><span lang=EN-US><o:p></o:p></span></p><p class=MsoNormal style=\'mso-margin-top-alt:auto;mso-margin-bottom-alt:auto\'><b><i><span lang=EN-US style=\'font-family:\"Verdana\",\"sans-serif\"\'>Shan Barla</span></i></b><span lang=EN-US><o:p></o:p></span></p><p class=MsoNormal style=\'mso-margin-top-alt:auto;mso-margin-bottom-alt:auto\'><span lang=EN-US style=\'font-size:9.5pt\'>&nbsp;</span><span lang=EN-US><o:p></o:p></span></p><p class=MsoNormal style=\'mso-margin-top-alt:auto;mso-margin-bottom-alt:auto\'><span lang=EN-US style=\'font-size:9.5pt;font-family:\"Verdana\",\"sans-serif\"\'><a href=\"mailto:shan@aussiebuspartners.com\" target=\"_blank\">shan@aussiebuspartners.com</a></span><span lang=EN-US><o:p></o:p></span></p><p class=MsoNormal style=\'mso-margin-top-alt:auto;mso-margin-bottom-alt:auto\'><span lang=EN-US>&nbsp;<o:p></o:p></span></p><p class=MsoNormal style=\'mso-margin-top-alt:auto;mso-margin-bottom-alt:auto\'><span lang=EN-US style=\'font-size:10.0pt;font-family:\"Verdana\",\"sans-serif\"\'>Phone: &nbsp;</span><span lang=EN-US style=\'color:#1E0AB6\'><a href=\"tel:0452+525+651\" target=\"_blank\"><span style=\'font-size:10.0pt;font-family:\"Verdana\",\"sans-serif\";color:#1E0AB6\'>+61 452 52 56 51</span></a></span><span lang=EN-US><o:p></o:p></span></p><p class=MsoNormal style=\'mso-margin-top-alt:auto;mso-margin-bottom-alt:auto\'><span lang=EN-US style=\'font-size:9.5pt\'>&nbsp;</span><span lang=EN-US><o:p></o:p></span></p><p class=MsoNormal style=\'mso-margin-top-alt:auto;mso-margin-bottom-alt:auto\'><span lang=EN-US><a href=\"https://aussiebuspartners.com/\" target=\"_blank\">https://aussiebuspartners.com/</a><o:p></o:p></span></p><p class=MsoNormal style=\'mso-margin-top-alt:auto;mso-margin-bottom-alt:auto\'><span lang=EN-US style=\'font-size:9.5pt\'>&nbsp;</span><span lang=EN-US><o:p></o:p></span></p><p class=MsoNormal style=\'mso-margin-top-alt:auto;mso-margin-bottom-alt:auto\'><span lang=EN-US style=\'font-size:9.5pt\'>&nbsp;</span><span lang=EN-US><o:p></o:p></span></p><p class=MsoNormal style=\'mso-margin-top-alt:auto;mso-margin-bottom-alt:auto;background:white;vertical-align:baseline\'><span lang=EN-US style=\'font-size:9.5pt;color:black\'>&nbsp;&nbsp;</span><span style=\'font-size:9.0pt;color:blue;border:none windowtext 1.0pt;padding:0cm\'><img border=0 width=86 height=36 id=\"gmail-m_-8198839234582512206m_5889740412189442072gmail-m_908764955747496320gmail-m_1103675106087585796gmail-m_-6562394285341439988Picture_x0020_1\" src=\"cid:image005.jpg@01D726D0.F1266F80\" alt=\"Description: download 1\"></span><span style=\'font-size:6.0pt;color:blue;border:none windowtext 1.0pt;padding:0cm\'><img border=0 width=81 height=41 id=\"gmail-m_-8198839234582512206m_5889740412189442072gmail-m_908764955747496320gmail-m_1103675106087585796gmail-m_-6562394285341439988Picture_x0020_2\" src=\"cid:image016.jpg@01D726D0.F1266F80\" alt=\"Description: download 2\"><img border=0 width=63 height=45 id=\"gmail-m_-8198839234582512206m_5889740412189442072gmail-m_908764955747496320gmail-m_1103675106087585796gmail-m_-6562394285341439988Picture_x0020_3\" src=\"cid:image017.jpg@01D726D0.F1266F80\" alt=\"Description: download 3\"></span><span lang=EN-US><o:p></o:p></span></p><p class=MsoNormal style=\'mso-margin-top-alt:auto;mso-margin-bottom-alt:auto;background:white;vertical-align:baseline\'><span style=\'font-size:6.0pt;color:blue;border:none windowtext 1.0pt;padding:0cm\'><img border=0 width=62 height=35 id=\"gmail-m_-8198839234582512206m_5889740412189442072gmail-m_908764955747496320gmail-m_1103675106087585796gmail-m_-6562394285341439988Picture_x0020_4\" src=\"cid:image018.jpg@01D726D0.F1266F80\" alt=\"Description: download 4\"><img border=0 width=70 height=46 id=\"gmail-m_-8198839234582512206m_5889740412189442072gmail-m_908764955747496320gmail-m_1103675106087585796gmail-m_-6562394285341439988Picture_x0020_5\" src=\"cid:image029.jpg@01D726D0.F1266F80\" alt=\"Description: download 5\"></span><span lang=EN-US><o:p></o:p></span></p><p class=MsoNormal style=\'mso-margin-top-alt:auto;mso-margin-bottom-alt:auto;background:white;vertical-align:baseline\'><span lang=EN-AU style=\'color:blue;border:none windowtext 1.0pt;padding:0cm\'>&nbsp;</span><span lang=EN-US><o:p></o:p></span></p><p class=MsoNormal style=\'mso-margin-top-alt:auto;mso-margin-bottom-alt:auto;background:white;vertical-align:baseline\'><span lang=EN-AU style=\'color:blue;border:none windowtext 1.0pt;padding:0cm\'>&nbsp;</span><span lang=EN-US><o:p></o:p></span></p><p class=MsoNormal style=\'mso-margin-top-alt:auto;mso-margin-bottom-alt:auto\'><span lang=EN-US style=\'font-size:9.5pt\'>&nbsp;</span><span lang=EN-US><o:p></o:p></span></p><p class=MsoNormal style=\'mso-margin-top-alt:auto;mso-margin-bottom-alt:auto\'><span lang=EN-US style=\'font-size:9.5pt\'>&nbsp; &nbsp;&nbsp;&nbsp;</span><span lang=EN-US><o:p></o:p></span></p><p class=MsoNormal style=\'mso-margin-top-alt:auto;mso-margin-bottom-alt:auto\'><span lang=EN-US>&nbsp;<o:p></o:p></span></p></div></div></blockquote></div></div></blockquote></div></div></div></div></div></div></blockquote></div></div></body></html><br><br>', 'utf-8', 1, 0, 0, '<033001d726a2$d9b2a540$8d17efc0$@rightchoice.io>', 1, 1499, 1617269694, NULL, 'INBOX'),
(21, '[\"qldcleaningclub@gmail.com\"]', '[\"gopi@rightchoice.io\",\"support@rightchoice.io\",\"shan@aussiebuspartners.com\"]', '[]', '[]', '1617259151', 'CRM TRY TO SAND EMAIL FOR TEST ITS FAILED', '<div dir=\"ltr\">Hi Gopi,<div>Good afternoon,</div><div>Could please double check everything, all the functions working properly for us thank you.</div></div>\r\n<br><br>', 'UTF-8', 1, 0, 0, '<CA+CgZn2WK1Mwhww0Wx-Hw37K0=ntFkWxEwmEPC_fg3RPuvxq2Q@mail.gmail.com>', 1, 1500, 1617269695, NULL, 'INBOX'),
(21, '[\"support@rightchoice.io\"]', '[\"shan@aussiebuspartners.com\",\"qldcleaningclub@gmail.com\"]', '[\"support@rightchoice.io\"]', '[]', '1617259282', 'Reset Account Credentials', '<html xmlns:v=\"urn:schemas-microsoft-com:vml\" xmlns:o=\"urn:schemas-microsoft-com:office:office\" xmlns:w=\"urn:schemas-microsoft-com:office:word\" xmlns:m=\"http://schemas.microsoft.com/office/2004/12/omml\" xmlns=\"http://www.w3.org/TR/REC-html40\"><head><meta http-equiv=Content-Type content=\"text/html; charset=utf-8\"><meta name=Generator content=\"Microsoft Word 14 (filtered medium)\"><!--[if !mso]><style>v\\:* {behavior:url(#default#VML);}\r\no\\:* {behavior:url(#default#VML);}\r\nw\\:* {behavior:url(#default#VML);}\r\n.shape {behavior:url(#default#VML);}\r\n</style><![endif]--><style><!--\r\n/* Font Definitions */\r\n@font-face\r\n	{font-family:Calibri;\r\n	panose-1:2 15 5 2 2 2 4 3 2 4;}\r\n@font-face\r\n	{font-family:Tahoma;\r\n	panose-1:2 11 6 4 3 5 4 4 2 4;}\r\n@font-face\r\n	{font-family:Verdana;\r\n	panose-1:2 11 6 4 3 5 4 4 2 4;}\r\n/* Style Definitions */\r\np.MsoNormal, li.MsoNormal, div.MsoNormal\r\n	{margin:0in;\r\n	margin-bottom:.0001pt;\r\n	font-size:12.0pt;\r\n	font-family:\"Times New Roman\",\"serif\";}\r\na:link, span.MsoHyperlink\r\n	{mso-style-priority:99;\r\n	color:blue;\r\n	text-decoration:underline;}\r\na:visited, span.MsoHyperlinkFollowed\r\n	{mso-style-priority:99;\r\n	color:purple;\r\n	text-decoration:underline;}\r\np.MsoAcetate, li.MsoAcetate, div.MsoAcetate\r\n	{mso-style-priority:99;\r\n	mso-style-link:\"Balloon Text Char\";\r\n	margin:0in;\r\n	margin-bottom:.0001pt;\r\n	font-size:8.0pt;\r\n	font-family:\"Tahoma\",\"sans-serif\";}\r\nspan.EmailStyle18\r\n	{mso-style-type:personal-reply;\r\n	font-family:\"Calibri\",\"sans-serif\";\r\n	color:#1F497D;}\r\nspan.BalloonTextChar\r\n	{mso-style-name:\"Balloon Text Char\";\r\n	mso-style-priority:99;\r\n	mso-style-link:\"Balloon Text\";\r\n	font-family:\"Tahoma\",\"sans-serif\";}\r\n.MsoChpDefault\r\n	{mso-style-type:export-only;\r\n	font-family:\"Calibri\",\"sans-serif\";}\r\n@page WordSection1\r\n	{size:8.5in 11.0in;\r\n	margin:1.0in 1.0in 1.0in 1.0in;}\r\ndiv.WordSection1\r\n	{page:WordSection1;}\r\n--></style><!--[if gte mso 9]><xml>\r\n<o:shapedefaults v:ext=\"edit\" spidmax=\"1026\" />\r\n</xml><![endif]--><!--[if gte mso 9]><xml>\r\n<o:shapelayout v:ext=\"edit\">\r\n<o:idmap v:ext=\"edit\" data=\"1\" />\r\n</o:shapelayout></xml><![endif]--></head><body lang=EN-US link=blue vlink=purple><div class=WordSection1><p class=MsoNormal><span lang=EN-GB style=\'font-size:11.0pt;font-family:\"Calibri\",\"sans-serif\"\'>Hi Parm/Shan,<o:p></o:p></span></p><p class=MsoNormal><span lang=EN-GB style=\'font-size:11.0pt;font-family:\"Calibri\",\"sans-serif\"\'><o:p>&nbsp;</o:p></span></p><p class=MsoNormal><span lang=EN-GB style=\'font-size:11.0pt;font-family:\"Calibri\",\"sans-serif\"\'>We have resetted account credentials. Please make use of below credentials and let us know.<o:p></o:p></span></p><p class=MsoNormal><span lang=EN-GB style=\'font-size:11.0pt;font-family:\"Calibri\",\"sans-serif\"\'><o:p>&nbsp;</o:p></span></p><p class=MsoNormal><span lang=EN-GB style=\'font-size:11.0pt;font-family:\"Calibri\",\"sans-serif\"\'>Login Link: <a href=\"http://qcc.rightchoice.io/index.php\">http://qcc.rightchoice.io/index.php</a> <o:p></o:p></span></p><p class=MsoNormal><span lang=EN-GB style=\'font-size:11.0pt;font-family:\"Calibri\",\"sans-serif\"\'><o:p>&nbsp;</o:p></span></p><p class=MsoNormal><span lang=EN-GB style=\'font-size:11.0pt;font-family:\"Calibri\",\"sans-serif\"\'>Username: <a href=\"mailto:operations@seva-cleaning.com.au\">operations@seva-cleaning.com.au</a> <o:p></o:p></span></p><p class=MsoNormal><span lang=EN-GB style=\'font-size:11.0pt;font-family:\"Calibri\",\"sans-serif\"\'>Password: O@perAtOr4Wnd3fV<o:p></o:p></span></p><p class=MsoNormal><span lang=EN-GB style=\'font-size:11.0pt;font-family:\"Calibri\",\"sans-serif\"\'><o:p>&nbsp;</o:p></span></p><p class=MsoNormal><span lang=EN-GB style=\'font-size:11.0pt;font-family:\"Calibri\",\"sans-serif\"\'>Username: <a href=\"mailto:hello@seva-cleaning.com.au\">hello@seva-cleaning.com.au</a> <o:p></o:p></span></p><p class=MsoNormal><span lang=EN-GB style=\'font-size:11.0pt;font-family:\"Calibri\",\"sans-serif\"\'>Password: H@ello5dLNnwuS]<o:p></o:p></span></p><p class=MsoNormal><span lang=EN-GB style=\'font-size:11.0pt;font-family:\"Calibri\",\"sans-serif\"\'><o:p>&nbsp;</o:p></span></p><p class=MsoNormal><span lang=EN-GB style=\'font-size:11.0pt;font-family:\"Calibri\",\"sans-serif\"\'>Admin Account Credentials<o:p></o:p></span></p><p class=MsoNormal><span lang=EN-GB style=\'font-size:11.0pt;font-family:\"Calibri\",\"sans-serif\"\'>Username: <a href=\"mailto:shan@aussiebuspartners.com\">shan@aussiebuspartners.com</a><o:p></o:p></span></p><p class=MsoNormal><span lang=EN-GB style=\'font-size:11.0pt;font-family:\"Calibri\",\"sans-serif\"\'>Password: S@&amp;Q087Cnc&amp;@#c<o:p></o:p></span></p><p class=MsoNormal><span lang=EN-GB style=\'font-size:11.0pt;font-family:\"Calibri\",\"sans-serif\"\'><o:p>&nbsp;</o:p></span></p><p class=MsoNormal><span lang=EN-GB style=\'font-size:11.0pt;font-family:\"Calibri\",\"sans-serif\"\'>Note: if you find &nbsp;any difficulties, please contact us.<o:p></o:p></span></p><p class=MsoNormal><span style=\'font-size:11.0pt;font-family:\"Calibri\",\"sans-serif\"\'><o:p>&nbsp;</o:p></span></p><p class=MsoNormal style=\'background:white\'><span style=\'font-size:11.0pt;font-family:\"Calibri\",\"sans-serif\";color:#1F497D;mso-fareast-language:EN-AU\'>Thank You,<o:p></o:p></span></p><p class=MsoNormal><b><span lang=EN-IN style=\'font-size:11.0pt;font-family:\"Calibri\",\"sans-serif\";color:#1F497D;mso-fareast-language:EN-AU\'>Srinivas <o:p></o:p></span></b></p><p class=MsoNormal style=\'background:white\'><span style=\'font-size:11.0pt;font-family:\"Calibri\",\"sans-serif\";color:#222222\'><img border=0 width=150 height=34 id=\"Picture_x0020_1\" src=\"cid:image001.jpg@01D726F0.1CDC11B0\" alt=\"Description: Description: Description: Description: RIGHT-CHOICE-NEW-LOGO-1\"></span><span style=\'font-size:11.0pt;font-family:\"Calibri\",\"sans-serif\";color:black;mso-fareast-language:EN-AU\'><o:p></o:p></span></p><p class=MsoNormal style=\'background:white\'><b><span lang=EN-IN style=\'font-size:11.0pt;font-family:\"Calibri\",\"sans-serif\";color:#1F497D;mso-fareast-language:EN-AU\'>Mob: 0431 965 429</span></b><span style=\'font-size:11.0pt;font-family:\"Calibri\",\"sans-serif\";color:black;mso-fareast-language:EN-AU\'><o:p></o:p></span></p><p class=MsoNormal><b><span style=\'font-size:10.0pt;font-family:\"Calibri\",\"sans-serif\";color:#1F497D;mso-fareast-language:EN-AU\'>Email:</span></b><span style=\'font-size:10.0pt;font-family:\"Calibri\",\"sans-serif\";color:#1F497D;mso-fareast-language:EN-AU\'> &nbsp;&nbsp;</span><span lang=EN-IN style=\'font-size:11.0pt;font-family:\"Calibri\",\"sans-serif\";color:#44546A;mso-fareast-language:EN-AU\'><a href=\"mailto:support@rightchoice.io\">support@rightchoice.io</a> <o:p></o:p></span></p><p class=MsoNormal><b><span lang=EN-IN style=\'font-size:11.0pt;font-family:\"Calibri\",\"sans-serif\";color:#44546A;mso-fareast-language:EN-AU\'>Website:</span></b><span lang=EN-IN style=\'font-size:11.0pt;font-family:\"Calibri\",\"sans-serif\";color:#44546A;mso-fareast-language:EN-AU\'> <a href=\"http://www.rightChoice.io\">www.rightChoice.io</a> </span><span style=\'font-size:11.0pt;font-family:\"Calibri\",\"sans-serif\";color:black;mso-fareast-language:EN-AU\'><o:p></o:p></span></p><p class=MsoNormal><span style=\'font-size:11.0pt;font-family:\"Calibri\",\"sans-serif\";color:#1F497D\'><o:p>&nbsp;</o:p></span></p><p class=MsoNormal><span style=\'font-size:11.0pt;font-family:\"Calibri\",\"sans-serif\";color:#1F497D\'><o:p>&nbsp;</o:p></span></p><p class=MsoNormal><b><span style=\'font-size:10.0pt;font-family:\"Tahoma\",\"sans-serif\"\'>From:</span></b><span style=\'font-size:10.0pt;font-family:\"Tahoma\",\"sans-serif\"\'> Gopi RightChoice [mailto:gopi@rightchoice.io] <br><b>Sent:</b> Thursday, April 1, 2021 7:57 AM<br><b>To:</b> support@rightchoice.io<br><b>Subject:</b> Fwd: CRM - Accounts account<o:p></o:p></span></p><p class=MsoNormal><o:p>&nbsp;</o:p></p><div><p class=MsoNormal style=\'margin-bottom:12.0pt\'><o:p>&nbsp;</o:p></p><div><div><p class=MsoNormal>---------- Forwarded message ---------<br>From: <strong>Shan Barla</strong> &lt;<a href=\"mailto:shan@aussiebuspartners.com\">shan@aussiebuspartners.com</a>&gt;<br>Date: Thu, Apr 1, 2021 at 12:02 PM<br>Subject: CRM - Accounts account<br>To: <a href=\"mailto:gopi@rightchoice.io\">gopi@rightchoice.io</a> &lt;<a href=\"mailto:gopi@rightchoice.io\">gopi@rightchoice.io</a>&gt;<o:p></o:p></p></div><p class=MsoNormal style=\'margin-bottom:12.0pt\'><o:p>&nbsp;</o:p></p><div><div><p class=MsoNormal style=\'mso-margin-top-alt:auto;mso-margin-bottom-alt:auto\'>Hi Gopi, <o:p></o:p></p><p class=MsoNormal style=\'mso-margin-top-alt:auto;mso-margin-bottom-alt:auto\'>&nbsp;<o:p></o:p></p><p class=MsoNormal style=\'mso-margin-top-alt:auto;mso-margin-bottom-alt:auto\'>The Accounts CRM account not working! was there any changes made? <o:p></o:p></p><p class=MsoNormal style=\'mso-margin-top-alt:auto;mso-margin-bottom-alt:auto\'>&nbsp;<o:p></o:p></p><p class=MsoNormal style=\'mso-margin-top-alt:auto;mso-margin-bottom-alt:auto\'><img border=0 width=1144 height=592 id=\"m_-1302313262597221554Picture_x0020_6\" src=\"cid:image002.png@01D726F0.1CDC11B0\"><o:p></o:p></p><p class=MsoNormal style=\'mso-margin-top-alt:auto;mso-margin-bottom-alt:auto\'>&nbsp;<o:p></o:p></p><p class=MsoNormal style=\'mso-margin-top-alt:auto;mso-margin-bottom-alt:auto\'>--&nbsp;<o:p></o:p></p><p class=MsoNormal style=\'mso-margin-top-alt:auto;mso-margin-bottom-alt:auto\'><span style=\'font-size:10.0pt;font-family:\"Verdana\",\"sans-serif\"\'>Thanks and Regards,&nbsp;</span><o:p></o:p></p><p class=MsoNormal style=\'mso-margin-top-alt:auto;mso-margin-bottom-alt:auto\'><span style=\'font-size:9.5pt\'>&nbsp;</span><o:p></o:p></p><p class=MsoNormal style=\'mso-margin-top-alt:auto;mso-margin-bottom-alt:auto\'><b><i><span style=\'font-family:\"Verdana\",\"sans-serif\"\'>Shan Barla</span></i></b><o:p></o:p></p><p class=MsoNormal style=\'mso-margin-top-alt:auto;mso-margin-bottom-alt:auto\'><span style=\'font-size:9.5pt\'>&nbsp;</span><o:p></o:p></p><p class=MsoNormal style=\'mso-margin-top-alt:auto;mso-margin-bottom-alt:auto\'><span style=\'font-size:9.5pt;font-family:\"Verdana\",\"sans-serif\"\'><a href=\"mailto:shan@aussiebuspartners.com\" target=\"_blank\">shan@aussiebuspartners.com</a></span><o:p></o:p></p><p class=MsoNormal style=\'mso-margin-top-alt:auto;mso-margin-bottom-alt:auto\'>&nbsp;<o:p></o:p></p><p class=MsoNormal style=\'mso-margin-top-alt:auto;mso-margin-bottom-alt:auto\'><span style=\'font-size:10.0pt;font-family:\"Verdana\",\"sans-serif\"\'>Phone: &nbsp;</span><span style=\'color:#1E0AB6\'><a href=\"tel:0452+525+651\" target=\"_blank\"><span style=\'font-size:10.0pt;font-family:\"Verdana\",\"sans-serif\";color:#1E0AB6\'>+61 452 52 56 51</span></a></span><o:p></o:p></p><p class=MsoNormal style=\'mso-margin-top-alt:auto;mso-margin-bottom-alt:auto\'><span style=\'font-size:9.5pt\'>&nbsp;</span><o:p></o:p></p><p class=MsoNormal style=\'mso-margin-top-alt:auto;mso-margin-bottom-alt:auto\'><a href=\"https://aussiebuspartners.com/\" target=\"_blank\">https://aussiebuspartners.com/</a><o:p></o:p></p><p class=MsoNormal style=\'mso-margin-top-alt:auto;mso-margin-bottom-alt:auto\'><span style=\'font-size:9.5pt\'>&nbsp;</span><o:p></o:p></p><p class=MsoNormal style=\'mso-margin-top-alt:auto;mso-margin-bottom-alt:auto\'><span style=\'font-size:9.5pt\'>&nbsp;</span><o:p></o:p></p><p class=MsoNormal style=\'mso-margin-top-alt:auto;mso-margin-bottom-alt:auto;background:white;vertical-align:baseline\'><span style=\'font-size:9.5pt;color:black\'>&nbsp;&nbsp;</span><span lang=EN-AU style=\'font-size:9.0pt;color:blue;border:none windowtext 1.0pt;padding:0in\'><img border=0 width=86 height=36 id=\"m_-1302313262597221554Picture_x0020_1\" src=\"cid:image003.jpg@01D726F0.1CDC11B0\" alt=\"download 1\"></span><span lang=EN-AU style=\'font-size:6.0pt;color:blue;border:none windowtext 1.0pt;padding:0in\'><img border=0 width=81 height=41 id=\"m_-1302313262597221554Picture_x0020_2\" src=\"cid:image004.jpg@01D726F0.1CDC11B0\" alt=\"download 2\"><img border=0 width=63 height=45 id=\"m_-1302313262597221554Picture_x0020_3\" src=\"cid:image005.jpg@01D726F0.1CDC11B0\" alt=\"download 3\"></span><o:p></o:p></p><p class=MsoNormal style=\'mso-margin-top-alt:auto;mso-margin-bottom-alt:auto;background:white;vertical-align:baseline\'><span lang=EN-AU style=\'font-size:6.0pt;color:blue;border:none windowtext 1.0pt;padding:0in\'><img border=0 width=62 height=35 id=\"m_-1302313262597221554Picture_x0020_4\" src=\"cid:image006.jpg@01D726F0.1CDC11B0\" alt=\"download 4\"><img border=0 width=70 height=46 id=\"m_-1302313262597221554Picture_x0020_5\" src=\"cid:image007.jpg@01D726F0.1CDC11B0\" alt=\"download 5\"></span><o:p></o:p></p><p class=MsoNormal style=\'mso-margin-top-alt:auto;mso-margin-bottom-alt:auto;background:white;vertical-align:baseline\'><span lang=EN-AU style=\'color:blue;border:none windowtext 1.0pt;padding:0in\'>&nbsp;</span><o:p></o:p></p><p class=MsoNormal style=\'mso-margin-top-alt:auto;mso-margin-bottom-alt:auto;background:white;vertical-align:baseline\'><span lang=EN-AU style=\'color:blue;border:none windowtext 1.0pt;padding:0in\'>&nbsp;</span><o:p></o:p></p><p class=MsoNormal style=\'mso-margin-top-alt:auto;mso-margin-bottom-alt:auto\'><span style=\'font-size:9.5pt\'>&nbsp;</span><o:p></o:p></p><p class=MsoNormal style=\'mso-margin-top-alt:auto;mso-margin-bottom-alt:auto\'><span style=\'font-size:9.5pt\'>&nbsp; &nbsp;&nbsp;&nbsp;</span><o:p></o:p></p><p class=MsoNormal style=\'mso-margin-top-alt:auto;mso-margin-bottom-alt:auto\'>&nbsp;<o:p></o:p></p></div></div></div></div></div><div id=\"DAB4FAD8-2DD7-40BB-A1B8-4E2AA1F9FDF2\"><br />\r\n<table style=\"border-top: 1px solid #D3D4DE;\">\r\n	<tr>\r\n        <td style=\"width: 55px; padding-top: 13px;\"><a href=\"https://www.avast.com/sig-email?utm_medium=email&utm_source=link&utm_campaign=sig-email&utm_content=emailclient\" target=\"_blank\"><img src=\"https://ipmcdn.avast.com/images/icons/icon-envelope-tick-round-orange-animated-no-repeat-v1.gif\" alt=\"\" width=\"46\" height=\"29\" style=\"width: 46px; height: 29px;\" /></a></td>\r\n		<td style=\"width: 470px; padding-top: 12px; color: #41424e; font-size: 13px; font-family: Arial, Helvetica, sans-serif; line-height: 18px;\">Virus-free. <a href=\"https://www.avast.com/sig-email?utm_medium=email&utm_source=link&utm_campaign=sig-email&utm_content=emailclient\" target=\"_blank\" style=\"color: #4453ea;\">www.avast.com</a>\r\n		</td>\r\n	</tr>\r\n</table><a href=\"#DAB4FAD8-2DD7-40BB-A1B8-4E2AA1F9FDF2\" width=\"1\" height=\"1\"> </a></div></body></html><br><br>', 'UTF-8', 1, 0, 0, '<009101d726c2$05145b10$0f3d1130$@rightchoice.io>', 1, 1501, 1617269695, NULL, 'INBOX');
INSERT INTO `vtiger_mailmanager_mailrecord` (`userid`, `mfrom`, `mto`, `mcc`, `mbcc`, `mdate`, `msubject`, `mbody`, `mcharset`, `misbodyhtml`, `mplainmessage`, `mhtmlmessage`, `muniqueid`, `mbodyparsed`, `muid`, `lastsavedtime`, `folder`, `mfolder`) VALUES
(21, '[\"support@rightchoice.io\"]', '[\"qldcleaningclub@gmail.com\",\"gopi@rightchoice.io\",\"shan@aussiebuspartners.com\"]', '[\"support@rightchoice.io\"]', '[]', '1617261221', 'Request for Updated Passwords', '<html xmlns:v=\"urn:schemas-microsoft-com:vml\" xmlns:o=\"urn:schemas-microsoft-com:office:office\" xmlns:w=\"urn:schemas-microsoft-com:office:word\" xmlns:m=\"http://schemas.microsoft.com/office/2004/12/omml\" xmlns=\"http://www.w3.org/TR/REC-html40\"><head><meta http-equiv=Content-Type content=\"text/html; charset=utf-8\"><meta name=Generator content=\"Microsoft Word 14 (filtered medium)\"><!--[if !mso]><style>v\\:* {behavior:url(#default#VML);}\r\no\\:* {behavior:url(#default#VML);}\r\nw\\:* {behavior:url(#default#VML);}\r\n.shape {behavior:url(#default#VML);}\r\n</style><![endif]--><style><!--\r\n/* Font Definitions */\r\n@font-face\r\n	{font-family:Calibri;\r\n	panose-1:2 15 5 2 2 2 4 3 2 4;}\r\n@font-face\r\n	{font-family:Tahoma;\r\n	panose-1:2 11 6 4 3 5 4 4 2 4;}\r\n@font-face\r\n	{font-family:Verdana;\r\n	panose-1:2 11 6 4 3 5 4 4 2 4;}\r\n@font-face\r\n	{font-family:\"Helvetica Neue\";}\r\n/* Style Definitions */\r\np.MsoNormal, li.MsoNormal, div.MsoNormal\r\n	{margin:0in;\r\n	margin-bottom:.0001pt;\r\n	font-size:12.0pt;\r\n	font-family:\"Times New Roman\",\"serif\";}\r\na:link, span.MsoHyperlink\r\n	{mso-style-priority:99;\r\n	color:blue;\r\n	text-decoration:underline;}\r\na:visited, span.MsoHyperlinkFollowed\r\n	{mso-style-priority:99;\r\n	color:purple;\r\n	text-decoration:underline;}\r\np\r\n	{mso-style-priority:99;\r\n	mso-margin-top-alt:auto;\r\n	margin-right:0in;\r\n	mso-margin-bottom-alt:auto;\r\n	margin-left:0in;\r\n	font-size:12.0pt;\r\n	font-family:\"Times New Roman\",\"serif\";}\r\np.MsoAcetate, li.MsoAcetate, div.MsoAcetate\r\n	{mso-style-priority:99;\r\n	mso-style-link:\"Balloon Text Char\";\r\n	margin:0in;\r\n	margin-bottom:.0001pt;\r\n	font-size:8.0pt;\r\n	font-family:\"Tahoma\",\"sans-serif\";}\r\np.MsoListParagraph, li.MsoListParagraph, div.MsoListParagraph\r\n	{mso-style-priority:34;\r\n	margin-top:0in;\r\n	margin-right:0in;\r\n	margin-bottom:0in;\r\n	margin-left:.5in;\r\n	margin-bottom:.0001pt;\r\n	font-size:12.0pt;\r\n	font-family:\"Times New Roman\",\"serif\";}\r\nspan.BalloonTextChar\r\n	{mso-style-name:\"Balloon Text Char\";\r\n	mso-style-priority:99;\r\n	mso-style-link:\"Balloon Text\";\r\n	font-family:\"Tahoma\",\"sans-serif\";\r\n	mso-fareast-language:EN-IN;}\r\nspan.EmailStyle20\r\n	{mso-style-type:personal;\r\n	font-family:\"Calibri\",\"sans-serif\";\r\n	color:#1F497D;}\r\nspan.EmailStyle22\r\n	{mso-style-type:personal-reply;\r\n	font-family:\"Calibri\",\"sans-serif\";\r\n	color:#1F497D;}\r\n.MsoChpDefault\r\n	{mso-style-type:export-only;\r\n	font-size:10.0pt;}\r\n@page WordSection1\r\n	{size:8.5in 11.0in;\r\n	margin:1.0in 1.0in 1.0in 1.0in;}\r\ndiv.WordSection1\r\n	{page:WordSection1;}\r\n/* List Definitions */\r\n@list l0\r\n	{mso-list-id:390033754;\r\n	mso-list-type:hybrid;\r\n	mso-list-template-ids:142878284 67698703 67698713 67698715 67698703 67698713 67698715 67698703 67698713 67698715;}\r\n@list l0:level1\r\n	{mso-level-tab-stop:none;\r\n	mso-level-number-position:left;\r\n	text-indent:-.25in;}\r\n@list l0:level2\r\n	{mso-level-number-format:alpha-lower;\r\n	mso-level-tab-stop:none;\r\n	mso-level-number-position:left;\r\n	text-indent:-.25in;}\r\n@list l0:level3\r\n	{mso-level-number-format:roman-lower;\r\n	mso-level-tab-stop:none;\r\n	mso-level-number-position:right;\r\n	text-indent:-9.0pt;}\r\n@list l0:level4\r\n	{mso-level-tab-stop:none;\r\n	mso-level-number-position:left;\r\n	text-indent:-.25in;}\r\n@list l0:level5\r\n	{mso-level-number-format:alpha-lower;\r\n	mso-level-tab-stop:none;\r\n	mso-level-number-position:left;\r\n	text-indent:-.25in;}\r\n@list l0:level6\r\n	{mso-level-number-format:roman-lower;\r\n	mso-level-tab-stop:none;\r\n	mso-level-number-position:right;\r\n	text-indent:-9.0pt;}\r\n@list l0:level7\r\n	{mso-level-tab-stop:none;\r\n	mso-level-number-position:left;\r\n	text-indent:-.25in;}\r\n@list l0:level8\r\n	{mso-level-number-format:alpha-lower;\r\n	mso-level-tab-stop:none;\r\n	mso-level-number-position:left;\r\n	text-indent:-.25in;}\r\n@list l0:level9\r\n	{mso-level-number-format:roman-lower;\r\n	mso-level-tab-stop:none;\r\n	mso-level-number-position:right;\r\n	text-indent:-9.0pt;}\r\nol\r\n	{margin-bottom:0in;}\r\nul\r\n	{margin-bottom:0in;}\r\n--></style><!--[if gte mso 9]><xml>\r\n<o:shapedefaults v:ext=\"edit\" spidmax=\"1026\" />\r\n</xml><![endif]--><!--[if gte mso 9]><xml>\r\n<o:shapelayout v:ext=\"edit\">\r\n<o:idmap v:ext=\"edit\" data=\"1\" />\r\n</o:shapelayout></xml><![endif]--></head><body lang=EN-US link=blue vlink=purple><div class=WordSection1><p class=MsoNormal><span style=\'font-size:11.0pt;font-family:\"Calibri\",\"sans-serif\";color:#1F497D\'>Hi Shan,<o:p></o:p></span></p><p class=MsoNormal><span style=\'font-size:11.0pt;font-family:\"Calibri\",\"sans-serif\";color:#1F497D\'><o:p>&nbsp;</o:p></span></p><p class=MsoNormal><span style=\'font-size:11.0pt;font-family:\"Calibri\",\"sans-serif\";color:#1F497D\'>Can you share us updated passwords for below 2 emails for configuration.<o:p></o:p></span></p><p class=MsoListParagraph style=\'text-indent:-.25in;mso-list:l0 level1 lfo1\'><![if !supportLists]><span style=\'font-size:11.0pt;font-family:\"Calibri\",\"sans-serif\";color:#1F497D\'><span style=\'mso-list:Ignore\'>1.<span style=\'font:7.0pt \"Times New Roman\"\'>&nbsp;&nbsp;&nbsp;&nbsp;&nbsp;&nbsp; </span></span></span><![endif]><span lang=EN-IN style=\'font-size:11.0pt;font-family:\"Calibri\",\"sans-serif\";color:#1F497D\'><a href=\"mailto:operations@seva-cleaning.com.au\">operations@seva-cleaning.com.au</a></span><span style=\'font-size:11.0pt;font-family:\"Calibri\",\"sans-serif\";color:#1F497D\'><o:p></o:p></span></p><p class=MsoListParagraph style=\'text-indent:-.25in;mso-list:l0 level1 lfo1\'><![if !supportLists]><span style=\'font-size:11.0pt;font-family:\"Calibri\",\"sans-serif\";color:#1F497D\'><span style=\'mso-list:Ignore\'>2.<span style=\'font:7.0pt \"Times New Roman\"\'>&nbsp;&nbsp;&nbsp;&nbsp;&nbsp;&nbsp; </span></span></span><![endif]><span lang=EN-IN style=\'font-size:11.0pt;font-family:\"Calibri\",\"sans-serif\";color:#1F497D\'><a href=\"mailto:hello@seva-cleaning.com.au\">hello@seva-cleaning.com.au</a></span><span style=\'font-size:11.0pt;font-family:\"Calibri\",\"sans-serif\";color:#1F497D\'><o:p></o:p></span></p><p class=MsoNormal><span style=\'font-size:11.0pt;font-family:\"Calibri\",\"sans-serif\";color:#1F497D\'><o:p>&nbsp;</o:p></span></p><p class=MsoNormal style=\'background:white\'><span style=\'font-size:11.0pt;font-family:\"Calibri\",\"sans-serif\";color:#1F497D;mso-fareast-language:EN-AU\'>Thank You,<o:p></o:p></span></p><p class=MsoNormal><b><span lang=EN-IN style=\'font-size:11.0pt;font-family:\"Calibri\",\"sans-serif\";color:#1F497D;mso-fareast-language:EN-AU\'>Srinivas <o:p></o:p></span></b></p><p class=MsoNormal style=\'background:white\'><span style=\'font-size:11.0pt;font-family:\"Calibri\",\"sans-serif\";color:#222222\'><img border=0 width=150 height=34 id=\"Picture_x0020_1\" src=\"cid:image002.jpg@01D726F4.9CFA6410\" alt=\"Description: Description: Description: Description: Description: RIGHT-CHOICE-NEW-LOGO-1\"></span><span style=\'font-size:11.0pt;font-family:\"Calibri\",\"sans-serif\";color:black;mso-fareast-language:EN-AU\'><o:p></o:p></span></p><p class=MsoNormal style=\'background:white\'><b><span lang=EN-IN style=\'font-size:11.0pt;font-family:\"Calibri\",\"sans-serif\";color:#1F497D;mso-fareast-language:EN-AU\'>Mob: 0431 965 429</span></b><span style=\'font-size:11.0pt;font-family:\"Calibri\",\"sans-serif\";color:black;mso-fareast-language:EN-AU\'><o:p></o:p></span></p><p class=MsoNormal><b><span style=\'font-size:10.0pt;font-family:\"Calibri\",\"sans-serif\";color:#1F497D;mso-fareast-language:EN-AU\'>Email:</span></b><span style=\'font-size:10.0pt;font-family:\"Calibri\",\"sans-serif\";color:#1F497D;mso-fareast-language:EN-AU\'> &nbsp;&nbsp;</span><span lang=EN-IN style=\'font-size:11.0pt;font-family:\"Calibri\",\"sans-serif\";color:#44546A;mso-fareast-language:EN-AU\'><a href=\"mailto:support@rightchoice.io\">support@rightchoice.io</a> <o:p></o:p></span></p><p class=MsoNormal><b><span lang=EN-IN style=\'font-size:11.0pt;font-family:\"Calibri\",\"sans-serif\";color:#44546A;mso-fareast-language:EN-AU\'>Website:</span></b><span lang=EN-IN style=\'font-size:11.0pt;font-family:\"Calibri\",\"sans-serif\";color:#44546A;mso-fareast-language:EN-AU\'> <a href=\"http://www.rightChoice.io\">www.rightChoice.io</a> </span><span style=\'font-size:11.0pt;font-family:\"Calibri\",\"sans-serif\";color:black;mso-fareast-language:EN-AU\'><o:p></o:p></span></p><p class=MsoNormal><span style=\'font-size:11.0pt;font-family:\"Calibri\",\"sans-serif\";color:#1F497D\'><o:p>&nbsp;</o:p></span></p><div><div style=\'border:none;border-top:solid #B5C4DF 1.0pt;padding:3.0pt 0in 0in 0in\'><p class=MsoNormal><b><span style=\'font-size:10.0pt;font-family:\"Tahoma\",\"sans-serif\"\'>From:</span></b><span style=\'font-size:10.0pt;font-family:\"Tahoma\",\"sans-serif\"\'> Support RightChoice [mailto:support@rightchoice.io] <br><b>Sent:</b> Thursday, April 1, 2021 8:28 AM<br><b>To:</b> \'Queensland Cleaning Club\'; \'Gopi RightChoice\'; \'Shan Barla\'<br><b>Cc:</b> support@rightchoice.io<br><b>Subject:</b> Email - Hello Account<o:p></o:p></span></p></div></div><p class=MsoNormal><o:p>&nbsp;</o:p></p><p class=MsoNormal><span lang=EN-IN style=\'font-size:11.0pt;font-family:\"Calibri\",\"sans-serif\";color:#1F497D\'>Hi Shan,<o:p></o:p></span></p><p class=MsoNormal><span lang=EN-IN style=\'font-size:11.0pt;font-family:\"Calibri\",\"sans-serif\";color:#1F497D\'><o:p>&nbsp;</o:p></span></p><p class=MsoNormal><span lang=EN-IN style=\'font-size:11.0pt;font-family:\"Calibri\",\"sans-serif\";color:#1F497D\'>Please find the below details <o:p></o:p></span></p><p class=MsoNormal><span lang=EN-IN style=\'font-size:11.0pt;font-family:\"Calibri\",\"sans-serif\";color:#1F497D\'><o:p>&nbsp;</o:p></span></p><p class=MsoNormal><span lang=EN-IN style=\'font-size:11.0pt;font-family:\"Calibri\",\"sans-serif\";color:#1F497D\'>Login Link:&nbsp; <a href=\"https://outlook.office.com/\">https://outlook.office.com/</a> <o:p></o:p></span></p><p class=MsoNormal><span lang=EN-IN style=\'font-size:11.0pt;font-family:\"Calibri\",\"sans-serif\";color:#1F497D\'><o:p>&nbsp;</o:p></span></p><p class=MsoNormal><span lang=EN-IN style=\'font-size:11.0pt;font-family:\"Calibri\",\"sans-serif\";color:#1F497D\'>Username: <a href=\"mailto:operations@seva-cleaning.com.au\">operations@seva-cleaning.com.au</a> <o:p></o:p></span></p><p class=MsoNormal><span lang=EN-IN style=\'font-size:11.0pt;font-family:\"Calibri\",\"sans-serif\";color:#1F497D\'>Password:&nbsp; <b>nU2Iu[LncuP$<o:p></o:p></b></span></p><p class=MsoNormal><span lang=EN-IN style=\'font-size:11.0pt;font-family:\"Calibri\",\"sans-serif\";color:#1F497D\'><o:p>&nbsp;</o:p></span></p><p class=MsoNormal><span lang=EN-IN style=\'font-size:11.0pt;font-family:\"Calibri\",\"sans-serif\";color:#1F497D\'>Username: <a href=\"mailto:hello@seva-cleaning.com.au\">hello@seva-cleaning.com.au</a><o:p></o:p></span></p><p class=MsoNormal><span lang=EN-IN style=\'font-size:11.0pt;font-family:\"Calibri\",\"sans-serif\";color:#1F497D\'>Password:&nbsp; <b>neOxs5eT8l5n<o:p></o:p></b></span></p><p class=MsoNormal><span lang=EN-IN style=\'font-size:11.0pt;font-family:\"Calibri\",\"sans-serif\";color:#1F497D\'><o:p>&nbsp;</o:p></span></p><p class=MsoNormal><span lang=EN-IN style=\'font-size:11.0pt;font-family:\"Calibri\",\"sans-serif\";color:#1F497D\'>Username: <a href=\"mailto:accounts@seva-cleaning.com.au\">accounts@seva-cleaning.com.au</a><o:p></o:p></span></p><p class=MsoNormal><span lang=EN-IN style=\'font-size:11.0pt;font-family:\"Calibri\",\"sans-serif\";color:#1F497D\'>Password:&nbsp; <b>29TKwt7w2@<o:p></o:p></b></span></p><p class=MsoNormal><span lang=EN-IN style=\'font-size:11.0pt;font-family:\"Calibri\",\"sans-serif\";color:#1F497D\'><o:p>&nbsp;</o:p></span></p><p class=MsoNormal><span lang=EN-IN style=\'font-size:11.0pt;font-family:\"Calibri\",\"sans-serif\";color:#1F497D\'><o:p>&nbsp;</o:p></span></p><p class=MsoNormal style=\'background:white\'><span style=\'font-size:11.0pt;font-family:\"Calibri\",\"sans-serif\";color:#1F497D;mso-fareast-language:EN-AU\'>Thank You,<o:p></o:p></span></p><p class=MsoNormal><b><span lang=EN-IN style=\'font-size:11.0pt;font-family:\"Calibri\",\"sans-serif\";color:#1F497D;mso-fareast-language:EN-AU\'>Henry Williams<o:p></o:p></span></b></p><p class=MsoNormal style=\'background:white\'><b><span lang=EN-IN style=\'font-size:11.0pt;font-family:\"Calibri\",\"sans-serif\";color:#1F497D;mso-fareast-language:EN-AU\'>Technical Support Team</span></b><span style=\'font-size:11.0pt;font-family:\"Calibri\",\"sans-serif\";color:black;mso-fareast-language:EN-AU\'><o:p></o:p></span></p><p class=MsoNormal style=\'background:white\'><span lang=EN-IN style=\'font-size:11.0pt;font-family:\"Calibri\",\"sans-serif\";color:#222222\'><img border=0 width=150 height=34 id=\"Picture_x0020_16\" src=\"cid:image002.jpg@01D726F4.9CFA6410\" alt=\"Description: Description: Description: RIGHT-CHOICE-NEW-LOGO-1\"></span><span style=\'font-size:11.0pt;font-family:\"Calibri\",\"sans-serif\";color:black;mso-fareast-language:EN-AU\'><o:p></o:p></span></p><p class=MsoNormal style=\'background:white\'><b><span lang=EN-IN style=\'font-size:11.0pt;font-family:\"Calibri\",\"sans-serif\";color:#1F497D;mso-fareast-language:EN-AU\'>Mob: 0431 965 429</span></b><span style=\'font-size:11.0pt;font-family:\"Calibri\",\"sans-serif\";color:black;mso-fareast-language:EN-AU\'><o:p></o:p></span></p><p class=MsoNormal><b><span style=\'font-size:10.0pt;font-family:\"Calibri\",\"sans-serif\";color:#1F497D;mso-fareast-language:EN-AU\'>Email:</span></b><span style=\'font-size:10.0pt;font-family:\"Calibri\",\"sans-serif\";color:#1F497D;mso-fareast-language:EN-AU\'> &nbsp;&nbsp;</span><span lang=EN-IN style=\'font-size:11.0pt;font-family:\"Calibri\",\"sans-serif\";color:#44546A;mso-fareast-language:EN-AU\'><a href=\"mailto:support@rightchoice.io\">support@rightchoice.io</a> <o:p></o:p></span></p><p class=MsoNormal><b><span lang=EN-IN style=\'font-size:11.0pt;font-family:\"Calibri\",\"sans-serif\";color:#44546A;mso-fareast-language:EN-AU\'>Website:</span></b><span lang=EN-IN style=\'font-size:11.0pt;font-family:\"Calibri\",\"sans-serif\";color:#44546A;mso-fareast-language:EN-AU\'> <a href=\"http://www.rightChoice.io\">www.rightChoice.io</a> </span><span style=\'font-size:11.0pt;font-family:\"Calibri\",\"sans-serif\";color:black;mso-fareast-language:EN-AU\'><o:p></o:p></span></p><p class=MsoNormal><span lang=EN-IN style=\'font-size:11.0pt;font-family:\"Calibri\",\"sans-serif\";color:#1F497D\'><o:p>&nbsp;</o:p></span></p><p class=MsoNormal><span lang=EN-IN style=\'font-size:11.0pt;font-family:\"Calibri\",\"sans-serif\";color:#1F497D\'><o:p>&nbsp;</o:p></span></p><p class=MsoNormal><span lang=EN-IN style=\'font-size:11.0pt;font-family:\"Calibri\",\"sans-serif\";color:#1F497D\'><o:p>&nbsp;</o:p></span></p><p class=MsoNormal><b><span style=\'font-size:10.0pt;font-family:\"Tahoma\",\"sans-serif\"\'>From:</span></b><span style=\'font-size:10.0pt;font-family:\"Tahoma\",\"sans-serif\"\'> Queensland Cleaning Club [mailto:qldcleaningclub@gmail.com] <br><b>Sent:</b> 01 April 2021 07:33 AM<br><b>To:</b> Gopi RightChoice; Shan Barla; Support RightChoice<br><b>Subject:</b> Re: Email - Hello Account<o:p></o:p></span></p><p class=MsoNormal><span lang=EN-IN><o:p>&nbsp;</o:p></span></p><div><p class=MsoNormal><span lang=EN-IN>Hi Gopi,<o:p></o:p></span></p><div><p class=MsoNormal><span lang=EN-IN>We haven\'t received the Right Clean update yet thank you.<o:p></o:p></span></p></div></div><p class=MsoNormal><span lang=EN-IN><o:p>&nbsp;</o:p></span></p><div><div><p class=MsoNormal><span lang=EN-IN>On Thu, 1 Apr 2021 at 11:43, Queensland Cleaning Club &lt;<a href=\"mailto:qldcleaningclub@gmail.com\">qldcleaningclub@gmail.com</a>&gt; wrote:<o:p></o:p></span></p></div><blockquote style=\'border:none;border-left:solid #CCCCCC 1.0pt;padding:0in 0in 0in 6.0pt;margin-left:4.8pt;margin-top:5.0pt;margin-right:0in;margin-bottom:5.0pt\'><div><p class=MsoNormal><span lang=EN-IN>Hi Gopi,<o:p></o:p></span></p><div><p class=MsoNormal><span lang=EN-IN>Good Morning,&nbsp;<o:p></o:p></span></p></div><div><p class=MsoNormal style=\'margin-bottom:12.0pt\'><span lang=EN-IN>Please check everything before you ask us to check thank you.&nbsp;<o:p></o:p></span></p><div><div><p class=MsoNormal><span lang=EN-IN>---------- Forwarded message ---------<br>From: <strong>Shan Barla</strong> &lt;<a href=\"mailto:shan@aussiebuspartners.com\" target=\"_blank\">shan@aussiebuspartners.com</a>&gt;<br>Date: Thu, 1 Apr 2021 at 11:38<br>Subject: RE: Email - Hello Account<br>To: Support RightChoice &lt;<a href=\"mailto:support@rightchoice.io\" target=\"_blank\">support@rightchoice.io</a>&gt;<br>Cc: Queensland Cleaning Club &lt;<a href=\"mailto:qldcleaningclub@gmail.com\" target=\"_blank\">qldcleaningclub@gmail.com</a>&gt;<o:p></o:p></span></p></div><p class=MsoNormal style=\'margin-bottom:12.0pt\'><span lang=EN-IN><o:p>&nbsp;</o:p></span></p><div><div><p class=MsoNormal style=\'mso-margin-top-alt:auto;mso-margin-bottom-alt:auto\'>Hi Gopi, <o:p></o:p></p><p class=MsoNormal style=\'mso-margin-top-alt:auto;mso-margin-bottom-alt:auto\'>&nbsp;<o:p></o:p></p><p class=MsoNormal style=\'mso-margin-top-alt:auto;mso-margin-bottom-alt:auto\'>Thank you. They are not working.<o:p></o:p></p><p class=MsoNormal style=\'mso-margin-top-alt:auto;mso-margin-bottom-alt:auto\'>&nbsp;<o:p></o:p></p><p class=MsoNormal style=\'mso-margin-top-alt:auto;mso-margin-bottom-alt:auto\'>Please see below. <o:p></o:p></p><p class=MsoNormal style=\'mso-margin-top-alt:auto;mso-margin-bottom-alt:auto\'>&nbsp;<o:p></o:p></p><p class=MsoNormal style=\'mso-margin-top-alt:auto;mso-margin-bottom-alt:auto\'><span lang=EN-IN><img border=0 width=1071 height=837 id=\"gmail-m_-8198839234582512206m_5889740412189442072Picture_x0020_15\" src=\"cid:image003.png@01D726F4.9CFA6410\" alt=\"Description: cid:1788b16a0964cff311\"></span><o:p></o:p></p><p class=MsoNormal style=\'mso-margin-top-alt:auto;mso-margin-bottom-alt:auto\'>&nbsp;<o:p></o:p></p><p class=MsoNormal style=\'mso-margin-top-alt:auto;mso-margin-bottom-alt:auto\'>--&nbsp;<o:p></o:p></p><p class=MsoNormal style=\'mso-margin-top-alt:auto;mso-margin-bottom-alt:auto\'><span style=\'font-size:10.0pt;font-family:\"Verdana\",\"sans-serif\"\'>Thanks and Regards,&nbsp;</span><o:p></o:p></p><p class=MsoNormal style=\'mso-margin-top-alt:auto;mso-margin-bottom-alt:auto\'><span style=\'font-size:9.5pt\'>&nbsp;</span><o:p></o:p></p><p class=MsoNormal style=\'mso-margin-top-alt:auto;mso-margin-bottom-alt:auto\'><b><i><span style=\'font-family:\"Verdana\",\"sans-serif\"\'>Shan Barla</span></i></b><o:p></o:p></p><p class=MsoNormal style=\'mso-margin-top-alt:auto;mso-margin-bottom-alt:auto\'><span style=\'font-size:9.5pt\'>&nbsp;</span><o:p></o:p></p><p class=MsoNormal style=\'mso-margin-top-alt:auto;mso-margin-bottom-alt:auto\'><span style=\'font-size:9.5pt;font-family:\"Verdana\",\"sans-serif\"\'><a href=\"mailto:shan@aussiebuspartners.com\" target=\"_blank\">shan@aussiebuspartners.com</a></span><o:p></o:p></p><p class=MsoNormal style=\'mso-margin-top-alt:auto;mso-margin-bottom-alt:auto\'>&nbsp;<o:p></o:p></p><p class=MsoNormal style=\'mso-margin-top-alt:auto;mso-margin-bottom-alt:auto\'><span style=\'font-size:10.0pt;font-family:\"Verdana\",\"sans-serif\"\'>Phone: &nbsp;</span><span style=\'color:#1E0AB6\'><a href=\"tel:0452+525+651\" target=\"_blank\"><span style=\'font-size:10.0pt;font-family:\"Verdana\",\"sans-serif\";color:#1E0AB6\'>+61 452 52 56 51</span></a></span><o:p></o:p></p><p class=MsoNormal style=\'mso-margin-top-alt:auto;mso-margin-bottom-alt:auto\'><span style=\'font-size:9.5pt\'>&nbsp;</span><o:p></o:p></p><p class=MsoNormal style=\'mso-margin-top-alt:auto;mso-margin-bottom-alt:auto\'><a href=\"https://aussiebuspartners.com/\" target=\"_blank\">https://aussiebuspartners.com/</a><o:p></o:p></p><p class=MsoNormal style=\'mso-margin-top-alt:auto;mso-margin-bottom-alt:auto\'><span style=\'font-size:9.5pt\'>&nbsp;</span><o:p></o:p></p><p class=MsoNormal style=\'mso-margin-top-alt:auto;mso-margin-bottom-alt:auto\'><span style=\'font-size:9.5pt\'>&nbsp;</span><o:p></o:p></p><p class=MsoNormal style=\'mso-margin-top-alt:auto;mso-margin-bottom-alt:auto;background:white;vertical-align:baseline\'><span style=\'font-size:9.5pt;color:black\'>&nbsp;&nbsp;</span><span lang=EN-IN style=\'font-size:9.0pt;color:blue;border:none windowtext 1.0pt;padding:0in\'><img border=0 width=86 height=36 id=\"gmail-m_-8198839234582512206m_5889740412189442072Picture_x0020_10\" src=\"cid:image004.jpg@01D726F4.9CFA6410\" alt=\"Description: download 1\"></span><span lang=EN-IN style=\'font-size:6.0pt;color:blue;border:none windowtext 1.0pt;padding:0in\'><img border=0 width=81 height=41 id=\"gmail-m_-8198839234582512206m_5889740412189442072Picture_x0020_11\" src=\"cid:image005.jpg@01D726F4.9CFA6410\" alt=\"Description: download 2\"><img border=0 width=63 height=45 id=\"gmail-m_-8198839234582512206m_5889740412189442072Picture_x0020_12\" src=\"cid:image006.jpg@01D726F4.9CFA6410\" alt=\"Description: download 3\"></span><o:p></o:p></p><p class=MsoNormal style=\'mso-margin-top-alt:auto;mso-margin-bottom-alt:auto;background:white;vertical-align:baseline\'><span lang=EN-IN style=\'font-size:6.0pt;color:blue;border:none windowtext 1.0pt;padding:0in\'><img border=0 width=62 height=35 id=\"gmail-m_-8198839234582512206m_5889740412189442072Picture_x0020_13\" src=\"cid:image007.jpg@01D726F4.9CFA6410\" alt=\"Description: download 4\"><img border=0 width=70 height=46 id=\"gmail-m_-8198839234582512206m_5889740412189442072Picture_x0020_14\" src=\"cid:image008.jpg@01D726F4.9CFA6410\" alt=\"Description: download 5\"></span><o:p></o:p></p><p class=MsoNormal style=\'mso-margin-top-alt:auto;mso-margin-bottom-alt:auto;background:white;vertical-align:baseline\'><span lang=EN-AU style=\'color:blue;border:none windowtext 1.0pt;padding:0in\'>&nbsp;</span><o:p></o:p></p><p class=MsoNormal style=\'mso-margin-top-alt:auto;mso-margin-bottom-alt:auto;background:white;vertical-align:baseline\'><span lang=EN-AU style=\'color:blue;border:none windowtext 1.0pt;padding:0in\'>&nbsp;</span><o:p></o:p></p><p class=MsoNormal style=\'mso-margin-top-alt:auto;mso-margin-bottom-alt:auto\'><span style=\'font-size:9.5pt\'>&nbsp;</span><o:p></o:p></p><p class=MsoNormal style=\'mso-margin-top-alt:auto;mso-margin-bottom-alt:auto\'><span style=\'font-size:9.5pt\'>&nbsp; &nbsp;&nbsp;&nbsp;</span><o:p></o:p></p><p class=MsoNormal style=\'mso-margin-top-alt:auto;mso-margin-bottom-alt:auto\'>&nbsp;<o:p></o:p></p><div style=\'border:none;border-top:solid #E1E1E1 1.0pt;padding:3.0pt 0in 0in 0in\'><p class=MsoNormal style=\'mso-margin-top-alt:auto;mso-margin-bottom-alt:auto\'><b>From:</b> Support RightChoice &lt;<a href=\"mailto:support@rightchoice.io\" target=\"_blank\">support@rightchoice.io</a>&gt; <br><b>Sent:</b> Thursday, April 1, 2021 8:49 AM<br><b>To:</b> Shan Barla &lt;<a href=\"mailto:shan@aussiebuspartners.com\" target=\"_blank\">shan@aussiebuspartners.com</a>&gt;; <a href=\"mailto:support@rightchoice.io\" target=\"_blank\">support@rightchoice.io</a><br><b>Cc:</b> Queensland Cleaning Club &lt;<a href=\"mailto:qldcleaningclub@gmail.com\" target=\"_blank\">qldcleaningclub@gmail.com</a>&gt;<br><b>Subject:</b> Re: Email - Hello Account<o:p></o:p></p></div><p class=MsoNormal style=\'mso-margin-top-alt:auto;mso-margin-bottom-alt:auto\'>&nbsp;<o:p></o:p></p><div><p class=MsoNormal style=\'mso-margin-top-alt:auto;mso-margin-bottom-alt:auto\'>Hi Shan / Parm,<o:p></o:p></p><div><p class=MsoNormal style=\'mso-margin-top-alt:auto;mso-margin-bottom-alt:auto\'>&nbsp;<o:p></o:p></p></div><div><p class=MsoNormal style=\'mso-margin-top-alt:auto;mso-margin-bottom-alt:auto\'>&nbsp; &nbsp;Warm Greetings from Right Choice.<o:p></o:p></p></div><div><p class=MsoNormal style=\'mso-margin-top-alt:auto;mso-margin-bottom-alt:auto\'>&nbsp;<o:p></o:p></p></div><div><p class=MsoNormal style=\'mso-margin-top-alt:auto;mso-margin-bottom-alt:auto\'>Emails are workign fine,&nbsp; have a look and share your feedback.<o:p></o:p></p></div><div><p class=MsoNormal style=\'mso-margin-top-alt:auto;mso-margin-bottom-alt:auto\'>&nbsp;<o:p></o:p></p></div><div><div><p class=MsoNormal style=\'mso-margin-top-alt:auto;mso-margin-bottom-alt:auto\'><span style=\'font-size:10.0pt;font-family:\"Courier New\";color:#500050\'>Regards,</span><o:p></o:p></p></div><div><div><div><p class=MsoNormal style=\'mso-margin-top-alt:auto;mso-margin-bottom-alt:auto\'><span style=\'font-size:10.0pt;font-family:\"Courier New\";color:#500050\'>Gopi S</span><o:p></o:p></p></div><div><p class=MsoNormal style=\'mso-margin-top-alt:auto;mso-margin-bottom-alt:auto\'><span lang=EN-IN style=\'font-size:10.0pt;font-family:\"Courier New\";color:#500050;border:solid windowtext 1.0pt;padding:0in\'><img border=0 width=95 height=22 id=\"gmail-m_-8198839234582512206m_5889740412189442072_x005f_x0000_i1033\" src=\"cid:image009.jpg@01D726F4.9CFA6410\" alt=\"Description: Image removed by sender.\"></span><span style=\'font-size:10.0pt;font-family:\"Courier New\";color:#500050\'><br><a href=\"http://www.rightchoice.io/\" target=\"_blank\">www.rightChoice.io</a></span><o:p></o:p></p></div><div><p class=MsoNormal style=\'mso-margin-top-alt:auto;mso-margin-bottom-alt:auto\'><span style=\'font-size:10.0pt;font-family:\"Courier New\";color:#500050\'><a href=\"mailto:support@rightchoice.io\" target=\"_blank\">support@rightchoice.io</a><br>0431 202 187</span><o:p></o:p></p></div></div></div></div></div><p class=MsoNormal style=\'mso-margin-top-alt:auto;mso-margin-bottom-alt:auto\'>&nbsp;<o:p></o:p></p><div><div><p class=MsoNormal style=\'mso-margin-top-alt:auto;mso-margin-bottom-alt:auto\'>On Wed, Mar 31, 2021 at 2:08 PM Gopi RightChoice &lt;<a href=\"mailto:gopi@rightchoice.io\" target=\"_blank\">gopi@rightchoice.io</a>&gt; wrote:<o:p></o:p></p></div><blockquote style=\'border:none;border-left:solid #CCCCCC 1.0pt;padding:0in 0in 0in 6.0pt;margin-left:4.8pt;margin-top:5.0pt;margin-right:0in;margin-bottom:5.0pt\'><div><div><p class=MsoNormal style=\'mso-margin-top-alt:auto;mso-margin-bottom-alt:auto\'>Hi Shan,<o:p></o:p></p><div><p class=MsoNormal style=\'mso-margin-top-alt:auto;mso-margin-bottom-alt:auto\'>&nbsp;<o:p></o:p></p></div><div><p class=MsoNormal style=\'mso-margin-top-alt:auto;mso-margin-bottom-alt:auto\'>&nbsp; &nbsp;Thank you for your email.<o:p></o:p></p></div><div><p class=MsoNormal style=\'mso-margin-top-alt:auto;mso-margin-bottom-alt:auto\'>&nbsp;<o:p></o:p></p></div><div><p class=MsoNormal style=\'mso-margin-top-alt:auto;mso-margin-bottom-alt:auto\'>It seems Domain DNS settings are changed.<o:p></o:p></p></div><div><p class=MsoNormal style=\'mso-margin-top-alt:auto;mso-margin-bottom-alt:auto\'>&nbsp;<o:p></o:p></p></div><div><p class=MsoNormal style=\'mso-margin-top-alt:auto;mso-margin-bottom-alt:auto\'>Can you share the Godaddy credentials?<o:p></o:p></p></div><div><p class=MsoNormal style=\'mso-margin-top-alt:auto;mso-margin-bottom-alt:auto\'>&nbsp;<o:p></o:p></p></div><div><p class=MsoNormal style=\'mso-margin-top-alt:auto;mso-margin-bottom-alt:auto\'>Note:&nbsp; Don\'t change any settings without&nbsp;our knowledge,&nbsp; it will lead to a lot of&nbsp;problems.<o:p></o:p></p></div><div><p class=MsoNormal style=\'mso-margin-top-alt:auto;mso-margin-bottom-alt:auto\'>&nbsp;<o:p></o:p></p></div><div><p class=MsoNormal style=\'mso-margin-top-alt:auto;mso-margin-bottom-alt:auto\'>&nbsp;<o:p></o:p></p></div><div><div><p class=MsoNormal style=\'mso-margin-top-alt:auto;mso-margin-bottom-alt:auto\'><span style=\'font-size:10.0pt;font-family:\"Courier New\";color:#500050\'>Regards,</span><o:p></o:p></p></div><div><div><div><p class=MsoNormal style=\'mso-margin-top-alt:auto;mso-margin-bottom-alt:auto\'><span style=\'font-size:10.0pt;font-family:\"Courier New\";color:#500050\'>Gopi S</span><o:p></o:p></p></div><div><p class=MsoNormal style=\'mso-margin-top-alt:auto;mso-margin-bottom-alt:auto\'><span lang=EN-IN style=\'font-size:10.0pt;font-family:\"Courier New\";color:#500050;border:solid windowtext 1.0pt;padding:0in\'><img border=0 width=95 height=22 id=\"gmail-m_-8198839234582512206m_5889740412189442072_x005f_x0000_i1032\" src=\"cid:image009.jpg@01D726F4.9CFA6410\" alt=\"Description: Image removed by sender.\"></span><span style=\'font-size:10.0pt;font-family:\"Courier New\";color:#500050\'><br><a href=\"http://www.rightchoice.io/\" target=\"_blank\">www.rightChoice.io</a></span><o:p></o:p></p></div><div><p class=MsoNormal style=\'mso-margin-top-alt:auto;mso-margin-bottom-alt:auto\'><span style=\'font-size:10.0pt;font-family:\"Courier New\";color:#500050\'><a href=\"mailto:support@rightchoice.io\" target=\"_blank\">support@rightchoice.io</a><br>0431 202 187</span><o:p></o:p></p></div></div></div><p style=\'margin:0in;margin-bottom:.0001pt;font-variant-numeric:normal;font-variant-east-asian:normal;font-stretch:normal\'><span style=\'font-size:9.0pt;font-family:\"Helvetica Neue\"\'>&nbsp;</span><o:p></o:p></p></div><div><p class=MsoNormal style=\'mso-margin-top-alt:auto;mso-margin-bottom-alt:auto\'>&nbsp;<o:p></o:p></p></div></div><p class=MsoNormal style=\'mso-margin-top-alt:auto;mso-margin-bottom-alt:auto\'>&nbsp;<o:p></o:p></p><div><div><p class=MsoNormal style=\'mso-margin-top-alt:auto;mso-margin-bottom-alt:auto\'>On Wed, Mar 31, 2021 at 1:00 PM Shan Barla &lt;<a href=\"mailto:shan@aussiebuspartners.com\" target=\"_blank\">shan@aussiebuspartners.com</a>&gt; wrote:<o:p></o:p></p></div><blockquote style=\'border:none;border-left:solid #CCCCCC 1.0pt;padding:0in 0in 0in 6.0pt;margin-left:4.8pt;margin-top:5.0pt;margin-right:0in;margin-bottom:5.0pt\'><div><div><p class=MsoNormal style=\'mso-margin-top-alt:auto;mso-margin-bottom-alt:auto\'>Hi Gopi, <o:p></o:p></p><p class=MsoNormal style=\'mso-margin-top-alt:auto;mso-margin-bottom-alt:auto\'>&nbsp;<o:p></o:p></p><p class=MsoNormal style=\'mso-margin-top-alt:auto;mso-margin-bottom-alt:auto\'>Here you go, checked in Junk email as well nothing in there!<o:p></o:p></p><p class=MsoNormal style=\'mso-margin-top-alt:auto;mso-margin-bottom-alt:auto\'>&nbsp;<o:p></o:p></p><p class=MsoNormal style=\'mso-margin-top-alt:auto;mso-margin-bottom-alt:auto\'>&nbsp;<o:p></o:p></p><p class=MsoNormal style=\'mso-margin-top-alt:auto;mso-margin-bottom-alt:auto\'>&nbsp;<o:p></o:p></p><p class=MsoNormal style=\'mso-margin-top-alt:auto;mso-margin-bottom-alt:auto\'><span lang=EN-IN><img border=0 width=1680 height=652 id=\"gmail-m_-8198839234582512206m_5889740412189442072gmail-m_908764955747496320gmail-m_1103675106087585796gmail-m_-6562394285341439988Picture_x0020_6\" src=\"cid:image010.png@01D726F4.9CFA6410\" alt=\"Description: cid:1788b16a096a18c377\"></span><o:p></o:p></p><p class=MsoNormal style=\'mso-margin-top-alt:auto;mso-margin-bottom-alt:auto\'>&nbsp;<o:p></o:p></p><p class=MsoNormal style=\'mso-margin-top-alt:auto;mso-margin-bottom-alt:auto\'><span lang=EN-IN><img border=0 width=898 height=687 id=\"gmail-m_-8198839234582512206m_5889740412189442072gmail-m_908764955747496320gmail-m_1103675106087585796gmail-m_-6562394285341439988Picture_x0020_7\" src=\"cid:image011.png@01D726F4.9CFA6410\" alt=\"Description: cid:1788b16a096afa3b88\"></span><o:p></o:p></p><p class=MsoNormal style=\'mso-margin-top-alt:auto;mso-margin-bottom-alt:auto\'>&nbsp;<o:p></o:p></p><p class=MsoNormal style=\'mso-margin-top-alt:auto;mso-margin-bottom-alt:auto\'>&nbsp;<o:p></o:p></p><p class=MsoNormal style=\'mso-margin-top-alt:auto;mso-margin-bottom-alt:auto\'>&nbsp;<o:p></o:p></p><p class=MsoNormal style=\'mso-margin-top-alt:auto;mso-margin-bottom-alt:auto\'>--&nbsp;<o:p></o:p></p><p class=MsoNormal style=\'mso-margin-top-alt:auto;mso-margin-bottom-alt:auto\'><span style=\'font-size:10.0pt;font-family:\"Verdana\",\"sans-serif\"\'>Thanks and Regards,&nbsp;</span><o:p></o:p></p><p class=MsoNormal style=\'mso-margin-top-alt:auto;mso-margin-bottom-alt:auto\'><span style=\'font-size:9.5pt\'>&nbsp;</span><o:p></o:p></p><p class=MsoNormal style=\'mso-margin-top-alt:auto;mso-margin-bottom-alt:auto\'><b><i><span style=\'font-family:\"Verdana\",\"sans-serif\"\'>Shan Barla</span></i></b><o:p></o:p></p><p class=MsoNormal style=\'mso-margin-top-alt:auto;mso-margin-bottom-alt:auto\'><span style=\'font-size:9.5pt\'>&nbsp;</span><o:p></o:p></p><p class=MsoNormal style=\'mso-margin-top-alt:auto;mso-margin-bottom-alt:auto\'><span style=\'font-size:9.5pt;font-family:\"Verdana\",\"sans-serif\"\'><a href=\"mailto:shan@aussiebuspartners.com\" target=\"_blank\">shan@aussiebuspartners.com</a></span><o:p></o:p></p><p class=MsoNormal style=\'mso-margin-top-alt:auto;mso-margin-bottom-alt:auto\'>&nbsp;<o:p></o:p></p><p class=MsoNormal style=\'mso-margin-top-alt:auto;mso-margin-bottom-alt:auto\'><span style=\'font-size:10.0pt;font-family:\"Verdana\",\"sans-serif\"\'>Phone: &nbsp;</span><span style=\'color:#1E0AB6\'><a href=\"tel:0452+525+651\" target=\"_blank\"><span style=\'font-size:10.0pt;font-family:\"Verdana\",\"sans-serif\";color:#1E0AB6\'>+61 452 52 56 51</span></a></span><o:p></o:p></p><p class=MsoNormal style=\'mso-margin-top-alt:auto;mso-margin-bottom-alt:auto\'><span style=\'font-size:9.5pt\'>&nbsp;</span><o:p></o:p></p><p class=MsoNormal style=\'mso-margin-top-alt:auto;mso-margin-bottom-alt:auto\'><a href=\"https://aussiebuspartners.com/\" target=\"_blank\">https://aussiebuspartners.com/</a><o:p></o:p></p><p class=MsoNormal style=\'mso-margin-top-alt:auto;mso-margin-bottom-alt:auto\'><span style=\'font-size:9.5pt\'>&nbsp;</span><o:p></o:p></p><p class=MsoNormal style=\'mso-margin-top-alt:auto;mso-margin-bottom-alt:auto\'><span style=\'font-size:9.5pt\'>&nbsp;</span><o:p></o:p></p><p class=MsoNormal style=\'mso-margin-top-alt:auto;mso-margin-bottom-alt:auto;background:white;vertical-align:baseline\'><span style=\'font-size:9.5pt;color:black\'>&nbsp;&nbsp;</span><span lang=EN-IN style=\'font-size:9.0pt;color:blue;border:none windowtext 1.0pt;padding:0in\'><img border=0 width=86 height=36 id=\"gmail-m_-8198839234582512206m_5889740412189442072gmail-m_908764955747496320gmail-m_1103675106087585796gmail-m_-6562394285341439988Picture_x0020_1\" src=\"cid:image004.jpg@01D726F4.9CFA6410\" alt=\"Description: download 1\"></span><span lang=EN-IN style=\'font-size:6.0pt;color:blue;border:none windowtext 1.0pt;padding:0in\'><img border=0 width=81 height=41 id=\"gmail-m_-8198839234582512206m_5889740412189442072gmail-m_908764955747496320gmail-m_1103675106087585796gmail-m_-6562394285341439988Picture_x0020_2\" src=\"cid:image012.jpg@01D726F4.9CFA6410\" alt=\"Description: download 2\"><img border=0 width=63 height=45 id=\"gmail-m_-8198839234582512206m_5889740412189442072gmail-m_908764955747496320gmail-m_1103675106087585796gmail-m_-6562394285341439988Picture_x0020_3\" src=\"cid:image013.jpg@01D726F4.9CFA6410\" alt=\"Description: download 3\"></span><o:p></o:p></p><p class=MsoNormal style=\'mso-margin-top-alt:auto;mso-margin-bottom-alt:auto;background:white;vertical-align:baseline\'><span lang=EN-IN style=\'font-size:6.0pt;color:blue;border:none windowtext 1.0pt;padding:0in\'><img border=0 width=62 height=35 id=\"gmail-m_-8198839234582512206m_5889740412189442072gmail-m_908764955747496320gmail-m_1103675106087585796gmail-m_-6562394285341439988Picture_x0020_4\" src=\"cid:image014.jpg@01D726F4.9CFA6410\" alt=\"Description: download 4\"><img border=0 width=70 height=46 id=\"gmail-m_-8198839234582512206m_5889740412189442072gmail-m_908764955747496320gmail-m_1103675106087585796gmail-m_-6562394285341439988Picture_x0020_5\" src=\"cid:image015.jpg@01D726F4.9CFA6410\" alt=\"Description: download 5\"></span><o:p></o:p></p><p class=MsoNormal style=\'mso-margin-top-alt:auto;mso-margin-bottom-alt:auto;background:white;vertical-align:baseline\'><span lang=EN-AU style=\'color:blue;border:none windowtext 1.0pt;padding:0in\'>&nbsp;</span><o:p></o:p></p><p class=MsoNormal style=\'mso-margin-top-alt:auto;mso-margin-bottom-alt:auto;background:white;vertical-align:baseline\'><span lang=EN-AU style=\'color:blue;border:none windowtext 1.0pt;padding:0in\'>&nbsp;</span><o:p></o:p></p><p class=MsoNormal style=\'mso-margin-top-alt:auto;mso-margin-bottom-alt:auto\'><span style=\'font-size:9.5pt\'>&nbsp;</span><o:p></o:p></p><p class=MsoNormal style=\'mso-margin-top-alt:auto;mso-margin-bottom-alt:auto\'><span style=\'font-size:9.5pt\'>&nbsp; &nbsp;&nbsp;&nbsp;</span><o:p></o:p></p><p class=MsoNormal style=\'mso-margin-top-alt:auto;mso-margin-bottom-alt:auto\'>&nbsp;<o:p></o:p></p></div></div></blockquote></div></div></blockquote></div></div></div></div></div></div></blockquote></div></div><div id=\"DAB4FAD8-2DD7-40BB-A1B8-4E2AA1F9FDF2\"><br />\r\n<table style=\"border-top: 1px solid #D3D4DE;\">\r\n	<tr>\r\n        <td style=\"width: 55px; padding-top: 13px;\"><a href=\"https://www.avast.com/sig-email?utm_medium=email&utm_source=link&utm_campaign=sig-email&utm_content=emailclient\" target=\"_blank\"><img src=\"https://ipmcdn.avast.com/images/icons/icon-envelope-tick-round-orange-animated-no-repeat-v1.gif\" alt=\"\" width=\"46\" height=\"29\" style=\"width: 46px; height: 29px;\" /></a></td>\r\n		<td style=\"width: 470px; padding-top: 12px; color: #41424e; font-size: 13px; font-family: Arial, Helvetica, sans-serif; line-height: 18px;\">Virus-free. <a href=\"https://www.avast.com/sig-email?utm_medium=email&utm_source=link&utm_campaign=sig-email&utm_content=emailclient\" target=\"_blank\" style=\"color: #4453ea;\">www.avast.com</a>\r\n		</td>\r\n	</tr>\r\n</table><a href=\"#DAB4FAD8-2DD7-40BB-A1B8-4E2AA1F9FDF2\" width=\"1\" height=\"1\"> </a></div></body></html><br><br>', 'UTF-8', 1, 0, 0, '<00a301d726c6$87732790$965976b0$@rightchoice.io>', 1, 1502, 1617269695, NULL, 'INBOX');
INSERT INTO `vtiger_mailmanager_mailrecord` (`userid`, `mfrom`, `mto`, `mcc`, `mbcc`, `mdate`, `msubject`, `mbody`, `mcharset`, `misbodyhtml`, `mplainmessage`, `mhtmlmessage`, `muniqueid`, `mbodyparsed`, `muid`, `lastsavedtime`, `folder`, `mfolder`) VALUES
(21, '[\"qldcleaningclub@gmail.com\"]', '[\"support@rightchoice.io\",\"shan@aussiebuspartners.com\",\"gopi@rightchoice.io\"]', '[]', '[]', '1617268019', 'Re: Reset Account Credentials', '<div dir=\"ltr\">CRM EMAIL = failed to send again, could you please call me who is looking after CRM and Emails. ph 0426984066, here is some kind of misunderstanding going on tell us how you guys work, before you give us your product to use isn&#39;t you guys check everything works, before give to clients. I will be not checking for you guys thank you.?<div>Need to know as well, when providing us<span style=\"font-family:Calibri,sans-serif;font-size:14.6667px\">credentials, we are not allowed to change passwords?</span></div><div><font face=\"Calibri, sans-serif\"><span style=\"font-size:14.6667px\"><br></span></font><div>EMAILS = FOR HELLO AND ACCOUNTS PW = 10050100jagu$</div><div>CRM= Hello = 10050100jagu$</div><div>Email = operations =\r\n\r\n10050100andrew$\r\n\r\n</div><div>CRM= operations = 10050100andrew$<br><div>Kind regards,</div></div></div><div> Parm.</div></div><br><div class=\"gmail_quote\"><div dir=\"ltr\" class=\"gmail_attr\">On Thu, 1 Apr 2021 at 16:41, Support RightChoice &lt;<a href=\"mailto:support@rightchoice.io\">support@rightchoice.io</a>&gt; wrote:<br></div><blockquote class=\"gmail_quote\" style=\"margin:0px 0px 0px 0.8ex;border-left:1px solid rgb(204,204,204);padding-left:1ex\"><div lang=\"EN-US\"><div class=\"gmail-m_-7248874847272800859WordSection1\"><p class=\"MsoNormal\"><span lang=\"EN-GB\" style=\"font-size:11pt;font-family:Calibri,sans-serif\">Hi Parm/Shan,<u></u><u></u></span></p><p class=\"MsoNormal\"><span lang=\"EN-GB\" style=\"font-size:11pt;font-family:Calibri,sans-serif\"><u></u><u></u></span></p><p class=\"MsoNormal\"><span lang=\"EN-GB\" style=\"font-size:11pt;font-family:Calibri,sans-serif\">We have resetted account credentials. Please make use of below credentials and let us know.<u></u><u></u></span></p><p class=\"MsoNormal\"><span lang=\"EN-GB\" style=\"font-size:11pt;font-family:Calibri,sans-serif\"><u></u><u></u></span></p><p class=\"MsoNormal\"><span lang=\"EN-GB\" style=\"font-size:11pt;font-family:Calibri,sans-serif\">Login Link: <a href=\"http://qcc.rightchoice.io/index.php\" target=\"_blank\">http://qcc.rightchoice.io/index.php</a> <u></u><u></u></span></p><p class=\"MsoNormal\"><span lang=\"EN-GB\" style=\"font-size:11pt;font-family:Calibri,sans-serif\"><u></u><u></u></span></p><p class=\"MsoNormal\"><span lang=\"EN-GB\" style=\"font-size:11pt;font-family:Calibri,sans-serif\">Username: <a href=\"mailto:operations@seva-cleaning.com.au\" target=\"_blank\">operations@seva-cleaning.com.au</a> <u></u><u></u></span></p><p class=\"MsoNormal\"><span lang=\"EN-GB\" style=\"font-size:11pt;font-family:Calibri,sans-serif\">Password: O@perAtOr4Wnd3fV<u></u><u></u></span></p><p class=\"MsoNormal\"><span lang=\"EN-GB\" style=\"font-size:11pt;font-family:Calibri,sans-serif\"><u></u><u></u></span></p><p class=\"MsoNormal\"><span lang=\"EN-GB\" style=\"font-size:11pt;font-family:Calibri,sans-serif\">Username: <a href=\"mailto:hello@seva-cleaning.com.au\" target=\"_blank\">hello@seva-cleaning.com.au</a> <u></u><u></u></span></p><p class=\"MsoNormal\"><span lang=\"EN-GB\" style=\"font-size:11pt;font-family:Calibri,sans-serif\">Password: H@ello5dLNnwuS]<u></u><u></u></span></p><p class=\"MsoNormal\"><span lang=\"EN-GB\" style=\"font-size:11pt;font-family:Calibri,sans-serif\"><u></u><u></u></span></p><p class=\"MsoNormal\"><span lang=\"EN-GB\" style=\"font-size:11pt;font-family:Calibri,sans-serif\">Admin Account Credentials<u></u><u></u></span></p><p class=\"MsoNormal\"><span lang=\"EN-GB\" style=\"font-size:11pt;font-family:Calibri,sans-serif\">Username: <a href=\"mailto:shan@aussiebuspartners.com\" target=\"_blank\">shan@aussiebuspartners.com</a><u></u><u></u></span></p><p class=\"MsoNormal\"><span lang=\"EN-GB\" style=\"font-size:11pt;font-family:Calibri,sans-serif\">Password: S@&amp;Q087Cnc&amp;@#c<u></u><u></u></span></p><p class=\"MsoNormal\"><span lang=\"EN-GB\" style=\"font-size:11pt;font-family:Calibri,sans-serif\"><u></u><u></u></span></p><p class=\"MsoNormal\"><span lang=\"EN-GB\" style=\"font-size:11pt;font-family:Calibri,sans-serif\">Note: if you find any difficulties, please contact us.<u></u><u></u></span></p><p class=\"MsoNormal\"><span style=\"font-size:11pt;font-family:Calibri,sans-serif\"><u></u><u></u></span></p><p class=\"MsoNormal\" style=\"background:white\"><span style=\"font-size:11pt;font-family:Calibri,sans-serif;color:rgb(31,73,125)\">Thank You,<u></u><u></u></span></p><p class=\"MsoNormal\"><b><span lang=\"EN-IN\" style=\"font-size:11pt;font-family:Calibri,sans-serif;color:rgb(31,73,125)\">Srinivas <u></u><u></u></span></b></p><p class=\"MsoNormal\" style=\"background:white\"><span style=\"font-size:11pt;font-family:Calibri,sans-serif;color:rgb(34,34,34)\"><img border=\"0\" width=\"150\" height=\"34\" id=\"gmail-m_-7248874847272800859Picture_x0020_1\" src=\"cid:1788ca44bb94ce8e91\" alt=\"Description: Description: Description: Description: RIGHT-CHOICE-NEW-LOGO-1\"></span><span style=\"font-size:11pt;font-family:Calibri,sans-serif;color:black\"><u></u><u></u></span></p><p class=\"MsoNormal\" style=\"background:white\"><b><span lang=\"EN-IN\" style=\"font-size:11pt;font-family:Calibri,sans-serif;color:rgb(31,73,125)\">Mob: 0431 965 429</span></b><span style=\"font-size:11pt;font-family:Calibri,sans-serif;color:black\"><u></u><u></u></span></p><p class=\"MsoNormal\"><b><span style=\"font-size:10pt;font-family:Calibri,sans-serif;color:rgb(31,73,125)\">Email:</span></b><span style=\"font-size:10pt;font-family:Calibri,sans-serif;color:rgb(31,73,125)\"> </span><span lang=\"EN-IN\" style=\"font-size:11pt;font-family:Calibri,sans-serif;color:rgb(68,84,106)\"><a href=\"mailto:support@rightchoice.io\" target=\"_blank\">support@rightchoice.io</a> <u></u><u></u></span></p><p class=\"MsoNormal\"><b><span lang=\"EN-IN\" style=\"font-size:11pt;font-family:Calibri,sans-serif;color:rgb(68,84,106)\">Website:</span></b><span lang=\"EN-IN\" style=\"font-size:11pt;font-family:Calibri,sans-serif;color:rgb(68,84,106)\"> <a href=\"http://www.rightChoice.io\" target=\"_blank\">www.rightChoice.io</a> </span><span style=\"font-size:11pt;font-family:Calibri,sans-serif;color:black\"><u></u><u></u></span></p><p class=\"MsoNormal\"><span style=\"font-size:11pt;font-family:Calibri,sans-serif;color:rgb(31,73,125)\"><u></u><u></u></span></p><p class=\"MsoNormal\"><span style=\"font-size:11pt;font-family:Calibri,sans-serif;color:rgb(31,73,125)\"><u></u><u></u></span></p><p class=\"MsoNormal\"><b><span style=\"font-size:10pt;font-family:Tahoma,sans-serif\">From:</span></b><span style=\"font-size:10pt;font-family:Tahoma,sans-serif\"> Gopi RightChoice [mailto:<a href=\"mailto:gopi@rightchoice.io\" target=\"_blank\">gopi@rightchoice.io</a>] <br><b>Sent:</b> Thursday, April 1, 2021 7:57 AM<br><b>To:</b> <a href=\"mailto:support@rightchoice.io\" target=\"_blank\">support@rightchoice.io</a><br><b>Subject:</b> Fwd: CRM - Accounts account<u></u><u></u></span></p><p class=\"MsoNormal\"><u></u><u></u></p><div><p class=\"MsoNormal\" style=\"margin-bottom:12pt\"><u></u><u></u></p><div><div><p class=\"MsoNormal\">---------- Forwarded message ---------<br>From: <strong>Shan Barla</strong> &lt;<a href=\"mailto:shan@aussiebuspartners.com\" target=\"_blank\">shan@aussiebuspartners.com</a>&gt;<br>Date: Thu, Apr 1, 2021 at 12:02 PM<br>Subject: CRM - Accounts account<br>To: <a href=\"mailto:gopi@rightchoice.io\" target=\"_blank\">gopi@rightchoice.io</a> &lt;<a href=\"mailto:gopi@rightchoice.io\" target=\"_blank\">gopi@rightchoice.io</a>&gt;<u></u><u></u></p></div><p class=\"MsoNormal\" style=\"margin-bottom:12pt\"><u></u><u></u></p><div><div><p class=\"MsoNormal\">Hi Gopi, <u></u><u></u></p><p class=\"MsoNormal\"><u></u><u></u></p><p class=\"MsoNormal\">The Accounts CRM account not working! was there any changes made? <u></u><u></u></p><p class=\"MsoNormal\"><u></u><u></u></p><p class=\"MsoNormal\"><img border=\"0\" width=\"1144\" height=\"592\" id=\"gmail-m_-7248874847272800859m_-1302313262597221554Picture_x0020_6\" src=\"cid:1788ca44bb95b16b22\"><u></u><u></u></p><p class=\"MsoNormal\"><u></u><u></u></p><p class=\"MsoNormal\">--<u></u><u></u></p><p class=\"MsoNormal\"><span style=\"font-size:10pt;font-family:Verdana,sans-serif\">Thanks and Regards,</span><u></u><u></u></p><p class=\"MsoNormal\"><span style=\"font-size:9.5pt\"></span><u></u><u></u></p><p class=\"MsoNormal\"><b><i><span style=\"font-family:Verdana,sans-serif\">Shan Barla</span></i></b><u></u><u></u></p><p class=\"MsoNormal\"><span style=\"font-size:9.5pt\"></span><u></u><u></u></p><p class=\"MsoNormal\"><span style=\"font-size:9.5pt;font-family:Verdana,sans-serif\"><a href=\"mailto:shan@aussiebuspartners.com\" target=\"_blank\">shan@aussiebuspartners.com</a></span><u></u><u></u></p><p class=\"MsoNormal\"><u></u><u></u></p><p class=\"MsoNormal\"><span style=\"font-size:10pt;font-family:Verdana,sans-serif\">Phone: </span><span style=\"color:rgb(30,10,182)\"><a href=\"tel:0452+525+651\" target=\"_blank\"><span style=\"font-size:10pt;font-family:Verdana,sans-serif;color:rgb(30,10,182)\">+61 452 52 56 51</span></a></span><u></u><u></u></p><p class=\"MsoNormal\"><span style=\"font-size:9.5pt\"></span><u></u><u></u></p><p class=\"MsoNormal\"><a href=\"https://aussiebuspartners.com/\" target=\"_blank\">https://aussiebuspartners.com/</a><u></u><u></u></p><p class=\"MsoNormal\"><span style=\"font-size:9.5pt\"></span><u></u><u></u></p><p class=\"MsoNormal\"><span style=\"font-size:9.5pt\"></span><u></u><u></u></p><p class=\"MsoNormal\" style=\"background:white;vertical-align:baseline\"><span style=\"font-size:9.5pt;color:black\"></span><span lang=\"EN-AU\" style=\"font-size:9pt;color:blue;border:1pt none windowtext;padding:0in\"><img border=\"0\" width=\"86\" height=\"36\" id=\"gmail-m_-7248874847272800859m_-1302313262597221554Picture_x0020_1\" src=\"cid:1788ca44bb96917eb3\" alt=\"download 1\"></span><span lang=\"EN-AU\" style=\"font-size:6pt;color:blue;border:1pt none windowtext;padding:0in\"><img border=\"0\" width=\"81\" height=\"41\" id=\"gmail-m_-7248874847272800859m_-1302313262597221554Picture_x0020_2\" src=\"cid:1788ca44bb9772f6c4\" alt=\"download 2\"><img border=\"0\" width=\"63\" height=\"45\" id=\"gmail-m_-7248874847272800859m_-1302313262597221554Picture_x0020_3\" src=\"cid:1788ca44bb98546ed5\" alt=\"download 3\"></span><u></u><u></u></p><p class=\"MsoNormal\" style=\"background:white;vertical-align:baseline\"><span lang=\"EN-AU\" style=\"font-size:6pt;color:blue;border:1pt none windowtext;padding:0in\"><img border=\"0\" width=\"62\" height=\"35\" id=\"gmail-m_-7248874847272800859m_-1302313262597221554Picture_x0020_4\" src=\"cid:1788ca44bba935e6e6\" alt=\"download 4\"><img border=\"0\" width=\"70\" height=\"46\" id=\"gmail-m_-7248874847272800859m_-1302313262597221554Picture_x0020_5\" src=\"cid:1788ca44bbaa175ef7\" alt=\"download 5\"></span><u></u><u></u></p><p class=\"MsoNormal\" style=\"background:white;vertical-align:baseline\"><span lang=\"EN-AU\" style=\"color:blue;border:1pt none windowtext;padding:0in\"></span><u></u><u></u></p><p class=\"MsoNormal\" style=\"background:white;vertical-align:baseline\"><span lang=\"EN-AU\" style=\"color:blue;border:1pt none windowtext;padding:0in\"></span><u></u><u></u></p><p class=\"MsoNormal\"><span style=\"font-size:9.5pt\"></span><u></u><u></u></p><p class=\"MsoNormal\"><span style=\"font-size:9.5pt\"> </span><u></u><u></u></p><p class=\"MsoNormal\"><u></u><u></u></p></div></div></div></div></div><div id=\"gmail-m_-7248874847272800859DAB4FAD8-2DD7-40BB-A1B8-4E2AA1F9FDF2\"><br>\r\n<table style=\"border-top:1px solid rgb(211,212,222)\">\r\n	<tbody><tr>\r\n        <td style=\"width:55px;padding-top:13px\"><a href=\"https://www.avast.com/sig-email?utm_medium=email&amp;utm_source=link&amp;utm_campaign=sig-email&amp;utm_content=emailclient\" target=\"_blank\"><img src=\"https://ipmcdn.avast.com/images/icons/icon-envelope-tick-round-orange-animated-no-repeat-v1.gif\" alt=\"\" width=\"46\" height=\"29\" style=\"width: 46px; height: 29px;\"></a></td>\r\n		<td style=\"width:470px;padding-top:12px;color:rgb(65,66,78);font-size:13px;font-family:Arial,Helvetica,sans-serif;line-height:18px\">Virus-free. <a href=\"https://www.avast.com/sig-email?utm_medium=email&amp;utm_source=link&amp;utm_campaign=sig-email&amp;utm_content=emailclient\" style=\"color:rgb(68,83,234)\" target=\"_blank\">www.avast.com</a>\r\n		</td>\r\n	</tr>\r\n</tbody></table><a href=\"#m_-7248874847272800859_DAB4FAD8-2DD7-40BB-A1B8-4E2AA1F9FDF2\" width=\"1\" height=\"1\"> </a></div></div></blockquote></div>\r\n<br><br>', 'UTF-8', 1, 0, 0, '<CA+CgZn2hU2U8Ve_nyWLgwOKK1ZKtNm9SB-Gm0yxtboJS+nCu_A@mail.gmail.com>', 1, 1503, 1617269695, NULL, 'INBOX');

-- --------------------------------------------------------

--
-- Table structure for table `vtiger_mailmanager_mailrel`
--

CREATE TABLE `vtiger_mailmanager_mailrel` (
  `mailuid` varchar(999) DEFAULT NULL,
  `crmid` int(11) DEFAULT NULL,
  `emailid` int(11) DEFAULT NULL
) ENGINE=InnoDB DEFAULT CHARSET=utf8;

-- --------------------------------------------------------

--
-- Table structure for table `vtiger_mailscanner`
--

CREATE TABLE `vtiger_mailscanner` (
  `scannerid` int(11) NOT NULL,
  `scannername` varchar(30) DEFAULT NULL,
  `server` varchar(100) DEFAULT NULL,
  `protocol` varchar(10) DEFAULT NULL,
  `username` varchar(255) DEFAULT NULL,
  `password` varchar(255) DEFAULT NULL,
  `ssltype` varchar(10) DEFAULT NULL,
  `sslmethod` varchar(30) DEFAULT NULL,
  `connecturl` varchar(255) DEFAULT NULL,
  `searchfor` varchar(10) DEFAULT NULL,
  `markas` varchar(10) DEFAULT NULL,
  `isvalid` int(1) DEFAULT NULL,
  `scanfrom` varchar(10) DEFAULT 'ALL',
  `time_zone` varchar(10) DEFAULT NULL
) ENGINE=InnoDB DEFAULT CHARSET=utf8;

-- --------------------------------------------------------

--
-- Table structure for table `vtiger_mailscanner_actions`
--

CREATE TABLE `vtiger_mailscanner_actions` (
  `actionid` int(11) NOT NULL,
  `scannerid` int(11) DEFAULT NULL,
  `actiontype` varchar(10) DEFAULT NULL,
  `module` varchar(30) DEFAULT NULL,
  `lookup` varchar(30) DEFAULT NULL,
  `sequence` int(11) DEFAULT NULL
) ENGINE=InnoDB DEFAULT CHARSET=utf8;

-- --------------------------------------------------------

--
-- Table structure for table `vtiger_mailscanner_folders`
--

CREATE TABLE `vtiger_mailscanner_folders` (
  `folderid` int(11) NOT NULL,
  `scannerid` int(11) DEFAULT NULL,
  `foldername` varchar(255) DEFAULT NULL,
  `lastscan` varchar(30) DEFAULT NULL,
  `rescan` int(1) DEFAULT NULL,
  `enabled` int(1) DEFAULT NULL
) ENGINE=InnoDB DEFAULT CHARSET=utf8;

-- --------------------------------------------------------

--
-- Table structure for table `vtiger_mailscanner_ids`
--

CREATE TABLE `vtiger_mailscanner_ids` (
  `scannerid` int(11) DEFAULT NULL,
  `messageid` varchar(512) DEFAULT NULL,
  `crmid` int(11) DEFAULT NULL,
  `refids` text DEFAULT NULL
) ENGINE=InnoDB DEFAULT CHARSET=utf8;

-- --------------------------------------------------------

--
-- Table structure for table `vtiger_mailscanner_ruleactions`
--

CREATE TABLE `vtiger_mailscanner_ruleactions` (
  `ruleid` int(11) DEFAULT NULL,
  `actionid` int(11) DEFAULT NULL
) ENGINE=InnoDB DEFAULT CHARSET=utf8;

-- --------------------------------------------------------

--
-- Table structure for table `vtiger_mailscanner_rules`
--

CREATE TABLE `vtiger_mailscanner_rules` (
  `ruleid` int(11) NOT NULL,
  `scannerid` int(11) DEFAULT NULL,
  `fromaddress` varchar(255) DEFAULT NULL,
  `toaddress` varchar(255) DEFAULT NULL,
  `subjectop` varchar(20) DEFAULT NULL,
  `subject` varchar(255) DEFAULT NULL,
  `bodyop` varchar(20) DEFAULT NULL,
  `body` varchar(255) DEFAULT NULL,
  `matchusing` varchar(5) DEFAULT NULL,
  `sequence` int(11) DEFAULT NULL,
  `assigned_to` int(10) DEFAULT NULL,
  `cc` varchar(255) DEFAULT NULL,
  `bcc` varchar(255) DEFAULT NULL
) ENGINE=InnoDB DEFAULT CHARSET=utf8;

-- --------------------------------------------------------

--
-- Table structure for table `vtiger_mail_accounts`
--

CREATE TABLE `vtiger_mail_accounts` (
  `account_id` int(11) NOT NULL,
  `user_id` int(11) NOT NULL,
  `display_name` varchar(50) DEFAULT NULL,
  `mail_id` varchar(50) DEFAULT NULL,
  `account_name` varchar(50) DEFAULT NULL,
  `mail_protocol` varchar(20) DEFAULT NULL,
  `mail_username` varchar(50) NOT NULL,
  `mail_password` text DEFAULT NULL,
  `mail_servername` varchar(50) DEFAULT NULL,
  `box_refresh` int(10) DEFAULT NULL,
  `mails_per_page` int(10) DEFAULT NULL,
  `ssltype` varchar(50) DEFAULT NULL,
  `sslmeth` varchar(50) DEFAULT NULL,
  `int_mailer` int(1) DEFAULT 0,
  `status` varchar(10) DEFAULT NULL,
  `set_default` int(2) DEFAULT NULL,
  `sent_folder` varchar(50) DEFAULT NULL
) ENGINE=InnoDB DEFAULT CHARSET=utf8;

-- --------------------------------------------------------

--
-- Table structure for table `vtiger_mainservicestype`
--

CREATE TABLE `vtiger_mainservicestype` (
  `mainservicestypeid` int(11) NOT NULL,
  `mainservicestypeno` varchar(100) DEFAULT NULL,
  `mainservicestype_tks_servicena` varchar(255) DEFAULT NULL,
  `mainservicestype_tks_descripti` varchar(250) DEFAULT NULL,
  `tags` varchar(1) DEFAULT NULL
) ENGINE=InnoDB DEFAULT CHARSET=utf8;

--
-- Dumping data for table `vtiger_mainservicestype`
--

INSERT INTO `vtiger_mainservicestype` (`mainservicestypeid`, `mainservicestypeno`, `mainservicestype_tks_servicena`, `mainservicestype_tks_descripti`, `tags`) VALUES
(58, 'MSER1', 'carss', '', ''),
(59, 'MSER2', 'buses', 'jhjhjh', ''),
(64, 'MSER3', 'jmjmj', '', ''),
(65, 'MSER4', 'dddd', '', ''),
(67, 'MSER5', 'kkkkmmmm', '', ''),
(107, 'MSER6', 'CAR', '', ''),
(121, 'MSER7', 'Home clean', '', ''),
(124, 'MSER8', 'Home clean00', '', '');

-- --------------------------------------------------------

--
-- Table structure for table `vtiger_mainservicestypecf`
--

CREATE TABLE `vtiger_mainservicestypecf` (
  `mainservicestypeid` int(11) NOT NULL
) ENGINE=InnoDB DEFAULT CHARSET=utf8;

--
-- Dumping data for table `vtiger_mainservicestypecf`
--

INSERT INTO `vtiger_mainservicestypecf` (`mainservicestypeid`) VALUES
(58),
(59),
(64),
(65),
(67),
(107),
(121),
(124),
(934),
(939),
(962),
(963),
(989),
(993),
(995),
(997),
(1002),
(1004),
(1079),
(1100),
(1805),
(1893),
(2098),
(2101),
(2106),
(2111),
(2187);

-- --------------------------------------------------------

--
-- Table structure for table `vtiger_Mainservicestype_user_field`
--

CREATE TABLE `vtiger_Mainservicestype_user_field` (
  `recordid` int(19) NOT NULL,
  `userid` int(19) NOT NULL,
  `starred` varchar(100) DEFAULT NULL
) ENGINE=InnoDB DEFAULT CHARSET=utf8;

-- --------------------------------------------------------

--
-- Table structure for table `vtiger_mainservicestype_user_field`
--

CREATE TABLE `vtiger_mainservicestype_user_field` (
  `recordid` int(19) NOT NULL,
  `userid` int(19) NOT NULL,
  `starred` varchar(100) DEFAULT NULL
) ENGINE=InnoDB DEFAULT CHARSET=utf8;

-- --------------------------------------------------------

--
-- Table structure for table `vtiger_manufacturer`
--

CREATE TABLE `vtiger_manufacturer` (
  `manufacturerid` int(19) NOT NULL,
  `manufacturer` varchar(200) NOT NULL,
  `presence` int(1) NOT NULL DEFAULT 1,
  `picklist_valueid` int(19) NOT NULL DEFAULT 0,
  `sortorderid` int(11) DEFAULT NULL,
  `color` varchar(10) DEFAULT NULL
) ENGINE=InnoDB DEFAULT CHARSET=utf8;

--
-- Dumping data for table `vtiger_manufacturer`
--

INSERT INTO `vtiger_manufacturer` (`manufacturerid`, `manufacturer`, `presence`, `picklist_valueid`, `sortorderid`, `color`) VALUES
(2, 'AltvetPet Inc.', 1, 124, 1, NULL),
(3, 'LexPon Inc.', 1, 125, 2, NULL),
(4, 'MetBeat Corp', 1, 126, 3, NULL);

-- --------------------------------------------------------

--
-- Table structure for table `vtiger_manufacturer_seq`
--

CREATE TABLE `vtiger_manufacturer_seq` (
  `id` int(11) NOT NULL
) ENGINE=InnoDB DEFAULT CHARSET=utf8;

--
-- Dumping data for table `vtiger_manufacturer_seq`
--

INSERT INTO `vtiger_manufacturer_seq` (`id`) VALUES
(4);

-- --------------------------------------------------------

--
-- Table structure for table `vtiger_mobile_alerts`
--

CREATE TABLE `vtiger_mobile_alerts` (
  `id` int(11) NOT NULL,
  `handler_path` varchar(500) DEFAULT NULL,
  `handler_class` varchar(50) DEFAULT NULL,
  `sequence` int(11) DEFAULT NULL,
  `deleted` int(11) NOT NULL DEFAULT 0
) ENGINE=InnoDB DEFAULT CHARSET=utf8;

--
-- Dumping data for table `vtiger_mobile_alerts`
--

INSERT INTO `vtiger_mobile_alerts` (`id`, `handler_path`, `handler_class`, `sequence`, `deleted`) VALUES
(1, 'modules/Mobile/api/ws/models/alerts/IdleTicketsOfMine.php', 'Mobile_WS_AlertModel_IdleTicketsOfMine', NULL, 0),
(2, 'modules/Mobile/api/ws/models/alerts/NewTicketOfMine.php', 'Mobile_WS_AlertModel_NewTicketOfMine', NULL, 0),
(3, 'modules/Mobile/api/ws/models/alerts/PendingTicketsOfMine.php', 'Mobile_WS_AlertModel_PendingTicketsOfMine', NULL, 0),
(4, 'modules/Mobile/api/ws/models/alerts/PotentialsDueIn5Days.php', 'Mobile_WS_AlertModel_PotentialsDueIn5Days', NULL, 0),
(5, 'modules/Mobile/api/ws/models/alerts/EventsOfMineToday.php', 'Mobile_WS_AlertModel_EventsOfMineToday', NULL, 0),
(6, 'modules/Mobile/api/ws/models/alerts/ProjectTasksOfMine.php', 'Mobile_WS_AlertModel_ProjectTasksOfMine', NULL, 0),
(7, 'modules/Mobile/api/ws/models/alerts/Projects.php', 'Mobile_WS_AlertModel_Projects', NULL, 0);

-- --------------------------------------------------------

--
-- Table structure for table `vtiger_modcomments`
--

CREATE TABLE `vtiger_modcomments` (
  `modcommentsid` int(11) DEFAULT NULL,
  `commentcontent` text DEFAULT NULL,
  `related_to` int(19) DEFAULT NULL,
  `parent_comments` int(19) DEFAULT NULL,
  `customer` int(19) DEFAULT NULL,
  `userid` int(19) DEFAULT NULL,
  `reasontoedit` varchar(100) DEFAULT NULL,
  `is_private` int(1) DEFAULT 0,
  `filename` varchar(255) DEFAULT NULL,
  `related_email_id` int(11) DEFAULT NULL
) ENGINE=InnoDB DEFAULT CHARSET=utf8;

-- --------------------------------------------------------

--
-- Table structure for table `vtiger_modcommentscf`
--

CREATE TABLE `vtiger_modcommentscf` (
  `modcommentsid` int(11) NOT NULL
) ENGINE=InnoDB DEFAULT CHARSET=utf8;

-- --------------------------------------------------------

--
-- Table structure for table `vtiger_modentity_num`
--

CREATE TABLE `vtiger_modentity_num` (
  `num_id` int(19) NOT NULL,
  `semodule` varchar(100) DEFAULT NULL,
  `prefix` varchar(50) NOT NULL DEFAULT '',
  `start_id` varchar(50) NOT NULL,
  `cur_id` varchar(50) NOT NULL,
  `active` varchar(2) NOT NULL
) ENGINE=InnoDB DEFAULT CHARSET=utf8;

--
-- Dumping data for table `vtiger_modentity_num`
--

INSERT INTO `vtiger_modentity_num` (`num_id`, `semodule`, `prefix`, `start_id`, `cur_id`, `active`) VALUES
(1, 'Leads', 'LEA', '1', '15', '1'),
(2, 'Accounts', 'ACC', '1', '26', '1'),
(3, 'Campaigns', 'CAM', '1', '5', '1'),
(4, 'Contacts', 'CON', '1', '15', '1'),
(5, 'Potentials', 'POT', '1', '4', '1'),
(6, 'HelpDesk', 'TT', '1', '2', '1'),
(7, 'Quotes', 'QUO', '1', '1', '1'),
(8, 'SalesOrder', 'SO', '1', '1', '1'),
(9, 'PurchaseOrder', 'PO', '1', '1', '1'),
(10, 'Invoice', 'INV', '1', '1', '1'),
(11, 'Products', 'PRO', '1', '3', '1'),
(12, 'Vendors', 'VEN', '1', '2', '1'),
(13, 'PriceBooks', 'PB', '1', '2', '1'),
(14, 'Faq', 'FAQ', '1', '2', '1'),
(15, 'Documents', 'DOC', '1', '6', '1'),
(16, 'ServiceContracts', 'SERCON', '1', '2', '1'),
(17, 'Services', 'SER', '1', '2', '1'),
(18, 'Assets', 'ASSET', '1', '1', '1'),
(19, 'ProjectMilestone', 'PM', '1', '1', '1'),
(20, 'ProjectTask', 'PT', '1', '1', '1'),
(21, 'Project', 'PROJ', '1', '3', '1'),
(22, 'Transaction', 'TRANS', '1', '2', '1'),
(23, 'Subservices', 'SUBSER', '1', '8', '1'),
(24, 'Mainservicestype', 'MSER', '1', '9', '1');

-- --------------------------------------------------------

--
-- Table structure for table `vtiger_modentity_num_seq`
--

CREATE TABLE `vtiger_modentity_num_seq` (
  `id` int(11) NOT NULL
) ENGINE=InnoDB DEFAULT CHARSET=utf8;

--
-- Dumping data for table `vtiger_modentity_num_seq`
--

INSERT INTO `vtiger_modentity_num_seq` (`id`) VALUES
(24);

-- --------------------------------------------------------

--
-- Table structure for table `vtiger_modtracker_basic`
--

CREATE TABLE `vtiger_modtracker_basic` (
  `id` int(20) NOT NULL,
  `crmid` int(20) DEFAULT NULL,
  `module` varchar(50) DEFAULT NULL,
  `whodid` int(20) DEFAULT NULL,
  `changedon` datetime DEFAULT NULL,
  `status` int(1) DEFAULT 0
) ENGINE=InnoDB DEFAULT CHARSET=utf8;

--
-- Dumping data for table `vtiger_modtracker_basic`
--

INSERT INTO `vtiger_modtracker_basic` (`id`, `crmid`, `module`, `whodid`, `changedon`, `status`) VALUES
(1, 2, 'Campaigns', 1, '2020-12-17 10:45:15', 2),
(2, 3, 'Leads', 1, '2020-12-17 11:01:07', 2),
(3, 4, 'Accounts', 1, '2020-12-17 11:01:59', 2),
(4, 5, 'Calendar', 1, '2020-12-17 11:10:42', 2),
(5, 3, 'Leads', 1, '2020-12-17 11:10:42', 4),
(6, 6, 'Events', 1, '2020-12-17 11:12:50', 2),
(7, 3, 'Leads', 1, '2020-12-17 11:12:50', 4),
(8, 3, 'Leads', 1, '2020-12-17 11:49:51', 1),
(9, 7, 'Leads', 1, '2020-12-17 11:50:18', 2),
(10, 8, 'Contacts', 1, '2020-12-17 11:56:06', 2),
(11, 9, 'Potentials', 1, '2020-12-17 12:55:19', 2),
(12, 10, 'Accounts', 1, '2020-12-17 13:00:19', 2),
(13, 7, 'Leads', 1, '2020-12-17 13:49:09', 0),
(14, 10, 'Accounts', 1, '2020-12-18 08:50:40', 1),
(15, 7, 'Leads', 1, '2020-12-18 09:57:56', 1),
(16, 8, 'Contacts', 1, '2020-12-18 09:58:14', 1),
(17, 2, 'Campaigns', 1, '2020-12-18 09:58:32', 1),
(18, 11, 'Products', 1, '2020-12-18 10:00:02', 2),
(19, 13, 'Services', 1, '2020-12-18 10:02:49', 2),
(20, 14, 'PriceBooks', 1, '2020-12-18 10:06:34', 2),
(21, 15, 'Vendors', 1, '2020-12-18 10:10:36', 2),
(22, 16, 'Contacts', 1, '2020-12-18 10:12:55', 2),
(23, 17, 'Contacts', 1, '2020-12-18 10:17:24', 2),
(24, 18, 'HelpDesk', 1, '2020-12-18 10:17:39', 2),
(25, 19, 'Products', 1, '2020-12-18 10:21:16', 2),
(26, 20, 'Faq', 1, '2020-12-18 10:21:57', 2),
(27, 21, 'ServiceContracts', 1, '2020-12-18 10:34:13', 2),
(28, 22, 'Project', 1, '2020-12-18 10:40:20', 2),
(29, 23, 'Project', 1, '2020-12-18 10:44:30', 2),
(30, 24, 'Accounts', 1, '2020-12-21 06:15:24', 2),
(31, 25, 'Accounts', 1, '2020-12-21 06:16:05', 2),
(32, 25, 'Accounts', 1, '2020-12-21 07:57:29', 1),
(33, 24, 'Accounts', 1, '2020-12-21 07:57:30', 1),
(34, 26, 'Leads', 1, '2020-12-29 12:53:03', 2),
(35, 27, 'Calendar', 1, '2021-02-11 10:43:34', 2),
(36, 28, 'Events', 1, '2021-02-11 10:44:34', 2),
(37, 6, 'Events', 1, '2021-02-12 07:28:28', 1),
(38, 29, 'Calendar', 1, '2021-02-12 07:35:09', 2),
(39, 30, 'Events', 1, '2021-02-12 07:37:18', 2),
(40, 31, 'Events', 1, '2021-02-12 07:41:59', 2),
(41, 31, 'Events', 1, '2021-02-12 07:43:17', 0),
(42, 5, 'Calendar', 1, '2021-02-12 10:22:02', 1),
(43, 29, 'Calendar', 1, '2021-02-12 10:22:02', 1),
(44, 30, 'Events', 1, '2021-02-12 10:22:02', 1),
(45, 31, 'Events', 1, '2021-02-12 10:22:02', 1),
(46, 28, 'Events', 1, '2021-02-12 10:22:02', 1),
(47, 27, 'Calendar', 1, '2021-02-12 10:22:02', 1),
(48, 32, 'Events', 1, '2021-02-12 11:03:08', 2),
(49, 33, 'Calendar', 1, '2021-02-12 11:05:33', 2),
(50, 34, 'Events', 1, '2021-02-12 11:12:05', 2),
(51, 35, 'Events', 1, '2021-02-12 12:05:40', 2),
(52, 34, 'Events', 1, '2021-02-15 11:42:42', 1),
(53, 32, 'Events', 1, '2021-02-15 11:42:42', 1),
(54, 35, 'Events', 1, '2021-02-15 11:45:15', 1),
(55, 33, 'Calendar', 1, '2021-02-15 11:52:49', 0),
(56, 36, 'Events', 1, '2021-02-15 11:56:49', 2),
(58, 59, 'Mainservicestype', 1, '2021-02-17 18:41:13', 4),
(59, 59, 'Mainservicestype', 1, '2021-02-17 18:41:40', 5),
(60, 59, 'Mainservicestype', 1, '2021-02-17 18:42:07', 4),
(61, 63, 'Accounts', 1, '2021-02-17 18:57:23', 2),
(62, 68, 'Events', 1, '2021-02-18 08:10:29', 2),
(63, 69, 'Events', 1, '2021-02-18 08:10:36', 2),
(64, 70, 'Events', 1, '2021-02-18 08:16:56', 2),
(65, 71, 'Events', 1, '2021-02-18 08:20:18', 2),
(66, 72, 'Events', 1, '2021-02-18 08:37:06', 2),
(67, 73, 'Events', 1, '2021-02-18 09:29:16', 2),
(68, 63, 'Accounts', 1, '2021-02-20 06:16:47', 1),
(69, 4, 'Accounts', 1, '2021-02-20 06:16:47', 1),
(70, 74, 'Accounts', 1, '2021-02-22 04:25:48', 2),
(71, 75, 'Accounts', 1, '2021-02-22 04:29:01', 2),
(72, 76, 'Accounts', 1, '2021-02-22 04:32:15', 2),
(73, 77, 'Accounts', 1, '2021-02-22 04:34:02', 2),
(74, 78, 'Accounts', 1, '2021-02-22 04:35:48', 2),
(75, 79, 'Accounts', 1, '2021-02-22 04:37:31', 2),
(76, 80, 'Accounts', 1, '2021-02-22 04:39:40', 2),
(77, 81, 'Accounts', 1, '2021-02-22 04:41:29', 2),
(78, 82, 'Accounts', 1, '2021-02-22 04:43:45', 2),
(79, 83, 'Accounts', 1, '2021-02-22 04:45:19', 2),
(80, 84, 'Accounts', 1, '2021-02-22 04:47:42', 2),
(81, 85, 'Accounts', 1, '2021-02-22 04:48:36', 2),
(82, 86, 'Accounts', 1, '2021-02-22 04:50:24', 2),
(83, 87, 'Accounts', 1, '2021-02-22 04:52:18', 2),
(84, 88, 'Accounts', 1, '2021-02-22 04:54:07', 2),
(85, 89, 'Accounts', 1, '2021-02-22 04:55:54', 2),
(86, 90, 'Accounts', 1, '2021-02-22 04:57:29', 2),
(87, 91, 'Accounts', 1, '2021-02-22 05:26:51', 2),
(88, 92, 'Accounts', 1, '2021-02-22 05:28:07', 2),
(89, 26, 'Leads', 1, '2021-02-23 05:44:59', 1),
(90, 9, 'Potentials', 1, '2021-02-23 06:46:43', 1),
(91, 93, 'Leads', 1, '2021-02-23 06:48:36', 2),
(92, 93, 'Leads', 1, '2021-02-23 06:49:00', 1),
(93, 94, 'Campaigns', 1, '2021-02-23 06:49:26', 2),
(94, 94, 'Campaigns', 1, '2021-02-23 06:49:36', 1),
(95, 17, 'Contacts', 1, '2021-02-23 06:49:57', 1),
(96, 16, 'Contacts', 1, '2021-02-23 06:49:57', 1),
(97, 95, 'Contacts', 1, '2021-02-23 06:50:05', 2),
(98, 95, 'Contacts', 1, '2021-02-23 06:50:36', 1),
(99, 96, 'Contacts', 1, '2021-02-23 08:58:26', 2),
(100, 101, 'Leads', 1, '2021-02-23 10:52:46', 1),
(101, 99, 'Leads', 1, '2021-02-23 10:52:46', 1),
(102, 97, 'Leads', 1, '2021-02-23 10:52:47', 1),
(103, 105, 'Leads', 1, '2021-02-23 11:33:30', 1),
(104, 103, 'Leads', 1, '2021-02-23 11:33:30', 1),
(105, 96, 'Contacts', 1, '2021-02-23 11:33:40', 1),
(106, 108, 'Events', 1, '2021-02-23 11:35:40', 2),
(107, 109, 'Events', 1, '2021-02-23 11:35:51', 2),
(108, 110, 'Events', 1, '2021-02-23 11:35:57', 2),
(109, 111, 'Leads', 1, '2021-02-23 14:08:17', 2),
(110, 111, 'Leads', 1, '2021-02-23 14:39:54', 1),
(111, 112, 'Potentials', 1, '2021-03-02 09:02:08', 2),
(112, 112, 'Potentials', 1, '2021-03-02 09:02:27', 1),
(113, 113, 'Leads', 1, '2021-03-11 01:34:58', 2),
(114, 114, 'Emails', 1, '2021-03-11 01:37:37', 2),
(115, 113, 'Leads', 1, '2021-03-11 01:37:38', 4),
(116, 115, 'Campaigns', 1, '2021-03-29 06:13:45', 2),
(117, 115, 'Campaigns', 1, '2021-03-29 06:18:59', 1),
(118, 116, 'Campaigns', 1, '2021-03-29 06:40:27', 2),
(119, 117, 'Contacts', 1, '2021-03-29 06:43:47', 2),
(120, 116, 'Campaigns', 1, '2021-03-29 06:43:48', 4),
(121, 117, 'Contacts', 1, '2021-03-29 06:49:47', 0),
(122, 113, 'Leads', 1, '2021-03-29 07:07:41', 1),
(123, 118, 'Leads', 1, '2021-03-29 07:22:05', 2),
(124, 117, 'Contacts', 1, '2021-03-29 07:46:59', 1),
(125, 119, 'Contacts', 1, '2021-03-29 08:39:13', 2),
(126, 120, 'Potentials', 1, '2021-03-29 08:46:02', 2),
(127, 116, 'Campaigns', 1, '2021-03-29 12:56:30', 1),
(128, 118, 'Leads', 1, '2021-03-29 12:56:37', 1),
(129, 119, 'Contacts', 1, '2021-03-29 12:56:43', 1),
(130, 120, 'Potentials', 1, '2021-03-29 12:56:49', 1),
(131, 125, 'Contacts', 21, '2021-04-01 06:24:26', 2),
(132, 126, 'Emails', 21, '2021-04-01 06:31:45', 2),
(133, 125, 'Contacts', 21, '2021-04-01 06:31:46', 4),
(134, 127, 'Emails', 21, '2021-04-01 06:32:30', 2),
(135, 125, 'Contacts', 21, '2021-04-01 06:32:30', 4),
(136, 125, 'Contacts', 21, '2021-04-01 06:33:15', 1),
(137, 128, 'Contacts', 21, '2021-04-01 06:33:34', 2),
(138, 129, 'Emails', 21, '2021-04-01 06:33:59', 2),
(139, 128, 'Contacts', 21, '2021-04-01 06:33:59', 4),
(140, 128, 'Contacts', 21, '2021-04-01 06:34:07', 1),
(141, 130, 'Contacts', 21, '2021-04-01 06:35:25', 2),
(142, 131, 'Emails', 21, '2021-04-01 06:35:41', 2),
(143, 130, 'Contacts', 21, '2021-04-01 06:35:41', 4),
(144, 132, 'Contacts', 1, '2021-04-01 07:54:52', 2),
(145, 132, 'Contacts', 21, '2021-04-01 07:55:16', 1),
(146, 133, 'Emails', 21, '2021-04-01 08:54:18', 2),
(147, 130, 'Contacts', 21, '2021-04-01 08:54:18', 4),
(148, 213, 'Leads', 1, '2021-04-05 12:19:11', 2),
(149, 214, 'Emails', 1, '2021-04-05 12:19:44', 2),
(150, 213, 'Leads', 1, '2021-04-05 12:19:44', 4),
(151, 215, 'Leads', 21, '2021-04-06 05:15:19', 2),
(152, 216, 'Emails', 21, '2021-04-06 05:16:14', 2),
(153, 215, 'Leads', 21, '2021-04-06 05:16:15', 4),
(154, 217, 'Emails', 21, '2021-04-06 05:17:34', 2),
(155, 215, 'Leads', 21, '2021-04-06 05:17:34', 4),
(156, 218, 'Emails', 23, '2021-04-06 05:19:28', 2),
(157, 215, 'Leads', 23, '2021-04-06 05:19:28', 4),
(158, 219, 'Emails', 21, '2021-04-09 07:42:00', 2),
(159, 215, 'Leads', 21, '2021-04-09 07:42:00', 4),
(160, 220, 'Emails', 21, '2021-04-13 02:18:11', 2),
(161, 215, 'Leads', 21, '2021-04-13 02:18:11', 4),
(162, 33, 'Calendar', 1, '2021-05-10 13:17:07', 1),
(163, 221, 'Calendar', 1, '2021-05-11 11:28:47', 2),
(164, 222, 'Accounts', 1, '2021-05-12 08:42:00', 2),
(165, 223, 'Contacts', 1, '2021-05-12 08:42:19', 2),
(166, 224, 'Contacts', 1, '2021-05-12 08:42:26', 2),
(167, 225, 'Contacts', 1, '2021-05-12 08:42:33', 2),
(168, 225, 'Contacts', 1, '2021-05-12 08:42:46', 1),
(169, 224, 'Contacts', 1, '2021-05-12 08:42:46', 1),
(170, 223, 'Contacts', 1, '2021-05-12 08:42:46', 1),
(171, 222, 'Accounts', 1, '2021-05-12 08:42:56', 1),
(172, 213, 'Leads', 1, '2021-05-14 11:02:50', 1);

-- --------------------------------------------------------

--
-- Table structure for table `vtiger_modtracker_basic_seq`
--

CREATE TABLE `vtiger_modtracker_basic_seq` (
  `id` int(11) NOT NULL
) ENGINE=InnoDB DEFAULT CHARSET=utf8;

--
-- Dumping data for table `vtiger_modtracker_basic_seq`
--

INSERT INTO `vtiger_modtracker_basic_seq` (`id`) VALUES
(172);

-- --------------------------------------------------------

--
-- Table structure for table `vtiger_modtracker_detail`
--

CREATE TABLE `vtiger_modtracker_detail` (
  `id` int(11) DEFAULT NULL,
  `fieldname` varchar(100) DEFAULT NULL,
  `prevalue` text DEFAULT NULL,
  `postvalue` text DEFAULT NULL
) ENGINE=InnoDB DEFAULT CHARSET=utf8;

--
-- Dumping data for table `vtiger_modtracker_detail`
--

INSERT INTO `vtiger_modtracker_detail` (`id`, `fieldname`, `prevalue`, `postvalue`) VALUES
(1, 'label', NULL, 'testing'),
(1, 'campaignname', NULL, 'testing'),
(1, 'campaign_no', NULL, 'CAM1'),
(1, 'campaigntype', NULL, 'Conference'),
(1, 'campaignstatus', NULL, 'Planning'),
(1, 'closingdate', NULL, '2020-12-18'),
(1, 'assigned_user_id', NULL, '1'),
(1, 'createdtime', NULL, '2020-12-17 10:45:15'),
(1, 'modifiedby', NULL, '1'),
(1, 'expectedrevenue', NULL, '0.00000000'),
(1, 'budgetcost', NULL, '0.00000000'),
(1, 'actualcost', NULL, '0.00000000'),
(1, 'expectedroi', NULL, '0.00000000'),
(1, 'actualroi', NULL, '0.00000000'),
(1, 'source', NULL, 'CRM'),
(1, 'record_id', NULL, '2'),
(1, 'record_module', NULL, 'Campaigns'),
(2, 'label', NULL, 'New south lead'),
(2, 'firstname', NULL, 'New south'),
(2, 'lead_no', NULL, 'LEA1'),
(2, 'lastname', NULL, 'lead'),
(2, 'annualrevenue', NULL, '0.00000000'),
(2, 'assigned_user_id', NULL, '6'),
(2, 'createdtime', NULL, '2020-12-17 11:01:07'),
(2, 'modifiedby', NULL, '1'),
(2, 'source', NULL, 'CRM'),
(2, 'record_id', NULL, '3'),
(2, 'record_module', NULL, 'Leads'),
(3, 'label', NULL, 'New south'),
(3, 'accountname', NULL, 'New south'),
(3, 'account_no', NULL, 'ACC1'),
(3, 'annual_revenue', NULL, '0.00000000'),
(3, 'assigned_user_id', NULL, '6'),
(3, 'createdtime', NULL, '2020-12-17 11:01:59'),
(3, 'modifiedby', NULL, '1'),
(3, 'source', NULL, 'CRM'),
(3, 'record_id', NULL, '4'),
(3, 'record_module', NULL, 'Accounts'),
(4, 'label', NULL, 'Elite'),
(4, 'subject', NULL, 'Elite'),
(4, 'assigned_user_id', NULL, '5'),
(4, 'date_start', NULL, '2020-12-17'),
(4, 'time_start', NULL, '11:09:00'),
(4, 'due_date', NULL, '2020-12-31'),
(4, 'duration_hours', NULL, '348'),
(4, 'duration_minutes', NULL, '51'),
(4, 'parent_id', NULL, '3'),
(4, 'sendnotification', NULL, '1'),
(4, 'activitytype', NULL, 'Task'),
(4, 'createdtime', NULL, '2020-12-17 11:10:42'),
(4, 'taskpriority', NULL, 'High'),
(4, 'visibility', NULL, 'Private'),
(4, 'modifiedby', NULL, '5'),
(4, 'reminder_time', NULL, '61'),
(4, 'source', NULL, 'CRM'),
(4, 'taskstatus', NULL, 'Not Started'),
(4, 'record_id', NULL, '5'),
(4, 'record_module', NULL, 'Calendar'),
(6, 'label', NULL, 'Meeting'),
(6, 'subject', NULL, 'Meeting'),
(6, 'assigned_user_id', NULL, '5'),
(6, 'date_start', NULL, '2020-12-17'),
(6, 'time_start', NULL, '11:12:00'),
(6, 'due_date', NULL, '2020-12-17'),
(6, 'time_end', NULL, '12:30:00'),
(6, 'duration_hours', NULL, '1'),
(6, 'duration_minutes', NULL, '18'),
(6, 'parent_id', NULL, '3'),
(6, 'eventstatus', NULL, 'Planned'),
(6, 'activitytype', NULL, 'Meeting'),
(6, 'createdtime', NULL, '2020-12-17 11:12:50'),
(6, 'visibility', NULL, 'Public'),
(6, 'modifiedby', NULL, '5'),
(6, 'source', NULL, 'CRM'),
(6, 'record_id', NULL, '6'),
(6, 'record_module', NULL, 'Events'),
(9, 'label', NULL, 'demo demoo'),
(9, 'salutationtype', NULL, 'Mr.'),
(9, 'firstname', NULL, 'demo'),
(9, 'lead_no', NULL, 'LEA2'),
(9, 'lastname', NULL, 'demoo'),
(9, 'annualrevenue', NULL, '0.00000000'),
(9, 'assigned_user_id', NULL, '1'),
(9, 'createdtime', NULL, '2020-12-17 11:50:18'),
(9, 'modifiedby', NULL, '1'),
(9, 'source', NULL, 'CRM'),
(9, 'record_id', NULL, '7'),
(9, 'record_module', NULL, 'Leads'),
(10, 'label', NULL, 'qa qad'),
(10, 'firstname', NULL, 'qa'),
(10, 'contact_no', NULL, 'CON1'),
(10, 'lastname', NULL, 'qad'),
(10, 'assigned_user_id', NULL, '1'),
(10, 'createdtime', NULL, '2020-12-17 11:56:06'),
(10, 'modifiedby', NULL, '1'),
(10, 'support_start_date', NULL, '2020-12-17'),
(10, 'support_end_date', NULL, '2021-12-17'),
(10, 'source', NULL, 'CRM'),
(10, 'record_id', NULL, '8'),
(10, 'record_module', NULL, 'Contacts'),
(11, 'label', NULL, 'sd'),
(11, 'potentialname', NULL, 'sd'),
(11, 'potential_no', NULL, 'POT1'),
(11, 'amount', NULL, '0.00000000'),
(11, 'closingdate', NULL, '2020-12-11'),
(11, 'sales_stage', NULL, 'Prospecting'),
(11, 'assigned_user_id', NULL, '1'),
(11, 'probability', NULL, '0.000'),
(11, 'createdtime', NULL, '2020-12-17 12:55:19'),
(11, 'modifiedby', NULL, '1'),
(11, 'forecast_amount', NULL, '0.00000000'),
(11, 'source', NULL, 'CRM'),
(11, 'record_id', NULL, '9'),
(11, 'record_module', NULL, 'Potentials'),
(12, 'label', NULL, 'qa'),
(12, 'accountname', NULL, 'qa'),
(12, 'account_no', NULL, 'ACC2'),
(12, 'annual_revenue', NULL, '0.00000000'),
(12, 'assigned_user_id', NULL, '5'),
(12, 'createdtime', NULL, '2020-12-17 13:00:19'),
(12, 'modifiedby', NULL, '1'),
(12, 'source', NULL, 'CRM'),
(12, 'record_id', NULL, '10'),
(12, 'record_module', NULL, 'Accounts'),
(13, 'assigned_user_id', '1', '6'),
(18, 'label', NULL, 'kit'),
(18, 'productname', NULL, 'kit'),
(18, 'product_no', NULL, 'PRO1'),
(18, 'discontinued', NULL, '1'),
(18, 'createdtime', NULL, '2020-12-18 10:00:02'),
(18, 'modifiedby', NULL, '1'),
(18, 'unit_price', NULL, '0.00000000'),
(18, 'commissionrate', NULL, '0.000'),
(18, 'qty_per_unit', NULL, '0.00'),
(18, 'qtyinstock', NULL, '0.000'),
(18, 'assigned_user_id', NULL, '5'),
(18, 'imagename', NULL, 'kit.png'),
(18, 'purchase_cost', NULL, '0.00000000'),
(18, 'source', NULL, 'CRM'),
(18, 'record_id', NULL, '11'),
(18, 'record_module', NULL, 'Products'),
(19, 'label', NULL, 'kit service'),
(19, 'servicename', NULL, 'kit service'),
(19, 'service_no', NULL, 'SER1'),
(19, 'discontinued', NULL, '1'),
(19, 'createdtime', NULL, '2020-12-18 10:02:49'),
(19, 'modifiedby', NULL, '1'),
(19, 'qty_per_unit', NULL, '0.00'),
(19, 'assigned_user_id', NULL, '1'),
(19, 'unit_price', NULL, '0.00000000'),
(19, 'commissionrate', NULL, '0.000'),
(19, 'source', NULL, 'CRM'),
(19, 'purchase_cost', NULL, '0.00000000'),
(19, 'record_id', NULL, '13'),
(19, 'record_module', NULL, 'Services'),
(20, 'label', NULL, 'kit book'),
(20, 'bookname', NULL, 'kit book'),
(20, 'pricebook_no', NULL, 'PB1'),
(20, 'active', NULL, '1'),
(20, 'createdtime', NULL, '2020-12-18 10:06:34'),
(20, 'currency_id', NULL, '1'),
(20, 'modifiedby', NULL, '1'),
(20, 'source', NULL, 'CRM'),
(20, 'record_id', NULL, '14'),
(20, 'record_module', NULL, 'PriceBooks'),
(21, 'label', NULL, 'rahul'),
(21, 'vendorname', NULL, 'rahul'),
(21, 'vendor_no', NULL, 'VEN1'),
(21, 'createdtime', NULL, '2020-12-18 10:10:36'),
(21, 'modifiedby', NULL, '1'),
(21, 'assigned_user_id', NULL, '1'),
(21, 'source', NULL, 'CRM'),
(21, 'record_id', NULL, '15'),
(21, 'record_module', NULL, 'Vendors'),
(22, 'label', NULL, 'rahul rahu'),
(22, 'salutationtype', NULL, 'Mr.'),
(22, 'firstname', NULL, 'rahul'),
(22, 'contact_no', NULL, 'CON2'),
(22, 'lastname', NULL, 'rahu'),
(22, 'assigned_user_id', NULL, '1'),
(22, 'createdtime', NULL, '2020-12-18 10:12:55'),
(22, 'modifiedby', NULL, '1'),
(22, 'support_start_date', NULL, '2020-12-18'),
(22, 'support_end_date', NULL, '2021-12-18'),
(22, 'source', NULL, 'CRM'),
(22, 'record_id', NULL, '16'),
(22, 'record_module', NULL, 'Contacts'),
(23, 'label', NULL, 'raul rahu'),
(23, 'firstname', NULL, 'raul'),
(23, 'contact_no', NULL, 'CON3'),
(23, 'lastname', NULL, 'rahu'),
(23, 'assigned_user_id', NULL, '1'),
(23, 'createdtime', NULL, '2020-12-18 10:17:24'),
(23, 'modifiedby', NULL, '1'),
(23, 'source', NULL, 'CRM'),
(23, 'record_id', NULL, '17'),
(23, 'record_module', NULL, 'Contacts'),
(24, 'label', NULL, 'right'),
(24, 'ticket_no', NULL, 'TT1'),
(24, 'assigned_user_id', NULL, '1'),
(24, 'ticketpriorities', NULL, 'Low'),
(24, 'ticketstatus', NULL, 'Open'),
(24, 'hours', NULL, '0.00000000'),
(24, 'days', NULL, '0.00000000'),
(24, 'createdtime', NULL, '2020-12-18 10:17:39'),
(24, 'modifiedby', NULL, '1'),
(24, 'ticket_title', NULL, 'right'),
(24, 'contact_id', NULL, '17'),
(24, 'source', NULL, 'CRM'),
(24, 'record_id', NULL, '18'),
(24, 'record_module', NULL, 'HelpDesk'),
(25, 'label', NULL, 'pen'),
(25, 'productname', NULL, 'pen'),
(25, 'product_no', NULL, 'PRO2'),
(25, 'discontinued', NULL, '1'),
(25, 'createdtime', NULL, '2020-12-18 10:21:16'),
(25, 'modifiedby', NULL, '1'),
(25, 'unit_price', NULL, '23.00000000'),
(25, 'commissionrate', NULL, '0.000'),
(25, 'qty_per_unit', NULL, '0.00'),
(25, 'qtyinstock', NULL, '0.000'),
(25, 'assigned_user_id', NULL, '1'),
(25, 'purchase_cost', NULL, '0.00000000'),
(25, 'source', NULL, 'CRM'),
(25, 'record_id', NULL, '19'),
(25, 'record_module', NULL, 'Products'),
(26, 'label', NULL, 'pen'),
(26, 'faq_no', NULL, 'FAQ1'),
(26, 'faqcategories', NULL, 'General'),
(26, 'faqstatus', NULL, 'Draft'),
(26, 'question', NULL, 'pen'),
(26, 'faq_answer', NULL, 'pen'),
(26, 'createdtime', NULL, '2020-12-18 10:21:57'),
(26, 'modifiedby', NULL, '1'),
(26, 'source', NULL, 'CRM'),
(26, 'record_id', NULL, '20'),
(26, 'record_module', NULL, 'Faq'),
(27, 'label', NULL, 'meeting'),
(27, 'assigned_user_id', NULL, '1'),
(27, 'createdtime', NULL, '2020-12-18 10:34:13'),
(27, 'total_units', NULL, '0.00'),
(27, 'used_units', NULL, '0.00'),
(27, 'subject', NULL, 'meeting'),
(27, 'contract_no', NULL, 'SERCON1'),
(27, 'modifiedby', NULL, '1'),
(27, 'source', NULL, 'CRM'),
(27, 'record_id', NULL, '21'),
(27, 'record_module', NULL, 'ServiceContracts'),
(28, 'label', NULL, 'Mercury'),
(28, 'projectname', NULL, 'Mercury'),
(28, 'assigned_user_id', NULL, '1'),
(28, 'project_no', NULL, 'PROJ1'),
(28, 'createdtime', NULL, '2020-12-18 10:40:20'),
(28, 'modifiedby', NULL, '1'),
(28, 'source', NULL, 'CRM'),
(28, 'record_id', NULL, '22'),
(28, 'record_module', NULL, 'Project'),
(29, 'label', NULL, 'mercury'),
(29, 'projectname', NULL, 'mercury'),
(29, 'assigned_user_id', NULL, '5'),
(29, 'project_no', NULL, 'PROJ2'),
(29, 'createdtime', NULL, '2020-12-18 10:44:30'),
(29, 'modifiedby', NULL, '1'),
(29, 'source', NULL, 'CRM'),
(29, 'record_id', NULL, '23'),
(29, 'record_module', NULL, 'Project'),
(30, 'label', NULL, 'testing'),
(30, 'accountname', NULL, 'testing'),
(30, 'account_no', NULL, 'ACC3'),
(30, 'annual_revenue', NULL, '0.00000000'),
(30, 'assigned_user_id', NULL, '5'),
(30, 'createdtime', NULL, '2020-12-21 06:15:24'),
(30, 'modifiedby', NULL, '1'),
(30, 'source', NULL, 'CRM'),
(30, 'record_id', NULL, '24'),
(30, 'record_module', NULL, 'Accounts'),
(31, 'label', NULL, 'testing23'),
(31, 'accountname', NULL, 'testing23'),
(31, 'account_no', NULL, 'ACC4'),
(31, 'annual_revenue', NULL, '0.00000000'),
(31, 'assigned_user_id', NULL, '5'),
(31, 'createdtime', NULL, '2020-12-21 06:16:05'),
(31, 'modifiedby', NULL, '1'),
(31, 'source', NULL, 'CRM'),
(31, 'record_id', NULL, '25'),
(31, 'record_module', NULL, 'Accounts'),
(34, 'label', NULL, 'demo demo'),
(34, 'firstname', NULL, 'demo'),
(34, 'lead_no', NULL, 'LEA3'),
(34, 'lastname', NULL, 'demo'),
(34, 'annualrevenue', NULL, '0.00000000'),
(34, 'assigned_user_id', NULL, '1'),
(34, 'createdtime', NULL, '2020-12-29 12:53:03'),
(34, 'modifiedby', NULL, '1'),
(34, 'source', NULL, 'CRM'),
(34, 'record_id', NULL, '26'),
(34, 'record_module', NULL, 'Leads'),
(35, 'label', NULL, 'Task-TEST'),
(35, 'subject', NULL, 'Task-TEST'),
(35, 'assigned_user_id', NULL, '10'),
(35, 'date_start', NULL, '2021-02-12'),
(35, 'time_start', NULL, '10:42:00'),
(35, 'due_date', NULL, '2021-02-13'),
(35, 'duration_hours', NULL, '37'),
(35, 'duration_minutes', NULL, '18'),
(35, 'activitytype', NULL, 'Task'),
(35, 'createdtime', NULL, '2021-02-11 10:43:34'),
(35, 'visibility', NULL, 'Private'),
(35, 'modifiedby', NULL, '10'),
(35, 'source', NULL, 'CRM'),
(35, 'taskstatus', NULL, 'Not Started'),
(35, 'record_id', NULL, '27'),
(35, 'record_module', NULL, 'Calendar'),
(36, 'label', NULL, 'TSK-1'),
(36, 'subject', NULL, 'TSK-1'),
(36, 'assigned_user_id', NULL, '10'),
(36, 'date_start', NULL, '2021-02-11'),
(36, 'time_start', NULL, '10:44:00'),
(36, 'due_date', NULL, '2021-02-11'),
(36, 'time_end', NULL, '10:49:00'),
(36, 'duration_minutes', NULL, '5'),
(36, 'eventstatus', NULL, 'Planned'),
(36, 'activitytype', NULL, 'Meeting'),
(36, 'createdtime', NULL, '2021-02-11 10:44:34'),
(36, 'visibility', NULL, 'Public'),
(36, 'modifiedby', NULL, '10'),
(36, 'source', NULL, 'CRM'),
(36, 'record_id', NULL, '28'),
(36, 'record_module', NULL, 'Events'),
(38, 'label', NULL, 'TASK-A'),
(38, 'subject', NULL, 'TASK-A'),
(38, 'assigned_user_id', NULL, '11'),
(38, 'date_start', NULL, '2021-02-01'),
(38, 'time_start', NULL, '07:34:00'),
(38, 'due_date', NULL, '2021-02-28'),
(38, 'duration_hours', NULL, '664'),
(38, 'duration_minutes', NULL, '26'),
(38, 'activitytype', NULL, 'Task'),
(38, 'createdtime', NULL, '2021-02-12 07:35:09'),
(38, 'visibility', NULL, 'Private'),
(38, 'modifiedby', NULL, '11'),
(38, 'source', NULL, 'CRM'),
(38, 'taskstatus', NULL, 'In Progress'),
(38, 'record_id', NULL, '29'),
(38, 'record_module', NULL, 'Calendar'),
(39, 'label', NULL, 'Task-001'),
(39, 'subject', NULL, 'Task-001'),
(39, 'assigned_user_id', NULL, '11'),
(39, 'date_start', NULL, '2021-02-01'),
(39, 'time_start', NULL, '07:35:00'),
(39, 'due_date', NULL, '2021-02-28'),
(39, 'time_end', NULL, '13:00:00'),
(39, 'recurringtype', NULL, '--None--'),
(39, 'duration_hours', NULL, '653'),
(39, 'duration_minutes', NULL, '25'),
(39, 'eventstatus', NULL, 'Planned'),
(39, 'activitytype', NULL, 'Call'),
(39, 'createdtime', NULL, '2021-02-12 07:37:18'),
(39, 'visibility', NULL, 'Public'),
(39, 'modifiedby', NULL, '11'),
(39, 'source', NULL, 'CRM'),
(39, 'record_id', NULL, '30'),
(39, 'record_module', NULL, 'Events'),
(40, 'label', NULL, 'Call-1'),
(40, 'subject', NULL, 'Call-1'),
(40, 'assigned_user_id', NULL, '11'),
(40, 'date_start', NULL, '2021-02-02'),
(40, 'time_start', NULL, '07:41:00'),
(40, 'due_date', NULL, '2021-02-02'),
(40, 'time_end', NULL, '07:46:00'),
(40, 'recurringtype', NULL, '--None--'),
(40, 'duration_minutes', NULL, '5'),
(40, 'eventstatus', NULL, 'Planned'),
(40, 'activitytype', NULL, 'Mobile Call'),
(40, 'createdtime', NULL, '2021-02-12 07:41:59'),
(40, 'visibility', NULL, 'Public'),
(40, 'modifiedby', NULL, '11'),
(40, 'source', NULL, 'CRM'),
(40, 'record_id', NULL, '31'),
(40, 'record_module', NULL, 'Events'),
(41, 'due_date', '2021-02-02', '2021-02-27'),
(41, 'duration_hours', '0', '600'),
(48, 'label', NULL, 'Task-Stand UP'),
(48, 'subject', NULL, 'Task-Stand UP'),
(48, 'assigned_user_id', NULL, '11'),
(48, 'date_start', NULL, '2021-02-12'),
(48, 'time_start', NULL, '16:30:00'),
(48, 'due_date', NULL, '2021-02-12'),
(48, 'time_end', NULL, '17:30:00'),
(48, 'recurringtype', NULL, '--None--'),
(48, 'duration_hours', NULL, '1'),
(48, 'eventstatus', NULL, 'Planned'),
(48, 'activitytype', NULL, 'Call'),
(48, 'createdtime', NULL, '2021-02-12 11:03:08'),
(48, 'taskpriority', NULL, 'High'),
(48, 'visibility', NULL, 'Public'),
(48, 'modifiedby', NULL, '11'),
(48, 'source', NULL, 'CRM'),
(48, 'record_id', NULL, '32'),
(48, 'record_module', NULL, 'Events'),
(49, 'label', NULL, 'Stand Up -New'),
(49, 'subject', NULL, 'Stand Up -New'),
(49, 'assigned_user_id', NULL, '11'),
(49, 'date_start', NULL, '2021-02-12'),
(49, 'time_start', NULL, '17:00:00'),
(49, 'due_date', NULL, '2021-02-12'),
(49, 'duration_hours', NULL, '7'),
(49, 'activitytype', NULL, 'Task'),
(49, 'createdtime', NULL, '2021-02-12 11:05:33'),
(49, 'visibility', NULL, 'Private'),
(49, 'modifiedby', NULL, '11'),
(49, 'source', NULL, 'CRM'),
(49, 'taskstatus', NULL, 'Not Started'),
(49, 'record_id', NULL, '33'),
(49, 'record_module', NULL, 'Calendar'),
(50, 'label', NULL, 'Logout'),
(50, 'subject', NULL, 'Logout'),
(50, 'assigned_user_id', NULL, '11'),
(50, 'date_start', NULL, '2021-02-12'),
(50, 'time_start', NULL, '18:00:00'),
(50, 'due_date', NULL, '2021-02-12'),
(50, 'time_end', NULL, '18:30:00'),
(50, 'duration_minutes', NULL, '30'),
(50, 'eventstatus', NULL, 'Planned'),
(50, 'activitytype', NULL, 'Call'),
(50, 'createdtime', NULL, '2021-02-12 11:12:05'),
(50, 'visibility', NULL, 'Public'),
(50, 'modifiedby', NULL, '11'),
(50, 'source', NULL, 'CRM'),
(50, 'record_id', NULL, '34'),
(50, 'record_module', NULL, 'Events'),
(51, 'label', NULL, 'Email'),
(51, 'subject', NULL, 'Email'),
(51, 'assigned_user_id', NULL, '5'),
(51, 'date_start', NULL, '2021-02-13'),
(51, 'time_start', NULL, '12:05:00'),
(51, 'due_date', NULL, '2021-02-19'),
(51, 'time_end', NULL, '13:30:00'),
(51, 'duration_hours', NULL, '145'),
(51, 'duration_minutes', NULL, '25'),
(51, 'eventstatus', NULL, 'Planned'),
(51, 'activitytype', NULL, 'Call'),
(51, 'createdtime', NULL, '2021-02-12 12:05:40'),
(51, 'visibility', NULL, 'Public'),
(51, 'modifiedby', NULL, '5'),
(51, 'source', NULL, 'CRM'),
(51, 'record_id', NULL, '35'),
(51, 'record_module', NULL, 'Events'),
(55, 'assigned_user_id', '11', '12'),
(55, 'modifiedby', '11', '12'),
(56, 'label', NULL, 'Meeting'),
(56, 'subject', NULL, 'Meeting'),
(56, 'assigned_user_id', NULL, '12'),
(56, 'date_start', NULL, '2021-02-16'),
(56, 'time_start', NULL, '11:56:00'),
(56, 'due_date', NULL, '2021-02-16'),
(56, 'time_end', NULL, '12:30:00'),
(56, 'recurringtype', NULL, '--None--'),
(56, 'duration_minutes', NULL, '34'),
(56, 'eventstatus', NULL, 'Planned'),
(56, 'activitytype', NULL, 'Meeting'),
(56, 'createdtime', NULL, '2021-02-15 11:56:49'),
(56, 'taskpriority', NULL, 'High'),
(56, 'visibility', NULL, 'Public'),
(56, 'modifiedby', NULL, '12'),
(56, 'source', NULL, 'CRM'),
(56, 'record_id', NULL, '36'),
(56, 'record_module', NULL, 'Events'),
(61, 'label', NULL, 'qqqqqq'),
(61, 'accountname', NULL, 'qqqqqq'),
(61, 'account_no', NULL, 'ACC5'),
(61, 'phone', NULL, '6479736534'),
(61, 'email1', NULL, 'user@gmail.com'),
(61, 'email2', NULL, 'user@gmail.com'),
(61, 'annual_revenue', NULL, '0.00000000'),
(61, 'assigned_user_id', NULL, '1'),
(61, 'createdtime', NULL, '2021-02-17 18:57:23'),
(61, 'modifiedby', NULL, '1'),
(61, 'bill_street', NULL, 'dfasfasfa'),
(61, 'ship_street', NULL, 'adfafa'),
(61, 'bill_city', NULL, 'dfaf'),
(61, 'ship_city', NULL, 'dfaf'),
(61, 'bill_state', NULL, 'Indiana'),
(61, 'ship_state', NULL, 'Indiana'),
(61, 'bill_code', NULL, 'adsfa'),
(61, 'ship_code', NULL, 'adsfa'),
(61, 'source', NULL, 'CRM'),
(61, 'record_id', NULL, '63'),
(61, 'record_module', NULL, 'Accounts'),
(62, 'label', NULL, 'lll'),
(62, 'subject', NULL, 'lll'),
(62, 'assigned_user_id', NULL, '1'),
(62, 'date_start', NULL, '2021-02-18'),
(62, 'time_start', NULL, '08:09:00'),
(62, 'due_date', NULL, '2021-02-18'),
(62, 'time_end', NULL, '08:14:00'),
(62, 'duration_minutes', NULL, '5'),
(62, 'parent_id', NULL, '65'),
(62, 'eventstatus', NULL, 'Planned'),
(62, 'activitytype', NULL, 'Call'),
(62, 'createdtime', NULL, '2021-02-18 08:10:29'),
(62, 'visibility', NULL, 'Public'),
(62, 'modifiedby', NULL, '1'),
(62, 'source', NULL, 'CRM'),
(62, 'record_id', NULL, '68'),
(62, 'record_module', NULL, 'Events'),
(63, 'label', NULL, 'lll'),
(63, 'subject', NULL, 'lll'),
(63, 'assigned_user_id', NULL, '1'),
(63, 'date_start', NULL, '2021-02-18'),
(63, 'time_start', NULL, '08:09:00'),
(63, 'due_date', NULL, '2021-02-18'),
(63, 'time_end', NULL, '08:14:00'),
(63, 'duration_minutes', NULL, '5'),
(63, 'parent_id', NULL, '65'),
(63, 'eventstatus', NULL, 'Planned'),
(63, 'activitytype', NULL, 'Call'),
(63, 'createdtime', NULL, '2021-02-18 08:10:36'),
(63, 'visibility', NULL, 'Public'),
(63, 'modifiedby', NULL, '1'),
(63, 'source', NULL, 'CRM'),
(63, 'record_id', NULL, '69'),
(63, 'record_module', NULL, 'Events'),
(64, 'label', NULL, 'call'),
(64, 'subject', NULL, 'call'),
(64, 'assigned_user_id', NULL, '1'),
(64, 'date_start', NULL, '2021-02-18'),
(64, 'time_start', NULL, '08:16:00'),
(64, 'due_date', NULL, '2021-02-18'),
(64, 'time_end', NULL, '08:21:00'),
(64, 'duration_minutes', NULL, '5'),
(64, 'parent_id', NULL, '65'),
(64, 'eventstatus', NULL, 'Planned'),
(64, 'activitytype', NULL, 'Call'),
(64, 'createdtime', NULL, '2021-02-18 08:16:56'),
(64, 'visibility', NULL, 'Public'),
(64, 'modifiedby', NULL, '1'),
(64, 'source', NULL, 'CRM'),
(64, 'record_id', NULL, '70'),
(64, 'record_module', NULL, 'Events'),
(65, 'label', NULL, 'ca'),
(65, 'subject', NULL, 'ca'),
(65, 'assigned_user_id', NULL, '1'),
(65, 'date_start', NULL, '2021-02-18'),
(65, 'time_start', NULL, '08:20:00'),
(65, 'due_date', NULL, '2021-02-18'),
(65, 'time_end', NULL, '08:25:00'),
(65, 'duration_minutes', NULL, '5'),
(65, 'parent_id', NULL, '65'),
(65, 'eventstatus', NULL, 'Planned'),
(65, 'activitytype', NULL, 'Call'),
(65, 'createdtime', NULL, '2021-02-18 08:20:18'),
(65, 'visibility', NULL, 'Public'),
(65, 'modifiedby', NULL, '1'),
(65, 'source', NULL, 'CRM'),
(65, 'record_id', NULL, '71'),
(65, 'record_module', NULL, 'Events'),
(66, 'label', NULL, 'call'),
(66, 'subject', NULL, 'call'),
(66, 'assigned_user_id', NULL, '1'),
(66, 'date_start', NULL, '2021-02-18'),
(66, 'time_start', NULL, '08:36:00'),
(66, 'due_date', NULL, '2021-02-18'),
(66, 'time_end', NULL, '08:41:00'),
(66, 'duration_minutes', NULL, '5'),
(66, 'parent_id', NULL, '65'),
(66, 'eventstatus', NULL, 'Planned'),
(66, 'activitytype', NULL, 'Call'),
(66, 'createdtime', NULL, '2021-02-18 08:37:06'),
(66, 'visibility', NULL, 'Public'),
(66, 'modifiedby', NULL, '1'),
(66, 'source', NULL, 'CRM'),
(66, 'record_id', NULL, '72'),
(66, 'record_module', NULL, 'Events'),
(67, 'label', NULL, 'testing'),
(67, 'subject', NULL, 'testing'),
(67, 'assigned_user_id', NULL, '1'),
(67, 'date_start', NULL, '2021-02-18'),
(67, 'time_start', NULL, '09:29:00'),
(67, 'due_date', NULL, '2021-02-18'),
(67, 'time_end', NULL, '09:34:00'),
(67, 'duration_minutes', NULL, '5'),
(67, 'parent_id', NULL, '65'),
(67, 'eventstatus', NULL, 'Planned'),
(67, 'activitytype', NULL, 'Call'),
(67, 'createdtime', NULL, '2021-02-18 09:29:16'),
(67, 'visibility', NULL, 'Public'),
(67, 'modifiedby', NULL, '1'),
(67, 'source', NULL, 'CRM'),
(67, 'record_id', NULL, '73'),
(67, 'record_module', NULL, 'Events'),
(70, 'label', NULL, 'Billzy'),
(70, 'accountname', NULL, 'Billzy'),
(70, 'account_no', NULL, 'ACC6'),
(70, 'phone', NULL, '1300BILLZY'),
(70, 'email1', NULL, 'bills@billzy.com'),
(70, 'email2', NULL, 'srinivas.comx@gmail.com'),
(70, 'siccode', NULL, '26602796298'),
(70, 'annual_revenue', NULL, '0.00000000'),
(70, 'assigned_user_id', NULL, '1'),
(70, 'createdtime', NULL, '2021-02-22 04:25:48'),
(70, 'modifiedby', NULL, '1'),
(70, 'bill_street', NULL, '1/450 Sherwood Road'),
(70, 'bill_city', NULL, 'Sherwood'),
(70, 'bill_state', NULL, 'QLD'),
(70, 'bill_code', NULL, '4075'),
(70, 'bill_country', NULL, 'Australia'),
(70, 'ship_country', NULL, 'Australia'),
(70, 'source', NULL, 'CRM'),
(70, 'record_id', NULL, '74'),
(70, 'record_module', NULL, 'Accounts'),
(71, 'label', NULL, 'Lab Gear'),
(71, 'accountname', NULL, 'Lab Gear'),
(71, 'account_no', NULL, 'ACC7'),
(71, 'phone', NULL, '733681112'),
(71, 'email1', NULL, 'accounts@labgearaustralia.com.au'),
(71, 'ownership', NULL, 'Lab Gear Pty Ltd'),
(71, 'siccode', NULL, '40156379814'),
(71, 'annual_revenue', NULL, '0.00000000'),
(71, 'assigned_user_id', NULL, '1'),
(71, 'createdtime', NULL, '2021-02-22 04:29:01'),
(71, 'modifiedby', NULL, '1'),
(71, 'bill_street', NULL, '30 Finchley Street'),
(71, 'bill_city', NULL, 'Milton,'),
(71, 'bill_state', NULL, 'Milton,'),
(71, 'bill_code', NULL, '4064'),
(71, 'bill_country', NULL, 'Australia'),
(71, 'source', NULL, 'CRM'),
(71, 'record_id', NULL, '75'),
(71, 'record_module', NULL, 'Accounts'),
(72, 'label', NULL, 'Pallet Masters'),
(72, 'accountname', NULL, 'Pallet Masters'),
(72, 'account_no', NULL, 'ACC8'),
(72, 'phone', NULL, '732834288'),
(72, 'email1', NULL, 'admin@palletmasters.com.au'),
(72, 'ownership', NULL, 'Pallet Masters Pty Ltd'),
(72, 'siccode', NULL, '82010304462'),
(72, 'annual_revenue', NULL, '0.00000000'),
(72, 'assigned_user_id', NULL, '1'),
(72, 'createdtime', NULL, '2021-02-22 04:32:15'),
(72, 'modifiedby', NULL, '1'),
(72, 'bill_street', NULL, '1 Grice Street'),
(72, 'bill_city', NULL, 'Clontraf,'),
(72, 'bill_state', NULL, 'QLD'),
(72, 'bill_code', NULL, '4019'),
(72, 'bill_country', NULL, 'Australia'),
(72, 'source', NULL, 'CRM'),
(72, 'record_id', NULL, '76'),
(72, 'record_module', NULL, 'Accounts'),
(73, 'label', NULL, 'Polyworld'),
(73, 'accountname', NULL, 'Polyworld'),
(73, 'account_no', NULL, 'ACC9'),
(73, 'phone', NULL, '1300888654'),
(73, 'email1', NULL, 'accounts@polyworld.com.au'),
(73, 'ownership', NULL, 'Polyworld Pty Ltd'),
(73, 'siccode', NULL, '20066654340'),
(73, 'annual_revenue', NULL, '0.00000000'),
(73, 'assigned_user_id', NULL, '1'),
(73, 'createdtime', NULL, '2021-02-22 04:34:02'),
(73, 'modifiedby', NULL, '1'),
(73, 'bill_street', NULL, '14-20 Robson Street'),
(73, 'bill_city', NULL, 'Clontraf,'),
(73, 'bill_state', NULL, 'QLD'),
(73, 'bill_code', NULL, '4019'),
(73, 'bill_country', NULL, 'Australia'),
(73, 'source', NULL, 'CRM'),
(73, 'record_id', NULL, '77'),
(73, 'record_module', NULL, 'Accounts'),
(74, 'label', NULL, 'Wonderment'),
(74, 'accountname', NULL, 'Wonderment'),
(74, 'account_no', NULL, 'ACC10'),
(74, 'phone', NULL, '412867007'),
(74, 'email1', NULL, 'andrew@wonderment.com.au'),
(74, 'ownership', NULL, 'Wonderment Pty Ltd'),
(74, 'siccode', NULL, '33162526856'),
(74, 'annual_revenue', NULL, '0.00000000'),
(74, 'assigned_user_id', NULL, '1'),
(74, 'createdtime', NULL, '2021-02-22 04:35:48'),
(74, 'modifiedby', NULL, '1'),
(74, 'bill_street', NULL, '2A Waraba Street'),
(74, 'bill_city', NULL, 'Clontraf,'),
(74, 'bill_state', NULL, 'QLD'),
(74, 'bill_code', NULL, '4019'),
(74, 'bill_country', NULL, 'Australia'),
(74, 'source', NULL, 'CRM'),
(74, 'record_id', NULL, '78'),
(74, 'record_module', NULL, 'Accounts'),
(75, 'label', NULL, 'Smenco'),
(75, 'accountname', NULL, 'Smenco'),
(75, 'account_no', NULL, 'ACC11'),
(75, 'phone', NULL, '1300728422'),
(75, 'email1', NULL, 'accounts@smenco.com.au'),
(75, 'ownership', NULL, 'Smenco Pty Ltd'),
(75, 'siccode', NULL, '51109272602'),
(75, 'annual_revenue', NULL, '0.00000000'),
(75, 'assigned_user_id', NULL, '1'),
(75, 'createdtime', NULL, '2021-02-22 04:37:31'),
(75, 'modifiedby', NULL, '1'),
(75, 'bill_street', NULL, '2/471 Lytton Road'),
(75, 'bill_city', NULL, 'Morningside,'),
(75, 'bill_state', NULL, 'QLD'),
(75, 'bill_code', NULL, '4170'),
(75, 'bill_country', NULL, 'Australia'),
(75, 'source', NULL, 'CRM'),
(75, 'record_id', NULL, '79'),
(75, 'record_module', NULL, 'Accounts'),
(76, 'label', NULL, 'Hypoxi Body Boutique Bulimba'),
(76, 'accountname', NULL, 'Hypoxi Body Boutique Bulimba'),
(76, 'account_no', NULL, 'ACC12'),
(76, 'phone', NULL, '733993865'),
(76, 'email1', NULL, 'info@hypoxibulimba.com.au'),
(76, 'ownership', NULL, 'Hypoxi Body Boutique Bulimba Pty Ltd'),
(76, 'siccode', NULL, '30155399232'),
(76, 'annual_revenue', NULL, '0.00000000'),
(76, 'assigned_user_id', NULL, '1'),
(76, 'createdtime', NULL, '2021-02-22 04:39:40'),
(76, 'modifiedby', NULL, '1'),
(76, 'bill_street', NULL, '17/104  Barwon Street'),
(76, 'bill_city', NULL, 'Morningside,'),
(76, 'bill_state', NULL, 'QLD'),
(76, 'bill_code', NULL, '4170'),
(76, 'bill_country', NULL, 'Australia'),
(76, 'source', NULL, 'CRM'),
(76, 'record_id', NULL, '80'),
(76, 'record_module', NULL, 'Accounts'),
(77, 'label', NULL, 'Unique Window Services'),
(77, 'accountname', NULL, 'Unique Window Services'),
(77, 'account_no', NULL, 'ACC13'),
(77, 'phone', NULL, '732655771'),
(77, 'email1', NULL, 'accounts@uniqueeindowservices.com'),
(77, 'ownership', NULL, 'Unique Window Services'),
(77, 'siccode', NULL, '70661531870'),
(77, 'annual_revenue', NULL, '0.00000000'),
(77, 'assigned_user_id', NULL, '1'),
(77, 'createdtime', NULL, '2021-02-22 04:41:29'),
(77, 'modifiedby', NULL, '1'),
(77, 'bill_street', NULL, '1/45 Kingtel Place'),
(77, 'bill_city', NULL, 'Geebung,'),
(77, 'bill_state', NULL, 'QLD'),
(77, 'bill_code', NULL, '4034'),
(77, 'bill_country', NULL, 'Australia'),
(77, 'source', NULL, 'CRM'),
(77, 'record_id', NULL, '81'),
(77, 'record_module', NULL, 'Accounts'),
(78, 'label', NULL, 'Jden Pty Ltd'),
(78, 'accountname', NULL, 'Jden Pty Ltd'),
(78, 'account_no', NULL, 'ACC14'),
(78, 'phone', NULL, '411334534'),
(78, 'ownership', NULL, 'Robert Walden'),
(78, 'siccode', NULL, '56100802800'),
(78, 'annual_revenue', NULL, '0.00000000'),
(78, 'assigned_user_id', NULL, '1'),
(78, 'createdtime', NULL, '2021-02-22 04:43:45'),
(78, 'modifiedby', NULL, '1'),
(78, 'bill_street', NULL, '43/49 Colac Street,'),
(78, 'bill_city', NULL, 'Kedron,'),
(78, 'bill_state', NULL, 'QLD'),
(78, 'bill_code', NULL, '4031'),
(78, 'bill_country', NULL, 'Australia'),
(78, 'source', NULL, 'CRM'),
(78, 'record_id', NULL, '82'),
(78, 'record_module', NULL, 'Accounts'),
(79, 'label', NULL, 'Genomics For Life'),
(79, 'accountname', NULL, 'Genomics For Life'),
(79, 'account_no', NULL, 'ACC15'),
(79, 'phone', NULL, '1800445433'),
(79, 'email1', NULL, 'accounts@genomicsforlife.com.au'),
(79, 'ownership', NULL, 'Genomics For Life Pty Ltd'),
(79, 'siccode', NULL, '69163460937'),
(79, 'annual_revenue', NULL, '0.00000000'),
(79, 'assigned_user_id', NULL, '1'),
(79, 'createdtime', NULL, '2021-02-22 04:45:19'),
(79, 'modifiedby', NULL, '1'),
(79, 'bill_street', NULL, '1/11 Parkview Street'),
(79, 'bill_city', NULL, 'Milton,'),
(79, 'bill_state', NULL, 'QLD'),
(79, 'bill_code', NULL, '4064'),
(79, 'bill_country', NULL, 'Australia'),
(79, 'source', NULL, 'CRM'),
(79, 'record_id', NULL, '83'),
(79, 'record_module', NULL, 'Accounts'),
(80, 'label', NULL, 'Alpetros Nu 22'),
(80, 'accountname', NULL, 'Alpetros Nu 22'),
(80, 'account_no', NULL, 'ACC16'),
(80, 'phone', NULL, '732751195'),
(80, 'email1', NULL, 'accounts@apolloladscaping.com.au'),
(80, 'ownership', NULL, 'Alpetros Nu 22'),
(80, 'siccode', NULL, '54047550847'),
(80, 'annual_revenue', NULL, '0.00000000'),
(80, 'assigned_user_id', NULL, '1'),
(80, 'createdtime', NULL, '2021-02-22 04:47:42'),
(80, 'modifiedby', NULL, '1'),
(80, 'bill_street', NULL, '14 Musgrave Road'),
(80, 'bill_city', NULL, 'Coopers Plains'),
(80, 'bill_state', NULL, 'QLD'),
(80, 'bill_code', NULL, '4108'),
(80, 'bill_country', NULL, 'Australia'),
(80, 'source', NULL, 'CRM'),
(80, 'record_id', NULL, '84'),
(80, 'record_module', NULL, 'Accounts'),
(81, 'label', NULL, 'Salvation Army'),
(81, 'accountname', NULL, 'Salvation Army'),
(81, 'account_no', NULL, 'ACC17'),
(81, 'phone', NULL, 'holidayhouses@salvationarmy.or'),
(81, 'ownership', NULL, 'Holiday Houses'),
(81, 'siccode', NULL, '32234126186'),
(81, 'annual_revenue', NULL, '0.00000000'),
(81, 'assigned_user_id', NULL, '1'),
(81, 'createdtime', NULL, '2021-02-22 04:48:36'),
(81, 'modifiedby', NULL, '1'),
(81, 'source', NULL, 'CRM'),
(81, 'record_id', NULL, '85'),
(81, 'record_module', NULL, 'Accounts'),
(82, 'label', NULL, 'Silver Chef'),
(82, 'accountname', NULL, 'Silver Chef'),
(82, 'account_no', NULL, 'ACC18'),
(82, 'phone', NULL, '1800119687'),
(82, 'email1', NULL, 'cjenkins@silverchef.com.au'),
(82, 'ownership', NULL, 'Silver Chef'),
(82, 'siccode', NULL, '28011245828'),
(82, 'annual_revenue', NULL, '0.00000000'),
(82, 'assigned_user_id', NULL, '1'),
(82, 'createdtime', NULL, '2021-02-22 04:50:24'),
(82, 'modifiedby', NULL, '1'),
(82, 'bill_street', NULL, 'Park Tower, 20 Pidgeon Close'),
(82, 'bill_city', NULL, 'West End'),
(82, 'bill_state', NULL, 'QLD'),
(82, 'bill_code', NULL, '4101'),
(82, 'bill_country', NULL, 'Australia'),
(82, 'source', NULL, 'CRM'),
(82, 'record_id', NULL, '86'),
(82, 'record_module', NULL, 'Accounts'),
(83, 'label', NULL, 'GS Majoris Pty Ltd'),
(83, 'accountname', NULL, 'GS Majoris Pty Ltd'),
(83, 'account_no', NULL, 'ACC19'),
(83, 'email1', NULL, 'kmfmanagement@gmail.com'),
(83, 'ownership', NULL, 'Wendy'),
(83, 'siccode', NULL, '30612982439'),
(83, 'annual_revenue', NULL, '0.00000000'),
(83, 'assigned_user_id', NULL, '1'),
(83, 'createdtime', NULL, '2021-02-22 04:52:18'),
(83, 'modifiedby', NULL, '1'),
(83, 'bill_street', NULL, '23 O&#039;Connor Crescent'),
(83, 'bill_city', NULL, 'Mansfield,'),
(83, 'bill_state', NULL, 'QLD'),
(83, 'bill_code', NULL, '4122'),
(83, 'bill_country', NULL, 'Australia'),
(83, 'source', NULL, 'CRM'),
(83, 'record_id', NULL, '87'),
(83, 'record_module', NULL, 'Accounts'),
(84, 'label', NULL, 'Birrunga Gallery &amp; Dining'),
(84, 'accountname', NULL, 'Birrunga Gallery &amp; Dining'),
(84, 'account_no', NULL, 'ACC20'),
(84, 'phone', NULL, '738442610'),
(84, 'email1', NULL, 'suz@birrunga.com.au'),
(84, 'ownership', NULL, 'Birrunga Gallery &amp; Dining'),
(84, 'siccode', NULL, '65942669817'),
(84, 'annual_revenue', NULL, '0.00000000'),
(84, 'assigned_user_id', NULL, '1'),
(84, 'createdtime', NULL, '2021-02-22 04:54:07'),
(84, 'modifiedby', NULL, '1'),
(84, 'bill_street', NULL, 'Basement Leve\n300 Adelaide Street'),
(84, 'bill_state', NULL, 'QLD'),
(84, 'bill_code', NULL, '4000'),
(84, 'bill_country', NULL, 'Australia'),
(84, 'source', NULL, 'CRM'),
(84, 'record_id', NULL, '88'),
(84, 'record_module', NULL, 'Accounts'),
(85, 'label', NULL, 'Superior Air Parts'),
(85, 'accountname', NULL, 'Superior Air Parts'),
(85, 'account_no', NULL, 'ACC21'),
(85, 'phone', NULL, '737174604'),
(85, 'email1', NULL, 'sue@superiorairparts.com.au'),
(85, 'ownership', NULL, 'Superior Air Parts'),
(85, 'siccode', NULL, '17059693640'),
(85, 'annual_revenue', NULL, '0.00000000'),
(85, 'assigned_user_id', NULL, '1'),
(85, 'createdtime', NULL, '2021-02-22 04:55:54'),
(85, 'modifiedby', NULL, '1'),
(85, 'bill_street', NULL, '14 Musgrave Road,'),
(85, 'bill_city', NULL, 'Coopers Plains'),
(85, 'bill_state', NULL, 'QLD'),
(85, 'bill_code', NULL, '4108'),
(85, 'bill_country', NULL, 'Australia'),
(85, 'source', NULL, 'CRM'),
(85, 'record_id', NULL, '89'),
(85, 'record_module', NULL, 'Accounts'),
(86, 'label', NULL, 'TMPC'),
(86, 'accountname', NULL, 'TMPC'),
(86, 'account_no', NULL, 'ACC22'),
(86, 'phone', NULL, '738660000'),
(86, 'email1', NULL, 'sam.aiiport@tmpc.com.au'),
(86, 'ownership', NULL, 'TMPC'),
(86, 'siccode', NULL, '70010660009'),
(86, 'annual_revenue', NULL, '0.00000000'),
(86, 'assigned_user_id', NULL, '1'),
(86, 'createdtime', NULL, '2021-02-22 04:57:29'),
(86, 'modifiedby', NULL, '1'),
(86, 'bill_street', NULL, 'Ground Floor / 33 Nundah Street'),
(86, 'bill_city', NULL, 'Nundah'),
(86, 'bill_state', NULL, 'QLD'),
(86, 'bill_code', NULL, '4012'),
(86, 'bill_country', NULL, 'Australia'),
(86, 'source', NULL, 'CRM'),
(86, 'record_id', NULL, '90'),
(86, 'record_module', NULL, 'Accounts'),
(87, 'label', NULL, 'Bartercard Brisbane'),
(87, 'accountname', NULL, 'Bartercard Brisbane'),
(87, 'account_no', NULL, 'ACC23'),
(87, 'phone', NULL, '732454766'),
(87, 'email1', NULL, 'accounts@bartercard.com'),
(87, 'ownership', NULL, 'Bartercard Brisbane'),
(87, 'siccode', NULL, '44168816135'),
(87, 'annual_revenue', NULL, '0.00000000'),
(87, 'assigned_user_id', NULL, '1'),
(87, 'createdtime', NULL, '2021-02-22 05:26:51'),
(87, 'modifiedby', NULL, '1'),
(87, 'bill_street', NULL, '1/13 Merrit Street'),
(87, 'bill_city', NULL, 'Capalaba'),
(87, 'bill_state', NULL, 'QLD'),
(87, 'bill_code', NULL, '4157'),
(87, 'bill_country', NULL, 'Australia'),
(87, 'source', NULL, 'CRM'),
(87, 'record_id', NULL, '91'),
(87, 'record_module', NULL, 'Accounts'),
(88, 'label', NULL, 'Snap Fitness Chermside'),
(88, 'accountname', NULL, 'Snap Fitness Chermside'),
(88, 'account_no', NULL, 'ACC24'),
(88, 'phone', NULL, '428357860'),
(88, 'email1', NULL, 'chris@itscotia.com.au'),
(88, 'ownership', NULL, 'Chris'),
(88, 'annual_revenue', NULL, '0.00000000'),
(88, 'assigned_user_id', NULL, '1'),
(88, 'createdtime', NULL, '2021-02-22 05:28:07'),
(88, 'modifiedby', NULL, '1'),
(88, 'bill_street', NULL, '831 Gympie Road'),
(88, 'bill_city', NULL, 'Chermside,'),
(88, 'bill_state', NULL, 'QLD'),
(88, 'bill_code', NULL, '4032'),
(88, 'bill_country', NULL, 'Australia'),
(88, 'source', NULL, 'CRM'),
(88, 'record_id', NULL, '92'),
(88, 'record_module', NULL, 'Accounts'),
(91, 'label', NULL, 'ss vv'),
(91, 'firstname', NULL, 'ss'),
(91, 'lead_no', NULL, 'LEA4'),
(91, 'phone', NULL, '+612315445545'),
(91, 'lastname', NULL, 'vv'),
(91, 'email', NULL, 'srinivas.comx@gmail.com'),
(91, 'annualrevenue', NULL, '0.00000000'),
(91, 'assigned_user_id', NULL, '1'),
(91, 'createdtime', NULL, '2021-02-23 06:48:36'),
(91, 'modifiedby', NULL, '1'),
(91, 'source', NULL, 'CRM'),
(91, 'record_id', NULL, '93'),
(91, 'record_module', NULL, 'Leads'),
(93, 'label', NULL, 'zxv'),
(93, 'campaignname', NULL, 'zxv'),
(93, 'campaign_no', NULL, 'CAM2'),
(93, 'campaignstatus', NULL, 'Planning'),
(93, 'closingdate', NULL, '2021-02-24'),
(93, 'assigned_user_id', NULL, '1'),
(93, 'createdtime', NULL, '2021-02-23 06:49:26'),
(93, 'modifiedby', NULL, '1'),
(93, 'expectedrevenue', NULL, '0.00000000'),
(93, 'budgetcost', NULL, '0.00000000'),
(93, 'actualcost', NULL, '0.00000000'),
(93, 'expectedroi', NULL, '0.00000000'),
(93, 'actualroi', NULL, '0.00000000'),
(93, 'source', NULL, 'CRM'),
(93, 'record_id', NULL, '94'),
(93, 'record_module', NULL, 'Campaigns'),
(97, 'label', NULL, 'ss vv'),
(97, 'firstname', NULL, 'ss'),
(97, 'contact_no', NULL, 'CON4'),
(97, 'phone', NULL, '+612315445545'),
(97, 'lastname', NULL, 'vv'),
(97, 'email', NULL, 'srinivas.comx@gmail.com'),
(97, 'assigned_user_id', NULL, '1'),
(97, 'createdtime', NULL, '2021-02-23 06:50:05'),
(97, 'modifiedby', NULL, '1'),
(97, 'support_start_date', NULL, '2021-02-23'),
(97, 'support_end_date', NULL, '2022-02-23'),
(97, 'source', NULL, 'CRM'),
(97, 'record_id', NULL, '95'),
(97, 'record_module', NULL, 'Contacts'),
(99, 'label', NULL, 'ss vv'),
(99, 'firstname', NULL, 'ss'),
(99, 'contact_no', NULL, 'CON5'),
(99, 'phone', NULL, '+612315445545'),
(99, 'lastname', NULL, 'vv'),
(99, 'email', NULL, 'srinivas.comx@gmail.com'),
(99, 'assigned_user_id', NULL, '1'),
(99, 'createdtime', NULL, '2021-02-23 08:58:26'),
(99, 'modifiedby', NULL, '1'),
(99, 'support_start_date', NULL, '2021-02-23'),
(99, 'support_end_date', NULL, '2022-02-23'),
(99, 'source', NULL, 'CRM'),
(99, 'record_id', NULL, '96'),
(99, 'record_module', NULL, 'Contacts'),
(108, 'label', NULL, 'QA'),
(108, 'notes_title', NULL, 'QA'),
(108, 'createdtime', NULL, '2021-02-23 10:50:35'),
(108, 'filename', NULL, 'QA.Test.txt'),
(108, 'assigned_user_id', NULL, '1'),
(108, 'filetype', NULL, 'text/plain'),
(108, 'filesize', NULL, '0'),
(108, 'filelocationtype', NULL, 'I'),
(108, 'filestatus', NULL, '1'),
(108, 'folderid', NULL, '1'),
(108, 'note_no', NULL, 'DOC2'),
(108, 'modifiedby', NULL, '1'),
(108, 'source', NULL, 'CRM'),
(108, 'record_id', NULL, '98'),
(108, 'record_module', NULL, 'Documents'),
(108, 'label', NULL, 'QA'),
(108, 'notes_title', NULL, 'QA'),
(108, 'createdtime', NULL, '2021-02-23 10:51:44'),
(108, 'filename', NULL, 'QA.Test.txt'),
(108, 'assigned_user_id', NULL, '1'),
(108, 'filetype', NULL, 'text/plain'),
(108, 'filesize', NULL, '0'),
(108, 'filelocationtype', NULL, 'I'),
(108, 'filestatus', NULL, '1'),
(108, 'folderid', NULL, '1'),
(108, 'note_no', NULL, 'DOC3'),
(108, 'modifiedby', NULL, '1'),
(108, 'source', NULL, 'CRM'),
(108, 'record_id', NULL, '100'),
(108, 'record_module', NULL, 'Documents'),
(108, 'label', NULL, 'QA'),
(108, 'notes_title', NULL, 'QA'),
(108, 'createdtime', NULL, '2021-02-23 10:52:33'),
(108, 'filename', NULL, 'QA.Test.txt'),
(108, 'assigned_user_id', NULL, '1'),
(108, 'filetype', NULL, 'text/plain'),
(108, 'filesize', NULL, '0'),
(108, 'filelocationtype', NULL, 'I'),
(108, 'filestatus', NULL, '1'),
(108, 'folderid', NULL, '1'),
(108, 'note_no', NULL, 'DOC4'),
(108, 'modifiedby', NULL, '1'),
(108, 'source', NULL, 'CRM'),
(108, 'record_id', NULL, '102'),
(108, 'record_module', NULL, 'Documents'),
(108, 'label', NULL, 'QA'),
(108, 'notes_title', NULL, 'QA'),
(108, 'createdtime', NULL, '2021-02-23 11:32:00'),
(108, 'filename', NULL, 'QA.Test.txt'),
(108, 'assigned_user_id', NULL, '1'),
(108, 'filetype', NULL, 'text/plain'),
(108, 'filesize', NULL, '0'),
(108, 'filelocationtype', NULL, 'I'),
(108, 'filestatus', NULL, '1'),
(108, 'folderid', NULL, '1'),
(108, 'note_no', NULL, 'DOC5'),
(108, 'modifiedby', NULL, '1'),
(108, 'source', NULL, 'CRM'),
(108, 'record_id', NULL, '104'),
(108, 'record_module', NULL, 'Documents'),
(108, 'label', NULL, 'QA'),
(108, 'notes_title', NULL, 'QA'),
(108, 'createdtime', NULL, '2021-02-23 11:32:50'),
(108, 'filename', NULL, 'QA.Test.txt'),
(108, 'assigned_user_id', NULL, '1'),
(108, 'filetype', NULL, 'text/plain'),
(108, 'filesize', NULL, '0'),
(108, 'filelocationtype', NULL, 'I'),
(108, 'filestatus', NULL, '1'),
(108, 'folderid', NULL, '1'),
(108, 'note_no', NULL, 'DOC6'),
(108, 'modifiedby', NULL, '1'),
(108, 'source', NULL, 'CRM'),
(108, 'record_id', NULL, '106'),
(108, 'record_module', NULL, 'Documents'),
(106, 'label', NULL, 'Task'),
(106, 'subject', NULL, 'Task'),
(106, 'assigned_user_id', NULL, '1'),
(106, 'date_start', NULL, '2021-02-23'),
(106, 'time_start', NULL, '11:35:00'),
(106, 'due_date', NULL, '2021-02-23'),
(106, 'time_end', NULL, '11:40:00'),
(106, 'duration_minutes', NULL, '5'),
(106, 'parent_id', NULL, '107'),
(106, 'eventstatus', NULL, 'Planned'),
(106, 'activitytype', NULL, 'Call'),
(106, 'createdtime', NULL, '2021-02-23 11:35:40'),
(106, 'visibility', NULL, 'Public'),
(106, 'modifiedby', NULL, '1'),
(106, 'source', NULL, 'CRM'),
(106, 'record_id', NULL, '108'),
(106, 'record_module', NULL, 'Events'),
(107, 'label', NULL, 'Task'),
(107, 'subject', NULL, 'Task'),
(107, 'assigned_user_id', NULL, '1'),
(107, 'date_start', NULL, '2021-02-23'),
(107, 'time_start', NULL, '11:35:00'),
(107, 'due_date', NULL, '2021-02-23'),
(107, 'time_end', NULL, '11:40:00'),
(107, 'recurringtype', NULL, '--None--'),
(107, 'duration_minutes', NULL, '5'),
(107, 'parent_id', NULL, '107'),
(107, 'eventstatus', NULL, 'Planned'),
(107, 'activitytype', NULL, 'Call'),
(107, 'createdtime', NULL, '2021-02-23 11:35:51'),
(107, 'visibility', NULL, 'Public'),
(107, 'modifiedby', NULL, '1'),
(107, 'source', NULL, 'CRM'),
(107, 'record_id', NULL, '109'),
(107, 'record_module', NULL, 'Events'),
(108, 'label', NULL, 'Task'),
(108, 'subject', NULL, 'Task'),
(108, 'assigned_user_id', NULL, '1'),
(108, 'date_start', NULL, '2021-02-23'),
(108, 'time_start', NULL, '11:35:00'),
(108, 'due_date', NULL, '2021-02-23'),
(108, 'time_end', NULL, '11:40:00'),
(108, 'recurringtype', NULL, '--None--'),
(108, 'duration_minutes', NULL, '5'),
(108, 'parent_id', NULL, '107'),
(108, 'eventstatus', NULL, 'Planned'),
(108, 'activitytype', NULL, 'Call'),
(108, 'createdtime', NULL, '2021-02-23 11:35:57'),
(108, 'visibility', NULL, 'Public'),
(108, 'modifiedby', NULL, '1'),
(108, 'source', NULL, 'CRM'),
(108, 'record_id', NULL, '110'),
(108, 'record_module', NULL, 'Events'),
(109, 'label', NULL, 'ss vv'),
(109, 'firstname', NULL, 'ss'),
(109, 'lead_no', NULL, 'LEA10'),
(109, 'phone', NULL, '+612315445545'),
(109, 'lastname', NULL, 'vv'),
(109, 'email', NULL, 'srinivas.comx@gmail.com'),
(109, 'annualrevenue', NULL, '0.00000000'),
(109, 'assigned_user_id', NULL, '1'),
(109, 'createdtime', NULL, '2021-02-23 14:08:17'),
(109, 'modifiedby', NULL, '1'),
(109, 'source', NULL, 'CRM'),
(109, 'record_id', NULL, '111'),
(109, 'record_module', NULL, 'Leads'),
(111, 'label', NULL, 'comx'),
(111, 'potentialname', NULL, 'comx'),
(111, 'potential_no', NULL, 'POT2'),
(111, 'amount', NULL, '0.00000000'),
(111, 'closingdate', NULL, '2021-03-02'),
(111, 'sales_stage', NULL, 'Perception Analysis'),
(111, 'assigned_user_id', NULL, '1'),
(111, 'probability', NULL, '0.000'),
(111, 'createdtime', NULL, '2021-03-02 09:02:07'),
(111, 'modifiedby', NULL, '1'),
(111, 'forecast_amount', NULL, '0.00000000'),
(111, 'source', NULL, 'CRM'),
(111, 'record_id', NULL, '112'),
(111, 'record_module', NULL, 'Potentials'),
(113, 'label', NULL, 'test test'),
(113, 'firstname', NULL, 'test'),
(113, 'lead_no', NULL, 'LEA11'),
(113, 'lastname', NULL, 'test'),
(113, 'email', NULL, 'test@test.com'),
(113, 'annualrevenue', NULL, '0.00000000'),
(113, 'assigned_user_id', NULL, '15'),
(113, 'createdtime', NULL, '2021-03-11 01:34:58'),
(113, 'modifiedby', NULL, '15'),
(113, 'source', NULL, 'CRM'),
(113, 'record_id', NULL, '113'),
(113, 'record_module', NULL, 'Leads'),
(114, 'label', NULL, 'Invitation'),
(114, 'date_start', NULL, '2021-03-11'),
(114, 'activitytype', NULL, 'Emails'),
(114, 'assigned_user_id', NULL, '15'),
(114, 'subject', NULL, 'Invitation'),
(114, 'description', NULL, '&lt;html&gt;\r\n&lt;head&gt;\r\n	&lt;title&gt;&lt;/title&gt;\r\n&lt;/head&gt;\r\n&lt;body&gt;\r\n&lt;p&gt;$invitee_name$,&lt;br /&gt;\r\n&lt;br /&gt;\r\nYou have been invited for an activity&lt;br /&gt;\r\n&lt;br /&gt;\r\nThe details are :&lt;br /&gt;\r\n&amp;nbsp; Subject : $events-subject$&lt;br /&gt;\r\n&amp;nbsp; Start Date &amp; Time : $events-date_start$&lt;br /&gt;\r\n&amp;nbsp; End Date &amp; Time : $events-due_date$&lt;br /&gt;\r\n&amp;nbsp; Status : $events-eventstatus$&lt;br /&gt;\r\n&amp;nbsp; Priority : $events-priority$&lt;br /&gt;\r\n&amp;nbsp; Related To : $events-crmid$&lt;br /&gt;\r\n&amp;nbsp; Contact List : $events-contactid$&lt;br /&gt;\r\n&amp;nbsp; Location : $events-location$&lt;br /&gt;\r\n&amp;nbsp; Description : $events-description$&lt;br /&gt;\r\n&lt;br /&gt;\r\nThanks &amp; Regards,&lt;br /&gt;\r\n$current_user_name$&lt;/p&gt;\r\n\r\n&lt;p&gt;&lt;/p&gt;\r\n&lt;/body&gt;\r\n&lt;/html&gt;\r\n'),
(114, 'time_start', NULL, '01:37'),
(114, 'createdtime', NULL, '2021-03-11 01:37:37'),
(114, 'modifiedby', NULL, '15'),
(114, 'from_email', NULL, 'qldcleaningclub@gmail.com'),
(114, 'saved_toid', NULL, '[&quot;test@test.com&quot;]'),
(114, 'ccmail', NULL, '[&quot;&quot;]'),
(114, 'bccmail', NULL, '[&quot;&quot;]'),
(114, 'parent_id', NULL, '113@1|'),
(114, 'email_flag', NULL, 'SENT'),
(114, 'source', NULL, 'CRM'),
(114, 'record_id', NULL, '114'),
(114, 'record_module', NULL, 'Emails'),
(116, 'label', NULL, 'Test'),
(116, 'campaignname', NULL, 'Test'),
(116, 'campaign_no', NULL, 'CAM3'),
(116, 'closingdate', NULL, '2021-03-30'),
(116, 'assigned_user_id', NULL, '1'),
(116, 'createdtime', NULL, '2021-03-29 06:13:45'),
(116, 'modifiedby', NULL, '1'),
(116, 'expectedrevenue', NULL, '0.00000000'),
(116, 'budgetcost', NULL, '0.00000000'),
(116, 'actualcost', NULL, '0.00000000'),
(116, 'expectedroi', NULL, '0.00000000'),
(116, 'actualroi', NULL, '0.00000000'),
(116, 'source', NULL, 'CRM'),
(116, 'record_id', NULL, '115'),
(116, 'record_module', NULL, 'Campaigns'),
(118, 'label', NULL, 'Test'),
(118, 'campaignname', NULL, 'Test'),
(118, 'campaign_no', NULL, 'CAM4'),
(118, 'closingdate', NULL, '2021-03-29'),
(118, 'assigned_user_id', NULL, '1'),
(118, 'createdtime', NULL, '2021-03-29 06:40:27'),
(118, 'modifiedby', NULL, '1'),
(118, 'expectedrevenue', NULL, '0.00000000'),
(118, 'budgetcost', NULL, '0.00000000'),
(118, 'actualcost', NULL, '0.00000000'),
(118, 'expectedroi', NULL, '0.00000000'),
(118, 'actualroi', NULL, '0.00000000'),
(118, 'source', NULL, 'CRM'),
(118, 'record_id', NULL, '116'),
(118, 'record_module', NULL, 'Campaigns'),
(119, 'label', NULL, 'Test 1 q'),
(119, 'firstname', NULL, 'Test 1'),
(119, 'contact_no', NULL, 'CON6'),
(119, 'lastname', NULL, 'q'),
(119, 'assigned_user_id', NULL, '1'),
(119, 'createdtime', NULL, '2021-03-29 06:43:47'),
(119, 'modifiedby', NULL, '1'),
(119, 'source', NULL, 'CRM'),
(119, 'record_id', NULL, '117'),
(119, 'record_module', NULL, 'Contacts'),
(121, 'label', 'Test 1 q', 'John leo'),
(121, 'firstname', 'Test 1', 'John'),
(121, 'phone', '', '046732323'),
(121, 'lastname', 'q', 'leo'),
(121, 'mobile', '', '32324234243'),
(121, 'homephone', '', '4234243'),
(121, 'leadsource', '', 'Cold Call'),
(121, 'otherphone', '', '42342'),
(121, 'support_start_date', '', '2021-03-29'),
(121, 'support_end_date', '', '2022-03-29'),
(123, 'label', NULL, 'John Leo'),
(123, 'firstname', NULL, 'John'),
(123, 'lead_no', NULL, 'LEA12'),
(123, 'phone', NULL, '62432932'),
(123, 'lastname', NULL, 'Leo'),
(123, 'email', NULL, 'john@gmail.com'),
(123, 'annualrevenue', NULL, '0.00000000'),
(123, 'assigned_user_id', NULL, '1'),
(123, 'createdtime', NULL, '2021-03-29 07:22:05'),
(123, 'modifiedby', NULL, '1'),
(123, 'source', NULL, 'CRM'),
(123, 'record_id', NULL, '118'),
(123, 'record_module', NULL, 'Leads'),
(125, 'label', NULL, 'Lawrence lee'),
(125, 'firstname', NULL, 'Lawrence'),
(125, 'contact_no', NULL, 'CON7'),
(125, 'phone', NULL, '6487478278'),
(125, 'lastname', NULL, 'lee'),
(125, 'email', NULL, 'lawrence@gmail.com'),
(125, 'assigned_user_id', NULL, '1'),
(125, 'createdtime', NULL, '2021-03-29 08:39:13'),
(125, 'modifiedby', NULL, '1'),
(125, 'source', NULL, 'CRM'),
(125, 'record_id', NULL, '119'),
(125, 'record_module', NULL, 'Contacts'),
(126, 'label', NULL, 'Mathiew'),
(126, 'potentialname', NULL, 'Mathiew'),
(126, 'potential_no', NULL, 'POT3'),
(126, 'amount', NULL, '0.00000000'),
(126, 'closingdate', NULL, '2021-03-29'),
(126, 'sales_stage', NULL, 'Prospecting'),
(126, 'assigned_user_id', NULL, '1'),
(126, 'probability', NULL, '0.000'),
(126, 'createdtime', NULL, '2021-03-29 08:46:01'),
(126, 'modifiedby', NULL, '1'),
(126, 'forecast_amount', NULL, '0.00000000'),
(126, 'source', NULL, 'CRM'),
(126, 'record_id', NULL, '120'),
(126, 'record_module', NULL, 'Potentials'),
(131, 'label', NULL, 'Gurjeet Singh'),
(131, 'salutationtype', NULL, 'Dr.'),
(131, 'firstname', NULL, 'Gurjeet'),
(131, 'contact_no', NULL, 'CON8'),
(131, 'phone', NULL, '0426984066'),
(131, 'lastname', NULL, 'Singh'),
(131, 'email', NULL, 'qldcleaningclub@gmail.com'),
(131, 'assigned_user_id', NULL, '21'),
(131, 'createdtime', NULL, '2021-04-01 06:24:26'),
(131, 'modifiedby', NULL, '21'),
(131, 'source', NULL, 'CRM'),
(131, 'record_id', NULL, '125'),
(131, 'record_module', NULL, 'Contacts'),
(132, 'label', NULL, 'project'),
(132, 'date_start', NULL, '2021-04-01'),
(132, 'activitytype', NULL, 'Emails'),
(132, 'assigned_user_id', NULL, '21'),
(132, 'subject', NULL, 'project'),
(132, 'description', NULL, '&lt;html&gt;\r\n&lt;head&gt;\r\n	&lt;title&gt;&lt;/title&gt;\r\n&lt;/head&gt;\r\n&lt;body&gt;Hi gurjeet singh&lt;/body&gt;\r\n&lt;/html&gt;\r\n'),
(132, 'time_start', NULL, '06:31'),
(132, 'createdtime', NULL, '2021-04-01 06:31:45'),
(132, 'modifiedby', NULL, '21'),
(132, 'from_email', NULL, 'hello@seva-cleaning.com.au'),
(132, 'saved_toid', NULL, '[&quot;qldcleaningclub@gmail.com&quot;]'),
(132, 'ccmail', NULL, '[&quot;&quot;]'),
(132, 'bccmail', NULL, '[&quot;&quot;]'),
(132, 'parent_id', NULL, '125@1|'),
(132, 'email_flag', NULL, 'SENT'),
(132, 'source', NULL, 'CRM'),
(132, 'record_id', NULL, '126'),
(132, 'record_module', NULL, 'Emails'),
(134, 'label', NULL, 'project'),
(134, 'date_start', NULL, '2021-04-01'),
(134, 'activitytype', NULL, 'Emails'),
(134, 'assigned_user_id', NULL, '21'),
(134, 'subject', NULL, 'project'),
(134, 'description', NULL, '&lt;html&gt;\r\n&lt;head&gt;\r\n	&lt;title&gt;&lt;/title&gt;\r\n&lt;/head&gt;\r\n&lt;body&gt;bvdfggfgfghfdgfdfdfdfds&lt;/body&gt;\r\n&lt;/html&gt;\r\n'),
(134, 'time_start', NULL, '06:32'),
(134, 'createdtime', NULL, '2021-04-01 06:32:30'),
(134, 'modifiedby', NULL, '21'),
(134, 'from_email', NULL, 'hello@seva-cleaning.com.au'),
(134, 'saved_toid', NULL, '[&quot;qldcleaningclub@gmail.com&quot;]'),
(134, 'ccmail', NULL, '[&quot;&quot;]'),
(134, 'bccmail', NULL, '[&quot;&quot;]'),
(134, 'parent_id', NULL, '125@1|'),
(134, 'email_flag', NULL, 'SENT'),
(134, 'source', NULL, 'CRM'),
(134, 'record_id', NULL, '127'),
(134, 'record_module', NULL, 'Emails'),
(137, 'label', NULL, 'Gurjeet Singh'),
(137, 'firstname', NULL, 'Gurjeet'),
(137, 'contact_no', NULL, 'CON9'),
(137, 'phone', NULL, '0426984066'),
(137, 'lastname', NULL, 'Singh'),
(137, 'email', NULL, 'qldcleaningclub@gmail.com'),
(137, 'assigned_user_id', NULL, '21'),
(137, 'createdtime', NULL, '2021-04-01 06:33:34'),
(137, 'modifiedby', NULL, '21'),
(137, 'source', NULL, 'CRM'),
(137, 'record_id', NULL, '128'),
(137, 'record_module', NULL, 'Contacts'),
(138, 'label', NULL, 'project'),
(138, 'date_start', NULL, '2021-04-01'),
(138, 'activitytype', NULL, 'Emails'),
(138, 'assigned_user_id', NULL, '21'),
(138, 'subject', NULL, 'project'),
(138, 'description', NULL, '&lt;html&gt;\r\n&lt;head&gt;\r\n	&lt;title&gt;&lt;/title&gt;\r\n&lt;/head&gt;\r\n&lt;body&gt;ggttyewtrtrggefwfrgrgtrgtr&lt;/body&gt;\r\n&lt;/html&gt;\r\n'),
(138, 'time_start', NULL, '06:33'),
(138, 'createdtime', NULL, '2021-04-01 06:33:59'),
(138, 'modifiedby', NULL, '21'),
(138, 'from_email', NULL, 'hello@seva-cleaning.com.au'),
(138, 'saved_toid', NULL, '[&quot;qldcleaningclub@gmail.com&quot;]'),
(138, 'ccmail', NULL, '[&quot;&quot;]'),
(138, 'bccmail', NULL, '[&quot;&quot;]'),
(138, 'parent_id', NULL, '128@1|'),
(138, 'email_flag', NULL, 'SENT'),
(138, 'source', NULL, 'CRM'),
(138, 'record_id', NULL, '129'),
(138, 'record_module', NULL, 'Emails'),
(141, 'label', NULL, 'Parm Singh'),
(141, 'salutationtype', NULL, 'Mr.'),
(141, 'firstname', NULL, 'Parm'),
(141, 'contact_no', NULL, 'CON10'),
(141, 'phone', NULL, '0426984066'),
(141, 'lastname', NULL, 'Singh'),
(141, 'email', NULL, 'parmdiamond@gmail.com'),
(141, 'assigned_user_id', NULL, '21'),
(141, 'createdtime', NULL, '2021-04-01 06:35:25'),
(141, 'modifiedby', NULL, '21'),
(141, 'source', NULL, 'CRM'),
(141, 'record_id', NULL, '130'),
(141, 'record_module', NULL, 'Contacts'),
(142, 'label', NULL, 'ssadsdd'),
(142, 'date_start', NULL, '2021-04-01');
INSERT INTO `vtiger_modtracker_detail` (`id`, `fieldname`, `prevalue`, `postvalue`) VALUES
(142, 'activitytype', NULL, 'Emails'),
(142, 'assigned_user_id', NULL, '21'),
(142, 'subject', NULL, 'ssadsdd'),
(142, 'description', NULL, '&lt;html&gt;\r\n&lt;head&gt;\r\n	&lt;title&gt;&lt;/title&gt;\r\n&lt;/head&gt;\r\n&lt;body&gt;fsdsfsfas&lt;/body&gt;\r\n&lt;/html&gt;\r\n'),
(142, 'time_start', NULL, '06:35'),
(142, 'createdtime', NULL, '2021-04-01 06:35:41'),
(142, 'modifiedby', NULL, '21'),
(142, 'from_email', NULL, 'hello@seva-cleaning.com.au'),
(142, 'saved_toid', NULL, '[&quot;parmdiamond@gmail.com&quot;]'),
(142, 'ccmail', NULL, '[&quot;&quot;]'),
(142, 'bccmail', NULL, '[&quot;&quot;]'),
(142, 'parent_id', NULL, '130@1|'),
(142, 'email_flag', NULL, 'SENT'),
(142, 'source', NULL, 'CRM'),
(142, 'record_id', NULL, '131'),
(142, 'record_module', NULL, 'Emails'),
(144, 'label', NULL, 'geroge t'),
(144, 'firstname', NULL, 'geroge'),
(144, 'contact_no', NULL, 'CON11'),
(144, 'lastname', NULL, 't'),
(144, 'assigned_user_id', NULL, '1'),
(144, 'createdtime', NULL, '2021-04-01 07:54:52'),
(144, 'modifiedby', NULL, '1'),
(144, 'support_start_date', NULL, '2021-04-01'),
(144, 'support_end_date', NULL, '2022-04-01'),
(144, 'source', NULL, 'CRM'),
(144, 'record_id', NULL, '132'),
(144, 'record_module', NULL, 'Contacts'),
(146, 'label', NULL, 'project'),
(146, 'date_start', NULL, '2021-04-01'),
(146, 'activitytype', NULL, 'Emails'),
(146, 'assigned_user_id', NULL, '21'),
(146, 'subject', NULL, 'project'),
(146, 'description', NULL, '&lt;html&gt;\r\n&lt;head&gt;\r\n	&lt;title&gt;&lt;/title&gt;\r\n&lt;/head&gt;\r\n&lt;body&gt;igguioihuyfyfgiuoijoi&lt;/body&gt;\r\n&lt;/html&gt;\r\n'),
(146, 'time_start', NULL, '08:54'),
(146, 'createdtime', NULL, '2021-04-01 08:54:18'),
(146, 'modifiedby', NULL, '21'),
(146, 'from_email', NULL, 'hello@seva-cleaning.com.au'),
(146, 'saved_toid', NULL, '[&quot;parmdiamond@gmail.com&quot;]'),
(146, 'ccmail', NULL, '[&quot;&quot;]'),
(146, 'bccmail', NULL, '[&quot;&quot;]'),
(146, 'parent_id', NULL, '130@1|'),
(146, 'email_flag', NULL, 'SENT'),
(146, 'source', NULL, 'CRM'),
(146, 'record_id', NULL, '133'),
(146, 'record_module', NULL, 'Emails'),
(148, 'label', NULL, 'srinivas M'),
(148, 'firstname', NULL, 'srinivas'),
(148, 'lead_no', NULL, 'LEA13'),
(148, 'phone', NULL, '8238929'),
(148, 'lastname', NULL, 'M'),
(148, 'company', NULL, 'T'),
(148, 'annualrevenue', NULL, '0.00000000'),
(148, 'assigned_user_id', NULL, '1'),
(148, 'secondaryemail', NULL, 'srinivas.qacomx@gmail.com'),
(148, 'createdtime', NULL, '2021-04-05 12:19:11'),
(148, 'modifiedby', NULL, '1'),
(148, 'source', NULL, 'CRM'),
(148, 'record_id', NULL, '213'),
(148, 'record_module', NULL, 'Leads'),
(149, 'label', NULL, 'Invitation'),
(149, 'date_start', NULL, '2021-04-05'),
(149, 'activitytype', NULL, 'Emails'),
(149, 'assigned_user_id', NULL, '1'),
(149, 'subject', NULL, 'Invitation'),
(149, 'description', NULL, '&lt;html&gt;\r\n&lt;head&gt;\r\n	&lt;title&gt;&lt;/title&gt;\r\n&lt;/head&gt;\r\n&lt;body&gt;\r\n&lt;p&gt;$invitee_name$,&lt;br /&gt;\r\n&lt;br /&gt;\r\nYou have been invited for an activity&lt;br /&gt;\r\n&lt;br /&gt;\r\nThe details are :&lt;br /&gt;\r\n&amp;nbsp; Subject : $events-subject$&lt;br /&gt;\r\n&amp;nbsp; Start Date &amp; Time : $events-date_start$&lt;br /&gt;\r\n&amp;nbsp; End Date &amp; Time : $events-due_date$&lt;br /&gt;\r\n&amp;nbsp; Status : $events-eventstatus$&lt;br /&gt;\r\n&amp;nbsp; Priority : $events-priority$&lt;br /&gt;\r\n&amp;nbsp; Related To : $events-crmid$&lt;br /&gt;\r\n&amp;nbsp; Contact List : $events-contactid$&lt;br /&gt;\r\n&amp;nbsp; Location : $events-location$&lt;br /&gt;\r\n&amp;nbsp; Description : $events-description$&lt;br /&gt;\r\n&lt;br /&gt;\r\nThanks &amp; Regards,&lt;br /&gt;\r\n$current_user_name$&lt;/p&gt;\r\n\r\n&lt;p&gt;&lt;/p&gt;\r\n&lt;/body&gt;\r\n&lt;/html&gt;\r\n'),
(149, 'time_start', NULL, '12:19'),
(149, 'createdtime', NULL, '2021-04-05 12:19:44'),
(149, 'modifiedby', NULL, '1'),
(149, 'from_email', NULL, 'shan@aussiebuspartners.com'),
(149, 'saved_toid', NULL, '[&quot;srinivas.qacomx@gmail.com&quot;]'),
(149, 'ccmail', NULL, '[&quot;&quot;]'),
(149, 'bccmail', NULL, '[&quot;&quot;]'),
(149, 'parent_id', NULL, '213@1|'),
(149, 'email_flag', NULL, 'SENT'),
(149, 'source', NULL, 'CRM'),
(149, 'record_id', NULL, '214'),
(149, 'record_module', NULL, 'Emails'),
(151, 'label', NULL, 'Gurjeet Singh'),
(151, 'firstname', NULL, 'Gurjeet'),
(151, 'lead_no', NULL, 'LEA14'),
(151, 'phone', NULL, '0426984066'),
(151, 'lastname', NULL, 'Singh'),
(151, 'company', NULL, 'Queensland Cleaning Club Pty Ltd'),
(151, 'email', NULL, 'qldcleaningclub@gmail.com'),
(151, 'annualrevenue', NULL, '0.00000000'),
(151, 'assigned_user_id', NULL, '21'),
(151, 'createdtime', NULL, '2021-04-06 05:15:19'),
(151, 'modifiedby', NULL, '21'),
(151, 'source', NULL, 'CRM'),
(151, 'record_id', NULL, '215'),
(151, 'record_module', NULL, 'Leads'),
(152, 'label', NULL, 'Activity Reminder'),
(152, 'date_start', NULL, '2021-04-06'),
(152, 'activitytype', NULL, 'Emails'),
(152, 'assigned_user_id', NULL, '21'),
(152, 'subject', NULL, 'Activity Reminder'),
(152, 'description', NULL, '&lt;html&gt;\r\n&lt;head&gt;\r\n	&lt;title&gt;&lt;/title&gt;\r\n&lt;/head&gt;\r\n&lt;body&gt;\r\n&lt;p&gt;This is a reminder notification for the Activity&lt;br /&gt;\r\nThe details are :&lt;br /&gt;\r\n&amp;nbsp; Subject : $calendar-subject$&lt;br /&gt;\r\n&amp;nbsp; Start Date &amp; Time : $calendar-date_start$&lt;br /&gt;\r\n&amp;nbsp; Due Date : $calendar-due_date$&lt;br /&gt;\r\n&amp;nbsp; Status : $calendar-status$&lt;br /&gt;\r\n&amp;nbsp; Location : $calendar-location$&lt;br /&gt;\r\n&amp;nbsp; Description : $calendar-description$&lt;br /&gt;\r\n&amp;nbsp;&lt;/p&gt;\r\n\r\n&lt;p&gt;&lt;/p&gt;\r\n&lt;/body&gt;\r\n&lt;/html&gt;\r\n'),
(152, 'time_start', NULL, '05:16'),
(152, 'createdtime', NULL, '2021-04-06 05:16:14'),
(152, 'modifiedby', NULL, '21'),
(152, 'from_email', NULL, 'hello@seva-cleaning.com.au'),
(152, 'saved_toid', NULL, '[&quot;qldcleaningclub@gmail.com&quot;]'),
(152, 'ccmail', NULL, '[&quot;&quot;]'),
(152, 'bccmail', NULL, '[&quot;&quot;]'),
(152, 'parent_id', NULL, '215@1|'),
(152, 'email_flag', NULL, 'SENT'),
(152, 'source', NULL, 'CRM'),
(152, 'record_id', NULL, '216'),
(152, 'record_module', NULL, 'Emails'),
(154, 'label', NULL, 'project'),
(154, 'date_start', NULL, '2021-04-06'),
(154, 'activitytype', NULL, 'Emails'),
(154, 'assigned_user_id', NULL, '21'),
(154, 'subject', NULL, 'project'),
(154, 'description', NULL, '&lt;html&gt;\r\n&lt;head&gt;\r\n	&lt;title&gt;&lt;/title&gt;\r\n&lt;/head&gt;\r\n&lt;body&gt;gfsdgfdggd&lt;/body&gt;\r\n&lt;/html&gt;\r\n'),
(154, 'time_start', NULL, '05:17'),
(154, 'createdtime', NULL, '2021-04-06 05:17:34'),
(154, 'modifiedby', NULL, '21'),
(154, 'from_email', NULL, 'hello@seva-cleaning.com.au'),
(154, 'saved_toid', NULL, '[&quot;qldcleaningclub@gmail.com&quot;]'),
(154, 'ccmail', NULL, '[&quot;&quot;]'),
(154, 'bccmail', NULL, '[&quot;&quot;]'),
(154, 'parent_id', NULL, '215@1|'),
(154, 'email_flag', NULL, 'SENT'),
(154, 'source', NULL, 'CRM'),
(154, 'record_id', NULL, '217'),
(154, 'record_module', NULL, 'Emails'),
(156, 'label', NULL, 'project'),
(156, 'date_start', NULL, '2021-04-06'),
(156, 'activitytype', NULL, 'Emails'),
(156, 'assigned_user_id', NULL, '23'),
(156, 'subject', NULL, 'project'),
(156, 'description', NULL, '&lt;html&gt;\r\n&lt;head&gt;\r\n	&lt;title&gt;&lt;/title&gt;\r\n&lt;/head&gt;\r\n&lt;body&gt;rewgre&lt;/body&gt;\r\n&lt;/html&gt;\r\n'),
(156, 'time_start', NULL, '05:19'),
(156, 'createdtime', NULL, '2021-04-06 05:19:28'),
(156, 'modifiedby', NULL, '23'),
(156, 'from_email', NULL, 'operations@seva-cleaning.com.au'),
(156, 'saved_toid', NULL, '[&quot;qldcleaningclub@gmail.com&quot;]'),
(156, 'ccmail', NULL, '[&quot;&quot;]'),
(156, 'bccmail', NULL, '[&quot;&quot;]'),
(156, 'parent_id', NULL, '215@1|'),
(156, 'email_flag', NULL, 'SENT'),
(156, 'source', NULL, 'CRM'),
(156, 'record_id', NULL, '218'),
(156, 'record_module', NULL, 'Emails'),
(158, 'label', NULL, 'Staff'),
(158, 'date_start', NULL, '2021-04-09'),
(158, 'activitytype', NULL, 'Emails'),
(158, 'assigned_user_id', NULL, '21'),
(158, 'subject', NULL, 'Staff'),
(158, 'description', NULL, '&lt;html&gt;\r\n&lt;head&gt;\r\n	&lt;title&gt;&lt;/title&gt;\r\n&lt;/head&gt;\r\n&lt;body&gt;&lt;/body&gt;\r\n&lt;/html&gt;\r\n'),
(158, 'time_start', NULL, '07:42'),
(158, 'createdtime', NULL, '2021-04-09 07:42:00'),
(158, 'modifiedby', NULL, '21'),
(158, 'from_email', NULL, 'hello@seva-cleaning.com.au'),
(158, 'saved_toid', NULL, '[&quot;qldcleaningclub@gmail.com&quot;]'),
(158, 'ccmail', NULL, '[&quot;&quot;]'),
(158, 'bccmail', NULL, '[&quot;&quot;]'),
(158, 'parent_id', NULL, '215@1|'),
(158, 'email_flag', NULL, 'SENT'),
(158, 'source', NULL, 'CRM'),
(158, 'record_id', NULL, '219'),
(158, 'record_module', NULL, 'Emails'),
(160, 'label', NULL, 'Staff'),
(160, 'date_start', NULL, '2021-04-13'),
(160, 'activitytype', NULL, 'Emails'),
(160, 'assigned_user_id', NULL, '21'),
(160, 'subject', NULL, 'Staff'),
(160, 'description', NULL, '&lt;html&gt;\r\n&lt;head&gt;\r\n	&lt;title&gt;&lt;/title&gt;\r\n&lt;/head&gt;\r\n&lt;body&gt;hfjjfdjfhh&lt;/body&gt;\r\n&lt;/html&gt;\r\n'),
(160, 'time_start', NULL, '02:18'),
(160, 'createdtime', NULL, '2021-04-13 02:18:11'),
(160, 'modifiedby', NULL, '21'),
(160, 'from_email', NULL, 'hello@seva-cleaning.com.au'),
(160, 'saved_toid', NULL, '[&quot;qldcleaningclub@gmail.com&quot;]'),
(160, 'ccmail', NULL, '[&quot;&quot;]'),
(160, 'bccmail', NULL, '[&quot;&quot;]'),
(160, 'parent_id', NULL, '215@1|'),
(160, 'email_flag', NULL, 'SENT'),
(160, 'source', NULL, 'CRM'),
(160, 'record_id', NULL, '220'),
(160, 'record_module', NULL, 'Emails'),
(163, 'label', NULL, 'test'),
(163, 'subject', NULL, 'test'),
(163, 'assigned_user_id', NULL, '1'),
(163, 'date_start', NULL, '2021-05-12'),
(163, 'time_start', NULL, '11:28:00'),
(163, 'due_date', NULL, '2021-05-12'),
(163, 'duration_hours', NULL, '7'),
(163, 'duration_minutes', NULL, '2'),
(163, 'activitytype', NULL, 'Task'),
(163, 'createdtime', NULL, '2021-05-11 11:28:47'),
(163, 'visibility', NULL, 'Private'),
(163, 'modifiedby', NULL, '1'),
(163, 'source', NULL, 'CRM'),
(163, 'taskstatus', NULL, 'Not Started'),
(163, 'record_id', NULL, '221'),
(163, 'record_module', NULL, 'Calendar'),
(164, 'label', NULL, 'test'),
(164, 'accountname', NULL, 'test'),
(164, 'account_no', NULL, 'ACC25'),
(164, 'phone', NULL, '817638172'),
(164, 'ownership', NULL, 'QA.test test'),
(164, 'annual_revenue', NULL, '0.00000000'),
(164, 'assigned_user_id', NULL, '1'),
(164, 'createdtime', NULL, '2021-05-12 08:42:00'),
(164, 'modifiedby', NULL, '1'),
(164, 'bill_street', NULL, 'Chamrajpet'),
(164, 'bill_city', NULL, 'bangalore'),
(164, 'ship_city', NULL, 'bangalore'),
(164, 'bill_state', NULL, 'Karnataka'),
(164, 'ship_state', NULL, 'Karnataka'),
(164, 'bill_code', NULL, '560068'),
(164, 'ship_code', NULL, '560068'),
(164, 'bill_country', NULL, 'India'),
(164, 'ship_country', NULL, 'India'),
(164, 'source', NULL, 'CRM'),
(164, 'record_id', NULL, '222'),
(164, 'record_module', NULL, 'Accounts'),
(165, 'label', NULL, 'QA.test test'),
(165, 'firstname', NULL, 'QA.test'),
(165, 'contact_no', NULL, 'CON12'),
(165, 'phone', NULL, '817638172'),
(165, 'lastname', NULL, 'test'),
(165, 'assigned_user_id', NULL, '1'),
(165, 'createdtime', NULL, '2021-05-12 08:42:19'),
(165, 'modifiedby', NULL, '1'),
(165, 'support_start_date', NULL, '2021-05-12'),
(165, 'support_end_date', NULL, '2022-05-12'),
(165, 'source', NULL, 'CRM'),
(165, 'record_id', NULL, '223'),
(165, 'record_module', NULL, 'Contacts'),
(166, 'label', NULL, 'QA.test test'),
(166, 'firstname', NULL, 'QA.test'),
(166, 'contact_no', NULL, 'CON13'),
(166, 'phone', NULL, '817638172'),
(166, 'lastname', NULL, 'test'),
(166, 'assigned_user_id', NULL, '1'),
(166, 'createdtime', NULL, '2021-05-12 08:42:26'),
(166, 'modifiedby', NULL, '1'),
(166, 'support_start_date', NULL, '2021-05-12'),
(166, 'support_end_date', NULL, '2022-05-12'),
(166, 'source', NULL, 'CRM'),
(166, 'record_id', NULL, '224'),
(166, 'record_module', NULL, 'Contacts'),
(167, 'label', NULL, 'QA.test test'),
(167, 'firstname', NULL, 'QA.test'),
(167, 'contact_no', NULL, 'CON14'),
(167, 'phone', NULL, '817638172'),
(167, 'lastname', NULL, 'test'),
(167, 'assigned_user_id', NULL, '1'),
(167, 'createdtime', NULL, '2021-05-12 08:42:33'),
(167, 'modifiedby', NULL, '1'),
(167, 'support_start_date', NULL, '2021-05-12'),
(167, 'support_end_date', NULL, '2022-05-12'),
(167, 'source', NULL, 'CRM'),
(167, 'record_id', NULL, '225'),
(167, 'record_module', NULL, 'Contacts');

-- --------------------------------------------------------

--
-- Table structure for table `vtiger_modtracker_relations`
--

CREATE TABLE `vtiger_modtracker_relations` (
  `id` int(19) NOT NULL,
  `targetmodule` varchar(100) NOT NULL,
  `targetid` int(19) NOT NULL,
  `changedon` datetime DEFAULT NULL
) ENGINE=InnoDB DEFAULT CHARSET=utf8;

--
-- Dumping data for table `vtiger_modtracker_relations`
--

INSERT INTO `vtiger_modtracker_relations` (`id`, `targetmodule`, `targetid`, `changedon`) VALUES
(5, 'Calendar', 5, '2020-12-17 11:10:42'),
(7, 'Calendar', 6, '2020-12-17 11:12:50'),
(57, 'Subservices', 50, '2021-02-17 03:53:31'),
(58, 'Subservices', 60, '2021-02-17 18:41:13'),
(59, 'Subservices', 60, '2021-02-17 18:41:40'),
(60, 'Subservices', 61, '2021-02-17 18:42:07'),
(115, 'Emails', 114, '2021-03-11 01:37:38'),
(120, 'Contacts', 117, '2021-03-29 06:43:48'),
(133, 'Emails', 126, '2021-04-01 06:31:46'),
(135, 'Emails', 127, '2021-04-01 06:32:30'),
(139, 'Emails', 129, '2021-04-01 06:33:59'),
(143, 'Emails', 131, '2021-04-01 06:35:41'),
(147, 'Emails', 133, '2021-04-01 08:54:18'),
(150, 'Emails', 214, '2021-04-05 12:19:44'),
(153, 'Emails', 216, '2021-04-06 05:16:15'),
(155, 'Emails', 217, '2021-04-06 05:17:34'),
(157, 'Emails', 218, '2021-04-06 05:19:28'),
(159, 'Emails', 219, '2021-04-09 07:42:00'),
(161, 'Emails', 220, '2021-04-13 02:18:11');

-- --------------------------------------------------------

--
-- Table structure for table `vtiger_modtracker_tabs`
--

CREATE TABLE `vtiger_modtracker_tabs` (
  `tabid` int(11) NOT NULL,
  `visible` int(11) DEFAULT 0
) ENGINE=InnoDB DEFAULT CHARSET=utf8;

--
-- Dumping data for table `vtiger_modtracker_tabs`
--

INSERT INTO `vtiger_modtracker_tabs` (`tabid`, `visible`) VALUES
(2, 1),
(4, 1),
(6, 1),
(7, 1),
(8, 1),
(9, 1),
(10, 1),
(13, 1),
(14, 1),
(15, 1),
(16, 1),
(18, 1),
(19, 1),
(20, 1),
(21, 1),
(22, 1),
(23, 1),
(26, 1),
(28, 1),
(30, 1),
(34, 1),
(35, 1),
(38, 1),
(42, 1),
(44, 1),
(46, 1),
(47, 1),
(48, 1);

-- --------------------------------------------------------

--
-- Table structure for table `vtiger_module_dashboard_widgets`
--

CREATE TABLE `vtiger_module_dashboard_widgets` (
  `id` int(19) NOT NULL,
  `linkid` int(19) DEFAULT NULL,
  `userid` int(19) DEFAULT NULL,
  `filterid` int(19) DEFAULT NULL,
  `title` varchar(100) DEFAULT NULL,
  `data` text DEFAULT NULL,
  `position` varchar(50) DEFAULT NULL,
  `reportid` int(19) DEFAULT NULL,
  `dashboardtabid` int(11) DEFAULT NULL,
  `size` varchar(50) DEFAULT NULL
) ENGINE=InnoDB DEFAULT CHARSET=utf8;

--
-- Dumping data for table `vtiger_module_dashboard_widgets`
--

INSERT INTO `vtiger_module_dashboard_widgets` (`id`, `linkid`, `userid`, `filterid`, `title`, `data`, `position`, `reportid`, `dashboardtabid`, `size`) VALUES
(6, 56, 1, NULL, NULL, 'null', '{\"row\":\"1\",\"col\":\"1\"}', NULL, 2, NULL),
(7, 56, 1, NULL, NULL, 'null', '{\"row\":\"1\",\"col\":\"1\"}', NULL, 18, NULL),
(9, 58, 1, NULL, NULL, 'null', '{\"row\":\"2\",\"col\":\"2\"}', NULL, 2, NULL),
(12, 60, 1, NULL, NULL, 'null', '{\"row\":\"1\",\"col\":\"2\"}', NULL, 2, NULL),
(13, 61, 1, NULL, NULL, 'null', NULL, NULL, 18, NULL);

-- --------------------------------------------------------

--
-- Table structure for table `vtiger_newsetting`
--

CREATE TABLE `vtiger_newsetting` (
  `newsettingid` int(19) NOT NULL
) ENGINE=InnoDB DEFAULT CHARSET=utf8;

-- --------------------------------------------------------

--
-- Table structure for table `vtiger_newsettingcf`
--

CREATE TABLE `vtiger_newsettingcf` (
  `newsettingid` int(19) NOT NULL
) ENGINE=InnoDB DEFAULT CHARSET=utf8;

-- --------------------------------------------------------

--
-- Table structure for table `vtiger_notebook_contents`
--

CREATE TABLE `vtiger_notebook_contents` (
  `userid` int(19) NOT NULL,
  `notebookid` int(19) NOT NULL,
  `contents` text DEFAULT NULL
) ENGINE=InnoDB DEFAULT CHARSET=utf8;

-- --------------------------------------------------------

--
-- Table structure for table `vtiger_notes`
--

CREATE TABLE `vtiger_notes` (
  `notesid` int(19) NOT NULL DEFAULT 0,
  `note_no` varchar(100) NOT NULL,
  `title` varchar(50) NOT NULL,
  `filename` varchar(200) DEFAULT NULL,
  `notecontent` text DEFAULT NULL,
  `folderid` int(19) NOT NULL DEFAULT 1,
  `filetype` varchar(50) DEFAULT NULL,
  `filelocationtype` varchar(5) DEFAULT NULL,
  `filedownloadcount` int(19) DEFAULT NULL,
  `filestatus` int(19) DEFAULT NULL,
  `filesize` int(19) NOT NULL DEFAULT 0,
  `fileversion` varchar(50) DEFAULT NULL,
  `tags` varchar(1) DEFAULT NULL
) ENGINE=InnoDB DEFAULT CHARSET=utf8;

--
-- Dumping data for table `vtiger_notes`
--

INSERT INTO `vtiger_notes` (`notesid`, `note_no`, `title`, `filename`, `notecontent`, `folderid`, `filetype`, `filelocationtype`, `filedownloadcount`, `filestatus`, `filesize`, `fileversion`, `tags`) VALUES
(98, 'DOC2', 'QA', 'QA.Test.txt', '', 1, 'text/plain', 'I', NULL, 1, 0, NULL, NULL),
(100, 'DOC3', 'QA', 'QA.Test.txt', '', 1, 'text/plain', 'I', NULL, 1, 0, NULL, NULL),
(102, 'DOC4', 'QA', 'QA.Test.txt', '', 1, 'text/plain', 'I', NULL, 1, 0, NULL, NULL),
(104, 'DOC5', 'QA', 'QA.Test.txt', '', 1, 'text/plain', 'I', NULL, 1, 0, NULL, NULL),
(106, 'DOC6', 'QA', 'QA.Test.txt', '', 1, 'text/plain', 'I', NULL, 1, 0, NULL, NULL);

-- --------------------------------------------------------

--
-- Table structure for table `vtiger_notescf`
--

CREATE TABLE `vtiger_notescf` (
  `notesid` int(19) NOT NULL DEFAULT 0
) ENGINE=InnoDB DEFAULT CHARSET=utf8;

--
-- Dumping data for table `vtiger_notescf`
--

INSERT INTO `vtiger_notescf` (`notesid`) VALUES
(98),
(100),
(102),
(104),
(106);

-- --------------------------------------------------------

--
-- Table structure for table `vtiger_notificationscheduler`
--

CREATE TABLE `vtiger_notificationscheduler` (
  `schedulednotificationid` int(19) NOT NULL,
  `schedulednotificationname` varchar(200) DEFAULT NULL,
  `active` int(1) DEFAULT NULL,
  `notificationsubject` varchar(200) DEFAULT NULL,
  `notificationbody` text DEFAULT NULL,
  `label` varchar(50) DEFAULT NULL,
  `type` varchar(10) DEFAULT NULL
) ENGINE=InnoDB DEFAULT CHARSET=utf8;

--
-- Dumping data for table `vtiger_notificationscheduler`
--

INSERT INTO `vtiger_notificationscheduler` (`schedulednotificationid`, `schedulednotificationname`, `active`, `notificationsubject`, `notificationbody`, `label`, `type`) VALUES
(1, 'LBL_TASK_NOTIFICATION_DESCRITPION', 1, 'Task Delay Notification', 'Tasks delayed beyond 24 hrs ', 'LBL_TASK_NOTIFICATION', NULL),
(2, 'LBL_BIG_DEAL_DESCRIPTION', 1, 'Big Deal notification', 'Success! A big deal has been won! ', 'LBL_BIG_DEAL', NULL),
(3, 'LBL_TICKETS_DESCRIPTION', 1, 'Pending Tickets notification', 'Ticket pending please ', 'LBL_PENDING_TICKETS', NULL),
(4, 'LBL_MANY_TICKETS_DESCRIPTION', 1, 'Too many tickets Notification', 'Too many tickets pending against this entity ', 'LBL_MANY_TICKETS', NULL),
(5, 'LBL_START_DESCRIPTION', 1, 'Support Start Notification', '10', 'LBL_START_NOTIFICATION', 'select'),
(6, 'LBL_SUPPORT_DESCRIPTION', 1, 'Support ending please', '11', 'LBL_SUPPORT_NOTICIATION', 'select'),
(7, 'LBL_SUPPORT_DESCRIPTION_MONTH', 1, 'Support ending please', '12', 'LBL_SUPPORT_NOTICIATION_MONTH', 'select'),
(8, 'LBL_ACTIVITY_REMINDER_DESCRIPTION', 1, 'Activity Reminder Notification', 'This is a reminder notification for the Activity', 'LBL_ACTIVITY_NOTIFICATION', NULL);

-- --------------------------------------------------------

--
-- Table structure for table `vtiger_notificationscheduler_seq`
--

CREATE TABLE `vtiger_notificationscheduler_seq` (
  `id` int(11) NOT NULL
) ENGINE=InnoDB DEFAULT CHARSET=utf8;

--
-- Dumping data for table `vtiger_notificationscheduler_seq`
--

INSERT INTO `vtiger_notificationscheduler_seq` (`id`) VALUES
(8);

-- --------------------------------------------------------

--
-- Table structure for table `vtiger_no_of_currency_decimals`
--

CREATE TABLE `vtiger_no_of_currency_decimals` (
  `no_of_currency_decimalsid` int(11) NOT NULL,
  `no_of_currency_decimals` varchar(200) NOT NULL,
  `sortorderid` int(11) DEFAULT NULL,
  `presence` int(11) NOT NULL DEFAULT 1
) ENGINE=InnoDB DEFAULT CHARSET=utf8;

--
-- Dumping data for table `vtiger_no_of_currency_decimals`
--

INSERT INTO `vtiger_no_of_currency_decimals` (`no_of_currency_decimalsid`, `no_of_currency_decimals`, `sortorderid`, `presence`) VALUES
(2, '2', 2, 1),
(3, '3', 3, 1),
(4, '4', 4, 1),
(5, '5', 5, 1),
(6, '0', 0, 1),
(7, '1', 1, 1);

-- --------------------------------------------------------

--
-- Table structure for table `vtiger_no_of_currency_decimals_seq`
--

CREATE TABLE `vtiger_no_of_currency_decimals_seq` (
  `id` int(11) NOT NULL
) ENGINE=InnoDB DEFAULT CHARSET=utf8;

--
-- Dumping data for table `vtiger_no_of_currency_decimals_seq`
--

INSERT INTO `vtiger_no_of_currency_decimals_seq` (`id`) VALUES
(7);

-- --------------------------------------------------------

--
-- Table structure for table `vtiger_opportunitystage`
--

CREATE TABLE `vtiger_opportunitystage` (
  `potstageid` int(19) NOT NULL,
  `stage` varchar(200) NOT NULL,
  `sortorderid` int(19) NOT NULL DEFAULT 0,
  `presence` int(1) NOT NULL DEFAULT 1,
  `probability` decimal(3,2) DEFAULT 0.00
) ENGINE=InnoDB DEFAULT CHARSET=utf8;

-- --------------------------------------------------------

--
-- Table structure for table `vtiger_opportunity_type`
--

CREATE TABLE `vtiger_opportunity_type` (
  `opptypeid` int(19) NOT NULL,
  `opportunity_type` varchar(200) NOT NULL,
  `presence` int(1) NOT NULL DEFAULT 1,
  `picklist_valueid` int(19) NOT NULL DEFAULT 0,
  `sortorderid` int(11) DEFAULT NULL,
  `color` varchar(10) DEFAULT NULL
) ENGINE=InnoDB DEFAULT CHARSET=utf8;

--
-- Dumping data for table `vtiger_opportunity_type`
--

INSERT INTO `vtiger_opportunity_type` (`opptypeid`, `opportunity_type`, `presence`, `picklist_valueid`, `sortorderid`, `color`) VALUES
(2, 'Existing Business', 1, 128, 1, NULL),
(3, 'New Business', 1, 129, 2, NULL);

-- --------------------------------------------------------

--
-- Table structure for table `vtiger_opportunity_type_seq`
--

CREATE TABLE `vtiger_opportunity_type_seq` (
  `id` int(11) NOT NULL
) ENGINE=InnoDB DEFAULT CHARSET=utf8;

--
-- Dumping data for table `vtiger_opportunity_type_seq`
--

INSERT INTO `vtiger_opportunity_type_seq` (`id`) VALUES
(3);

-- --------------------------------------------------------

--
-- Table structure for table `vtiger_organizationdetails`
--

CREATE TABLE `vtiger_organizationdetails` (
  `organization_id` int(11) NOT NULL,
  `organizationname` varchar(60) DEFAULT NULL,
  `address` varchar(150) DEFAULT NULL,
  `city` varchar(100) DEFAULT NULL,
  `state` varchar(100) DEFAULT NULL,
  `country` varchar(100) DEFAULT NULL,
  `code` varchar(30) DEFAULT NULL,
  `phone` varchar(30) DEFAULT NULL,
  `fax` varchar(30) DEFAULT NULL,
  `website` varchar(100) DEFAULT NULL,
  `logoname` varchar(50) DEFAULT NULL,
  `logo` text DEFAULT NULL,
  `vatid` varchar(100) DEFAULT NULL
) ENGINE=InnoDB DEFAULT CHARSET=utf8;

--
-- Dumping data for table `vtiger_organizationdetails`
--

INSERT INTO `vtiger_organizationdetails` (`organization_id`, `organizationname`, `address`, `city`, `state`, `country`, `code`, `phone`, `fax`, `website`, `logoname`, `logo`, `vatid`) VALUES
(1, 'RightChoice', '', 'Bangalore', 'Karnataka', 'India', '560010', '', '', '', 'vtiger-crm-logo.png', NULL, '');

-- --------------------------------------------------------

--
-- Table structure for table `vtiger_organizationdetails_seq`
--

CREATE TABLE `vtiger_organizationdetails_seq` (
  `id` int(11) NOT NULL
) ENGINE=InnoDB DEFAULT CHARSET=utf8;

--
-- Dumping data for table `vtiger_organizationdetails_seq`
--

INSERT INTO `vtiger_organizationdetails_seq` (`id`) VALUES
(1);

-- --------------------------------------------------------

--
-- Table structure for table `vtiger_org_share_action2tab`
--

CREATE TABLE `vtiger_org_share_action2tab` (
  `share_action_id` int(19) NOT NULL,
  `tabid` int(19) NOT NULL
) ENGINE=InnoDB DEFAULT CHARSET=utf8;

--
-- Dumping data for table `vtiger_org_share_action2tab`
--

INSERT INTO `vtiger_org_share_action2tab` (`share_action_id`, `tabid`) VALUES
(0, 2),
(0, 4),
(0, 6),
(0, 7),
(0, 8),
(0, 9),
(0, 10),
(0, 13),
(0, 14),
(0, 16),
(0, 18),
(0, 20),
(0, 21),
(0, 22),
(0, 23),
(0, 26),
(0, 30),
(0, 34),
(0, 35),
(0, 38),
(0, 42),
(0, 44),
(0, 46),
(0, 47),
(0, 48),
(0, 53),
(0, 54),
(0, 55),
(0, 56),
(0, 57),
(1, 2),
(1, 4),
(1, 6),
(1, 7),
(1, 8),
(1, 9),
(1, 10),
(1, 13),
(1, 14),
(1, 16),
(1, 18),
(1, 20),
(1, 21),
(1, 22),
(1, 23),
(1, 26),
(1, 30),
(1, 34),
(1, 35),
(1, 38),
(1, 42),
(1, 44),
(1, 46),
(1, 47),
(1, 48),
(1, 53),
(1, 54),
(1, 55),
(1, 56),
(1, 57),
(2, 2),
(2, 4),
(2, 6),
(2, 7),
(2, 8),
(2, 9),
(2, 10),
(2, 13),
(2, 14),
(2, 16),
(2, 18),
(2, 20),
(2, 21),
(2, 22),
(2, 23),
(2, 26),
(2, 30),
(2, 34),
(2, 35),
(2, 38),
(2, 42),
(2, 44),
(2, 46),
(2, 47),
(2, 48),
(2, 53),
(2, 54),
(2, 55),
(2, 56),
(2, 57),
(3, 2),
(3, 4),
(3, 6),
(3, 7),
(3, 8),
(3, 9),
(3, 10),
(3, 13),
(3, 14),
(3, 16),
(3, 18),
(3, 20),
(3, 21),
(3, 22),
(3, 23),
(3, 26),
(3, 30),
(3, 34),
(3, 35),
(3, 38),
(3, 42),
(3, 44),
(3, 46),
(3, 47),
(3, 48),
(3, 53),
(3, 54),
(3, 55),
(3, 56),
(3, 57);

-- --------------------------------------------------------

--
-- Table structure for table `vtiger_org_share_action_mapping`
--

CREATE TABLE `vtiger_org_share_action_mapping` (
  `share_action_id` int(19) NOT NULL,
  `share_action_name` varchar(200) DEFAULT NULL
) ENGINE=InnoDB DEFAULT CHARSET=utf8;

--
-- Dumping data for table `vtiger_org_share_action_mapping`
--

INSERT INTO `vtiger_org_share_action_mapping` (`share_action_id`, `share_action_name`) VALUES
(0, 'Public: Read Only'),
(1, 'Public: Read, Create/Edit'),
(2, 'Public: Read, Create/Edit, Delete'),
(3, 'Private'),
(4, 'Hide Details'),
(5, 'Hide Details and Add Events'),
(6, 'Show Details'),
(7, 'Show Details and Add Events');

-- --------------------------------------------------------

--
-- Table structure for table `vtiger_othereventduration`
--

CREATE TABLE `vtiger_othereventduration` (
  `othereventdurationid` int(11) NOT NULL,
  `othereventduration` varchar(200) NOT NULL,
  `sortorderid` int(11) DEFAULT NULL,
  `presence` int(11) NOT NULL DEFAULT 1
) ENGINE=InnoDB DEFAULT CHARSET=utf8;

--
-- Dumping data for table `vtiger_othereventduration`
--

INSERT INTO `vtiger_othereventduration` (`othereventdurationid`, `othereventduration`, `sortorderid`, `presence`) VALUES
(1, '5', 0, 1),
(2, '10', 1, 1),
(3, '30', 2, 1),
(4, '60', 3, 1),
(5, '120', 4, 1);

-- --------------------------------------------------------

--
-- Table structure for table `vtiger_othereventduration_seq`
--

CREATE TABLE `vtiger_othereventduration_seq` (
  `id` int(11) NOT NULL
) ENGINE=InnoDB DEFAULT CHARSET=utf8;

--
-- Dumping data for table `vtiger_othereventduration_seq`
--

INSERT INTO `vtiger_othereventduration_seq` (`id`) VALUES
(5);

-- --------------------------------------------------------

--
-- Table structure for table `vtiger_parenttab`
--

CREATE TABLE `vtiger_parenttab` (
  `parenttabid` int(19) NOT NULL,
  `parenttab_label` varchar(100) NOT NULL,
  `sequence` int(10) NOT NULL,
  `visible` int(2) NOT NULL DEFAULT 0
) ENGINE=InnoDB DEFAULT CHARSET=utf8;

--
-- Dumping data for table `vtiger_parenttab`
--

INSERT INTO `vtiger_parenttab` (`parenttabid`, `parenttab_label`, `sequence`, `visible`) VALUES
(1, 'My Home Page', 1, 0),
(2, 'Marketing', 2, 0),
(3, 'Sales', 3, 0),
(4, 'Support', 4, 0),
(5, 'Analytics', 5, 0),
(6, 'Inventory', 6, 0),
(7, 'Tools', 7, 0),
(8, 'Settings', 8, 0);

-- --------------------------------------------------------

--
-- Table structure for table `vtiger_parenttabrel`
--

CREATE TABLE `vtiger_parenttabrel` (
  `parenttabid` int(19) NOT NULL,
  `tabid` int(19) NOT NULL,
  `sequence` int(3) NOT NULL
) ENGINE=InnoDB DEFAULT CHARSET=utf8;

--
-- Dumping data for table `vtiger_parenttabrel`
--

INSERT INTO `vtiger_parenttabrel` (`parenttabid`, `tabid`, `sequence`) VALUES
(1, 9, 2),
(1, 28, 4),
(1, 3, 1),
(3, 7, 1),
(3, 6, 2),
(3, 4, 3),
(3, 2, 4),
(3, 20, 5),
(3, 22, 6),
(3, 23, 7),
(3, 19, 8),
(3, 8, 9),
(4, 13, 1),
(4, 15, 2),
(4, 6, 3),
(4, 4, 4),
(4, 8, 5),
(5, 1, 2),
(5, 25, 1),
(6, 14, 1),
(6, 18, 2),
(6, 19, 3),
(6, 21, 4),
(6, 22, 5),
(6, 20, 6),
(6, 23, 7),
(7, 24, 1),
(7, 27, 2),
(7, 8, 3),
(2, 26, 1),
(2, 6, 2),
(2, 4, 3),
(2, 28, 4),
(4, 28, 7),
(2, 7, 5),
(2, 9, 6),
(4, 9, 8),
(2, 8, 8),
(3, 9, 11),
(4, 30, 9),
(4, 30, 10),
(7, 32, 4),
(7, 32, 5),
(7, 34, 6),
(7, 34, 7),
(6, 35, 8),
(6, 35, 9),
(7, 39, 8),
(7, 39, 9),
(6, 42, 10),
(6, 42, 11),
(3, 44, 12),
(3, 44, 13),
(7, 45, 10),
(7, 45, 11),
(4, 46, 11),
(4, 46, 12),
(4, 47, 13),
(4, 47, 14),
(4, 48, 15),
(4, 48, 16),
(8, 49, 1),
(8, 49, 2),
(7, 24, 12),
(7, 27, 13),
(7, 45, 14),
(7, 39, 15),
(2, 53, 11),
(2, 53, 12),
(2, 54, 13),
(2, 54, 14),
(2, 55, 15),
(2, 56, 16),
(2, 57, 17),
(2, 57, 18);

-- --------------------------------------------------------

--
-- Table structure for table `vtiger_payment_duration`
--

CREATE TABLE `vtiger_payment_duration` (
  `payment_duration_id` int(11) DEFAULT NULL,
  `payment_duration` varchar(200) DEFAULT NULL,
  `sortorderid` int(11) DEFAULT NULL,
  `presence` int(11) DEFAULT NULL,
  `color` varchar(10) DEFAULT NULL
) ENGINE=InnoDB DEFAULT CHARSET=utf8;

--
-- Dumping data for table `vtiger_payment_duration`
--

INSERT INTO `vtiger_payment_duration` (`payment_duration_id`, `payment_duration`, `sortorderid`, `presence`, `color`) VALUES
(1, 'Net 30 days', 6, 1, NULL),
(2, 'Net 45 days', 7, 1, NULL),
(3, 'Net 60 days', 8, 1, NULL),
(4, 'Net 01 day', 1, 1, NULL),
(5, 'Net 05 days', 2, 1, NULL),
(6, 'Net 07 days', 3, 1, NULL),
(7, 'Net 10 days', 4, 1, NULL),
(8, 'Net 15 days', 5, 1, NULL);

-- --------------------------------------------------------

--
-- Table structure for table `vtiger_payment_duration_seq`
--

CREATE TABLE `vtiger_payment_duration_seq` (
  `id` int(11) NOT NULL
) ENGINE=InnoDB DEFAULT CHARSET=utf8;

--
-- Dumping data for table `vtiger_payment_duration_seq`
--

INSERT INTO `vtiger_payment_duration_seq` (`id`) VALUES
(8);

-- --------------------------------------------------------

--
-- Table structure for table `vtiger_pbxmanager`
--

CREATE TABLE `vtiger_pbxmanager` (
  `pbxmanagerid` int(20) NOT NULL,
  `direction` varchar(10) DEFAULT NULL,
  `callstatus` varchar(20) DEFAULT NULL,
  `starttime` datetime DEFAULT NULL,
  `endtime` datetime DEFAULT NULL,
  `totalduration` int(11) DEFAULT NULL,
  `billduration` int(11) DEFAULT NULL,
  `recordingurl` varchar(200) DEFAULT NULL,
  `sourceuuid` varchar(100) DEFAULT NULL,
  `gateway` varchar(20) DEFAULT NULL,
  `customer` varchar(100) DEFAULT NULL,
  `user` varchar(100) DEFAULT NULL,
  `customernumber` varchar(100) DEFAULT NULL,
  `customertype` varchar(100) DEFAULT NULL
) ENGINE=InnoDB DEFAULT CHARSET=utf8;

-- --------------------------------------------------------

--
-- Table structure for table `vtiger_pbxmanagercf`
--

CREATE TABLE `vtiger_pbxmanagercf` (
  `pbxmanagerid` int(11) NOT NULL
) ENGINE=InnoDB DEFAULT CHARSET=utf8;

-- --------------------------------------------------------

--
-- Table structure for table `vtiger_pbxmanager_gateway`
--

CREATE TABLE `vtiger_pbxmanager_gateway` (
  `id` int(11) NOT NULL,
  `gateway` varchar(20) DEFAULT NULL,
  `parameters` text DEFAULT NULL
) ENGINE=InnoDB DEFAULT CHARSET=utf8;

-- --------------------------------------------------------

--
-- Table structure for table `vtiger_pbxmanager_phonelookup`
--

CREATE TABLE `vtiger_pbxmanager_phonelookup` (
  `crmid` int(20) DEFAULT NULL,
  `setype` varchar(30) DEFAULT NULL,
  `fnumber` varchar(100) DEFAULT NULL,
  `rnumber` varchar(100) DEFAULT NULL,
  `fieldname` varchar(50) DEFAULT NULL
) ENGINE=InnoDB DEFAULT CHARSET=utf8;

--
-- Dumping data for table `vtiger_pbxmanager_phonelookup`
--

INSERT INTO `vtiger_pbxmanager_phonelookup` (`crmid`, `setype`, `fnumber`, `rnumber`, `fieldname`) VALUES
(74, 'Accounts', '1300BILLZY', 'YZLLIB0031', 'phone'),
(75, 'Accounts', '733681112', '211186337', 'phone'),
(76, 'Accounts', '732834288', '882438237', 'phone'),
(77, 'Accounts', '1300888654', '4568880031', 'phone'),
(78, 'Accounts', '412867007', '700768214', 'phone'),
(79, 'Accounts', '1300728422', '2248270031', 'phone'),
(80, 'Accounts', '733993865', '568399337', 'phone'),
(81, 'Accounts', '732655771', '177556237', 'phone'),
(82, 'Accounts', '411334534', '435433114', 'phone'),
(83, 'Accounts', '1800445433', '3345440081', 'phone'),
(84, 'Accounts', '732751195', '591157237', 'phone'),
(85, 'Accounts', 'holidayhouses@salvationarmy.org.au', 'ua.gro.ymranoitavlas@sesuohyadiloh', 'phone'),
(86, 'Accounts', '1800119687', '7869110081', 'phone'),
(88, 'Accounts', '738442610', '016244837', 'phone'),
(89, 'Accounts', '737174604', '406471737', 'phone'),
(90, 'Accounts', '738660000', '000066837', 'phone'),
(91, 'Accounts', '732454766', '667454237', 'phone'),
(92, 'Accounts', '428357860', '068753824', 'phone'),
(130, 'Contacts', '0426984066', '6604896240', 'phone'),
(215, 'Leads', '0426984066', '6604896240', 'phone');

-- --------------------------------------------------------

--
-- Table structure for table `vtiger_picklist`
--

CREATE TABLE `vtiger_picklist` (
  `picklistid` int(11) NOT NULL,
  `name` varchar(200) NOT NULL
) ENGINE=InnoDB DEFAULT CHARSET=utf8;

--
-- Dumping data for table `vtiger_picklist`
--

INSERT INTO `vtiger_picklist` (`picklistid`, `name`) VALUES
(1, 'accounttype'),
(2, 'activitytype'),
(37, 'assetstatus'),
(3, 'campaignstatus'),
(4, 'campaigntype'),
(5, 'carrier'),
(33, 'contract_priority'),
(32, 'contract_status'),
(34, 'contract_type'),
(48, 'defaultactivitytype'),
(47, 'defaulteventstatus'),
(49, 'defaultlandingpage'),
(6, 'eventstatus'),
(7, 'expectedresponse'),
(8, 'faqcategories'),
(9, 'faqstatus'),
(10, 'glacct'),
(11, 'industry'),
(12, 'invoicestatus'),
(13, 'leadsource'),
(14, 'leadstatus'),
(15, 'manufacturer'),
(16, 'opportunity_type'),
(17, 'postatus'),
(18, 'productcategory'),
(45, 'progress'),
(38, 'projectmilestonetype'),
(44, 'projectpriority'),
(42, 'projectstatus'),
(40, 'projecttaskpriority'),
(41, 'projecttaskprogress'),
(46, 'projecttaskstatus'),
(39, 'projecttasktype'),
(43, 'projecttype'),
(19, 'quotestage'),
(20, 'rating'),
(21, 'sales_stage'),
(22, 'salutationtype'),
(36, 'servicecategory'),
(35, 'service_usageunit'),
(23, 'sostatus'),
(24, 'taskpriority'),
(25, 'taskstatus'),
(26, 'ticketcategories'),
(27, 'ticketpriorities'),
(28, 'ticketseverities'),
(29, 'ticketstatus'),
(31, 'tracking_unit'),
(30, 'usageunit');

-- --------------------------------------------------------

--
-- Table structure for table `vtiger_picklistvalues_seq`
--

CREATE TABLE `vtiger_picklistvalues_seq` (
  `id` int(11) NOT NULL
) ENGINE=InnoDB DEFAULT CHARSET=utf8;

--
-- Dumping data for table `vtiger_picklistvalues_seq`
--

INSERT INTO `vtiger_picklistvalues_seq` (`id`) VALUES
(304);

-- --------------------------------------------------------

--
-- Table structure for table `vtiger_picklist_dependency`
--

CREATE TABLE `vtiger_picklist_dependency` (
  `id` int(11) NOT NULL,
  `tabid` int(19) NOT NULL,
  `sourcefield` varchar(255) DEFAULT NULL,
  `targetfield` varchar(255) DEFAULT NULL,
  `sourcevalue` varchar(100) DEFAULT NULL,
  `targetvalues` text DEFAULT NULL,
  `criteria` text DEFAULT NULL
) ENGINE=InnoDB DEFAULT CHARSET=utf8;

-- --------------------------------------------------------

--
-- Table structure for table `vtiger_picklist_seq`
--

CREATE TABLE `vtiger_picklist_seq` (
  `id` int(11) NOT NULL
) ENGINE=InnoDB DEFAULT CHARSET=utf8;

--
-- Dumping data for table `vtiger_picklist_seq`
--

INSERT INTO `vtiger_picklist_seq` (`id`) VALUES
(49);

-- --------------------------------------------------------

--
-- Table structure for table `vtiger_picklist_transitions`
--

CREATE TABLE `vtiger_picklist_transitions` (
  `fieldname` varchar(255) NOT NULL,
  `module` varchar(100) NOT NULL,
  `transition_data` varchar(1000) NOT NULL
) ENGINE=InnoDB DEFAULT CHARSET=utf8;

-- --------------------------------------------------------

--
-- Table structure for table `vtiger_pobillads`
--

CREATE TABLE `vtiger_pobillads` (
  `pobilladdressid` int(19) NOT NULL DEFAULT 0,
  `bill_city` varchar(30) DEFAULT NULL,
  `bill_code` varchar(30) DEFAULT NULL,
  `bill_country` varchar(30) DEFAULT NULL,
  `bill_state` varchar(30) DEFAULT NULL,
  `bill_street` varchar(250) DEFAULT NULL,
  `bill_pobox` varchar(30) DEFAULT NULL
) ENGINE=InnoDB DEFAULT CHARSET=utf8;

-- --------------------------------------------------------

--
-- Table structure for table `vtiger_portal`
--

CREATE TABLE `vtiger_portal` (
  `portalid` int(19) NOT NULL,
  `portalname` varchar(200) NOT NULL,
  `portalurl` varchar(255) NOT NULL,
  `sequence` int(3) NOT NULL,
  `setdefault` int(3) NOT NULL DEFAULT 0,
  `createdtime` datetime DEFAULT NULL
) ENGINE=InnoDB DEFAULT CHARSET=utf8;

--
-- Dumping data for table `vtiger_portal`
--

INSERT INTO `vtiger_portal` (`portalid`, `portalname`, `portalurl`, `sequence`, `setdefault`, `createdtime`) VALUES
(1, 'Nicole', 'www.bookmark.com', 0, 0, '2020-12-18 11:10:44');

-- --------------------------------------------------------

--
-- Table structure for table `vtiger_portalinfo`
--

CREATE TABLE `vtiger_portalinfo` (
  `id` int(11) NOT NULL,
  `user_name` varchar(50) DEFAULT NULL,
  `user_password` varchar(255) DEFAULT NULL,
  `type` varchar(5) DEFAULT NULL,
  `cryptmode` varchar(20) DEFAULT NULL,
  `last_login_time` datetime DEFAULT NULL,
  `login_time` datetime DEFAULT NULL,
  `logout_time` datetime DEFAULT NULL,
  `isactive` int(1) DEFAULT NULL
) ENGINE=InnoDB DEFAULT CHARSET=utf8;

-- --------------------------------------------------------

--
-- Table structure for table `vtiger_portal_seq`
--

CREATE TABLE `vtiger_portal_seq` (
  `id` int(11) NOT NULL
) ENGINE=InnoDB DEFAULT CHARSET=utf8;

--
-- Dumping data for table `vtiger_portal_seq`
--

INSERT INTO `vtiger_portal_seq` (`id`) VALUES
(1);

-- --------------------------------------------------------

--
-- Table structure for table `vtiger_poshipads`
--

CREATE TABLE `vtiger_poshipads` (
  `poshipaddressid` int(19) NOT NULL DEFAULT 0,
  `ship_city` varchar(30) DEFAULT NULL,
  `ship_code` varchar(30) DEFAULT NULL,
  `ship_country` varchar(30) DEFAULT NULL,
  `ship_state` varchar(30) DEFAULT NULL,
  `ship_street` varchar(250) DEFAULT NULL,
  `ship_pobox` varchar(30) DEFAULT NULL
) ENGINE=InnoDB DEFAULT CHARSET=utf8;

-- --------------------------------------------------------

--
-- Table structure for table `vtiger_postatus`
--

CREATE TABLE `vtiger_postatus` (
  `postatusid` int(19) NOT NULL,
  `postatus` varchar(200) NOT NULL,
  `presence` int(1) NOT NULL DEFAULT 1,
  `picklist_valueid` int(19) NOT NULL DEFAULT 0,
  `sortorderid` int(11) DEFAULT NULL,
  `color` varchar(10) DEFAULT NULL
) ENGINE=InnoDB DEFAULT CHARSET=utf8;

--
-- Dumping data for table `vtiger_postatus`
--

INSERT INTO `vtiger_postatus` (`postatusid`, `postatus`, `presence`, `picklist_valueid`, `sortorderid`, `color`) VALUES
(1, 'Created', 0, 130, 0, NULL),
(2, 'Approved', 0, 131, 1, NULL),
(3, 'Delivered', 0, 132, 2, NULL),
(4, 'Cancelled', 0, 133, 3, NULL),
(5, 'Received Shipment', 0, 134, 4, NULL);

-- --------------------------------------------------------

--
-- Table structure for table `vtiger_postatushistory`
--

CREATE TABLE `vtiger_postatushistory` (
  `historyid` int(19) NOT NULL,
  `purchaseorderid` int(19) NOT NULL,
  `vendorname` varchar(100) DEFAULT NULL,
  `total` decimal(10,0) DEFAULT NULL,
  `postatus` varchar(200) DEFAULT NULL,
  `lastmodified` datetime DEFAULT NULL
) ENGINE=InnoDB DEFAULT CHARSET=utf8;

-- --------------------------------------------------------

--
-- Table structure for table `vtiger_postatus_seq`
--

CREATE TABLE `vtiger_postatus_seq` (
  `id` int(11) NOT NULL
) ENGINE=InnoDB DEFAULT CHARSET=utf8;

--
-- Dumping data for table `vtiger_postatus_seq`
--

INSERT INTO `vtiger_postatus_seq` (`id`) VALUES
(5);

-- --------------------------------------------------------

--
-- Table structure for table `vtiger_potential`
--

CREATE TABLE `vtiger_potential` (
  `potentialid` int(19) NOT NULL DEFAULT 0,
  `potential_no` varchar(100) NOT NULL,
  `related_to` int(19) DEFAULT NULL,
  `potentialname` varchar(120) NOT NULL,
  `amount` decimal(25,8) DEFAULT NULL,
  `currency` varchar(20) DEFAULT NULL,
  `closingdate` date DEFAULT NULL,
  `typeofrevenue` varchar(50) DEFAULT NULL,
  `nextstep` varchar(100) DEFAULT NULL,
  `private` int(1) DEFAULT 0,
  `probability` decimal(7,3) DEFAULT 0.000,
  `campaignid` int(19) DEFAULT NULL,
  `sales_stage` varchar(200) DEFAULT NULL,
  `potentialtype` varchar(200) DEFAULT NULL,
  `leadsource` varchar(200) DEFAULT NULL,
  `productid` int(50) DEFAULT NULL,
  `productversion` varchar(50) DEFAULT NULL,
  `quotationref` varchar(50) DEFAULT NULL,
  `partnercontact` varchar(50) DEFAULT NULL,
  `remarks` varchar(50) DEFAULT NULL,
  `runtimefee` int(19) DEFAULT 0,
  `followupdate` date DEFAULT NULL,
  `evaluationstatus` varchar(50) DEFAULT NULL,
  `description` text DEFAULT NULL,
  `forecastcategory` int(19) DEFAULT 0,
  `outcomeanalysis` int(19) DEFAULT 0,
  `forecast_amount` decimal(25,8) DEFAULT NULL,
  `isconvertedfromlead` varchar(3) DEFAULT '0',
  `contact_id` int(19) DEFAULT NULL,
  `tags` varchar(1) DEFAULT NULL,
  `converted` int(1) NOT NULL DEFAULT 0
) ENGINE=InnoDB DEFAULT CHARSET=utf8;

--
-- Dumping data for table `vtiger_potential`
--

INSERT INTO `vtiger_potential` (`potentialid`, `potential_no`, `related_to`, `potentialname`, `amount`, `currency`, `closingdate`, `typeofrevenue`, `nextstep`, `private`, `probability`, `campaignid`, `sales_stage`, `potentialtype`, `leadsource`, `productid`, `productversion`, `quotationref`, `partnercontact`, `remarks`, `runtimefee`, `followupdate`, `evaluationstatus`, `description`, `forecastcategory`, `outcomeanalysis`, `forecast_amount`, `isconvertedfromlead`, `contact_id`, `tags`, `converted`) VALUES
(9, 'POT1', 0, 'sd', 0.00000000, NULL, '2020-12-11', NULL, '', 0, 0.000, 0, 'Prospecting', '', '', NULL, NULL, NULL, NULL, NULL, 0, NULL, NULL, NULL, 0, 0, 0.00000000, '0', 0, '', 0),
(112, 'POT2', 0, 'comx', 0.00000000, NULL, '2021-03-02', NULL, '', 0, 0.000, 0, 'Perception Analysis', '', '', NULL, NULL, NULL, NULL, NULL, 0, NULL, NULL, NULL, 0, 0, 0.00000000, '0', 0, '', 0),
(120, 'POT3', 0, 'Mathiew', 0.00000000, NULL, '2021-03-29', NULL, '', 0, 0.000, 0, 'Prospecting', '', '', NULL, NULL, NULL, NULL, NULL, 0, NULL, NULL, NULL, 0, 0, 0.00000000, '0', 0, '', 0);

-- --------------------------------------------------------

--
-- Table structure for table `vtiger_potentialscf`
--

CREATE TABLE `vtiger_potentialscf` (
  `potentialid` int(19) NOT NULL DEFAULT 0
) ENGINE=InnoDB DEFAULT CHARSET=utf8;

--
-- Dumping data for table `vtiger_potentialscf`
--

INSERT INTO `vtiger_potentialscf` (`potentialid`) VALUES
(9),
(112),
(120);

-- --------------------------------------------------------

--
-- Table structure for table `vtiger_potstagehistory`
--

CREATE TABLE `vtiger_potstagehistory` (
  `historyid` int(19) NOT NULL,
  `potentialid` int(19) NOT NULL,
  `amount` decimal(10,0) DEFAULT NULL,
  `stage` varchar(100) DEFAULT NULL,
  `probability` decimal(7,3) DEFAULT NULL,
  `expectedrevenue` decimal(10,0) DEFAULT NULL,
  `closedate` date DEFAULT NULL,
  `lastmodified` datetime DEFAULT NULL
) ENGINE=InnoDB DEFAULT CHARSET=utf8;

-- --------------------------------------------------------

--
-- Table structure for table `vtiger_pricebook`
--

CREATE TABLE `vtiger_pricebook` (
  `pricebookid` int(19) NOT NULL DEFAULT 0,
  `pricebook_no` varchar(100) NOT NULL,
  `bookname` varchar(100) DEFAULT NULL,
  `active` int(1) DEFAULT NULL,
  `currency_id` int(19) NOT NULL DEFAULT 1,
  `tags` varchar(1) DEFAULT NULL
) ENGINE=InnoDB DEFAULT CHARSET=utf8;

--
-- Dumping data for table `vtiger_pricebook`
--

INSERT INTO `vtiger_pricebook` (`pricebookid`, `pricebook_no`, `bookname`, `active`, `currency_id`, `tags`) VALUES
(14, 'PB1', 'kit book', 1, 1, '');

-- --------------------------------------------------------

--
-- Table structure for table `vtiger_pricebookcf`
--

CREATE TABLE `vtiger_pricebookcf` (
  `pricebookid` int(19) NOT NULL DEFAULT 0
) ENGINE=InnoDB DEFAULT CHARSET=utf8;

--
-- Dumping data for table `vtiger_pricebookcf`
--

INSERT INTO `vtiger_pricebookcf` (`pricebookid`) VALUES
(14);

-- --------------------------------------------------------

--
-- Table structure for table `vtiger_pricebookproductrel`
--

CREATE TABLE `vtiger_pricebookproductrel` (
  `pricebookid` int(19) NOT NULL,
  `productid` int(19) NOT NULL,
  `listprice` decimal(27,8) DEFAULT NULL,
  `usedcurrency` int(11) NOT NULL DEFAULT 1
) ENGINE=InnoDB DEFAULT CHARSET=utf8;

-- --------------------------------------------------------

--
-- Table structure for table `vtiger_priority`
--

CREATE TABLE `vtiger_priority` (
  `priorityid` int(19) NOT NULL,
  `priority` varchar(200) NOT NULL,
  `sortorderid` int(19) NOT NULL DEFAULT 0,
  `presence` int(1) NOT NULL DEFAULT 1
) ENGINE=InnoDB DEFAULT CHARSET=utf8;

-- --------------------------------------------------------

--
-- Table structure for table `vtiger_productcategory`
--

CREATE TABLE `vtiger_productcategory` (
  `productcategoryid` int(19) NOT NULL,
  `productcategory` varchar(200) NOT NULL,
  `presence` int(1) NOT NULL DEFAULT 1,
  `picklist_valueid` int(19) NOT NULL DEFAULT 0,
  `sortorderid` int(11) DEFAULT NULL,
  `color` varchar(10) DEFAULT NULL
) ENGINE=InnoDB DEFAULT CHARSET=utf8;

--
-- Dumping data for table `vtiger_productcategory`
--

INSERT INTO `vtiger_productcategory` (`productcategoryid`, `productcategory`, `presence`, `picklist_valueid`, `sortorderid`, `color`) VALUES
(2, 'Hardware', 1, 136, 1, NULL),
(3, 'Software', 1, 137, 2, NULL),
(4, 'CRM Applications', 1, 138, 3, NULL);

-- --------------------------------------------------------

--
-- Table structure for table `vtiger_productcategory_seq`
--

CREATE TABLE `vtiger_productcategory_seq` (
  `id` int(11) NOT NULL
) ENGINE=InnoDB DEFAULT CHARSET=utf8;

--
-- Dumping data for table `vtiger_productcategory_seq`
--

INSERT INTO `vtiger_productcategory_seq` (`id`) VALUES
(4);

-- --------------------------------------------------------

--
-- Table structure for table `vtiger_productcf`
--

CREATE TABLE `vtiger_productcf` (
  `productid` int(19) NOT NULL DEFAULT 0
) ENGINE=InnoDB DEFAULT CHARSET=utf8;

--
-- Dumping data for table `vtiger_productcf`
--

INSERT INTO `vtiger_productcf` (`productid`) VALUES
(11),
(19);

-- --------------------------------------------------------

--
-- Table structure for table `vtiger_productcurrencyrel`
--

CREATE TABLE `vtiger_productcurrencyrel` (
  `productid` int(11) NOT NULL,
  `currencyid` int(11) NOT NULL,
  `converted_price` decimal(28,8) DEFAULT NULL,
  `actual_price` decimal(28,8) DEFAULT NULL
) ENGINE=InnoDB DEFAULT CHARSET=utf8;

--
-- Dumping data for table `vtiger_productcurrencyrel`
--

INSERT INTO `vtiger_productcurrencyrel` (`productid`, `currencyid`, `converted_price`, `actual_price`) VALUES
(11, 1, 0.00000000, 0.00000000),
(13, 1, 0.00000000, 0.00000000);

-- --------------------------------------------------------

--
-- Table structure for table `vtiger_products`
--

CREATE TABLE `vtiger_products` (
  `productid` int(11) NOT NULL,
  `product_no` varchar(100) NOT NULL,
  `productname` varchar(100) DEFAULT NULL,
  `productcode` varchar(40) DEFAULT NULL,
  `productcategory` varchar(200) DEFAULT NULL,
  `manufacturer` varchar(200) DEFAULT NULL,
  `qty_per_unit` decimal(11,2) DEFAULT 0.00,
  `unit_price` decimal(25,8) DEFAULT NULL,
  `weight` decimal(11,3) DEFAULT NULL,
  `pack_size` int(11) DEFAULT NULL,
  `sales_start_date` date DEFAULT NULL,
  `sales_end_date` date DEFAULT NULL,
  `start_date` date DEFAULT NULL,
  `expiry_date` date DEFAULT NULL,
  `cost_factor` int(11) DEFAULT NULL,
  `commissionrate` decimal(7,3) DEFAULT NULL,
  `commissionmethod` varchar(50) DEFAULT NULL,
  `discontinued` int(1) NOT NULL DEFAULT 0,
  `usageunit` varchar(200) DEFAULT NULL,
  `reorderlevel` int(11) DEFAULT NULL,
  `website` varchar(100) DEFAULT NULL,
  `taxclass` varchar(200) DEFAULT NULL,
  `mfr_part_no` varchar(200) DEFAULT NULL,
  `vendor_part_no` varchar(200) DEFAULT NULL,
  `serialno` varchar(200) DEFAULT NULL,
  `qtyinstock` decimal(25,3) DEFAULT NULL,
  `productsheet` varchar(200) DEFAULT NULL,
  `qtyindemand` int(11) DEFAULT NULL,
  `glacct` varchar(200) DEFAULT NULL,
  `vendor_id` int(11) DEFAULT NULL,
  `imagename` text DEFAULT NULL,
  `currency_id` int(19) NOT NULL DEFAULT 1,
  `is_subproducts_viewable` int(1) DEFAULT 1,
  `purchase_cost` decimal(27,8) DEFAULT NULL,
  `tags` varchar(1) DEFAULT NULL
) ENGINE=InnoDB DEFAULT CHARSET=utf8;

--
-- Dumping data for table `vtiger_products`
--

INSERT INTO `vtiger_products` (`productid`, `product_no`, `productname`, `productcode`, `productcategory`, `manufacturer`, `qty_per_unit`, `unit_price`, `weight`, `pack_size`, `sales_start_date`, `sales_end_date`, `start_date`, `expiry_date`, `cost_factor`, `commissionrate`, `commissionmethod`, `discontinued`, `usageunit`, `reorderlevel`, `website`, `taxclass`, `mfr_part_no`, `vendor_part_no`, `serialno`, `qtyinstock`, `productsheet`, `qtyindemand`, `glacct`, `vendor_id`, `imagename`, `currency_id`, `is_subproducts_viewable`, `purchase_cost`, `tags`) VALUES
(11, 'PRO1', 'kit', '', '', '', 0.00, 0.00000000, NULL, NULL, NULL, NULL, NULL, NULL, NULL, 0.000, NULL, 1, '', 0, '', '', '', '', '', 0.000, '', 0, '', 0, 'kit.png', 1, 1, 0.00000000, ''),
(19, 'PRO2', 'pen', '', '', '', 0.00, 23.00000000, NULL, NULL, NULL, NULL, NULL, NULL, NULL, 0.000, NULL, 1, '', 0, '', '', '', '', '', 0.000, '', 0, '', 0, '', 1, 1, 0.00000000, '');

-- --------------------------------------------------------

--
-- Table structure for table `vtiger_producttaxrel`
--

CREATE TABLE `vtiger_producttaxrel` (
  `productid` int(11) NOT NULL,
  `taxid` int(3) NOT NULL,
  `taxpercentage` decimal(7,3) DEFAULT NULL,
  `regions` text DEFAULT NULL
) ENGINE=InnoDB DEFAULT CHARSET=utf8;

-- --------------------------------------------------------

--
-- Table structure for table `vtiger_profile`
--

CREATE TABLE `vtiger_profile` (
  `profileid` int(10) NOT NULL,
  `profilename` varchar(50) NOT NULL,
  `description` text DEFAULT NULL,
  `directly_related_to_role` int(1) DEFAULT 0
) ENGINE=InnoDB DEFAULT CHARSET=utf8;

--
-- Dumping data for table `vtiger_profile`
--

INSERT INTO `vtiger_profile` (`profileid`, `profilename`, `description`, `directly_related_to_role`) VALUES
(1, 'Administrator', 'Admin Profile', 0),
(2, 'Sales Profile', 'Profile Related to Sales', 0),
(3, 'Support Profile', 'Profile Related to Support', 0),
(4, 'Guest Profile', 'Guest Profile for Test Users', 0),
(5, 'Manager+Profile', NULL, 1),
(6, 'New south wales', 'New south wales-Profile', 0),
(7, 'CEO+Profile', NULL, 1);

-- --------------------------------------------------------

--
-- Table structure for table `vtiger_profile2field`
--

CREATE TABLE `vtiger_profile2field` (
  `profileid` int(11) NOT NULL,
  `tabid` int(10) DEFAULT NULL,
  `fieldid` int(19) NOT NULL,
  `visible` int(19) DEFAULT NULL,
  `readonly` int(19) DEFAULT NULL
) ENGINE=InnoDB DEFAULT CHARSET=utf8;

--
-- Dumping data for table `vtiger_profile2field`
--

INSERT INTO `vtiger_profile2field` (`profileid`, `tabid`, `fieldid`, `visible`, `readonly`) VALUES
(1, 6, 1, 0, 0),
(1, 6, 2, 0, 0),
(1, 6, 3, 0, 0),
(1, 6, 4, 0, 0),
(1, 6, 5, 0, 0),
(1, 6, 6, 0, 0),
(1, 6, 7, 0, 0),
(1, 6, 8, 0, 0),
(1, 6, 9, 0, 0),
(1, 6, 10, 0, 0),
(1, 6, 11, 0, 0),
(1, 6, 12, 0, 0),
(1, 6, 13, 0, 0),
(1, 6, 14, 0, 0),
(1, 6, 15, 0, 0),
(1, 6, 16, 0, 0),
(1, 6, 17, 0, 0),
(1, 6, 18, 0, 0),
(1, 6, 19, 0, 0),
(1, 6, 20, 0, 0),
(1, 6, 21, 0, 0),
(1, 6, 22, 0, 0),
(1, 6, 23, 0, 0),
(1, 6, 24, 0, 0),
(1, 6, 25, 0, 0),
(1, 6, 26, 0, 0),
(1, 6, 27, 0, 0),
(1, 6, 28, 0, 0),
(1, 6, 29, 0, 0),
(1, 6, 30, 0, 0),
(1, 6, 31, 0, 0),
(1, 6, 32, 0, 0),
(1, 6, 33, 0, 0),
(1, 6, 34, 0, 0),
(1, 6, 35, 0, 0),
(1, 6, 36, 0, 0),
(1, 7, 37, 0, 0),
(1, 7, 38, 0, 0),
(1, 7, 39, 0, 0),
(1, 7, 40, 0, 0),
(1, 7, 41, 0, 0),
(1, 7, 42, 0, 0),
(1, 7, 43, 0, 0),
(1, 7, 44, 0, 0),
(1, 7, 45, 0, 0),
(1, 7, 46, 0, 0),
(1, 7, 47, 0, 0),
(1, 7, 48, 0, 0),
(1, 7, 49, 0, 0),
(1, 7, 50, 0, 0),
(1, 7, 51, 0, 0),
(1, 7, 52, 0, 0),
(1, 7, 53, 0, 0),
(1, 7, 54, 0, 0),
(1, 7, 55, 0, 0),
(1, 7, 56, 0, 0),
(1, 7, 57, 0, 0),
(1, 7, 58, 0, 0),
(1, 7, 59, 0, 0),
(1, 7, 60, 0, 0),
(1, 7, 61, 0, 0),
(1, 7, 62, 0, 0),
(1, 7, 63, 0, 0),
(1, 7, 64, 0, 0),
(1, 7, 65, 0, 0),
(1, 4, 66, 0, 0),
(1, 4, 67, 0, 0),
(1, 4, 68, 0, 0),
(1, 4, 69, 0, 0),
(1, 4, 70, 0, 0),
(1, 4, 71, 0, 0),
(1, 4, 72, 0, 0),
(1, 4, 73, 0, 0),
(1, 4, 74, 0, 0),
(1, 4, 75, 0, 0),
(1, 4, 76, 0, 0),
(1, 4, 77, 0, 0),
(1, 4, 78, 0, 0),
(1, 4, 79, 0, 0),
(1, 4, 80, 0, 0),
(1, 4, 81, 0, 0),
(1, 4, 82, 0, 0),
(1, 4, 83, 0, 0),
(1, 4, 84, 0, 0),
(1, 4, 85, 0, 0),
(1, 4, 86, 0, 0),
(1, 4, 87, 0, 0),
(1, 4, 88, 0, 0),
(1, 4, 89, 0, 0),
(1, 4, 90, 0, 0),
(1, 4, 91, 0, 0),
(1, 4, 92, 0, 0),
(1, 4, 93, 0, 0),
(1, 4, 94, 0, 0),
(1, 4, 95, 0, 0),
(1, 4, 96, 0, 0),
(1, 4, 97, 0, 0),
(1, 4, 98, 0, 0),
(1, 4, 99, 0, 0),
(1, 4, 100, 0, 0),
(1, 4, 101, 0, 0),
(1, 4, 102, 0, 0),
(1, 4, 103, 0, 0),
(1, 4, 104, 0, 0),
(1, 4, 105, 0, 0),
(1, 4, 106, 0, 0),
(1, 4, 107, 0, 0),
(1, 4, 108, 0, 0),
(1, 4, 109, 0, 0),
(1, 2, 110, 0, 0),
(1, 2, 111, 0, 0),
(1, 2, 112, 0, 0),
(1, 2, 113, 0, 0),
(1, 2, 114, 0, 0),
(1, 2, 115, 0, 0),
(1, 2, 116, 0, 0),
(1, 2, 117, 0, 0),
(1, 2, 118, 0, 0),
(1, 2, 119, 0, 0),
(1, 2, 120, 0, 0),
(1, 2, 121, 0, 0),
(1, 2, 122, 0, 0),
(1, 2, 123, 0, 0),
(1, 2, 124, 0, 0),
(1, 2, 125, 0, 0),
(1, 26, 126, 0, 0),
(1, 26, 127, 0, 0),
(1, 26, 128, 0, 0),
(1, 26, 129, 0, 0),
(1, 26, 130, 0, 0),
(1, 26, 131, 0, 0),
(1, 26, 132, 0, 0),
(1, 26, 133, 0, 0),
(1, 26, 134, 0, 0),
(1, 26, 135, 0, 0),
(1, 26, 136, 0, 0),
(1, 26, 137, 0, 0),
(1, 26, 138, 0, 0),
(1, 26, 139, 0, 0),
(1, 26, 140, 0, 0),
(1, 26, 141, 0, 0),
(1, 26, 142, 0, 0),
(1, 26, 143, 0, 0),
(1, 26, 144, 0, 0),
(1, 26, 145, 0, 0),
(1, 26, 146, 0, 0),
(1, 26, 147, 0, 0),
(1, 26, 148, 0, 0),
(1, 26, 149, 0, 0),
(1, 26, 150, 0, 0),
(1, 4, 151, 0, 0),
(1, 6, 152, 0, 0),
(1, 7, 153, 0, 0),
(1, 26, 154, 0, 0),
(1, 13, 155, 0, 0),
(1, 13, 156, 0, 0),
(1, 13, 157, 0, 0),
(1, 13, 158, 0, 0),
(1, 13, 159, 0, 0),
(1, 13, 160, 0, 0),
(1, 13, 161, 0, 0),
(1, 13, 162, 0, 0),
(1, 13, 163, 0, 0),
(1, 13, 164, 0, 0),
(1, 13, 165, 0, 0),
(1, 13, 166, 0, 0),
(1, 13, 167, 0, 0),
(1, 13, 168, 0, 0),
(1, 13, 169, 0, 0),
(1, 13, 170, 0, 0),
(1, 13, 171, 0, 0),
(1, 13, 172, 0, 0),
(1, 13, 173, 0, 0),
(1, 14, 174, 0, 0),
(1, 14, 175, 0, 0),
(1, 14, 176, 0, 0),
(1, 14, 177, 0, 0),
(1, 14, 178, 0, 0),
(1, 14, 179, 0, 0),
(1, 14, 180, 0, 0),
(1, 14, 181, 0, 0),
(1, 14, 182, 0, 0),
(1, 14, 183, 0, 0),
(1, 14, 184, 0, 0),
(1, 14, 185, 0, 0),
(1, 14, 186, 0, 0),
(1, 14, 187, 0, 0),
(1, 14, 188, 0, 0),
(1, 14, 189, 0, 0),
(1, 14, 190, 0, 0),
(1, 14, 191, 0, 0),
(1, 14, 192, 0, 0),
(1, 14, 193, 0, 0),
(1, 14, 194, 0, 0),
(1, 14, 195, 0, 0),
(1, 14, 196, 0, 0),
(1, 14, 197, 0, 0),
(1, 14, 198, 0, 0),
(1, 14, 199, 0, 0),
(1, 14, 200, 0, 0),
(1, 14, 201, 0, 0),
(1, 14, 202, 0, 0),
(1, 14, 203, 0, 0),
(1, 14, 204, 0, 0),
(1, 8, 205, 0, 0),
(1, 8, 206, 0, 0),
(1, 8, 207, 0, 0),
(1, 8, 208, 0, 0),
(1, 8, 209, 0, 0),
(1, 8, 210, 0, 0),
(1, 8, 211, 0, 0),
(1, 8, 212, 0, 0),
(1, 8, 213, 0, 0),
(1, 8, 214, 0, 0),
(1, 8, 215, 0, 0),
(1, 8, 216, 0, 0),
(1, 8, 217, 0, 0),
(1, 8, 218, 0, 0),
(1, 8, 219, 0, 0),
(1, 10, 220, 0, 0),
(1, 10, 221, 0, 0),
(1, 10, 222, 0, 0),
(1, 10, 223, 0, 0),
(1, 10, 224, 0, 0),
(1, 10, 225, 0, 0),
(1, 10, 226, 0, 0),
(1, 10, 227, 0, 0),
(1, 10, 228, 0, 0),
(1, 10, 229, 0, 0),
(1, 10, 230, 0, 0),
(1, 10, 231, 0, 0),
(1, 9, 232, 0, 0),
(1, 9, 233, 0, 0),
(1, 9, 234, 0, 0),
(1, 9, 235, 0, 0),
(1, 9, 236, 0, 0),
(1, 9, 237, 0, 0),
(1, 9, 238, 0, 0),
(1, 9, 239, 0, 0),
(1, 9, 240, 0, 0),
(1, 9, 241, 0, 0),
(1, 9, 242, 0, 0),
(1, 9, 243, 0, 0),
(1, 9, 244, 0, 0),
(1, 9, 245, 0, 0),
(1, 9, 246, 0, 0),
(1, 9, 247, 0, 0),
(1, 9, 248, 0, 0),
(1, 9, 249, 0, 0),
(1, 9, 250, 0, 0),
(1, 9, 251, 0, 0),
(1, 9, 252, 0, 0),
(1, 9, 253, 0, 0),
(1, 9, 254, 0, 0),
(1, 9, 255, 0, 0),
(1, 16, 256, 0, 0),
(1, 16, 257, 0, 0),
(1, 16, 258, 0, 0),
(1, 16, 259, 0, 0),
(1, 16, 260, 0, 0),
(1, 16, 261, 0, 0),
(1, 16, 262, 0, 0),
(1, 16, 263, 0, 0),
(1, 16, 264, 0, 0),
(1, 16, 265, 0, 0),
(1, 16, 266, 0, 0),
(1, 16, 267, 0, 0),
(1, 16, 268, 0, 0),
(1, 16, 269, 0, 0),
(1, 16, 270, 0, 0),
(1, 16, 271, 0, 0),
(1, 16, 272, 0, 0),
(1, 16, 273, 0, 0),
(1, 16, 274, 0, 0),
(1, 16, 275, 0, 0),
(1, 16, 276, 0, 0),
(1, 16, 277, 0, 0),
(1, 16, 278, 0, 0),
(1, 15, 279, 0, 0),
(1, 15, 280, 0, 0),
(1, 15, 281, 0, 0),
(1, 15, 282, 0, 0),
(1, 15, 283, 0, 0),
(1, 15, 284, 0, 0),
(1, 15, 285, 0, 0),
(1, 15, 286, 0, 0),
(1, 15, 287, 0, 0),
(1, 15, 288, 0, 0),
(1, 18, 289, 0, 0),
(1, 18, 290, 0, 0),
(1, 18, 291, 0, 0),
(1, 18, 292, 0, 0),
(1, 18, 293, 0, 0),
(1, 18, 294, 0, 0),
(1, 18, 295, 0, 0),
(1, 18, 296, 0, 0),
(1, 18, 297, 0, 0),
(1, 18, 298, 0, 0),
(1, 18, 299, 0, 0),
(1, 18, 300, 0, 0),
(1, 18, 301, 0, 0),
(1, 18, 302, 0, 0),
(1, 18, 303, 0, 0),
(1, 18, 304, 0, 0),
(1, 18, 305, 0, 0),
(1, 19, 306, 0, 0),
(1, 19, 307, 0, 0),
(1, 19, 308, 0, 0),
(1, 19, 309, 0, 0),
(1, 19, 310, 0, 0),
(1, 19, 311, 0, 0),
(1, 19, 312, 0, 0),
(1, 19, 313, 0, 0),
(1, 20, 314, 0, 0),
(1, 20, 315, 0, 0),
(1, 20, 316, 0, 0),
(1, 20, 317, 0, 0),
(1, 20, 318, 0, 0),
(1, 20, 319, 0, 0),
(1, 20, 320, 0, 0),
(1, 20, 321, 0, 0),
(1, 20, 322, 0, 0),
(1, 20, 323, 0, 0),
(1, 20, 324, 0, 0),
(1, 20, 325, 0, 0),
(1, 20, 326, 0, 0),
(1, 20, 327, 0, 0),
(1, 20, 328, 0, 0),
(1, 20, 329, 0, 0),
(1, 20, 330, 0, 0),
(1, 20, 331, 0, 0),
(1, 20, 332, 0, 0),
(1, 20, 333, 0, 0),
(1, 20, 334, 0, 0),
(1, 20, 335, 0, 0),
(1, 20, 336, 0, 0),
(1, 20, 337, 0, 0),
(1, 20, 338, 0, 0),
(1, 20, 339, 0, 0),
(1, 20, 340, 0, 0),
(1, 20, 341, 0, 0),
(1, 20, 342, 0, 0),
(1, 20, 343, 0, 0),
(1, 20, 344, 0, 0),
(1, 20, 345, 0, 0),
(1, 20, 346, 0, 0),
(1, 20, 347, 0, 0),
(1, 20, 348, 0, 0),
(1, 20, 349, 0, 0),
(1, 20, 350, 0, 0),
(1, 21, 351, 0, 0),
(1, 21, 352, 0, 0),
(1, 21, 353, 0, 0),
(1, 21, 354, 0, 0),
(1, 21, 355, 0, 0),
(1, 21, 356, 0, 0),
(1, 21, 357, 0, 0),
(1, 21, 358, 0, 0),
(1, 21, 359, 0, 0),
(1, 21, 360, 0, 0),
(1, 21, 361, 0, 0),
(1, 21, 362, 0, 0),
(1, 21, 363, 0, 0),
(1, 21, 364, 0, 0),
(1, 21, 365, 0, 0),
(1, 21, 366, 0, 0),
(1, 21, 367, 0, 0),
(1, 21, 368, 0, 0),
(1, 21, 369, 0, 0),
(1, 21, 370, 0, 0),
(1, 21, 371, 0, 0),
(1, 21, 372, 0, 0),
(1, 21, 373, 0, 0),
(1, 21, 374, 0, 0),
(1, 21, 375, 0, 0),
(1, 21, 376, 0, 0),
(1, 21, 377, 0, 0),
(1, 21, 378, 0, 0),
(1, 21, 379, 0, 0),
(1, 21, 380, 0, 0),
(1, 21, 381, 0, 0),
(1, 21, 382, 0, 0),
(1, 21, 383, 0, 0),
(1, 21, 384, 0, 0),
(1, 21, 385, 0, 0),
(1, 21, 386, 0, 0),
(1, 21, 387, 0, 0),
(1, 21, 388, 0, 0),
(1, 22, 389, 0, 0),
(1, 22, 390, 0, 0),
(1, 22, 391, 0, 0),
(1, 22, 392, 0, 0),
(1, 22, 393, 0, 0),
(1, 22, 394, 0, 0),
(1, 22, 395, 0, 0),
(1, 22, 396, 0, 0),
(1, 22, 397, 0, 0),
(1, 22, 398, 0, 0),
(1, 22, 399, 0, 0),
(1, 22, 400, 0, 0),
(1, 22, 401, 0, 0),
(1, 22, 402, 0, 0),
(1, 22, 403, 0, 0),
(1, 22, 404, 0, 0),
(1, 22, 405, 0, 0),
(1, 22, 406, 0, 0),
(1, 22, 407, 0, 0),
(1, 22, 408, 0, 0),
(1, 22, 409, 0, 0),
(1, 22, 410, 0, 0),
(1, 22, 411, 0, 0),
(1, 22, 412, 0, 0),
(1, 22, 413, 0, 0),
(1, 22, 414, 0, 0),
(1, 22, 415, 0, 0),
(1, 22, 416, 0, 0),
(1, 22, 417, 0, 0),
(1, 22, 418, 0, 0),
(1, 22, 419, 0, 0),
(1, 22, 420, 0, 0),
(1, 22, 421, 0, 0),
(1, 22, 422, 0, 0),
(1, 22, 423, 0, 0),
(1, 22, 424, 0, 0),
(1, 22, 425, 0, 0),
(1, 22, 426, 0, 0),
(1, 22, 427, 0, 0),
(1, 22, 428, 0, 0),
(1, 22, 429, 0, 0),
(1, 22, 430, 0, 0),
(1, 22, 431, 0, 0),
(1, 22, 432, 0, 0),
(1, 22, 433, 0, 0),
(1, 22, 434, 0, 0),
(1, 22, 435, 0, 0),
(1, 23, 436, 0, 0),
(1, 23, 437, 0, 0),
(1, 23, 438, 0, 0),
(1, 23, 439, 0, 0),
(1, 23, 440, 0, 0),
(1, 23, 441, 0, 0),
(1, 23, 442, 0, 0),
(1, 23, 443, 0, 0),
(1, 23, 444, 0, 0),
(1, 23, 445, 0, 0),
(1, 23, 446, 0, 0),
(1, 23, 447, 0, 0),
(1, 23, 448, 0, 0),
(1, 23, 449, 0, 0),
(1, 23, 450, 0, 0),
(1, 23, 451, 0, 0),
(1, 23, 452, 0, 0),
(1, 23, 453, 0, 0),
(1, 23, 454, 0, 0),
(1, 23, 455, 0, 0),
(1, 23, 456, 0, 0),
(1, 23, 457, 0, 0),
(1, 23, 458, 0, 0),
(1, 23, 459, 0, 0),
(1, 23, 460, 0, 0),
(1, 23, 461, 0, 0),
(1, 23, 462, 0, 0),
(1, 23, 463, 0, 0),
(1, 23, 464, 0, 0),
(1, 23, 465, 0, 0),
(1, 23, 466, 0, 0),
(1, 23, 467, 0, 0),
(1, 23, 468, 0, 0),
(1, 23, 469, 0, 0),
(1, 23, 470, 0, 0),
(1, 23, 471, 0, 0),
(1, 23, 472, 0, 0),
(1, 23, 473, 0, 0),
(1, 23, 474, 0, 0),
(1, 29, 475, 0, 0),
(1, 29, 479, 0, 0),
(1, 29, 480, 0, 0),
(1, 29, 482, 0, 0),
(1, 29, 489, 0, 0),
(1, 29, 490, 0, 0),
(1, 29, 491, 0, 0),
(1, 29, 492, 0, 0),
(1, 29, 493, 0, 0),
(1, 29, 495, 0, 0),
(1, 29, 496, 0, 0),
(1, 29, 497, 0, 0),
(1, 29, 498, 0, 0),
(1, 29, 499, 0, 0),
(1, 29, 504, 0, 0),
(1, 29, 505, 0, 0),
(1, 29, 506, 0, 0),
(1, 29, 507, 0, 0),
(1, 29, 515, 0, 0),
(1, 10, 520, 0, 0),
(1, 10, 521, 0, 0),
(1, 10, 522, 0, 0),
(1, 10, 523, 0, 0),
(1, 10, 524, 0, 0),
(1, 10, 525, 0, 0),
(1, 30, 526, 0, 0),
(1, 30, 527, 0, 0),
(1, 30, 528, 0, 0),
(1, 30, 529, 0, 0),
(1, 30, 530, 0, 0),
(1, 30, 531, 0, 0),
(1, 30, 532, 0, 0),
(1, 30, 533, 0, 0),
(1, 30, 534, 0, 0),
(1, 30, 535, 0, 0),
(1, 30, 536, 0, 0),
(1, 30, 537, 0, 0),
(1, 30, 538, 0, 0),
(1, 30, 539, 0, 0),
(1, 30, 540, 0, 0),
(1, 30, 541, 0, 0),
(1, 30, 542, 0, 0),
(1, 30, 543, 0, 0),
(1, 30, 544, 0, 0),
(1, 30, 545, 0, 0),
(1, 30, 546, 0, 0),
(1, 30, 547, 0, 0),
(1, 34, 548, 0, 0),
(1, 34, 549, 0, 0),
(1, 34, 550, 0, 0),
(1, 34, 551, 0, 0),
(1, 34, 552, 0, 0),
(1, 34, 553, 0, 0),
(1, 34, 554, 0, 0),
(1, 34, 555, 0, 0),
(1, 34, 556, 0, 0),
(1, 34, 557, 0, 0),
(1, 34, 558, 0, 0),
(1, 34, 559, 0, 0),
(1, 34, 560, 0, 0),
(1, 34, 561, 0, 0),
(1, 34, 562, 0, 0),
(1, 34, 563, 0, 0),
(1, 34, 564, 0, 0),
(1, 29, 565, 0, 0),
(1, 35, 566, 0, 0),
(1, 35, 567, 0, 0),
(1, 35, 568, 0, 0),
(1, 35, 569, 0, 0),
(1, 35, 570, 0, 0),
(1, 35, 571, 0, 0),
(1, 35, 572, 0, 0),
(1, 35, 573, 0, 0),
(1, 35, 574, 0, 0),
(1, 35, 575, 0, 0),
(1, 35, 576, 0, 0),
(1, 35, 577, 0, 0),
(1, 35, 578, 0, 0),
(1, 35, 579, 0, 0),
(1, 35, 580, 0, 0),
(1, 35, 581, 0, 0),
(1, 35, 582, 0, 0),
(1, 35, 583, 0, 0),
(1, 35, 584, 0, 0),
(1, 35, 585, 0, 0),
(1, 35, 586, 0, 0),
(1, 35, 587, 0, 0),
(1, 38, 588, 0, 0),
(1, 38, 589, 0, 0),
(1, 38, 590, 0, 0),
(1, 38, 591, 0, 0),
(1, 38, 592, 0, 0),
(1, 38, 593, 0, 0),
(1, 38, 594, 0, 0),
(1, 38, 595, 0, 0),
(1, 42, 596, 0, 0),
(1, 42, 597, 0, 0),
(1, 42, 598, 0, 0),
(1, 42, 599, 0, 0),
(1, 42, 600, 0, 0),
(1, 42, 601, 0, 0),
(1, 42, 602, 0, 0),
(1, 42, 603, 0, 0),
(1, 42, 604, 0, 0),
(1, 42, 605, 0, 0),
(1, 42, 606, 0, 0),
(1, 42, 607, 0, 0),
(1, 42, 608, 0, 0),
(1, 42, 609, 0, 0),
(1, 42, 610, 0, 0),
(1, 42, 611, 0, 0),
(1, 42, 612, 0, 0),
(1, 42, 613, 0, 0),
(1, 42, 614, 0, 0),
(1, 42, 615, 0, 0),
(1, 42, 616, 0, 0),
(1, 44, 617, 0, 0),
(1, 44, 618, 0, 0),
(1, 44, 619, 0, 0),
(1, 44, 620, 0, 0),
(1, 44, 621, 0, 0),
(1, 44, 622, 0, 0),
(1, 46, 623, 0, 0),
(1, 46, 624, 0, 0),
(1, 46, 625, 0, 0),
(1, 46, 626, 0, 0),
(1, 46, 627, 0, 0),
(1, 46, 628, 0, 0),
(1, 46, 629, 0, 0),
(1, 46, 630, 0, 0),
(1, 46, 631, 0, 0),
(1, 46, 632, 0, 0),
(1, 46, 633, 0, 0),
(1, 46, 634, 0, 0),
(1, 46, 635, 0, 0),
(1, 47, 636, 0, 0),
(1, 47, 637, 0, 0),
(1, 47, 638, 0, 0),
(1, 47, 639, 0, 0),
(1, 47, 640, 0, 0),
(1, 47, 641, 0, 0),
(1, 47, 642, 0, 0),
(1, 47, 643, 0, 0),
(1, 47, 644, 0, 0),
(1, 47, 645, 0, 0),
(1, 47, 646, 0, 0),
(1, 47, 647, 0, 0),
(1, 47, 648, 0, 0),
(1, 47, 649, 0, 0),
(1, 47, 650, 0, 0),
(1, 47, 651, 0, 0),
(1, 47, 652, 0, 0),
(1, 47, 653, 0, 0),
(1, 48, 654, 0, 0),
(1, 48, 655, 0, 0),
(1, 48, 656, 0, 0),
(1, 48, 657, 0, 0),
(1, 48, 658, 0, 0),
(1, 48, 659, 0, 0),
(1, 48, 660, 0, 0),
(1, 48, 661, 0, 0),
(1, 48, 662, 0, 0),
(1, 48, 663, 0, 0),
(1, 48, 664, 0, 0),
(1, 48, 665, 0, 0),
(1, 48, 666, 0, 0),
(1, 48, 667, 0, 0),
(1, 48, 668, 0, 0),
(1, 48, 669, 0, 0),
(1, 48, 670, 0, 0),
(1, 48, 671, 0, 0),
(1, 48, 672, 0, 0),
(1, 48, 673, 0, 0),
(1, 2, 674, 0, 0),
(1, 29, 675, 0, 0),
(1, 23, 676, 0, 0),
(1, 23, 677, 0, 0),
(1, 23, 678, 0, 0),
(1, 23, 679, 0, 0),
(1, 23, 680, 0, 0),
(1, 23, 681, 0, 0),
(1, 23, 682, 0, 0),
(1, 23, 683, 0, 0),
(1, 23, 684, 0, 0),
(1, 22, 685, 0, 0),
(1, 22, 686, 0, 0),
(1, 22, 687, 0, 0),
(1, 22, 688, 0, 0),
(1, 22, 689, 0, 0),
(1, 22, 690, 0, 0),
(1, 22, 691, 0, 0),
(1, 22, 692, 0, 0),
(1, 22, 693, 0, 0),
(1, 21, 694, 0, 0),
(1, 21, 695, 0, 0),
(1, 21, 696, 0, 0),
(1, 21, 697, 0, 0),
(1, 21, 698, 0, 0),
(1, 21, 699, 0, 0),
(1, 21, 700, 0, 0),
(1, 21, 701, 0, 0),
(1, 21, 702, 0, 0),
(1, 20, 703, 0, 0),
(1, 20, 704, 0, 0),
(1, 20, 705, 0, 0),
(1, 20, 706, 0, 0),
(1, 20, 707, 0, 0),
(1, 20, 708, 0, 0),
(1, 20, 709, 0, 0),
(1, 20, 710, 0, 0),
(1, 20, 711, 0, 0),
(1, 29, 712, 0, 0),
(1, 47, 713, 0, 0),
(1, 38, 714, 0, 0),
(1, 29, 715, 0, 0),
(1, 29, 716, 0, 0),
(1, 29, 717, 0, 0),
(1, 23, 718, 0, 0),
(1, 22, 719, 0, 0),
(1, 21, 720, 0, 0),
(1, 20, 721, 0, 0),
(1, 29, 722, 0, 0),
(1, 6, 723, 0, 0),
(1, 4, 724, 0, 0),
(1, 2, 725, 0, 0),
(1, 29, 726, 0, 0),
(1, 23, 727, 0, 0),
(1, 23, 728, 0, 0),
(1, 21, 729, 0, 0),
(1, 21, 730, 0, 0),
(1, 18, 731, 0, 0),
(1, 7, 732, 0, 0),
(1, 38, 733, 0, 0),
(1, 38, 734, 0, 0),
(1, 23, 735, 0, 0),
(1, 20, 736, 0, 0),
(1, 21, 737, 0, 0),
(1, 22, 738, 0, 0),
(1, 29, 739, 0, 0),
(1, 2, 740, 0, 0),
(1, 13, 741, 0, 0),
(1, 29, 742, 0, 0),
(1, 29, 743, 0, 0),
(1, 29, 744, 0, 0),
(1, 29, 745, 0, 0),
(1, 14, 772, 0, 0),
(1, 35, 773, 0, 0),
(1, 23, 774, 0, 0),
(1, 29, 775, 0, 0),
(1, 23, 776, 0, 0),
(1, 23, 777, 0, 0),
(1, 23, 778, 0, 0),
(1, 20, 779, 0, 0),
(1, 20, 780, 0, 0),
(1, 20, 781, 0, 0),
(1, 21, 782, 0, 0),
(1, 22, 783, 0, 0),
(1, 22, 784, 0, 0),
(1, 22, 785, 0, 0),
(1, 38, 786, 0, 0),
(1, 38, 787, 0, 0),
(1, 38, 788, 0, 0),
(1, 2, 789, 0, 0),
(1, 4, 790, 0, 0),
(1, 6, 791, 0, 0),
(1, 7, 792, 0, 0),
(1, 8, 793, 0, 0),
(1, 9, 794, 0, 0),
(1, 10, 795, 0, 0),
(1, 13, 796, 0, 0),
(1, 14, 797, 0, 0),
(1, 15, 798, 0, 0),
(1, 16, 799, 0, 0),
(1, 18, 800, 0, 0),
(1, 19, 801, 0, 0),
(1, 20, 802, 0, 0),
(1, 21, 803, 0, 0),
(1, 22, 804, 0, 0),
(1, 23, 805, 0, 0),
(1, 26, 806, 0, 0),
(1, 10, 807, 0, 0),
(1, 2, 808, 0, 0),
(1, 4, 809, 0, 0),
(1, 6, 810, 0, 0),
(1, 7, 811, 0, 0),
(1, 8, 812, 0, 0),
(1, 9, 813, 0, 0),
(1, 10, 814, 0, 0),
(1, 13, 815, 0, 0),
(1, 14, 816, 0, 0),
(1, 15, 817, 0, 0),
(1, 16, 818, 0, 0),
(1, 18, 819, 0, 0),
(1, 19, 820, 0, 0),
(1, 20, 821, 0, 0),
(1, 21, 822, 0, 0),
(1, 22, 823, 0, 0),
(1, 23, 824, 0, 0),
(1, 26, 825, 0, 0),
(1, 2, 826, 0, 0),
(1, 4, 827, 0, 0),
(1, 6, 828, 0, 0),
(1, 7, 829, 0, 0),
(1, 8, 830, 0, 0),
(1, 9, 831, 0, 0),
(1, 10, 832, 0, 0),
(1, 13, 833, 0, 0),
(1, 14, 834, 0, 0),
(1, 15, 835, 0, 0),
(1, 16, 836, 0, 0),
(1, 18, 837, 0, 0),
(1, 19, 838, 0, 0),
(1, 20, 839, 0, 0),
(1, 21, 840, 0, 0),
(1, 22, 841, 0, 0),
(1, 23, 842, 0, 0),
(1, 26, 843, 0, 0),
(1, 20, 844, 0, 0),
(1, 21, 845, 0, 0),
(1, 22, 846, 0, 0),
(1, 23, 847, 0, 0),
(1, 48, 848, 0, 0),
(1, 48, 849, 0, 0),
(1, 29, 850, 0, 0),
(1, 22, 851, 0, 0),
(1, 52, 852, 0, 0),
(1, 52, 853, 0, 0),
(1, 52, 854, 0, 0),
(1, 52, 856, 0, 0),
(1, 52, 858, 0, 0),
(1, 52, 860, 0, 0),
(1, 52, 862, 0, 0),
(1, 52, 864, 0, 0),
(1, 52, 866, 0, 0),
(1, 53, 867, 0, 0),
(1, 53, 868, 0, 0),
(1, 53, 869, 0, 0),
(1, 54, 870, 0, 0),
(1, 54, 871, 0, 0),
(1, 54, 872, 0, 0),
(1, 54, 873, 0, 0),
(1, 55, 874, 0, 0),
(1, 55, 875, 0, 0),
(1, 55, 876, 0, 0),
(1, 55, 877, 0, 0),
(1, 56, 878, 0, 0),
(1, 56, 879, 0, 0),
(1, 56, 880, 0, 0),
(1, 56, 881, 0, 0),
(1, 56, 882, 0, 0),
(1, 56, 883, 0, 0),
(1, 56, 884, 0, 0),
(1, 56, 885, 0, 0),
(1, 56, 886, 0, 0),
(1, 56, 887, 0, 0),
(1, 56, 888, 0, 0),
(1, 56, 889, 0, 0),
(1, 56, 891, 0, 0),
(1, 57, 892, 0, 0),
(1, 57, 893, 0, 0),
(1, 57, 894, 0, 0),
(1, 57, 895, 0, 0),
(1, 57, 896, 0, 0),
(1, 57, 897, 0, 0),
(1, 57, 898, 0, 0),
(1, 57, 899, 0, 0),
(1, 53, 900, 0, 0),
(1, 53, 901, 0, 0),
(1, 54, 902, 0, 0),
(1, 54, 903, 0, 0),
(1, 54, 904, 0, 0),
(1, 54, 905, 0, 0),
(1, 53, 906, 0, 0),
(1, 53, 907, 0, 0),
(1, 53, 908, 0, 0),
(1, 53, 909, 0, 0),
(1, 53, 910, 0, 0),
(1, 53, 911, 0, 0),
(1, 53, 912, 0, 0),
(1, 53, 913, 0, 0),
(1, 54, 914, 0, 0),
(1, 54, 915, 0, 0),
(1, 54, 916, 0, 0),
(1, 54, 917, 0, 0),
(1, 54, 918, 0, 0),
(1, 54, 919, 0, 0),
(1, 54, 920, 0, 0),
(1, 54, 921, 0, 0),
(1, 54, 922, 0, 0),
(1, 54, 923, 0, 0),
(1, 54, 924, 0, 0),
(1, 54, 925, 0, 0),
(1, 54, 926, 0, 0),
(1, 54, 927, 0, 0),
(1, 54, 928, 0, 0),
(1, 54, 929, 0, 0),
(1, 54, 930, 0, 0),
(1, 54, 931, 0, 0),
(1, 54, 932, 0, 0),
(1, 54, 933, 0, 0),
(1, 54, 934, 0, 0),
(1, 54, 935, 0, 0),
(1, 54, 936, 0, 0),
(1, 54, 937, 0, 0),
(1, 54, 938, 0, 0),
(1, 54, 939, 0, 0),
(1, 54, 940, 0, 0),
(1, 54, 941, 0, 0),
(1, 54, 942, 0, 0),
(1, 54, 943, 0, 0),
(1, 54, 944, 0, 0),
(1, 54, 945, 0, 0),
(1, 54, 946, 0, 0),
(1, 54, 947, 0, 0),
(1, 54, 948, 0, 0),
(1, 54, 949, 0, 0),
(1, 57, 950, 0, 0),
(1, 57, 951, 0, 0),
(1, 57, 952, 0, 0),
(1, 57, 953, 0, 0),
(1, 57, 954, 0, 0),
(1, 57, 955, 0, 0),
(1, 57, 956, 0, 0),
(1, 57, 957, 0, 0),
(1, 57, 958, 0, 0),
(1, 57, 959, 0, 0),
(1, 57, 960, 0, 0),
(1, 57, 961, 0, 0),
(1, 57, 962, 0, 0),
(1, 16, 964, 0, 0),
(2, 6, 1, 0, 0),
(2, 6, 2, 0, 0),
(2, 6, 3, 0, 0),
(2, 6, 4, 0, 0),
(2, 6, 5, 0, 0),
(2, 6, 6, 0, 0),
(2, 6, 7, 0, 0),
(2, 6, 8, 0, 0),
(2, 6, 9, 0, 0),
(2, 6, 10, 0, 0),
(2, 6, 11, 0, 0),
(2, 6, 12, 0, 0),
(2, 6, 13, 0, 0),
(2, 6, 14, 0, 0),
(2, 6, 15, 0, 0),
(2, 6, 16, 0, 0),
(2, 6, 17, 0, 0),
(2, 6, 18, 0, 0),
(2, 6, 19, 0, 0),
(2, 6, 20, 0, 0),
(2, 6, 21, 0, 0),
(2, 6, 22, 0, 0),
(2, 6, 23, 0, 0),
(2, 6, 24, 0, 0),
(2, 6, 25, 0, 0),
(2, 6, 26, 0, 0),
(2, 6, 27, 0, 0),
(2, 6, 28, 0, 0),
(2, 6, 29, 0, 0),
(2, 6, 30, 0, 0),
(2, 6, 31, 0, 0),
(2, 6, 32, 0, 0),
(2, 6, 33, 0, 0),
(2, 6, 34, 0, 0),
(2, 6, 35, 0, 0),
(2, 6, 36, 0, 0),
(2, 7, 37, 0, 0),
(2, 7, 38, 0, 0),
(2, 7, 39, 0, 0),
(2, 7, 40, 0, 0),
(2, 7, 41, 0, 0),
(2, 7, 42, 0, 0),
(2, 7, 43, 0, 0),
(2, 7, 44, 0, 0),
(2, 7, 45, 0, 0),
(2, 7, 46, 0, 0),
(2, 7, 47, 0, 0),
(2, 7, 48, 0, 0),
(2, 7, 49, 0, 0),
(2, 7, 50, 0, 0),
(2, 7, 51, 0, 0),
(2, 7, 52, 0, 0),
(2, 7, 53, 0, 0),
(2, 7, 54, 0, 0),
(2, 7, 55, 0, 0),
(2, 7, 56, 0, 0),
(2, 7, 57, 0, 0),
(2, 7, 58, 0, 0),
(2, 7, 59, 0, 0),
(2, 7, 60, 0, 0),
(2, 7, 61, 0, 0),
(2, 7, 62, 0, 0),
(2, 7, 63, 0, 0),
(2, 7, 64, 0, 0),
(2, 7, 65, 0, 0),
(2, 4, 66, 0, 0),
(2, 4, 67, 0, 0),
(2, 4, 68, 0, 0),
(2, 4, 69, 0, 0),
(2, 4, 70, 0, 0),
(2, 4, 71, 0, 0),
(2, 4, 72, 0, 0),
(2, 4, 73, 0, 0),
(2, 4, 74, 0, 0),
(2, 4, 75, 0, 0),
(2, 4, 76, 0, 0),
(2, 4, 77, 0, 0),
(2, 4, 78, 0, 0),
(2, 4, 79, 0, 0),
(2, 4, 80, 0, 0),
(2, 4, 81, 0, 0),
(2, 4, 82, 0, 0),
(2, 4, 83, 0, 0),
(2, 4, 84, 0, 0),
(2, 4, 85, 0, 0),
(2, 4, 86, 0, 0),
(2, 4, 87, 0, 0),
(2, 4, 88, 0, 0),
(2, 4, 89, 0, 0),
(2, 4, 90, 0, 0),
(2, 4, 91, 0, 0),
(2, 4, 92, 0, 0),
(2, 4, 93, 0, 0),
(2, 4, 94, 0, 0),
(2, 4, 95, 0, 0),
(2, 4, 96, 0, 0),
(2, 4, 97, 0, 0),
(2, 4, 98, 0, 0),
(2, 4, 99, 0, 0),
(2, 4, 100, 0, 0),
(2, 4, 101, 0, 0),
(2, 4, 102, 0, 0),
(2, 4, 103, 0, 0),
(2, 4, 104, 0, 0),
(2, 4, 105, 0, 0),
(2, 4, 106, 0, 0),
(2, 4, 107, 0, 0),
(2, 4, 108, 0, 0),
(2, 4, 109, 0, 0),
(2, 2, 110, 0, 0),
(2, 2, 111, 0, 0),
(2, 2, 112, 0, 0),
(2, 2, 113, 0, 0),
(2, 2, 114, 0, 0),
(2, 2, 115, 0, 0),
(2, 2, 116, 0, 0),
(2, 2, 117, 0, 0),
(2, 2, 118, 0, 0),
(2, 2, 119, 0, 0),
(2, 2, 120, 0, 0),
(2, 2, 121, 0, 0),
(2, 2, 122, 0, 0),
(2, 2, 123, 0, 0),
(2, 2, 124, 0, 0),
(2, 2, 125, 0, 0),
(2, 26, 126, 0, 0),
(2, 26, 127, 0, 0),
(2, 26, 128, 0, 0),
(2, 26, 129, 0, 0),
(2, 26, 130, 0, 0),
(2, 26, 131, 0, 0),
(2, 26, 132, 0, 0),
(2, 26, 133, 0, 0),
(2, 26, 134, 0, 0),
(2, 26, 135, 0, 0),
(2, 26, 136, 0, 0),
(2, 26, 137, 0, 0),
(2, 26, 138, 0, 0),
(2, 26, 139, 0, 0),
(2, 26, 140, 0, 0),
(2, 26, 141, 0, 0),
(2, 26, 142, 0, 0),
(2, 26, 143, 0, 0),
(2, 26, 144, 0, 0),
(2, 26, 145, 0, 0),
(2, 26, 146, 0, 0),
(2, 26, 147, 0, 0),
(2, 26, 148, 0, 0),
(2, 26, 149, 0, 0),
(2, 26, 150, 0, 0),
(2, 4, 151, 0, 0),
(2, 6, 152, 0, 0),
(2, 7, 153, 0, 0),
(2, 26, 154, 0, 0),
(2, 13, 155, 0, 0),
(2, 13, 156, 0, 0),
(2, 13, 157, 0, 0),
(2, 13, 158, 0, 0),
(2, 13, 159, 0, 0),
(2, 13, 160, 0, 0),
(2, 13, 161, 0, 0),
(2, 13, 162, 0, 0),
(2, 13, 163, 0, 0),
(2, 13, 164, 0, 0),
(2, 13, 165, 0, 0),
(2, 13, 166, 0, 0),
(2, 13, 167, 0, 0),
(2, 13, 168, 0, 0),
(2, 13, 169, 0, 0),
(2, 13, 170, 0, 0),
(2, 13, 171, 0, 0),
(2, 13, 172, 0, 0),
(2, 13, 173, 0, 0),
(2, 14, 174, 0, 0),
(2, 14, 175, 0, 0),
(2, 14, 176, 0, 0),
(2, 14, 177, 0, 0),
(2, 14, 178, 0, 0),
(2, 14, 179, 0, 0),
(2, 14, 180, 0, 0),
(2, 14, 181, 0, 0),
(2, 14, 182, 0, 0),
(2, 14, 183, 0, 0),
(2, 14, 184, 0, 0),
(2, 14, 185, 0, 0),
(2, 14, 186, 0, 0),
(2, 14, 187, 0, 0),
(2, 14, 188, 0, 0),
(2, 14, 189, 0, 0),
(2, 14, 190, 0, 0),
(2, 14, 191, 0, 0),
(2, 14, 192, 0, 0),
(2, 14, 193, 0, 0),
(2, 14, 194, 0, 0),
(2, 14, 195, 0, 0),
(2, 14, 196, 0, 0),
(2, 14, 197, 0, 0),
(2, 14, 198, 0, 0),
(2, 14, 199, 0, 0),
(2, 14, 200, 0, 0),
(2, 14, 201, 0, 0),
(2, 14, 202, 0, 0),
(2, 14, 203, 0, 0),
(2, 14, 204, 0, 0),
(2, 8, 205, 0, 0),
(2, 8, 206, 0, 0),
(2, 8, 207, 0, 0),
(2, 8, 208, 0, 0),
(2, 8, 209, 0, 0),
(2, 8, 210, 0, 0),
(2, 8, 211, 0, 0),
(2, 8, 212, 0, 0),
(2, 8, 213, 0, 0),
(2, 8, 214, 0, 0),
(2, 8, 215, 0, 0),
(2, 8, 216, 0, 0),
(2, 8, 217, 0, 0),
(2, 8, 218, 0, 0),
(2, 8, 219, 0, 0),
(2, 10, 220, 0, 0),
(2, 10, 221, 0, 0),
(2, 10, 222, 0, 0),
(2, 10, 223, 0, 0),
(2, 10, 224, 0, 0),
(2, 10, 225, 0, 0),
(2, 10, 226, 0, 0),
(2, 10, 227, 0, 0),
(2, 10, 228, 0, 0),
(2, 10, 229, 0, 0),
(2, 10, 230, 0, 0),
(2, 10, 231, 0, 0),
(2, 9, 232, 0, 0),
(2, 9, 233, 0, 0),
(2, 9, 234, 0, 0),
(2, 9, 235, 0, 0),
(2, 9, 236, 0, 0),
(2, 9, 237, 0, 0),
(2, 9, 238, 0, 0),
(2, 9, 239, 0, 0),
(2, 9, 240, 0, 0),
(2, 9, 241, 0, 0),
(2, 9, 242, 0, 0),
(2, 9, 243, 0, 0),
(2, 9, 244, 0, 0),
(2, 9, 245, 0, 0),
(2, 9, 246, 0, 0),
(2, 9, 247, 0, 0),
(2, 9, 248, 0, 0),
(2, 9, 249, 0, 0),
(2, 9, 250, 0, 0),
(2, 9, 251, 0, 0),
(2, 9, 252, 0, 0),
(2, 9, 253, 0, 0),
(2, 9, 254, 0, 0),
(2, 9, 255, 0, 0),
(2, 16, 256, 0, 0),
(2, 16, 257, 0, 0),
(2, 16, 258, 0, 0),
(2, 16, 259, 0, 0),
(2, 16, 260, 0, 0),
(2, 16, 261, 0, 0),
(2, 16, 262, 0, 0),
(2, 16, 263, 0, 0),
(2, 16, 264, 0, 0),
(2, 16, 265, 0, 0),
(2, 16, 266, 0, 0),
(2, 16, 267, 0, 0),
(2, 16, 268, 0, 0),
(2, 16, 269, 0, 0),
(2, 16, 270, 0, 0),
(2, 16, 271, 0, 0),
(2, 16, 272, 0, 0),
(2, 16, 273, 0, 0),
(2, 16, 274, 0, 0),
(2, 16, 275, 0, 0),
(2, 16, 276, 0, 0),
(2, 16, 277, 0, 0),
(2, 16, 278, 0, 0),
(2, 15, 279, 0, 0),
(2, 15, 280, 0, 0),
(2, 15, 281, 0, 0),
(2, 15, 282, 0, 0),
(2, 15, 283, 0, 0),
(2, 15, 284, 0, 0),
(2, 15, 285, 0, 0),
(2, 15, 286, 0, 0),
(2, 15, 287, 0, 0),
(2, 15, 288, 0, 0),
(2, 18, 289, 0, 0),
(2, 18, 290, 0, 0),
(2, 18, 291, 0, 0),
(2, 18, 292, 0, 0),
(2, 18, 293, 0, 0),
(2, 18, 294, 0, 0),
(2, 18, 295, 0, 0),
(2, 18, 296, 0, 0),
(2, 18, 297, 0, 0),
(2, 18, 298, 0, 0),
(2, 18, 299, 0, 0),
(2, 18, 300, 0, 0),
(2, 18, 301, 0, 0),
(2, 18, 302, 0, 0),
(2, 18, 303, 0, 0),
(2, 18, 304, 0, 0),
(2, 18, 305, 0, 0),
(2, 19, 306, 0, 0),
(2, 19, 307, 0, 0),
(2, 19, 308, 0, 0),
(2, 19, 309, 0, 0),
(2, 19, 310, 0, 0),
(2, 19, 311, 0, 0),
(2, 19, 312, 0, 0),
(2, 19, 313, 0, 0),
(2, 20, 314, 0, 0),
(2, 20, 315, 0, 0),
(2, 20, 316, 0, 0),
(2, 20, 317, 0, 0),
(2, 20, 318, 0, 0),
(2, 20, 319, 0, 0),
(2, 20, 320, 0, 0),
(2, 20, 321, 0, 0),
(2, 20, 322, 0, 0),
(2, 20, 323, 0, 0),
(2, 20, 324, 0, 0),
(2, 20, 325, 0, 0),
(2, 20, 326, 0, 0),
(2, 20, 327, 0, 0),
(2, 20, 328, 0, 0),
(2, 20, 329, 0, 0),
(2, 20, 330, 0, 0),
(2, 20, 331, 0, 0),
(2, 20, 332, 0, 0),
(2, 20, 333, 0, 0),
(2, 20, 334, 0, 0),
(2, 20, 335, 0, 0),
(2, 20, 336, 0, 0),
(2, 20, 337, 0, 0),
(2, 20, 338, 0, 0),
(2, 20, 339, 0, 0),
(2, 20, 340, 0, 0),
(2, 20, 341, 0, 0),
(2, 20, 342, 0, 0),
(2, 20, 343, 0, 0),
(2, 20, 344, 0, 0),
(2, 20, 345, 0, 0),
(2, 20, 346, 0, 0),
(2, 20, 347, 0, 0),
(2, 20, 348, 0, 0),
(2, 20, 349, 0, 0),
(2, 20, 350, 0, 0),
(2, 21, 351, 0, 0),
(2, 21, 352, 0, 0),
(2, 21, 353, 0, 0),
(2, 21, 354, 0, 0),
(2, 21, 355, 0, 0),
(2, 21, 356, 0, 0),
(2, 21, 357, 0, 0),
(2, 21, 358, 0, 0),
(2, 21, 359, 0, 0),
(2, 21, 360, 0, 0),
(2, 21, 361, 0, 0),
(2, 21, 362, 0, 0),
(2, 21, 363, 0, 0),
(2, 21, 364, 0, 0),
(2, 21, 365, 0, 0),
(2, 21, 366, 0, 0),
(2, 21, 367, 0, 0),
(2, 21, 368, 0, 0),
(2, 21, 369, 0, 0),
(2, 21, 370, 0, 0),
(2, 21, 371, 0, 0),
(2, 21, 372, 0, 0),
(2, 21, 373, 0, 0),
(2, 21, 374, 0, 0),
(2, 21, 375, 0, 0),
(2, 21, 376, 0, 0),
(2, 21, 377, 0, 0),
(2, 21, 378, 0, 0),
(2, 21, 379, 0, 0),
(2, 21, 380, 0, 0),
(2, 21, 381, 0, 0),
(2, 21, 382, 0, 0),
(2, 21, 383, 0, 0),
(2, 21, 384, 0, 0),
(2, 21, 385, 0, 0),
(2, 21, 386, 0, 0),
(2, 21, 387, 0, 0),
(2, 21, 388, 0, 0),
(2, 22, 389, 0, 0),
(2, 22, 390, 0, 0),
(2, 22, 391, 0, 0),
(2, 22, 392, 0, 0),
(2, 22, 393, 0, 0),
(2, 22, 394, 0, 0),
(2, 22, 395, 0, 0),
(2, 22, 396, 0, 0),
(2, 22, 397, 0, 0),
(2, 22, 398, 0, 0),
(2, 22, 399, 0, 0),
(2, 22, 400, 0, 0),
(2, 22, 401, 0, 0),
(2, 22, 402, 0, 0),
(2, 22, 403, 0, 0),
(2, 22, 404, 0, 0),
(2, 22, 405, 0, 0),
(2, 22, 406, 0, 0),
(2, 22, 407, 0, 0),
(2, 22, 408, 0, 0),
(2, 22, 409, 0, 0),
(2, 22, 410, 0, 0),
(2, 22, 411, 0, 0),
(2, 22, 412, 0, 0),
(2, 22, 413, 0, 0),
(2, 22, 414, 0, 0),
(2, 22, 415, 0, 0),
(2, 22, 416, 0, 0),
(2, 22, 417, 0, 0),
(2, 22, 418, 0, 0),
(2, 22, 419, 0, 0),
(2, 22, 420, 0, 0),
(2, 22, 421, 0, 0),
(2, 22, 422, 0, 0),
(2, 22, 423, 0, 0),
(2, 22, 424, 0, 0),
(2, 22, 425, 0, 0),
(2, 22, 426, 0, 0),
(2, 22, 427, 0, 0),
(2, 22, 428, 0, 0),
(2, 22, 429, 0, 0),
(2, 22, 430, 0, 0),
(2, 22, 431, 0, 0),
(2, 22, 432, 0, 0),
(2, 22, 433, 0, 0),
(2, 22, 434, 0, 0),
(2, 22, 435, 0, 0),
(2, 23, 436, 0, 0),
(2, 23, 437, 0, 0),
(2, 23, 438, 0, 0),
(2, 23, 439, 0, 0),
(2, 23, 440, 0, 0),
(2, 23, 441, 0, 0),
(2, 23, 442, 0, 0),
(2, 23, 443, 0, 0),
(2, 23, 444, 0, 0),
(2, 23, 445, 0, 0),
(2, 23, 446, 0, 0),
(2, 23, 447, 0, 0),
(2, 23, 448, 0, 0),
(2, 23, 449, 0, 0),
(2, 23, 450, 0, 0),
(2, 23, 451, 0, 0),
(2, 23, 452, 0, 0),
(2, 23, 453, 0, 0),
(2, 23, 454, 0, 0),
(2, 23, 455, 0, 0),
(2, 23, 456, 0, 0),
(2, 23, 457, 0, 0),
(2, 23, 458, 0, 0),
(2, 23, 459, 0, 0),
(2, 23, 460, 0, 0),
(2, 23, 461, 0, 0),
(2, 23, 462, 0, 0),
(2, 23, 463, 0, 0),
(2, 23, 464, 0, 0),
(2, 23, 465, 0, 0),
(2, 23, 466, 0, 0),
(2, 23, 467, 0, 0),
(2, 23, 468, 0, 0),
(2, 23, 469, 0, 0),
(2, 23, 470, 0, 0),
(2, 23, 471, 0, 0),
(2, 23, 472, 0, 0),
(2, 23, 473, 0, 0),
(2, 23, 474, 0, 0),
(2, 29, 475, 0, 0),
(2, 29, 479, 0, 0),
(2, 29, 480, 0, 0),
(2, 29, 482, 0, 0),
(2, 29, 489, 0, 0),
(2, 29, 490, 0, 0),
(2, 29, 491, 0, 0),
(2, 29, 492, 0, 0),
(2, 29, 493, 0, 0),
(2, 29, 495, 0, 0),
(2, 29, 496, 0, 0),
(2, 29, 497, 0, 0),
(2, 29, 498, 0, 0),
(2, 29, 499, 0, 0),
(2, 29, 504, 0, 0),
(2, 29, 505, 0, 0),
(2, 29, 506, 0, 0),
(2, 29, 507, 0, 0),
(2, 29, 515, 0, 0),
(2, 10, 520, 0, 0),
(2, 10, 521, 0, 0),
(2, 10, 522, 0, 0),
(2, 10, 523, 0, 0),
(2, 10, 524, 0, 0),
(2, 10, 525, 0, 0),
(2, 30, 526, 0, 0),
(2, 30, 527, 0, 0),
(2, 30, 528, 0, 0),
(2, 30, 529, 0, 0),
(2, 30, 530, 0, 0),
(2, 30, 531, 0, 0),
(2, 30, 532, 0, 0),
(2, 30, 533, 0, 0),
(2, 30, 534, 0, 0),
(2, 30, 535, 0, 0),
(2, 30, 536, 0, 0),
(2, 30, 537, 0, 0),
(2, 30, 538, 0, 0),
(2, 30, 539, 0, 0),
(2, 30, 540, 0, 0),
(2, 30, 541, 0, 0),
(2, 30, 542, 0, 0),
(2, 30, 543, 0, 0),
(2, 30, 544, 0, 0),
(2, 30, 545, 0, 0),
(2, 30, 546, 0, 0),
(2, 30, 547, 0, 0),
(2, 34, 548, 0, 0),
(2, 34, 549, 0, 0),
(2, 34, 550, 0, 0),
(2, 34, 551, 0, 0),
(2, 34, 552, 0, 0),
(2, 34, 553, 0, 0),
(2, 34, 554, 0, 0),
(2, 34, 555, 0, 0),
(2, 34, 556, 0, 0),
(2, 34, 557, 0, 0),
(2, 34, 558, 0, 0),
(2, 34, 559, 0, 0),
(2, 34, 560, 0, 0),
(2, 34, 561, 0, 0),
(2, 34, 562, 0, 0),
(2, 34, 563, 0, 0),
(2, 34, 564, 0, 0),
(2, 29, 565, 0, 0),
(2, 35, 566, 0, 0),
(2, 35, 567, 0, 0),
(2, 35, 568, 0, 0),
(2, 35, 569, 0, 0),
(2, 35, 570, 0, 0),
(2, 35, 571, 0, 0),
(2, 35, 572, 0, 0),
(2, 35, 573, 0, 0),
(2, 35, 574, 0, 0),
(2, 35, 575, 0, 0),
(2, 35, 576, 0, 0),
(2, 35, 577, 0, 0),
(2, 35, 578, 0, 0),
(2, 35, 579, 0, 0),
(2, 35, 580, 0, 0),
(2, 35, 581, 0, 0),
(2, 35, 582, 0, 0),
(2, 35, 583, 0, 0),
(2, 35, 584, 0, 0),
(2, 35, 585, 0, 0),
(2, 35, 586, 0, 0),
(2, 35, 587, 0, 0),
(2, 38, 588, 0, 0),
(2, 38, 589, 0, 0),
(2, 38, 590, 0, 0),
(2, 38, 591, 0, 0),
(2, 38, 592, 0, 0),
(2, 38, 593, 0, 0),
(2, 38, 594, 0, 0),
(2, 38, 595, 0, 0),
(2, 42, 596, 0, 0),
(2, 42, 597, 0, 0),
(2, 42, 598, 0, 0),
(2, 42, 599, 0, 0),
(2, 42, 600, 0, 0),
(2, 42, 601, 0, 0),
(2, 42, 602, 0, 0),
(2, 42, 603, 0, 0),
(2, 42, 604, 0, 0),
(2, 42, 605, 0, 0),
(2, 42, 606, 0, 0),
(2, 42, 607, 0, 0),
(2, 42, 608, 0, 0),
(2, 42, 609, 0, 0),
(2, 42, 610, 0, 0),
(2, 42, 611, 0, 0),
(2, 42, 612, 0, 0),
(2, 42, 613, 0, 0),
(2, 42, 614, 0, 0),
(2, 42, 615, 0, 0),
(2, 42, 616, 0, 0),
(2, 44, 617, 0, 0),
(2, 44, 618, 0, 0),
(2, 44, 619, 0, 0),
(2, 44, 620, 0, 0),
(2, 44, 621, 0, 0),
(2, 44, 622, 0, 0),
(2, 46, 623, 0, 0),
(2, 46, 624, 0, 0),
(2, 46, 625, 0, 0),
(2, 46, 626, 0, 0),
(2, 46, 627, 0, 0),
(2, 46, 628, 0, 0),
(2, 46, 629, 0, 0),
(2, 46, 630, 0, 0),
(2, 46, 631, 0, 0),
(2, 46, 632, 0, 0),
(2, 46, 633, 0, 0),
(2, 46, 634, 0, 0),
(2, 46, 635, 0, 0),
(2, 47, 636, 0, 0),
(2, 47, 637, 0, 0),
(2, 47, 638, 0, 0),
(2, 47, 639, 0, 0),
(2, 47, 640, 0, 0),
(2, 47, 641, 0, 0),
(2, 47, 642, 0, 0),
(2, 47, 643, 0, 0),
(2, 47, 644, 0, 0),
(2, 47, 645, 0, 0),
(2, 47, 646, 0, 0),
(2, 47, 647, 0, 0),
(2, 47, 648, 0, 0),
(2, 47, 649, 0, 0),
(2, 47, 650, 0, 0),
(2, 47, 651, 0, 0),
(2, 47, 652, 0, 0),
(2, 47, 653, 0, 0),
(2, 48, 654, 0, 0),
(2, 48, 655, 0, 0),
(2, 48, 656, 0, 0),
(2, 48, 657, 0, 0),
(2, 48, 658, 0, 0),
(2, 48, 659, 0, 0),
(2, 48, 660, 0, 0),
(2, 48, 661, 0, 0),
(2, 48, 662, 0, 0),
(2, 48, 663, 0, 0),
(2, 48, 664, 0, 0),
(2, 48, 665, 0, 0),
(2, 48, 666, 0, 0),
(2, 48, 667, 0, 0),
(2, 48, 668, 0, 0),
(2, 48, 669, 0, 0),
(2, 48, 670, 0, 0),
(2, 48, 671, 0, 0),
(2, 48, 672, 0, 0),
(2, 48, 673, 0, 0),
(2, 2, 674, 0, 0),
(2, 29, 675, 0, 0),
(2, 23, 676, 0, 0),
(2, 23, 677, 0, 0),
(2, 23, 678, 0, 0),
(2, 23, 679, 0, 0),
(2, 23, 680, 0, 0),
(2, 23, 681, 0, 0),
(2, 23, 682, 0, 0),
(2, 23, 683, 0, 0),
(2, 23, 684, 0, 0),
(2, 22, 685, 0, 0),
(2, 22, 686, 0, 0),
(2, 22, 687, 0, 0),
(2, 22, 688, 0, 0),
(2, 22, 689, 0, 0),
(2, 22, 690, 0, 0),
(2, 22, 691, 0, 0),
(2, 22, 692, 0, 0),
(2, 22, 693, 0, 0),
(2, 21, 694, 0, 0),
(2, 21, 695, 0, 0),
(2, 21, 696, 0, 0),
(2, 21, 697, 0, 0),
(2, 21, 698, 0, 0),
(2, 21, 699, 0, 0),
(2, 21, 700, 0, 0),
(2, 21, 701, 0, 0),
(2, 21, 702, 0, 0),
(2, 20, 703, 0, 0),
(2, 20, 704, 0, 0),
(2, 20, 705, 0, 0),
(2, 20, 706, 0, 0),
(2, 20, 707, 0, 0),
(2, 20, 708, 0, 0),
(2, 20, 709, 0, 0),
(2, 20, 710, 0, 0),
(2, 20, 711, 0, 0),
(2, 29, 712, 0, 0),
(2, 47, 713, 0, 0),
(2, 38, 714, 0, 0),
(2, 29, 715, 0, 0),
(2, 29, 716, 0, 0),
(2, 29, 717, 0, 0),
(2, 23, 718, 0, 0),
(2, 22, 719, 0, 0),
(2, 21, 720, 0, 0),
(2, 20, 721, 0, 0),
(2, 29, 722, 0, 0),
(2, 6, 723, 0, 0),
(2, 4, 724, 0, 0),
(2, 2, 725, 0, 0),
(2, 29, 726, 0, 0),
(2, 23, 727, 0, 0),
(2, 23, 728, 0, 0),
(2, 21, 729, 0, 0),
(2, 21, 730, 0, 0),
(2, 18, 731, 0, 0),
(2, 7, 732, 0, 0),
(2, 38, 733, 0, 0),
(2, 38, 734, 0, 0),
(2, 23, 735, 0, 0),
(2, 20, 736, 0, 0),
(2, 21, 737, 0, 0),
(2, 22, 738, 0, 0),
(2, 29, 739, 0, 0),
(2, 2, 740, 0, 0),
(2, 13, 741, 0, 0),
(2, 29, 742, 0, 0),
(2, 29, 743, 0, 0),
(2, 29, 744, 0, 0),
(2, 29, 745, 0, 0),
(2, 14, 772, 0, 0),
(2, 35, 773, 0, 0),
(2, 23, 774, 0, 0),
(2, 29, 775, 0, 0),
(2, 23, 776, 0, 0),
(2, 23, 777, 0, 0),
(2, 23, 778, 0, 0),
(2, 20, 779, 0, 0),
(2, 20, 780, 0, 0),
(2, 20, 781, 0, 0),
(2, 21, 782, 0, 0),
(2, 22, 783, 0, 0),
(2, 22, 784, 0, 0),
(2, 22, 785, 0, 0),
(2, 38, 786, 0, 0),
(2, 38, 787, 0, 0),
(2, 38, 788, 0, 0),
(2, 2, 789, 0, 0),
(2, 4, 790, 0, 0),
(2, 6, 791, 0, 0),
(2, 7, 792, 0, 0),
(2, 8, 793, 0, 0),
(2, 9, 794, 0, 0),
(2, 10, 795, 0, 0),
(2, 13, 796, 0, 0),
(2, 14, 797, 0, 0),
(2, 15, 798, 0, 0),
(2, 16, 799, 0, 0),
(2, 18, 800, 0, 0),
(2, 19, 801, 0, 0),
(2, 20, 802, 0, 0),
(2, 21, 803, 0, 0),
(2, 22, 804, 0, 0),
(2, 23, 805, 0, 0),
(2, 26, 806, 0, 0),
(2, 10, 807, 0, 0),
(2, 2, 808, 0, 0),
(2, 4, 809, 0, 0),
(2, 6, 810, 0, 0),
(2, 7, 811, 0, 0),
(2, 8, 812, 0, 0),
(2, 9, 813, 0, 0),
(2, 10, 814, 0, 0),
(2, 13, 815, 0, 0),
(2, 14, 816, 0, 0),
(2, 15, 817, 0, 0),
(2, 16, 818, 0, 0),
(2, 18, 819, 0, 0),
(2, 19, 820, 0, 0),
(2, 20, 821, 0, 0),
(2, 21, 822, 0, 0),
(2, 22, 823, 0, 0),
(2, 23, 824, 0, 0),
(2, 26, 825, 0, 0),
(2, 2, 826, 0, 0),
(2, 4, 827, 0, 0),
(2, 6, 828, 0, 0),
(2, 7, 829, 0, 0),
(2, 8, 830, 0, 0),
(2, 9, 831, 0, 0),
(2, 10, 832, 0, 0),
(2, 13, 833, 0, 0),
(2, 14, 834, 0, 0),
(2, 15, 835, 0, 0),
(2, 16, 836, 0, 0),
(2, 18, 837, 0, 0),
(2, 19, 838, 0, 0),
(2, 20, 839, 0, 0),
(2, 21, 840, 0, 0),
(2, 22, 841, 0, 0),
(2, 23, 842, 0, 0),
(2, 26, 843, 0, 0),
(2, 20, 844, 0, 0),
(2, 21, 845, 0, 0),
(2, 22, 846, 0, 0),
(2, 23, 847, 0, 0),
(2, 48, 848, 0, 0),
(2, 48, 849, 0, 0),
(2, 29, 850, 0, 0),
(2, 22, 851, 0, 0),
(2, 52, 852, 0, 0),
(2, 52, 853, 0, 0),
(2, 52, 854, 0, 0),
(2, 52, 856, 0, 0),
(2, 52, 858, 0, 0),
(2, 52, 860, 0, 0),
(2, 52, 862, 0, 0),
(2, 52, 864, 0, 0),
(2, 52, 866, 0, 0),
(2, 53, 867, 0, 0),
(2, 53, 868, 0, 0),
(2, 53, 869, 0, 0),
(2, 54, 870, 0, 0),
(2, 54, 871, 0, 0),
(2, 54, 872, 0, 0),
(2, 54, 873, 0, 0),
(2, 55, 874, 0, 0),
(2, 55, 875, 0, 0),
(2, 55, 876, 0, 0),
(2, 55, 877, 0, 0),
(2, 56, 878, 0, 0),
(2, 56, 879, 0, 0),
(2, 56, 880, 0, 0),
(2, 56, 881, 0, 0),
(2, 56, 882, 0, 0),
(2, 56, 883, 0, 0),
(2, 56, 884, 0, 0),
(2, 56, 885, 0, 0),
(2, 56, 886, 0, 0),
(2, 56, 887, 0, 0),
(2, 56, 888, 0, 0),
(2, 56, 889, 0, 0),
(2, 56, 891, 0, 0),
(2, 57, 892, 0, 0),
(2, 57, 893, 0, 0),
(2, 57, 894, 0, 0),
(2, 57, 895, 0, 0),
(2, 57, 896, 0, 0),
(2, 57, 897, 0, 0),
(2, 57, 898, 0, 0),
(2, 57, 899, 0, 0),
(2, 53, 900, 0, 0),
(2, 53, 901, 0, 0),
(2, 54, 902, 0, 0),
(2, 54, 903, 0, 0),
(2, 54, 904, 0, 0),
(2, 54, 905, 0, 0),
(2, 53, 906, 0, 0),
(2, 53, 907, 0, 0),
(2, 53, 908, 0, 0),
(2, 53, 909, 0, 0),
(2, 53, 910, 0, 0),
(2, 53, 911, 0, 0),
(2, 53, 912, 0, 0),
(2, 53, 913, 0, 0),
(2, 54, 914, 0, 0),
(2, 54, 915, 0, 0),
(2, 54, 916, 0, 0),
(2, 54, 917, 0, 0),
(2, 54, 918, 0, 0),
(2, 54, 919, 0, 0),
(2, 54, 920, 0, 0),
(2, 54, 921, 0, 0),
(2, 54, 922, 0, 0),
(2, 54, 923, 0, 0),
(2, 54, 924, 0, 0),
(2, 54, 925, 0, 0),
(2, 54, 926, 0, 0),
(2, 54, 927, 0, 0),
(2, 54, 928, 0, 0),
(2, 54, 929, 0, 0),
(2, 54, 930, 0, 0),
(2, 54, 931, 0, 0),
(2, 54, 932, 0, 0),
(2, 54, 933, 0, 0),
(2, 54, 934, 0, 0),
(2, 54, 935, 0, 0),
(2, 54, 936, 0, 0),
(2, 54, 937, 0, 0),
(2, 54, 938, 0, 0),
(2, 54, 939, 0, 0),
(2, 54, 940, 0, 0),
(2, 54, 941, 0, 0),
(2, 54, 942, 0, 0),
(2, 54, 943, 0, 0),
(2, 54, 944, 0, 0),
(2, 54, 945, 0, 0),
(2, 54, 946, 0, 0),
(2, 54, 947, 0, 0),
(2, 54, 948, 0, 0),
(2, 54, 949, 0, 0),
(2, 57, 950, 0, 0),
(2, 57, 951, 0, 0),
(2, 57, 952, 0, 0),
(2, 57, 953, 0, 0),
(2, 57, 954, 0, 0),
(2, 57, 955, 0, 0),
(2, 57, 956, 0, 0),
(2, 57, 957, 0, 0),
(2, 57, 958, 0, 0),
(2, 57, 959, 0, 0),
(2, 57, 960, 0, 0),
(2, 57, 961, 0, 0),
(2, 57, 962, 0, 0),
(2, 16, 964, 0, 0),
(3, 6, 1, 0, 0),
(3, 6, 2, 0, 0),
(3, 6, 3, 0, 0),
(3, 6, 4, 0, 0),
(3, 6, 5, 0, 0),
(3, 6, 6, 0, 0),
(3, 6, 7, 0, 0),
(3, 6, 8, 0, 0),
(3, 6, 9, 0, 0),
(3, 6, 10, 0, 0),
(3, 6, 11, 0, 0),
(3, 6, 12, 0, 0),
(3, 6, 13, 0, 0),
(3, 6, 14, 0, 0),
(3, 6, 15, 0, 0),
(3, 6, 16, 0, 0),
(3, 6, 17, 0, 0),
(3, 6, 18, 0, 0),
(3, 6, 19, 0, 0),
(3, 6, 20, 0, 0),
(3, 6, 21, 0, 0),
(3, 6, 22, 0, 0),
(3, 6, 23, 0, 0),
(3, 6, 24, 0, 0),
(3, 6, 25, 0, 0),
(3, 6, 26, 0, 0),
(3, 6, 27, 0, 0),
(3, 6, 28, 0, 0),
(3, 6, 29, 0, 0),
(3, 6, 30, 0, 0),
(3, 6, 31, 0, 0),
(3, 6, 32, 0, 0),
(3, 6, 33, 0, 0),
(3, 6, 34, 0, 0),
(3, 6, 35, 0, 0),
(3, 6, 36, 0, 0),
(3, 7, 37, 0, 0),
(3, 7, 38, 0, 0),
(3, 7, 39, 0, 0),
(3, 7, 40, 0, 0),
(3, 7, 41, 0, 0),
(3, 7, 42, 0, 0),
(3, 7, 43, 0, 0),
(3, 7, 44, 0, 0),
(3, 7, 45, 0, 0),
(3, 7, 46, 0, 0),
(3, 7, 47, 0, 0),
(3, 7, 48, 0, 0),
(3, 7, 49, 0, 0),
(3, 7, 50, 0, 0),
(3, 7, 51, 0, 0),
(3, 7, 52, 0, 0),
(3, 7, 53, 0, 0),
(3, 7, 54, 0, 0),
(3, 7, 55, 0, 0),
(3, 7, 56, 0, 0),
(3, 7, 57, 0, 0),
(3, 7, 58, 0, 0),
(3, 7, 59, 0, 0),
(3, 7, 60, 0, 0),
(3, 7, 61, 0, 0),
(3, 7, 62, 0, 0),
(3, 7, 63, 0, 0),
(3, 7, 64, 0, 0),
(3, 7, 65, 0, 0),
(3, 4, 66, 0, 0),
(3, 4, 67, 0, 0),
(3, 4, 68, 0, 0),
(3, 4, 69, 0, 0),
(3, 4, 70, 0, 0),
(3, 4, 71, 0, 0),
(3, 4, 72, 0, 0),
(3, 4, 73, 0, 0),
(3, 4, 74, 0, 0),
(3, 4, 75, 0, 0),
(3, 4, 76, 0, 0),
(3, 4, 77, 0, 0),
(3, 4, 78, 0, 0),
(3, 4, 79, 0, 0),
(3, 4, 80, 0, 0),
(3, 4, 81, 0, 0),
(3, 4, 82, 0, 0),
(3, 4, 83, 0, 0),
(3, 4, 84, 0, 0),
(3, 4, 85, 0, 0),
(3, 4, 86, 0, 0),
(3, 4, 87, 0, 0),
(3, 4, 88, 0, 0),
(3, 4, 89, 0, 0),
(3, 4, 90, 0, 0),
(3, 4, 91, 0, 0),
(3, 4, 92, 0, 0),
(3, 4, 93, 0, 0),
(3, 4, 94, 0, 0),
(3, 4, 95, 0, 0),
(3, 4, 96, 0, 0),
(3, 4, 97, 0, 0),
(3, 4, 98, 0, 0),
(3, 4, 99, 0, 0),
(3, 4, 100, 0, 0),
(3, 4, 101, 0, 0),
(3, 4, 102, 0, 0),
(3, 4, 103, 0, 0),
(3, 4, 104, 0, 0),
(3, 4, 105, 0, 0),
(3, 4, 106, 0, 0),
(3, 4, 107, 0, 0),
(3, 4, 108, 0, 0),
(3, 4, 109, 0, 0),
(3, 2, 110, 0, 0),
(3, 2, 111, 0, 0),
(3, 2, 112, 0, 0),
(3, 2, 113, 0, 0),
(3, 2, 114, 0, 0),
(3, 2, 115, 0, 0),
(3, 2, 116, 0, 0),
(3, 2, 117, 0, 0),
(3, 2, 118, 0, 0),
(3, 2, 119, 0, 0),
(3, 2, 120, 0, 0),
(3, 2, 121, 0, 0),
(3, 2, 122, 0, 0),
(3, 2, 123, 0, 0),
(3, 2, 124, 0, 0),
(3, 2, 125, 0, 0),
(3, 26, 126, 0, 0),
(3, 26, 127, 0, 0),
(3, 26, 128, 0, 0),
(3, 26, 129, 0, 0),
(3, 26, 130, 0, 0),
(3, 26, 131, 0, 0),
(3, 26, 132, 0, 0),
(3, 26, 133, 0, 0),
(3, 26, 134, 0, 0),
(3, 26, 135, 0, 0),
(3, 26, 136, 0, 0),
(3, 26, 137, 0, 0),
(3, 26, 138, 0, 0),
(3, 26, 139, 0, 0),
(3, 26, 140, 0, 0),
(3, 26, 141, 0, 0),
(3, 26, 142, 0, 0),
(3, 26, 143, 0, 0),
(3, 26, 144, 0, 0),
(3, 26, 145, 0, 0),
(3, 26, 146, 0, 0),
(3, 26, 147, 0, 0),
(3, 26, 148, 0, 0),
(3, 26, 149, 0, 0),
(3, 26, 150, 0, 0),
(3, 4, 151, 0, 0),
(3, 6, 152, 0, 0),
(3, 7, 153, 0, 0),
(3, 26, 154, 0, 0),
(3, 13, 155, 0, 0),
(3, 13, 156, 0, 0),
(3, 13, 157, 0, 0),
(3, 13, 158, 0, 0),
(3, 13, 159, 0, 0),
(3, 13, 160, 0, 0),
(3, 13, 161, 0, 0),
(3, 13, 162, 0, 0),
(3, 13, 163, 0, 0),
(3, 13, 164, 0, 0),
(3, 13, 165, 0, 0),
(3, 13, 166, 0, 0),
(3, 13, 167, 0, 0),
(3, 13, 168, 0, 0),
(3, 13, 169, 0, 0),
(3, 13, 170, 0, 0),
(3, 13, 171, 0, 0),
(3, 13, 172, 0, 0),
(3, 13, 173, 0, 0),
(3, 14, 174, 0, 0),
(3, 14, 175, 0, 0),
(3, 14, 176, 0, 0),
(3, 14, 177, 0, 0),
(3, 14, 178, 0, 0),
(3, 14, 179, 0, 0),
(3, 14, 180, 0, 0),
(3, 14, 181, 0, 0),
(3, 14, 182, 0, 0),
(3, 14, 183, 0, 0),
(3, 14, 184, 0, 0),
(3, 14, 185, 0, 0),
(3, 14, 186, 0, 0),
(3, 14, 187, 0, 0),
(3, 14, 188, 0, 0),
(3, 14, 189, 0, 0),
(3, 14, 190, 0, 0),
(3, 14, 191, 0, 0),
(3, 14, 192, 0, 0),
(3, 14, 193, 0, 0),
(3, 14, 194, 0, 0),
(3, 14, 195, 0, 0),
(3, 14, 196, 0, 0),
(3, 14, 197, 0, 0),
(3, 14, 198, 0, 0),
(3, 14, 199, 0, 0),
(3, 14, 200, 0, 0),
(3, 14, 201, 0, 0),
(3, 14, 202, 0, 0),
(3, 14, 203, 0, 0),
(3, 14, 204, 0, 0),
(3, 8, 205, 0, 0),
(3, 8, 206, 0, 0),
(3, 8, 207, 0, 0),
(3, 8, 208, 0, 0),
(3, 8, 209, 0, 0),
(3, 8, 210, 0, 0),
(3, 8, 211, 0, 0),
(3, 8, 212, 0, 0),
(3, 8, 213, 0, 0),
(3, 8, 214, 0, 0),
(3, 8, 215, 0, 0),
(3, 8, 216, 0, 0),
(3, 8, 217, 0, 0),
(3, 8, 218, 0, 0),
(3, 8, 219, 0, 0),
(3, 10, 220, 0, 0),
(3, 10, 221, 0, 0),
(3, 10, 222, 0, 0),
(3, 10, 223, 0, 0),
(3, 10, 224, 0, 0),
(3, 10, 225, 0, 0),
(3, 10, 226, 0, 0),
(3, 10, 227, 0, 0),
(3, 10, 228, 0, 0),
(3, 10, 229, 0, 0),
(3, 10, 230, 0, 0),
(3, 10, 231, 0, 0),
(3, 9, 232, 0, 0),
(3, 9, 233, 0, 0),
(3, 9, 234, 0, 0),
(3, 9, 235, 0, 0),
(3, 9, 236, 0, 0),
(3, 9, 237, 0, 0),
(3, 9, 238, 0, 0),
(3, 9, 239, 0, 0),
(3, 9, 240, 0, 0),
(3, 9, 241, 0, 0),
(3, 9, 242, 0, 0),
(3, 9, 243, 0, 0),
(3, 9, 244, 0, 0),
(3, 9, 245, 0, 0),
(3, 9, 246, 0, 0),
(3, 9, 247, 0, 0),
(3, 9, 248, 0, 0),
(3, 9, 249, 0, 0),
(3, 9, 250, 0, 0),
(3, 9, 251, 0, 0),
(3, 9, 252, 0, 0),
(3, 9, 253, 0, 0),
(3, 9, 254, 0, 0),
(3, 9, 255, 0, 0),
(3, 16, 256, 0, 0),
(3, 16, 257, 0, 0),
(3, 16, 258, 0, 0),
(3, 16, 259, 0, 0),
(3, 16, 260, 0, 0),
(3, 16, 261, 0, 0),
(3, 16, 262, 0, 0),
(3, 16, 263, 0, 0),
(3, 16, 264, 0, 0),
(3, 16, 265, 0, 0),
(3, 16, 266, 0, 0),
(3, 16, 267, 0, 0),
(3, 16, 268, 0, 0),
(3, 16, 269, 0, 0),
(3, 16, 270, 0, 0),
(3, 16, 271, 0, 0),
(3, 16, 272, 0, 0),
(3, 16, 273, 0, 0),
(3, 16, 274, 0, 0),
(3, 16, 275, 0, 0),
(3, 16, 276, 0, 0),
(3, 16, 277, 0, 0),
(3, 16, 278, 0, 0),
(3, 15, 279, 0, 0),
(3, 15, 280, 0, 0),
(3, 15, 281, 0, 0),
(3, 15, 282, 0, 0),
(3, 15, 283, 0, 0),
(3, 15, 284, 0, 0),
(3, 15, 285, 0, 0),
(3, 15, 286, 0, 0),
(3, 15, 287, 0, 0),
(3, 15, 288, 0, 0),
(3, 18, 289, 0, 0),
(3, 18, 290, 0, 0),
(3, 18, 291, 0, 0),
(3, 18, 292, 0, 0),
(3, 18, 293, 0, 0),
(3, 18, 294, 0, 0),
(3, 18, 295, 0, 0),
(3, 18, 296, 0, 0),
(3, 18, 297, 0, 0),
(3, 18, 298, 0, 0),
(3, 18, 299, 0, 0),
(3, 18, 300, 0, 0),
(3, 18, 301, 0, 0),
(3, 18, 302, 0, 0),
(3, 18, 303, 0, 0),
(3, 18, 304, 0, 0),
(3, 18, 305, 0, 0),
(3, 19, 306, 0, 0),
(3, 19, 307, 0, 0),
(3, 19, 308, 0, 0),
(3, 19, 309, 0, 0),
(3, 19, 310, 0, 0),
(3, 19, 311, 0, 0),
(3, 19, 312, 0, 0),
(3, 19, 313, 0, 0),
(3, 20, 314, 0, 0),
(3, 20, 315, 0, 0),
(3, 20, 316, 0, 0),
(3, 20, 317, 0, 0),
(3, 20, 318, 0, 0),
(3, 20, 319, 0, 0),
(3, 20, 320, 0, 0),
(3, 20, 321, 0, 0),
(3, 20, 322, 0, 0),
(3, 20, 323, 0, 0),
(3, 20, 324, 0, 0),
(3, 20, 325, 0, 0),
(3, 20, 326, 0, 0),
(3, 20, 327, 0, 0),
(3, 20, 328, 0, 0),
(3, 20, 329, 0, 0),
(3, 20, 330, 0, 0),
(3, 20, 331, 0, 0),
(3, 20, 332, 0, 0),
(3, 20, 333, 0, 0),
(3, 20, 334, 0, 0),
(3, 20, 335, 0, 0),
(3, 20, 336, 0, 0),
(3, 20, 337, 0, 0),
(3, 20, 338, 0, 0),
(3, 20, 339, 0, 0),
(3, 20, 340, 0, 0),
(3, 20, 341, 0, 0),
(3, 20, 342, 0, 0),
(3, 20, 343, 0, 0),
(3, 20, 344, 0, 0),
(3, 20, 345, 0, 0),
(3, 20, 346, 0, 0),
(3, 20, 347, 0, 0),
(3, 20, 348, 0, 0),
(3, 20, 349, 0, 0),
(3, 20, 350, 0, 0),
(3, 21, 351, 0, 0),
(3, 21, 352, 0, 0),
(3, 21, 353, 0, 0),
(3, 21, 354, 0, 0),
(3, 21, 355, 0, 0),
(3, 21, 356, 0, 0),
(3, 21, 357, 0, 0),
(3, 21, 358, 0, 0),
(3, 21, 359, 0, 0),
(3, 21, 360, 0, 0),
(3, 21, 361, 0, 0),
(3, 21, 362, 0, 0),
(3, 21, 363, 0, 0),
(3, 21, 364, 0, 0),
(3, 21, 365, 0, 0),
(3, 21, 366, 0, 0),
(3, 21, 367, 0, 0),
(3, 21, 368, 0, 0),
(3, 21, 369, 0, 0),
(3, 21, 370, 0, 0),
(3, 21, 371, 0, 0),
(3, 21, 372, 0, 0),
(3, 21, 373, 0, 0),
(3, 21, 374, 0, 0),
(3, 21, 375, 0, 0),
(3, 21, 376, 0, 0),
(3, 21, 377, 0, 0),
(3, 21, 378, 0, 0),
(3, 21, 379, 0, 0),
(3, 21, 380, 0, 0),
(3, 21, 381, 0, 0),
(3, 21, 382, 0, 0),
(3, 21, 383, 0, 0),
(3, 21, 384, 0, 0),
(3, 21, 385, 0, 0),
(3, 21, 386, 0, 0),
(3, 21, 387, 0, 0),
(3, 21, 388, 0, 0),
(3, 22, 389, 0, 0),
(3, 22, 390, 0, 0),
(3, 22, 391, 0, 0),
(3, 22, 392, 0, 0),
(3, 22, 393, 0, 0),
(3, 22, 394, 0, 0),
(3, 22, 395, 0, 0),
(3, 22, 396, 0, 0),
(3, 22, 397, 0, 0),
(3, 22, 398, 0, 0),
(3, 22, 399, 0, 0),
(3, 22, 400, 0, 0),
(3, 22, 401, 0, 0),
(3, 22, 402, 0, 0),
(3, 22, 403, 0, 0),
(3, 22, 404, 0, 0),
(3, 22, 405, 0, 0),
(3, 22, 406, 0, 0),
(3, 22, 407, 0, 0),
(3, 22, 408, 0, 0),
(3, 22, 409, 0, 0),
(3, 22, 410, 0, 0),
(3, 22, 411, 0, 0),
(3, 22, 412, 0, 0),
(3, 22, 413, 0, 0),
(3, 22, 414, 0, 0),
(3, 22, 415, 0, 0),
(3, 22, 416, 0, 0),
(3, 22, 417, 0, 0),
(3, 22, 418, 0, 0),
(3, 22, 419, 0, 0),
(3, 22, 420, 0, 0),
(3, 22, 421, 0, 0),
(3, 22, 422, 0, 0),
(3, 22, 423, 0, 0),
(3, 22, 424, 0, 0),
(3, 22, 425, 0, 0),
(3, 22, 426, 0, 0),
(3, 22, 427, 0, 0),
(3, 22, 428, 0, 0),
(3, 22, 429, 0, 0),
(3, 22, 430, 0, 0),
(3, 22, 431, 0, 0),
(3, 22, 432, 0, 0),
(3, 22, 433, 0, 0),
(3, 22, 434, 0, 0),
(3, 22, 435, 0, 0),
(3, 23, 436, 0, 0),
(3, 23, 437, 0, 0),
(3, 23, 438, 0, 0),
(3, 23, 439, 0, 0),
(3, 23, 440, 0, 0),
(3, 23, 441, 0, 0),
(3, 23, 442, 0, 0),
(3, 23, 443, 0, 0),
(3, 23, 444, 0, 0),
(3, 23, 445, 0, 0),
(3, 23, 446, 0, 0),
(3, 23, 447, 0, 0),
(3, 23, 448, 0, 0),
(3, 23, 449, 0, 0),
(3, 23, 450, 0, 0),
(3, 23, 451, 0, 0),
(3, 23, 452, 0, 0),
(3, 23, 453, 0, 0),
(3, 23, 454, 0, 0),
(3, 23, 455, 0, 0),
(3, 23, 456, 0, 0),
(3, 23, 457, 0, 0),
(3, 23, 458, 0, 0),
(3, 23, 459, 0, 0),
(3, 23, 460, 0, 0),
(3, 23, 461, 0, 0),
(3, 23, 462, 0, 0),
(3, 23, 463, 0, 0),
(3, 23, 464, 0, 0),
(3, 23, 465, 0, 0),
(3, 23, 466, 0, 0),
(3, 23, 467, 0, 0),
(3, 23, 468, 0, 0),
(3, 23, 469, 0, 0),
(3, 23, 470, 0, 0),
(3, 23, 471, 0, 0),
(3, 23, 472, 0, 0),
(3, 23, 473, 0, 0),
(3, 23, 474, 0, 0),
(3, 29, 475, 0, 0),
(3, 29, 479, 0, 0),
(3, 29, 480, 0, 0),
(3, 29, 482, 0, 0),
(3, 29, 489, 0, 0),
(3, 29, 490, 0, 0),
(3, 29, 491, 0, 0),
(3, 29, 492, 0, 0),
(3, 29, 493, 0, 0),
(3, 29, 495, 0, 0),
(3, 29, 496, 0, 0),
(3, 29, 497, 0, 0),
(3, 29, 498, 0, 0),
(3, 29, 499, 0, 0),
(3, 29, 504, 0, 0),
(3, 29, 505, 0, 0),
(3, 29, 506, 0, 0),
(3, 29, 507, 0, 0),
(3, 29, 515, 0, 0),
(3, 10, 520, 0, 0),
(3, 10, 521, 0, 0),
(3, 10, 522, 0, 0),
(3, 10, 523, 0, 0),
(3, 10, 524, 0, 0),
(3, 10, 525, 0, 0),
(3, 30, 526, 0, 0),
(3, 30, 527, 0, 0),
(3, 30, 528, 0, 0),
(3, 30, 529, 0, 0),
(3, 30, 530, 0, 0),
(3, 30, 531, 0, 0),
(3, 30, 532, 0, 0),
(3, 30, 533, 0, 0),
(3, 30, 534, 0, 0),
(3, 30, 535, 0, 0),
(3, 30, 536, 0, 0),
(3, 30, 537, 0, 0),
(3, 30, 538, 0, 0),
(3, 30, 539, 0, 0),
(3, 30, 540, 0, 0),
(3, 30, 541, 0, 0),
(3, 30, 542, 0, 0),
(3, 30, 543, 0, 0),
(3, 30, 544, 0, 0),
(3, 30, 545, 0, 0),
(3, 30, 546, 0, 0),
(3, 30, 547, 0, 0),
(3, 34, 548, 0, 0),
(3, 34, 549, 0, 0),
(3, 34, 550, 0, 0),
(3, 34, 551, 0, 0),
(3, 34, 552, 0, 0),
(3, 34, 553, 0, 0),
(3, 34, 554, 0, 0),
(3, 34, 555, 0, 0),
(3, 34, 556, 0, 0),
(3, 34, 557, 0, 0),
(3, 34, 558, 0, 0),
(3, 34, 559, 0, 0),
(3, 34, 560, 0, 0),
(3, 34, 561, 0, 0),
(3, 34, 562, 0, 0),
(3, 34, 563, 0, 0),
(3, 34, 564, 0, 0),
(3, 29, 565, 0, 0),
(3, 35, 566, 0, 0),
(3, 35, 567, 0, 0),
(3, 35, 568, 0, 0),
(3, 35, 569, 0, 0),
(3, 35, 570, 0, 0),
(3, 35, 571, 0, 0),
(3, 35, 572, 0, 0),
(3, 35, 573, 0, 0),
(3, 35, 574, 0, 0),
(3, 35, 575, 0, 0),
(3, 35, 576, 0, 0),
(3, 35, 577, 0, 0),
(3, 35, 578, 0, 0),
(3, 35, 579, 0, 0),
(3, 35, 580, 0, 0),
(3, 35, 581, 0, 0),
(3, 35, 582, 0, 0),
(3, 35, 583, 0, 0),
(3, 35, 584, 0, 0),
(3, 35, 585, 0, 0),
(3, 35, 586, 0, 0),
(3, 35, 587, 0, 0),
(3, 38, 588, 0, 0),
(3, 38, 589, 0, 0),
(3, 38, 590, 0, 0),
(3, 38, 591, 0, 0),
(3, 38, 592, 0, 0),
(3, 38, 593, 0, 0),
(3, 38, 594, 0, 0),
(3, 38, 595, 0, 0),
(3, 42, 596, 0, 0),
(3, 42, 597, 0, 0),
(3, 42, 598, 0, 0),
(3, 42, 599, 0, 0),
(3, 42, 600, 0, 0),
(3, 42, 601, 0, 0),
(3, 42, 602, 0, 0),
(3, 42, 603, 0, 0),
(3, 42, 604, 0, 0),
(3, 42, 605, 0, 0),
(3, 42, 606, 0, 0),
(3, 42, 607, 0, 0),
(3, 42, 608, 0, 0),
(3, 42, 609, 0, 0),
(3, 42, 610, 0, 0),
(3, 42, 611, 0, 0),
(3, 42, 612, 0, 0),
(3, 42, 613, 0, 0),
(3, 42, 614, 0, 0),
(3, 42, 615, 0, 0),
(3, 42, 616, 0, 0),
(3, 44, 617, 0, 0),
(3, 44, 618, 0, 0),
(3, 44, 619, 0, 0),
(3, 44, 620, 0, 0),
(3, 44, 621, 0, 0),
(3, 44, 622, 0, 0),
(3, 46, 623, 0, 0),
(3, 46, 624, 0, 0),
(3, 46, 625, 0, 0),
(3, 46, 626, 0, 0),
(3, 46, 627, 0, 0),
(3, 46, 628, 0, 0),
(3, 46, 629, 0, 0),
(3, 46, 630, 0, 0),
(3, 46, 631, 0, 0),
(3, 46, 632, 0, 0),
(3, 46, 633, 0, 0),
(3, 46, 634, 0, 0),
(3, 46, 635, 0, 0),
(3, 47, 636, 0, 0),
(3, 47, 637, 0, 0),
(3, 47, 638, 0, 0),
(3, 47, 639, 0, 0),
(3, 47, 640, 0, 0),
(3, 47, 641, 0, 0),
(3, 47, 642, 0, 0),
(3, 47, 643, 0, 0),
(3, 47, 644, 0, 0),
(3, 47, 645, 0, 0),
(3, 47, 646, 0, 0),
(3, 47, 647, 0, 0),
(3, 47, 648, 0, 0),
(3, 47, 649, 0, 0),
(3, 47, 650, 0, 0),
(3, 47, 651, 0, 0),
(3, 47, 652, 0, 0),
(3, 47, 653, 0, 0),
(3, 48, 654, 0, 0),
(3, 48, 655, 0, 0),
(3, 48, 656, 0, 0),
(3, 48, 657, 0, 0),
(3, 48, 658, 0, 0),
(3, 48, 659, 0, 0),
(3, 48, 660, 0, 0),
(3, 48, 661, 0, 0),
(3, 48, 662, 0, 0),
(3, 48, 663, 0, 0),
(3, 48, 664, 0, 0),
(3, 48, 665, 0, 0),
(3, 48, 666, 0, 0),
(3, 48, 667, 0, 0),
(3, 48, 668, 0, 0),
(3, 48, 669, 0, 0),
(3, 48, 670, 0, 0),
(3, 48, 671, 0, 0),
(3, 48, 672, 0, 0),
(3, 48, 673, 0, 0),
(3, 2, 674, 0, 0),
(3, 29, 675, 0, 0),
(3, 23, 676, 0, 0),
(3, 23, 677, 0, 0),
(3, 23, 678, 0, 0),
(3, 23, 679, 0, 0),
(3, 23, 680, 0, 0),
(3, 23, 681, 0, 0),
(3, 23, 682, 0, 0),
(3, 23, 683, 0, 0),
(3, 23, 684, 0, 0),
(3, 22, 685, 0, 0),
(3, 22, 686, 0, 0),
(3, 22, 687, 0, 0),
(3, 22, 688, 0, 0),
(3, 22, 689, 0, 0),
(3, 22, 690, 0, 0),
(3, 22, 691, 0, 0),
(3, 22, 692, 0, 0),
(3, 22, 693, 0, 0),
(3, 21, 694, 0, 0),
(3, 21, 695, 0, 0),
(3, 21, 696, 0, 0),
(3, 21, 697, 0, 0),
(3, 21, 698, 0, 0),
(3, 21, 699, 0, 0),
(3, 21, 700, 0, 0),
(3, 21, 701, 0, 0),
(3, 21, 702, 0, 0),
(3, 20, 703, 0, 0),
(3, 20, 704, 0, 0),
(3, 20, 705, 0, 0),
(3, 20, 706, 0, 0),
(3, 20, 707, 0, 0),
(3, 20, 708, 0, 0),
(3, 20, 709, 0, 0),
(3, 20, 710, 0, 0),
(3, 20, 711, 0, 0),
(3, 29, 712, 0, 0),
(3, 47, 713, 0, 0),
(3, 38, 714, 0, 0),
(3, 29, 715, 0, 0),
(3, 29, 716, 0, 0),
(3, 29, 717, 0, 0),
(3, 23, 718, 0, 0),
(3, 22, 719, 0, 0),
(3, 21, 720, 0, 0),
(3, 20, 721, 0, 0),
(3, 29, 722, 0, 0),
(3, 6, 723, 0, 0),
(3, 4, 724, 0, 0),
(3, 2, 725, 0, 0),
(3, 29, 726, 0, 0),
(3, 23, 727, 0, 0),
(3, 23, 728, 0, 0),
(3, 21, 729, 0, 0),
(3, 21, 730, 0, 0),
(3, 18, 731, 0, 0),
(3, 7, 732, 0, 0),
(3, 38, 733, 0, 0),
(3, 38, 734, 0, 0),
(3, 23, 735, 0, 0),
(3, 20, 736, 0, 0),
(3, 21, 737, 0, 0),
(3, 22, 738, 0, 0),
(3, 29, 739, 0, 0),
(3, 2, 740, 0, 0),
(3, 13, 741, 0, 0),
(3, 29, 742, 0, 0),
(3, 29, 743, 0, 0),
(3, 29, 744, 0, 0),
(3, 29, 745, 0, 0),
(3, 14, 772, 0, 0),
(3, 35, 773, 0, 0),
(3, 23, 774, 0, 0),
(3, 29, 775, 0, 0),
(3, 23, 776, 0, 0),
(3, 23, 777, 0, 0),
(3, 23, 778, 0, 0),
(3, 20, 779, 0, 0),
(3, 20, 780, 0, 0),
(3, 20, 781, 0, 0),
(3, 21, 782, 0, 0),
(3, 22, 783, 0, 0),
(3, 22, 784, 0, 0),
(3, 22, 785, 0, 0),
(3, 38, 786, 0, 0),
(3, 38, 787, 0, 0),
(3, 38, 788, 0, 0),
(3, 2, 789, 0, 0),
(3, 4, 790, 0, 0),
(3, 6, 791, 0, 0),
(3, 7, 792, 0, 0),
(3, 8, 793, 0, 0),
(3, 9, 794, 0, 0),
(3, 10, 795, 0, 0),
(3, 13, 796, 0, 0),
(3, 14, 797, 0, 0),
(3, 15, 798, 0, 0),
(3, 16, 799, 0, 0),
(3, 18, 800, 0, 0),
(3, 19, 801, 0, 0),
(3, 20, 802, 0, 0),
(3, 21, 803, 0, 0),
(3, 22, 804, 0, 0),
(3, 23, 805, 0, 0),
(3, 26, 806, 0, 0),
(3, 10, 807, 0, 0),
(3, 2, 808, 0, 0),
(3, 4, 809, 0, 0),
(3, 6, 810, 0, 0),
(3, 7, 811, 0, 0),
(3, 8, 812, 0, 0),
(3, 9, 813, 0, 0),
(3, 10, 814, 0, 0),
(3, 13, 815, 0, 0),
(3, 14, 816, 0, 0),
(3, 15, 817, 0, 0),
(3, 16, 818, 0, 0),
(3, 18, 819, 0, 0),
(3, 19, 820, 0, 0),
(3, 20, 821, 0, 0),
(3, 21, 822, 0, 0),
(3, 22, 823, 0, 0),
(3, 23, 824, 0, 0),
(3, 26, 825, 0, 0),
(3, 2, 826, 0, 0),
(3, 4, 827, 0, 0),
(3, 6, 828, 0, 0),
(3, 7, 829, 0, 0),
(3, 8, 830, 0, 0),
(3, 9, 831, 0, 0),
(3, 10, 832, 0, 0),
(3, 13, 833, 0, 0),
(3, 14, 834, 0, 0),
(3, 15, 835, 0, 0),
(3, 16, 836, 0, 0),
(3, 18, 837, 0, 0),
(3, 19, 838, 0, 0),
(3, 20, 839, 0, 0),
(3, 21, 840, 0, 0),
(3, 22, 841, 0, 0),
(3, 23, 842, 0, 0),
(3, 26, 843, 0, 0),
(3, 20, 844, 0, 0),
(3, 21, 845, 0, 0),
(3, 22, 846, 0, 0),
(3, 23, 847, 0, 0),
(3, 48, 848, 0, 0),
(3, 48, 849, 0, 0),
(3, 29, 850, 0, 0),
(3, 22, 851, 0, 0),
(3, 52, 852, 0, 0),
(3, 52, 853, 0, 0),
(3, 52, 854, 0, 0),
(3, 52, 856, 0, 0),
(3, 52, 858, 0, 0),
(3, 52, 860, 0, 0),
(3, 52, 862, 0, 0),
(3, 52, 864, 0, 0),
(3, 52, 866, 0, 0),
(3, 53, 867, 0, 0),
(3, 53, 868, 0, 0),
(3, 53, 869, 0, 0),
(3, 54, 870, 0, 0),
(3, 54, 871, 0, 0),
(3, 54, 872, 0, 0),
(3, 54, 873, 0, 0),
(3, 55, 874, 0, 0),
(3, 55, 875, 0, 0),
(3, 55, 876, 0, 0),
(3, 55, 877, 0, 0),
(3, 56, 878, 0, 0),
(3, 56, 879, 0, 0),
(3, 56, 880, 0, 0),
(3, 56, 881, 0, 0),
(3, 56, 882, 0, 0),
(3, 56, 883, 0, 0),
(3, 56, 884, 0, 0),
(3, 56, 885, 0, 0),
(3, 56, 886, 0, 0),
(3, 56, 887, 0, 0),
(3, 56, 888, 0, 0),
(3, 56, 889, 0, 0),
(3, 56, 891, 0, 0),
(3, 57, 892, 0, 0),
(3, 57, 893, 0, 0),
(3, 57, 894, 0, 0),
(3, 57, 895, 0, 0),
(3, 57, 896, 0, 0),
(3, 57, 897, 0, 0),
(3, 57, 898, 0, 0),
(3, 57, 899, 0, 0),
(3, 53, 900, 0, 0),
(3, 53, 901, 0, 0),
(3, 54, 902, 0, 0),
(3, 54, 903, 0, 0),
(3, 54, 904, 0, 0),
(3, 54, 905, 0, 0),
(3, 53, 906, 0, 0),
(3, 53, 907, 0, 0),
(3, 53, 908, 0, 0),
(3, 53, 909, 0, 0),
(3, 53, 910, 0, 0),
(3, 53, 911, 0, 0),
(3, 53, 912, 0, 0),
(3, 53, 913, 0, 0),
(3, 54, 914, 0, 0),
(3, 54, 915, 0, 0),
(3, 54, 916, 0, 0),
(3, 54, 917, 0, 0),
(3, 54, 918, 0, 0),
(3, 54, 919, 0, 0),
(3, 54, 920, 0, 0),
(3, 54, 921, 0, 0),
(3, 54, 922, 0, 0),
(3, 54, 923, 0, 0),
(3, 54, 924, 0, 0),
(3, 54, 925, 0, 0),
(3, 54, 926, 0, 0),
(3, 54, 927, 0, 0),
(3, 54, 928, 0, 0),
(3, 54, 929, 0, 0),
(3, 54, 930, 0, 0),
(3, 54, 931, 0, 0),
(3, 54, 932, 0, 0),
(3, 54, 933, 0, 0),
(3, 54, 934, 0, 0),
(3, 54, 935, 0, 0),
(3, 54, 936, 0, 0),
(3, 54, 937, 0, 0),
(3, 54, 938, 0, 0),
(3, 54, 939, 0, 0),
(3, 54, 940, 0, 0),
(3, 54, 941, 0, 0),
(3, 54, 942, 0, 0),
(3, 54, 943, 0, 0),
(3, 54, 944, 0, 0),
(3, 54, 945, 0, 0),
(3, 54, 946, 0, 0),
(3, 54, 947, 0, 0),
(3, 54, 948, 0, 0),
(3, 54, 949, 0, 0),
(3, 57, 950, 0, 0),
(3, 57, 951, 0, 0),
(3, 57, 952, 0, 0),
(3, 57, 953, 0, 0),
(3, 57, 954, 0, 0),
(3, 57, 955, 0, 0),
(3, 57, 956, 0, 0),
(3, 57, 957, 0, 0),
(3, 57, 958, 0, 0),
(3, 57, 959, 0, 0),
(3, 57, 960, 0, 0),
(3, 57, 961, 0, 0),
(3, 57, 962, 0, 0),
(3, 16, 964, 0, 0),
(4, 6, 1, 0, 0),
(4, 6, 2, 0, 0),
(4, 6, 3, 0, 0),
(4, 6, 4, 0, 0),
(4, 6, 5, 0, 0),
(4, 6, 6, 0, 0),
(4, 6, 7, 0, 0),
(4, 6, 8, 0, 0),
(4, 6, 9, 0, 0),
(4, 6, 10, 0, 0),
(4, 6, 11, 0, 0),
(4, 6, 12, 0, 0),
(4, 6, 13, 0, 0),
(4, 6, 14, 0, 0),
(4, 6, 15, 0, 0),
(4, 6, 16, 0, 0),
(4, 6, 17, 0, 0),
(4, 6, 18, 0, 0),
(4, 6, 19, 0, 0),
(4, 6, 20, 0, 0),
(4, 6, 21, 0, 0),
(4, 6, 22, 0, 0),
(4, 6, 23, 0, 0),
(4, 6, 24, 0, 0),
(4, 6, 25, 0, 0),
(4, 6, 26, 0, 0),
(4, 6, 27, 0, 0),
(4, 6, 28, 0, 0),
(4, 6, 29, 0, 0),
(4, 6, 30, 0, 0),
(4, 6, 31, 0, 0),
(4, 6, 32, 0, 0),
(4, 6, 33, 0, 0),
(4, 6, 34, 0, 0),
(4, 6, 35, 0, 0),
(4, 6, 36, 0, 0),
(4, 7, 37, 0, 0),
(4, 7, 38, 0, 0),
(4, 7, 39, 0, 0),
(4, 7, 40, 0, 0),
(4, 7, 41, 0, 0),
(4, 7, 42, 0, 0),
(4, 7, 43, 0, 0),
(4, 7, 44, 0, 0),
(4, 7, 45, 0, 0),
(4, 7, 46, 0, 0),
(4, 7, 47, 0, 0),
(4, 7, 48, 0, 0),
(4, 7, 49, 0, 0),
(4, 7, 50, 0, 0),
(4, 7, 51, 0, 0),
(4, 7, 52, 0, 0),
(4, 7, 53, 0, 0),
(4, 7, 54, 0, 0),
(4, 7, 55, 0, 0),
(4, 7, 56, 0, 0),
(4, 7, 57, 0, 0),
(4, 7, 58, 0, 0),
(4, 7, 59, 0, 0),
(4, 7, 60, 0, 0),
(4, 7, 61, 0, 0),
(4, 7, 62, 0, 0),
(4, 7, 63, 0, 0),
(4, 7, 64, 0, 0),
(4, 7, 65, 0, 0),
(4, 4, 66, 0, 0),
(4, 4, 67, 0, 0),
(4, 4, 68, 0, 0),
(4, 4, 69, 0, 0),
(4, 4, 70, 0, 0),
(4, 4, 71, 0, 0),
(4, 4, 72, 0, 0),
(4, 4, 73, 0, 0),
(4, 4, 74, 0, 0),
(4, 4, 75, 0, 0),
(4, 4, 76, 0, 0),
(4, 4, 77, 0, 0),
(4, 4, 78, 0, 0),
(4, 4, 79, 0, 0),
(4, 4, 80, 0, 0),
(4, 4, 81, 0, 0),
(4, 4, 82, 0, 0),
(4, 4, 83, 0, 0),
(4, 4, 84, 0, 0),
(4, 4, 85, 0, 0),
(4, 4, 86, 0, 0),
(4, 4, 87, 0, 0),
(4, 4, 88, 0, 0),
(4, 4, 89, 0, 0),
(4, 4, 90, 0, 0),
(4, 4, 91, 0, 0),
(4, 4, 92, 0, 0),
(4, 4, 93, 0, 0),
(4, 4, 94, 0, 0),
(4, 4, 95, 0, 0),
(4, 4, 96, 0, 0),
(4, 4, 97, 0, 0),
(4, 4, 98, 0, 0),
(4, 4, 99, 0, 0),
(4, 4, 100, 0, 0),
(4, 4, 101, 0, 0),
(4, 4, 102, 0, 0),
(4, 4, 103, 0, 0),
(4, 4, 104, 0, 0),
(4, 4, 105, 0, 0),
(4, 4, 106, 0, 0),
(4, 4, 107, 0, 0),
(4, 4, 108, 0, 0),
(4, 4, 109, 0, 0),
(4, 2, 110, 0, 0),
(4, 2, 111, 0, 0),
(4, 2, 112, 0, 0),
(4, 2, 113, 0, 0),
(4, 2, 114, 0, 0),
(4, 2, 115, 0, 0),
(4, 2, 116, 0, 0),
(4, 2, 117, 0, 0),
(4, 2, 118, 0, 0),
(4, 2, 119, 0, 0),
(4, 2, 120, 0, 0),
(4, 2, 121, 0, 0),
(4, 2, 122, 0, 0);
INSERT INTO `vtiger_profile2field` (`profileid`, `tabid`, `fieldid`, `visible`, `readonly`) VALUES
(4, 2, 123, 0, 0),
(4, 2, 124, 0, 0),
(4, 2, 125, 0, 0),
(4, 26, 126, 0, 0),
(4, 26, 127, 0, 0),
(4, 26, 128, 0, 0),
(4, 26, 129, 0, 0),
(4, 26, 130, 0, 0),
(4, 26, 131, 0, 0),
(4, 26, 132, 0, 0),
(4, 26, 133, 0, 0),
(4, 26, 134, 0, 0),
(4, 26, 135, 0, 0),
(4, 26, 136, 0, 0),
(4, 26, 137, 0, 0),
(4, 26, 138, 0, 0),
(4, 26, 139, 0, 0),
(4, 26, 140, 0, 0),
(4, 26, 141, 0, 0),
(4, 26, 142, 0, 0),
(4, 26, 143, 0, 0),
(4, 26, 144, 0, 0),
(4, 26, 145, 0, 0),
(4, 26, 146, 0, 0),
(4, 26, 147, 0, 0),
(4, 26, 148, 0, 0),
(4, 26, 149, 0, 0),
(4, 26, 150, 0, 0),
(4, 4, 151, 0, 0),
(4, 6, 152, 0, 0),
(4, 7, 153, 0, 0),
(4, 26, 154, 0, 0),
(4, 13, 155, 0, 0),
(4, 13, 156, 0, 0),
(4, 13, 157, 0, 0),
(4, 13, 158, 0, 0),
(4, 13, 159, 0, 0),
(4, 13, 160, 0, 0),
(4, 13, 161, 0, 0),
(4, 13, 162, 0, 0),
(4, 13, 163, 0, 0),
(4, 13, 164, 0, 0),
(4, 13, 165, 0, 0),
(4, 13, 166, 0, 0),
(4, 13, 167, 0, 0),
(4, 13, 168, 0, 0),
(4, 13, 169, 0, 0),
(4, 13, 170, 0, 0),
(4, 13, 171, 0, 0),
(4, 13, 172, 0, 0),
(4, 13, 173, 0, 0),
(4, 14, 174, 0, 0),
(4, 14, 175, 0, 0),
(4, 14, 176, 0, 0),
(4, 14, 177, 0, 0),
(4, 14, 178, 0, 0),
(4, 14, 179, 0, 0),
(4, 14, 180, 0, 0),
(4, 14, 181, 0, 0),
(4, 14, 182, 0, 0),
(4, 14, 183, 0, 0),
(4, 14, 184, 0, 0),
(4, 14, 185, 0, 0),
(4, 14, 186, 0, 0),
(4, 14, 187, 0, 0),
(4, 14, 188, 0, 0),
(4, 14, 189, 0, 0),
(4, 14, 190, 0, 0),
(4, 14, 191, 0, 0),
(4, 14, 192, 0, 0),
(4, 14, 193, 0, 0),
(4, 14, 194, 0, 0),
(4, 14, 195, 0, 0),
(4, 14, 196, 0, 0),
(4, 14, 197, 0, 0),
(4, 14, 198, 0, 0),
(4, 14, 199, 0, 0),
(4, 14, 200, 0, 0),
(4, 14, 201, 0, 0),
(4, 14, 202, 0, 0),
(4, 14, 203, 0, 0),
(4, 14, 204, 0, 0),
(4, 8, 205, 0, 0),
(4, 8, 206, 0, 0),
(4, 8, 207, 0, 0),
(4, 8, 208, 0, 0),
(4, 8, 209, 0, 0),
(4, 8, 210, 0, 0),
(4, 8, 211, 0, 0),
(4, 8, 212, 0, 0),
(4, 8, 213, 0, 0),
(4, 8, 214, 0, 0),
(4, 8, 215, 0, 0),
(4, 8, 216, 0, 0),
(4, 8, 217, 0, 0),
(4, 8, 218, 0, 0),
(4, 8, 219, 0, 0),
(4, 10, 220, 0, 0),
(4, 10, 221, 0, 0),
(4, 10, 222, 0, 0),
(4, 10, 223, 0, 0),
(4, 10, 224, 0, 0),
(4, 10, 225, 0, 0),
(4, 10, 226, 0, 0),
(4, 10, 227, 0, 0),
(4, 10, 228, 0, 0),
(4, 10, 229, 0, 0),
(4, 10, 230, 0, 0),
(4, 10, 231, 0, 0),
(4, 9, 232, 0, 0),
(4, 9, 233, 0, 0),
(4, 9, 234, 0, 0),
(4, 9, 235, 0, 0),
(4, 9, 236, 0, 0),
(4, 9, 237, 0, 0),
(4, 9, 238, 0, 0),
(4, 9, 239, 0, 0),
(4, 9, 240, 0, 0),
(4, 9, 241, 0, 0),
(4, 9, 242, 0, 0),
(4, 9, 243, 0, 0),
(4, 9, 244, 0, 0),
(4, 9, 245, 0, 0),
(4, 9, 246, 0, 0),
(4, 9, 247, 0, 0),
(4, 9, 248, 0, 0),
(4, 9, 249, 0, 0),
(4, 9, 250, 0, 0),
(4, 9, 251, 0, 0),
(4, 9, 252, 0, 0),
(4, 9, 253, 0, 0),
(4, 9, 254, 0, 0),
(4, 9, 255, 0, 0),
(4, 16, 256, 0, 0),
(4, 16, 257, 0, 0),
(4, 16, 258, 0, 0),
(4, 16, 259, 0, 0),
(4, 16, 260, 0, 0),
(4, 16, 261, 0, 0),
(4, 16, 262, 0, 0),
(4, 16, 263, 0, 0),
(4, 16, 264, 0, 0),
(4, 16, 265, 0, 0),
(4, 16, 266, 0, 0),
(4, 16, 267, 0, 0),
(4, 16, 268, 0, 0),
(4, 16, 269, 0, 0),
(4, 16, 270, 0, 0),
(4, 16, 271, 0, 0),
(4, 16, 272, 0, 0),
(4, 16, 273, 0, 0),
(4, 16, 274, 0, 0),
(4, 16, 275, 0, 0),
(4, 16, 276, 0, 0),
(4, 16, 277, 0, 0),
(4, 16, 278, 0, 0),
(4, 15, 279, 0, 0),
(4, 15, 280, 0, 0),
(4, 15, 281, 0, 0),
(4, 15, 282, 0, 0),
(4, 15, 283, 0, 0),
(4, 15, 284, 0, 0),
(4, 15, 285, 0, 0),
(4, 15, 286, 0, 0),
(4, 15, 287, 0, 0),
(4, 15, 288, 0, 0),
(4, 18, 289, 0, 0),
(4, 18, 290, 0, 0),
(4, 18, 291, 0, 0),
(4, 18, 292, 0, 0),
(4, 18, 293, 0, 0),
(4, 18, 294, 0, 0),
(4, 18, 295, 0, 0),
(4, 18, 296, 0, 0),
(4, 18, 297, 0, 0),
(4, 18, 298, 0, 0),
(4, 18, 299, 0, 0),
(4, 18, 300, 0, 0),
(4, 18, 301, 0, 0),
(4, 18, 302, 0, 0),
(4, 18, 303, 0, 0),
(4, 18, 304, 0, 0),
(4, 18, 305, 0, 0),
(4, 19, 306, 0, 0),
(4, 19, 307, 0, 0),
(4, 19, 308, 0, 0),
(4, 19, 309, 0, 0),
(4, 19, 310, 0, 0),
(4, 19, 311, 0, 0),
(4, 19, 312, 0, 0),
(4, 19, 313, 0, 0),
(4, 20, 314, 0, 0),
(4, 20, 315, 0, 0),
(4, 20, 316, 0, 0),
(4, 20, 317, 0, 0),
(4, 20, 318, 0, 0),
(4, 20, 319, 0, 0),
(4, 20, 320, 0, 0),
(4, 20, 321, 0, 0),
(4, 20, 322, 0, 0),
(4, 20, 323, 0, 0),
(4, 20, 324, 0, 0),
(4, 20, 325, 0, 0),
(4, 20, 326, 0, 0),
(4, 20, 327, 0, 0),
(4, 20, 328, 0, 0),
(4, 20, 329, 0, 0),
(4, 20, 330, 0, 0),
(4, 20, 331, 0, 0),
(4, 20, 332, 0, 0),
(4, 20, 333, 0, 0),
(4, 20, 334, 0, 0),
(4, 20, 335, 0, 0),
(4, 20, 336, 0, 0),
(4, 20, 337, 0, 0),
(4, 20, 338, 0, 0),
(4, 20, 339, 0, 0),
(4, 20, 340, 0, 0),
(4, 20, 341, 0, 0),
(4, 20, 342, 0, 0),
(4, 20, 343, 0, 0),
(4, 20, 344, 0, 0),
(4, 20, 345, 0, 0),
(4, 20, 346, 0, 0),
(4, 20, 347, 0, 0),
(4, 20, 348, 0, 0),
(4, 20, 349, 0, 0),
(4, 20, 350, 0, 0),
(4, 21, 351, 0, 0),
(4, 21, 352, 0, 0),
(4, 21, 353, 0, 0),
(4, 21, 354, 0, 0),
(4, 21, 355, 0, 0),
(4, 21, 356, 0, 0),
(4, 21, 357, 0, 0),
(4, 21, 358, 0, 0),
(4, 21, 359, 0, 0),
(4, 21, 360, 0, 0),
(4, 21, 361, 0, 0),
(4, 21, 362, 0, 0),
(4, 21, 363, 0, 0),
(4, 21, 364, 0, 0),
(4, 21, 365, 0, 0),
(4, 21, 366, 0, 0),
(4, 21, 367, 0, 0),
(4, 21, 368, 0, 0),
(4, 21, 369, 0, 0),
(4, 21, 370, 0, 0),
(4, 21, 371, 0, 0),
(4, 21, 372, 0, 0),
(4, 21, 373, 0, 0),
(4, 21, 374, 0, 0),
(4, 21, 375, 0, 0),
(4, 21, 376, 0, 0),
(4, 21, 377, 0, 0),
(4, 21, 378, 0, 0),
(4, 21, 379, 0, 0),
(4, 21, 380, 0, 0),
(4, 21, 381, 0, 0),
(4, 21, 382, 0, 0),
(4, 21, 383, 0, 0),
(4, 21, 384, 0, 0),
(4, 21, 385, 0, 0),
(4, 21, 386, 0, 0),
(4, 21, 387, 0, 0),
(4, 21, 388, 0, 0),
(4, 22, 389, 0, 0),
(4, 22, 390, 0, 0),
(4, 22, 391, 0, 0),
(4, 22, 392, 0, 0),
(4, 22, 393, 0, 0),
(4, 22, 394, 0, 0),
(4, 22, 395, 0, 0),
(4, 22, 396, 0, 0),
(4, 22, 397, 0, 0),
(4, 22, 398, 0, 0),
(4, 22, 399, 0, 0),
(4, 22, 400, 0, 0),
(4, 22, 401, 0, 0),
(4, 22, 402, 0, 0),
(4, 22, 403, 0, 0),
(4, 22, 404, 0, 0),
(4, 22, 405, 0, 0),
(4, 22, 406, 0, 0),
(4, 22, 407, 0, 0),
(4, 22, 408, 0, 0),
(4, 22, 409, 0, 0),
(4, 22, 410, 0, 0),
(4, 22, 411, 0, 0),
(4, 22, 412, 0, 0),
(4, 22, 413, 0, 0),
(4, 22, 414, 0, 0),
(4, 22, 415, 0, 0),
(4, 22, 416, 0, 0),
(4, 22, 417, 0, 0),
(4, 22, 418, 0, 0),
(4, 22, 419, 0, 0),
(4, 22, 420, 0, 0),
(4, 22, 421, 0, 0),
(4, 22, 422, 0, 0),
(4, 22, 423, 0, 0),
(4, 22, 424, 0, 0),
(4, 22, 425, 0, 0),
(4, 22, 426, 0, 0),
(4, 22, 427, 0, 0),
(4, 22, 428, 0, 0),
(4, 22, 429, 0, 0),
(4, 22, 430, 0, 0),
(4, 22, 431, 0, 0),
(4, 22, 432, 0, 0),
(4, 22, 433, 0, 0),
(4, 22, 434, 0, 0),
(4, 22, 435, 0, 0),
(4, 23, 436, 0, 0),
(4, 23, 437, 0, 0),
(4, 23, 438, 0, 0),
(4, 23, 439, 0, 0),
(4, 23, 440, 0, 0),
(4, 23, 441, 0, 0),
(4, 23, 442, 0, 0),
(4, 23, 443, 0, 0),
(4, 23, 444, 0, 0),
(4, 23, 445, 0, 0),
(4, 23, 446, 0, 0),
(4, 23, 447, 0, 0),
(4, 23, 448, 0, 0),
(4, 23, 449, 0, 0),
(4, 23, 450, 0, 0),
(4, 23, 451, 0, 0),
(4, 23, 452, 0, 0),
(4, 23, 453, 0, 0),
(4, 23, 454, 0, 0),
(4, 23, 455, 0, 0),
(4, 23, 456, 0, 0),
(4, 23, 457, 0, 0),
(4, 23, 458, 0, 0),
(4, 23, 459, 0, 0),
(4, 23, 460, 0, 0),
(4, 23, 461, 0, 0),
(4, 23, 462, 0, 0),
(4, 23, 463, 0, 0),
(4, 23, 464, 0, 0),
(4, 23, 465, 0, 0),
(4, 23, 466, 0, 0),
(4, 23, 467, 0, 0),
(4, 23, 468, 0, 0),
(4, 23, 469, 0, 0),
(4, 23, 470, 0, 0),
(4, 23, 471, 0, 0),
(4, 23, 472, 0, 0),
(4, 23, 473, 0, 0),
(4, 23, 474, 0, 0),
(4, 29, 475, 0, 0),
(4, 29, 479, 0, 0),
(4, 29, 480, 0, 0),
(4, 29, 482, 0, 0),
(4, 29, 489, 0, 0),
(4, 29, 490, 0, 0),
(4, 29, 491, 0, 0),
(4, 29, 492, 0, 0),
(4, 29, 493, 0, 0),
(4, 29, 495, 0, 0),
(4, 29, 496, 0, 0),
(4, 29, 497, 0, 0),
(4, 29, 498, 0, 0),
(4, 29, 499, 0, 0),
(4, 29, 504, 0, 0),
(4, 29, 505, 0, 0),
(4, 29, 506, 0, 0),
(4, 29, 507, 0, 0),
(4, 29, 515, 0, 0),
(4, 10, 520, 0, 0),
(4, 10, 521, 0, 0),
(4, 10, 522, 0, 0),
(4, 10, 523, 0, 0),
(4, 10, 524, 0, 0),
(4, 10, 525, 0, 0),
(4, 30, 526, 0, 0),
(4, 30, 527, 0, 0),
(4, 30, 528, 0, 0),
(4, 30, 529, 0, 0),
(4, 30, 530, 0, 0),
(4, 30, 531, 0, 0),
(4, 30, 532, 0, 0),
(4, 30, 533, 0, 0),
(4, 30, 534, 0, 0),
(4, 30, 535, 0, 0),
(4, 30, 536, 0, 0),
(4, 30, 537, 0, 0),
(4, 30, 538, 0, 0),
(4, 30, 539, 0, 0),
(4, 30, 540, 0, 0),
(4, 30, 541, 0, 0),
(4, 30, 542, 0, 0),
(4, 30, 543, 0, 0),
(4, 30, 544, 0, 0),
(4, 30, 545, 0, 0),
(4, 30, 546, 0, 0),
(4, 30, 547, 0, 0),
(4, 34, 548, 0, 0),
(4, 34, 549, 0, 0),
(4, 34, 550, 0, 0),
(4, 34, 551, 0, 0),
(4, 34, 552, 0, 0),
(4, 34, 553, 0, 0),
(4, 34, 554, 0, 0),
(4, 34, 555, 0, 0),
(4, 34, 556, 0, 0),
(4, 34, 557, 0, 0),
(4, 34, 558, 0, 0),
(4, 34, 559, 0, 0),
(4, 34, 560, 0, 0),
(4, 34, 561, 0, 0),
(4, 34, 562, 0, 0),
(4, 34, 563, 0, 0),
(4, 34, 564, 0, 0),
(4, 29, 565, 0, 0),
(4, 35, 566, 0, 0),
(4, 35, 567, 0, 0),
(4, 35, 568, 0, 0),
(4, 35, 569, 0, 0),
(4, 35, 570, 0, 0),
(4, 35, 571, 0, 0),
(4, 35, 572, 0, 0),
(4, 35, 573, 0, 0),
(4, 35, 574, 0, 0),
(4, 35, 575, 0, 0),
(4, 35, 576, 0, 0),
(4, 35, 577, 0, 0),
(4, 35, 578, 0, 0),
(4, 35, 579, 0, 0),
(4, 35, 580, 0, 0),
(4, 35, 581, 0, 0),
(4, 35, 582, 0, 0),
(4, 35, 583, 0, 0),
(4, 35, 584, 0, 0),
(4, 35, 585, 0, 0),
(4, 35, 586, 0, 0),
(4, 35, 587, 0, 0),
(4, 38, 588, 0, 0),
(4, 38, 589, 0, 0),
(4, 38, 590, 0, 0),
(4, 38, 591, 0, 0),
(4, 38, 592, 0, 0),
(4, 38, 593, 0, 0),
(4, 38, 594, 0, 0),
(4, 38, 595, 0, 0),
(4, 42, 596, 0, 0),
(4, 42, 597, 0, 0),
(4, 42, 598, 0, 0),
(4, 42, 599, 0, 0),
(4, 42, 600, 0, 0),
(4, 42, 601, 0, 0),
(4, 42, 602, 0, 0),
(4, 42, 603, 0, 0),
(4, 42, 604, 0, 0),
(4, 42, 605, 0, 0),
(4, 42, 606, 0, 0),
(4, 42, 607, 0, 0),
(4, 42, 608, 0, 0),
(4, 42, 609, 0, 0),
(4, 42, 610, 0, 0),
(4, 42, 611, 0, 0),
(4, 42, 612, 0, 0),
(4, 42, 613, 0, 0),
(4, 42, 614, 0, 0),
(4, 42, 615, 0, 0),
(4, 42, 616, 0, 0),
(4, 44, 617, 0, 0),
(4, 44, 618, 0, 0),
(4, 44, 619, 0, 0),
(4, 44, 620, 0, 0),
(4, 44, 621, 0, 0),
(4, 44, 622, 0, 0),
(4, 46, 623, 0, 0),
(4, 46, 624, 0, 0),
(4, 46, 625, 0, 0),
(4, 46, 626, 0, 0),
(4, 46, 627, 0, 0),
(4, 46, 628, 0, 0),
(4, 46, 629, 0, 0),
(4, 46, 630, 0, 0),
(4, 46, 631, 0, 0),
(4, 46, 632, 0, 0),
(4, 46, 633, 0, 0),
(4, 46, 634, 0, 0),
(4, 46, 635, 0, 0),
(4, 47, 636, 0, 0),
(4, 47, 637, 0, 0),
(4, 47, 638, 0, 0),
(4, 47, 639, 0, 0),
(4, 47, 640, 0, 0),
(4, 47, 641, 0, 0),
(4, 47, 642, 0, 0),
(4, 47, 643, 0, 0),
(4, 47, 644, 0, 0),
(4, 47, 645, 0, 0),
(4, 47, 646, 0, 0),
(4, 47, 647, 0, 0),
(4, 47, 648, 0, 0),
(4, 47, 649, 0, 0),
(4, 47, 650, 0, 0),
(4, 47, 651, 0, 0),
(4, 47, 652, 0, 0),
(4, 47, 653, 0, 0),
(4, 48, 654, 0, 0),
(4, 48, 655, 0, 0),
(4, 48, 656, 0, 0),
(4, 48, 657, 0, 0),
(4, 48, 658, 0, 0),
(4, 48, 659, 0, 0),
(4, 48, 660, 0, 0),
(4, 48, 661, 0, 0),
(4, 48, 662, 0, 0),
(4, 48, 663, 0, 0),
(4, 48, 664, 0, 0),
(4, 48, 665, 0, 0),
(4, 48, 666, 0, 0),
(4, 48, 667, 0, 0),
(4, 48, 668, 0, 0),
(4, 48, 669, 0, 0),
(4, 48, 670, 0, 0),
(4, 48, 671, 0, 0),
(4, 48, 672, 0, 0),
(4, 48, 673, 0, 0),
(4, 2, 674, 0, 0),
(4, 29, 675, 0, 0),
(4, 23, 676, 0, 0),
(4, 23, 677, 0, 0),
(4, 23, 678, 0, 0),
(4, 23, 679, 0, 0),
(4, 23, 680, 0, 0),
(4, 23, 681, 0, 0),
(4, 23, 682, 0, 0),
(4, 23, 683, 0, 0),
(4, 23, 684, 0, 0),
(4, 22, 685, 0, 0),
(4, 22, 686, 0, 0),
(4, 22, 687, 0, 0),
(4, 22, 688, 0, 0),
(4, 22, 689, 0, 0),
(4, 22, 690, 0, 0),
(4, 22, 691, 0, 0),
(4, 22, 692, 0, 0),
(4, 22, 693, 0, 0),
(4, 21, 694, 0, 0),
(4, 21, 695, 0, 0),
(4, 21, 696, 0, 0),
(4, 21, 697, 0, 0),
(4, 21, 698, 0, 0),
(4, 21, 699, 0, 0),
(4, 21, 700, 0, 0),
(4, 21, 701, 0, 0),
(4, 21, 702, 0, 0),
(4, 20, 703, 0, 0),
(4, 20, 704, 0, 0),
(4, 20, 705, 0, 0),
(4, 20, 706, 0, 0),
(4, 20, 707, 0, 0),
(4, 20, 708, 0, 0),
(4, 20, 709, 0, 0),
(4, 20, 710, 0, 0),
(4, 20, 711, 0, 0),
(4, 29, 712, 0, 0),
(4, 47, 713, 0, 0),
(4, 38, 714, 0, 0),
(4, 29, 715, 0, 0),
(4, 29, 716, 0, 0),
(4, 29, 717, 0, 0),
(4, 23, 718, 0, 0),
(4, 22, 719, 0, 0),
(4, 21, 720, 0, 0),
(4, 20, 721, 0, 0),
(4, 29, 722, 0, 0),
(4, 6, 723, 0, 0),
(4, 4, 724, 0, 0),
(4, 2, 725, 0, 0),
(4, 29, 726, 0, 0),
(4, 23, 727, 0, 0),
(4, 23, 728, 0, 0),
(4, 21, 729, 0, 0),
(4, 21, 730, 0, 0),
(4, 18, 731, 0, 0),
(4, 7, 732, 0, 0),
(4, 38, 733, 0, 0),
(4, 38, 734, 0, 0),
(4, 23, 735, 0, 0),
(4, 20, 736, 0, 0),
(4, 21, 737, 0, 0),
(4, 22, 738, 0, 0),
(4, 29, 739, 0, 0),
(4, 2, 740, 0, 0),
(4, 13, 741, 0, 0),
(4, 29, 742, 0, 0),
(4, 29, 743, 0, 0),
(4, 29, 744, 0, 0),
(4, 29, 745, 0, 0),
(4, 14, 772, 0, 0),
(4, 35, 773, 0, 0),
(4, 23, 774, 0, 0),
(4, 29, 775, 0, 0),
(4, 23, 776, 0, 0),
(4, 23, 777, 0, 0),
(4, 23, 778, 0, 0),
(4, 20, 779, 0, 0),
(4, 20, 780, 0, 0),
(4, 20, 781, 0, 0),
(4, 21, 782, 0, 0),
(4, 22, 783, 0, 0),
(4, 22, 784, 0, 0),
(4, 22, 785, 0, 0),
(4, 38, 786, 0, 0),
(4, 38, 787, 0, 0),
(4, 38, 788, 0, 0),
(4, 2, 789, 0, 0),
(4, 4, 790, 0, 0),
(4, 6, 791, 0, 0),
(4, 7, 792, 0, 0),
(4, 8, 793, 0, 0),
(4, 9, 794, 0, 0),
(4, 10, 795, 0, 0),
(4, 13, 796, 0, 0),
(4, 14, 797, 0, 0),
(4, 15, 798, 0, 0),
(4, 16, 799, 0, 0),
(4, 18, 800, 0, 0),
(4, 19, 801, 0, 0),
(4, 20, 802, 0, 0),
(4, 21, 803, 0, 0),
(4, 22, 804, 0, 0),
(4, 23, 805, 0, 0),
(4, 26, 806, 0, 0),
(4, 10, 807, 0, 0),
(4, 2, 808, 0, 0),
(4, 4, 809, 0, 0),
(4, 6, 810, 0, 0),
(4, 7, 811, 0, 0),
(4, 8, 812, 0, 0),
(4, 9, 813, 0, 0),
(4, 10, 814, 0, 0),
(4, 13, 815, 0, 0),
(4, 14, 816, 0, 0),
(4, 15, 817, 0, 0),
(4, 16, 818, 0, 0),
(4, 18, 819, 0, 0),
(4, 19, 820, 0, 0),
(4, 20, 821, 0, 0),
(4, 21, 822, 0, 0),
(4, 22, 823, 0, 0),
(4, 23, 824, 0, 0),
(4, 26, 825, 0, 0),
(4, 2, 826, 0, 0),
(4, 4, 827, 0, 0),
(4, 6, 828, 0, 0),
(4, 7, 829, 0, 0),
(4, 8, 830, 0, 0),
(4, 9, 831, 0, 0),
(4, 10, 832, 0, 0),
(4, 13, 833, 0, 0),
(4, 14, 834, 0, 0),
(4, 15, 835, 0, 0),
(4, 16, 836, 0, 0),
(4, 18, 837, 0, 0),
(4, 19, 838, 0, 0),
(4, 20, 839, 0, 0),
(4, 21, 840, 0, 0),
(4, 22, 841, 0, 0),
(4, 23, 842, 0, 0),
(4, 26, 843, 0, 0),
(4, 20, 844, 0, 0),
(4, 21, 845, 0, 0),
(4, 22, 846, 0, 0),
(4, 23, 847, 0, 0),
(4, 48, 848, 0, 0),
(4, 48, 849, 0, 0),
(4, 29, 850, 0, 0),
(4, 22, 851, 0, 0),
(4, 52, 852, 0, 0),
(4, 52, 853, 0, 0),
(4, 52, 854, 0, 0),
(4, 52, 856, 0, 0),
(4, 52, 858, 0, 0),
(4, 52, 860, 0, 0),
(4, 52, 862, 0, 0),
(4, 52, 864, 0, 0),
(4, 52, 866, 0, 0),
(4, 53, 867, 0, 0),
(4, 53, 868, 0, 0),
(4, 53, 869, 0, 0),
(4, 54, 870, 0, 0),
(4, 54, 871, 0, 0),
(4, 54, 872, 0, 0),
(4, 54, 873, 0, 0),
(4, 55, 874, 0, 0),
(4, 55, 875, 0, 0),
(4, 55, 876, 0, 0),
(4, 55, 877, 0, 0),
(4, 56, 878, 0, 0),
(4, 56, 879, 0, 0),
(4, 56, 880, 0, 0),
(4, 56, 881, 0, 0),
(4, 56, 882, 0, 0),
(4, 56, 883, 0, 0),
(4, 56, 884, 0, 0),
(4, 56, 885, 0, 0),
(4, 56, 886, 0, 0),
(4, 56, 887, 0, 0),
(4, 56, 888, 0, 0),
(4, 56, 889, 0, 0),
(4, 56, 891, 0, 0),
(4, 57, 892, 0, 0),
(4, 57, 893, 0, 0),
(4, 57, 894, 0, 0),
(4, 57, 895, 0, 0),
(4, 57, 896, 0, 0),
(4, 57, 897, 0, 0),
(4, 57, 898, 0, 0),
(4, 57, 899, 0, 0),
(4, 53, 900, 0, 0),
(4, 53, 901, 0, 0),
(4, 54, 902, 0, 0),
(4, 54, 903, 0, 0),
(4, 54, 904, 0, 0),
(4, 54, 905, 0, 0),
(4, 53, 906, 0, 0),
(4, 53, 907, 0, 0),
(4, 53, 908, 0, 0),
(4, 53, 909, 0, 0),
(4, 53, 910, 0, 0),
(4, 53, 911, 0, 0),
(4, 53, 912, 0, 0),
(4, 53, 913, 0, 0),
(4, 54, 914, 0, 0),
(4, 54, 915, 0, 0),
(4, 54, 916, 0, 0),
(4, 54, 917, 0, 0),
(4, 54, 918, 0, 0),
(4, 54, 919, 0, 0),
(4, 54, 920, 0, 0),
(4, 54, 921, 0, 0),
(4, 54, 922, 0, 0),
(4, 54, 923, 0, 0),
(4, 54, 924, 0, 0),
(4, 54, 925, 0, 0),
(4, 54, 926, 0, 0),
(4, 54, 927, 0, 0),
(4, 54, 928, 0, 0),
(4, 54, 929, 0, 0),
(4, 54, 930, 0, 0),
(4, 54, 931, 0, 0),
(4, 54, 932, 0, 0),
(4, 54, 933, 0, 0),
(4, 54, 934, 0, 0),
(4, 54, 935, 0, 0),
(4, 54, 936, 0, 0),
(4, 54, 937, 0, 0),
(4, 54, 938, 0, 0),
(4, 54, 939, 0, 0),
(4, 54, 940, 0, 0),
(4, 54, 941, 0, 0),
(4, 54, 942, 0, 0),
(4, 54, 943, 0, 0),
(4, 54, 944, 0, 0),
(4, 54, 945, 0, 0),
(4, 54, 946, 0, 0),
(4, 54, 947, 0, 0),
(4, 54, 948, 0, 0),
(4, 54, 949, 0, 0),
(4, 57, 950, 0, 0),
(4, 57, 951, 0, 0),
(4, 57, 952, 0, 0),
(4, 57, 953, 0, 0),
(4, 57, 954, 0, 0),
(4, 57, 955, 0, 0),
(4, 57, 956, 0, 0),
(4, 57, 957, 0, 0),
(4, 57, 958, 0, 0),
(4, 57, 959, 0, 0),
(4, 57, 960, 0, 0),
(4, 57, 961, 0, 0),
(4, 57, 962, 0, 0),
(4, 16, 964, 0, 0),
(5, 6, 1, 0, 0),
(5, 6, 2, 0, 0),
(5, 6, 3, 0, 0),
(5, 6, 4, 0, 0),
(5, 6, 5, 0, 0),
(5, 6, 6, 0, 0),
(5, 6, 7, 0, 0),
(5, 6, 8, 0, 0),
(5, 6, 9, 0, 0),
(5, 6, 10, 0, 0),
(5, 6, 11, 0, 0),
(5, 6, 12, 0, 0),
(5, 6, 13, 0, 0),
(5, 6, 14, 0, 0),
(5, 6, 15, 0, 0),
(5, 6, 16, 0, 0),
(5, 6, 17, 0, 0),
(5, 6, 18, 0, 0),
(5, 6, 19, 0, 0),
(5, 6, 20, 0, 0),
(5, 6, 21, 0, 1),
(5, 6, 22, 0, 1),
(5, 6, 23, 0, 0),
(5, 6, 24, 0, 0),
(5, 6, 25, 0, 0),
(5, 6, 26, 0, 0),
(5, 6, 27, 0, 0),
(5, 6, 28, 0, 0),
(5, 6, 29, 0, 0),
(5, 6, 30, 0, 0),
(5, 6, 31, 0, 0),
(5, 6, 32, 0, 0),
(5, 6, 33, 0, 0),
(5, 6, 34, 0, 0),
(5, 6, 35, 0, 0),
(5, 6, 36, 0, 0),
(5, 7, 37, 0, 0),
(5, 7, 38, 0, 0),
(5, 7, 39, 0, 0),
(5, 7, 40, 0, 0),
(5, 7, 41, 0, 0),
(5, 7, 42, 0, 0),
(5, 7, 43, 0, 0),
(5, 7, 44, 0, 0),
(5, 7, 45, 0, 0),
(5, 7, 46, 0, 0),
(5, 7, 47, 0, 0),
(5, 7, 48, 0, 0),
(5, 7, 49, 0, 0),
(5, 7, 50, 0, 0),
(5, 7, 51, 0, 0),
(5, 7, 52, 0, 0),
(5, 7, 53, 0, 0),
(5, 7, 54, 0, 0),
(5, 7, 55, 0, 0),
(5, 7, 56, 0, 1),
(5, 7, 57, 0, 1),
(5, 7, 58, 0, 0),
(5, 7, 59, 0, 0),
(5, 7, 60, 0, 0),
(5, 7, 61, 0, 0),
(5, 7, 62, 0, 0),
(5, 7, 63, 0, 0),
(5, 7, 64, 0, 0),
(5, 7, 65, 0, 0),
(5, 4, 66, 0, 0),
(5, 4, 67, 0, 0),
(5, 4, 68, 0, 0),
(5, 4, 69, 0, 0),
(5, 4, 70, 0, 0),
(5, 4, 71, 0, 0),
(5, 4, 72, 0, 0),
(5, 4, 73, 0, 0),
(5, 4, 74, 0, 0),
(5, 4, 75, 0, 0),
(5, 4, 76, 0, 0),
(5, 4, 77, 0, 0),
(5, 4, 78, 0, 0),
(5, 4, 79, 0, 0),
(5, 4, 80, 0, 0),
(5, 4, 81, 0, 0),
(5, 4, 82, 0, 0),
(5, 4, 83, 0, 0),
(5, 4, 84, 0, 0),
(5, 4, 85, 0, 0),
(5, 4, 86, 0, 0),
(5, 4, 87, 0, 0),
(5, 4, 88, 0, 0),
(5, 4, 89, 0, 0),
(5, 4, 90, 0, 1),
(5, 4, 91, 0, 1),
(5, 4, 92, 0, 0),
(5, 4, 93, 0, 0),
(5, 4, 94, 0, 0),
(5, 4, 95, 0, 0),
(5, 4, 96, 0, 0),
(5, 4, 97, 0, 0),
(5, 4, 98, 0, 0),
(5, 4, 99, 0, 0),
(5, 4, 100, 0, 0),
(5, 4, 101, 0, 0),
(5, 4, 102, 0, 0),
(5, 4, 103, 0, 0),
(5, 4, 104, 0, 0),
(5, 4, 105, 0, 0),
(5, 4, 106, 0, 0),
(5, 4, 107, 0, 0),
(5, 4, 108, 0, 0),
(5, 4, 109, 0, 0),
(5, 2, 110, 0, 0),
(5, 2, 111, 0, 0),
(5, 2, 112, 0, 0),
(5, 2, 113, 0, 0),
(5, 2, 114, 0, 0),
(5, 2, 115, 0, 0),
(5, 2, 116, 0, 0),
(5, 2, 117, 0, 0),
(5, 2, 118, 0, 0),
(5, 2, 119, 0, 0),
(5, 2, 120, 0, 0),
(5, 2, 121, 0, 0),
(5, 2, 122, 0, 1),
(5, 2, 123, 0, 1),
(5, 2, 124, 0, 0),
(5, 2, 125, 0, 0),
(5, 26, 126, 0, 0),
(5, 26, 127, 0, 0),
(5, 26, 128, 0, 0),
(5, 26, 129, 0, 0),
(5, 26, 130, 0, 0),
(5, 26, 131, 0, 0),
(5, 26, 132, 0, 0),
(5, 26, 133, 0, 0),
(5, 26, 134, 0, 0),
(5, 26, 135, 0, 0),
(5, 26, 136, 0, 0),
(5, 26, 137, 0, 1),
(5, 26, 138, 0, 1),
(5, 26, 139, 0, 0),
(5, 26, 140, 0, 0),
(5, 26, 141, 0, 0),
(5, 26, 142, 0, 0),
(5, 26, 143, 0, 0),
(5, 26, 144, 0, 0),
(5, 26, 145, 0, 0),
(5, 26, 146, 0, 0),
(5, 26, 147, 0, 0),
(5, 26, 148, 0, 0),
(5, 26, 149, 0, 0),
(5, 26, 150, 0, 0),
(5, 13, 155, 0, 0),
(5, 13, 156, 0, 0),
(5, 13, 157, 0, 0),
(5, 13, 158, 0, 0),
(5, 13, 159, 0, 0),
(5, 13, 160, 0, 0),
(5, 13, 161, 0, 0),
(5, 13, 162, 0, 0),
(5, 13, 164, 0, 0),
(5, 13, 165, 0, 0),
(5, 13, 166, 0, 1),
(5, 13, 167, 0, 1),
(5, 13, 168, 0, 0),
(5, 13, 169, 0, 0),
(5, 13, 170, 0, 0),
(5, 13, 171, 0, 0),
(5, 13, 172, 0, 0),
(5, 14, 174, 0, 0),
(5, 14, 175, 0, 0),
(5, 14, 176, 0, 0),
(5, 14, 177, 0, 0),
(5, 14, 178, 0, 0),
(5, 14, 179, 0, 0),
(5, 14, 180, 0, 0),
(5, 14, 181, 0, 0),
(5, 14, 182, 0, 0),
(5, 14, 183, 0, 0),
(5, 14, 184, 0, 0),
(5, 14, 185, 0, 0),
(5, 14, 186, 0, 0),
(5, 14, 187, 0, 0),
(5, 14, 188, 0, 0),
(5, 14, 189, 0, 0),
(5, 14, 190, 0, 0),
(5, 14, 191, 0, 1),
(5, 14, 192, 0, 1),
(5, 14, 193, 0, 0),
(5, 14, 194, 0, 0),
(5, 14, 195, 0, 0),
(5, 14, 197, 0, 0),
(5, 14, 198, 0, 0),
(5, 14, 199, 0, 0),
(5, 14, 200, 0, 0),
(5, 14, 201, 0, 0),
(5, 14, 202, 0, 0),
(5, 14, 203, 0, 0),
(5, 14, 204, 0, 0),
(5, 8, 205, 0, 0),
(5, 8, 206, 0, 1),
(5, 8, 207, 0, 1),
(5, 8, 208, 0, 0),
(5, 8, 209, 0, 0),
(5, 8, 210, 0, 0),
(5, 8, 211, 0, 1),
(5, 8, 212, 0, 1),
(5, 8, 213, 0, 0),
(5, 8, 214, 0, 0),
(5, 8, 215, 0, 0),
(5, 8, 216, 0, 1),
(5, 8, 217, 0, 0),
(5, 8, 218, 0, 0),
(5, 8, 219, 0, 0),
(5, 10, 220, 0, 0),
(5, 10, 221, 0, 0),
(5, 10, 222, 0, 0),
(5, 10, 223, 0, 0),
(5, 10, 224, 0, 0),
(5, 10, 225, 0, 0),
(5, 10, 226, 0, 0),
(5, 10, 227, 0, 0),
(5, 10, 228, 0, 0),
(5, 10, 229, 0, 1),
(5, 10, 230, 0, 0),
(5, 10, 231, 0, 0),
(5, 9, 232, 0, 0),
(5, 9, 233, 0, 0),
(5, 9, 234, 0, 0),
(5, 9, 235, 0, 0),
(5, 9, 236, 0, 0),
(5, 9, 237, 0, 0),
(5, 9, 238, 0, 0),
(5, 9, 239, 0, 0),
(5, 9, 240, 0, 0),
(5, 9, 241, 0, 0),
(5, 9, 242, 0, 0),
(5, 9, 243, 0, 0),
(5, 9, 244, 0, 1),
(5, 9, 245, 0, 1),
(5, 9, 246, 0, 0),
(5, 9, 247, 0, 0),
(5, 9, 248, 0, 0),
(5, 9, 249, 0, 0),
(5, 9, 250, 0, 0),
(5, 9, 251, 0, 0),
(5, 9, 252, 0, 0),
(5, 9, 253, 0, 0),
(5, 9, 254, 0, 0),
(5, 9, 255, 0, 0),
(5, 16, 256, 0, 0),
(5, 16, 257, 0, 0),
(5, 16, 258, 0, 0),
(5, 16, 259, 0, 0),
(5, 16, 260, 0, 0),
(5, 16, 261, 0, 0),
(5, 16, 262, 0, 0),
(5, 16, 263, 0, 0),
(5, 16, 264, 0, 0),
(5, 16, 265, 0, 0),
(5, 16, 266, 0, 0),
(5, 16, 267, 0, 0),
(5, 16, 268, 0, 0),
(5, 16, 269, 0, 0),
(5, 16, 270, 0, 1),
(5, 16, 271, 0, 1),
(5, 16, 272, 0, 0),
(5, 16, 273, 0, 0),
(5, 16, 274, 0, 0),
(5, 16, 275, 0, 0),
(5, 16, 276, 0, 0),
(5, 16, 277, 0, 0),
(5, 16, 278, 0, 0),
(5, 15, 279, 0, 0),
(5, 15, 280, 0, 0),
(5, 15, 281, 0, 0),
(5, 15, 282, 0, 0),
(5, 15, 283, 0, 0),
(5, 15, 284, 0, 0),
(5, 15, 286, 0, 1),
(5, 15, 287, 0, 1),
(5, 15, 288, 0, 0),
(5, 18, 289, 0, 0),
(5, 18, 290, 0, 0),
(5, 18, 291, 0, 0),
(5, 18, 292, 0, 0),
(5, 18, 293, 0, 0),
(5, 18, 294, 0, 0),
(5, 18, 295, 0, 0),
(5, 18, 296, 0, 1),
(5, 18, 297, 0, 1),
(5, 18, 298, 0, 0),
(5, 18, 299, 0, 0),
(5, 18, 300, 0, 0),
(5, 18, 301, 0, 0),
(5, 18, 302, 0, 0),
(5, 18, 303, 0, 0),
(5, 18, 304, 0, 0),
(5, 18, 305, 0, 0),
(5, 19, 306, 0, 0),
(5, 19, 307, 0, 0),
(5, 19, 308, 0, 0),
(5, 19, 309, 0, 1),
(5, 19, 310, 0, 1),
(5, 19, 311, 0, 0),
(5, 19, 312, 0, 0),
(5, 19, 313, 0, 0),
(5, 20, 314, 0, 0),
(5, 20, 315, 0, 0),
(5, 20, 316, 0, 0),
(5, 20, 317, 0, 0),
(5, 20, 318, 0, 0),
(5, 20, 319, 0, 0),
(5, 20, 320, 0, 0),
(5, 20, 321, 0, 0),
(5, 20, 322, 0, 0),
(5, 20, 323, 0, 0),
(5, 20, 324, 0, 0),
(5, 20, 325, 0, 0),
(5, 20, 326, 0, 0),
(5, 20, 327, 0, 0),
(5, 20, 328, 0, 0),
(5, 20, 329, 0, 0),
(5, 20, 330, 0, 0),
(5, 20, 331, 0, 0),
(5, 20, 332, 0, 1),
(5, 20, 333, 0, 1),
(5, 20, 334, 0, 0),
(5, 20, 335, 0, 0),
(5, 20, 336, 0, 0),
(5, 20, 337, 0, 0),
(5, 20, 338, 0, 0),
(5, 20, 339, 0, 0),
(5, 20, 340, 0, 0),
(5, 20, 341, 0, 0),
(5, 20, 342, 0, 0),
(5, 20, 343, 0, 0),
(5, 20, 344, 0, 0),
(5, 20, 345, 0, 0),
(5, 20, 346, 0, 0),
(5, 20, 347, 0, 0),
(5, 20, 348, 0, 0),
(5, 20, 349, 0, 0),
(5, 20, 350, 0, 0),
(5, 21, 351, 0, 0),
(5, 21, 352, 0, 0),
(5, 21, 353, 0, 0),
(5, 21, 354, 0, 0),
(5, 21, 355, 0, 0),
(5, 21, 356, 0, 0),
(5, 21, 357, 0, 0),
(5, 21, 358, 0, 0),
(5, 21, 359, 0, 0),
(5, 21, 360, 0, 0),
(5, 21, 361, 0, 0),
(5, 21, 362, 0, 0),
(5, 21, 363, 0, 0),
(5, 21, 364, 0, 0),
(5, 21, 365, 0, 0),
(5, 21, 366, 0, 0),
(5, 21, 367, 0, 0),
(5, 21, 368, 0, 0),
(5, 21, 369, 0, 0),
(5, 21, 370, 0, 1),
(5, 21, 371, 0, 1),
(5, 21, 372, 0, 0),
(5, 21, 373, 0, 0),
(5, 21, 374, 0, 0),
(5, 21, 375, 0, 0),
(5, 21, 376, 0, 0),
(5, 21, 377, 0, 0),
(5, 21, 378, 0, 0),
(5, 21, 379, 0, 0),
(5, 21, 380, 0, 0),
(5, 21, 381, 0, 0),
(5, 21, 382, 0, 0),
(5, 21, 383, 0, 0),
(5, 21, 384, 0, 0),
(5, 21, 385, 0, 0),
(5, 21, 386, 0, 0),
(5, 21, 387, 0, 0),
(5, 21, 388, 0, 0),
(5, 22, 389, 0, 0),
(5, 22, 390, 0, 0),
(5, 22, 391, 0, 0),
(5, 22, 392, 0, 0),
(5, 22, 393, 0, 0),
(5, 22, 394, 0, 0),
(5, 22, 395, 0, 0),
(5, 22, 396, 0, 0),
(5, 22, 397, 0, 0),
(5, 22, 398, 0, 0),
(5, 22, 399, 0, 0),
(5, 22, 400, 0, 0),
(5, 22, 401, 0, 0),
(5, 22, 402, 0, 0),
(5, 22, 403, 0, 0),
(5, 22, 404, 0, 0),
(5, 22, 405, 0, 0),
(5, 22, 406, 0, 0),
(5, 22, 407, 0, 0),
(5, 22, 408, 0, 0),
(5, 22, 409, 0, 0),
(5, 22, 410, 0, 0),
(5, 22, 411, 0, 1),
(5, 22, 412, 0, 1),
(5, 22, 413, 0, 0),
(5, 22, 414, 0, 0),
(5, 22, 415, 0, 0),
(5, 22, 416, 0, 0),
(5, 22, 417, 0, 0),
(5, 22, 418, 0, 0),
(5, 22, 419, 0, 0),
(5, 22, 420, 0, 0),
(5, 22, 421, 0, 0),
(5, 22, 422, 0, 0),
(5, 22, 423, 0, 0),
(5, 22, 424, 0, 0),
(5, 22, 425, 0, 0),
(5, 22, 426, 0, 0),
(5, 22, 427, 0, 0),
(5, 22, 428, 0, 0),
(5, 22, 429, 0, 0),
(5, 22, 430, 0, 0),
(5, 22, 431, 0, 0),
(5, 22, 432, 0, 0),
(5, 22, 433, 0, 0),
(5, 22, 434, 0, 0),
(5, 22, 435, 0, 0),
(5, 23, 436, 0, 0),
(5, 23, 437, 0, 0),
(5, 23, 438, 0, 0),
(5, 23, 439, 0, 0),
(5, 23, 440, 0, 0),
(5, 23, 441, 0, 0),
(5, 23, 442, 0, 0),
(5, 23, 443, 0, 0),
(5, 23, 444, 0, 0),
(5, 23, 445, 0, 0),
(5, 23, 446, 0, 0),
(5, 23, 447, 0, 0),
(5, 23, 448, 0, 0),
(5, 23, 449, 0, 0),
(5, 23, 450, 0, 0),
(5, 23, 451, 0, 0),
(5, 23, 452, 0, 0),
(5, 23, 453, 0, 0),
(5, 23, 454, 0, 0),
(5, 23, 455, 0, 1),
(5, 23, 456, 0, 1),
(5, 23, 457, 0, 0),
(5, 23, 458, 0, 0),
(5, 23, 459, 0, 0),
(5, 23, 460, 0, 0),
(5, 23, 461, 0, 0),
(5, 23, 462, 0, 0),
(5, 23, 463, 0, 0),
(5, 23, 464, 0, 0),
(5, 23, 465, 0, 0),
(5, 23, 466, 0, 0),
(5, 23, 467, 0, 0),
(5, 23, 468, 0, 0),
(5, 23, 469, 0, 0),
(5, 23, 470, 0, 0),
(5, 23, 471, 0, 0),
(5, 23, 472, 0, 0),
(5, 23, 473, 0, 0),
(5, 23, 474, 0, 0),
(5, 29, 475, 0, 0),
(5, 29, 479, 0, 0),
(5, 29, 480, 0, 0),
(5, 29, 481, 0, 0),
(5, 29, 482, 0, 0),
(5, 29, 489, 0, 0),
(5, 29, 490, 0, 0),
(5, 29, 491, 0, 0),
(5, 29, 492, 0, 0),
(5, 29, 493, 0, 0),
(5, 29, 494, 0, 0),
(5, 29, 495, 0, 0),
(5, 29, 496, 0, 0),
(5, 29, 497, 0, 0),
(5, 29, 498, 0, 0),
(5, 29, 499, 0, 0),
(5, 29, 504, 0, 0),
(5, 29, 505, 0, 0),
(5, 29, 506, 0, 0),
(5, 29, 507, 0, 0),
(5, 29, 510, 0, 0),
(5, 10, 520, 0, 0),
(5, 10, 521, 0, 0),
(5, 10, 522, 0, 0),
(5, 10, 523, 0, 0),
(5, 10, 524, 0, 0),
(5, 10, 525, 0, 0),
(5, 30, 526, 0, 0),
(5, 30, 527, 0, 1),
(5, 30, 528, 0, 1),
(5, 30, 529, 0, 0),
(5, 30, 530, 0, 1),
(5, 30, 531, 0, 0),
(5, 30, 532, 0, 0),
(5, 30, 533, 0, 0),
(5, 30, 534, 0, 0),
(5, 30, 535, 0, 0),
(5, 30, 536, 0, 0),
(5, 30, 537, 0, 1),
(5, 30, 538, 0, 1),
(5, 30, 539, 0, 0),
(5, 30, 540, 0, 0),
(5, 30, 541, 0, 0),
(5, 30, 542, 0, 1),
(5, 30, 543, 0, 0),
(5, 30, 544, 0, 0),
(5, 30, 545, 0, 1),
(5, 30, 546, 0, 0),
(5, 30, 547, 0, 0),
(5, 34, 548, 0, 0),
(5, 34, 549, 0, 0),
(5, 34, 550, 0, 0),
(5, 34, 551, 0, 0),
(5, 34, 552, 0, 0),
(5, 34, 553, 0, 0),
(5, 34, 554, 0, 0),
(5, 34, 555, 0, 0),
(5, 34, 556, 0, 0),
(5, 34, 557, 0, 0),
(5, 34, 558, 0, 0),
(5, 34, 559, 0, 0),
(5, 34, 560, 0, 0),
(5, 34, 561, 0, 0),
(5, 34, 562, 0, 1),
(5, 34, 563, 0, 1),
(5, 34, 564, 0, 1),
(5, 29, 565, 0, 0),
(5, 35, 566, 0, 0),
(5, 35, 567, 0, 0),
(5, 35, 568, 0, 0),
(5, 35, 569, 0, 0),
(5, 35, 570, 0, 0),
(5, 35, 571, 0, 0),
(5, 35, 572, 0, 0),
(5, 35, 573, 0, 0),
(5, 35, 574, 0, 1),
(5, 35, 575, 0, 1),
(5, 35, 576, 0, 0),
(5, 35, 577, 0, 0),
(5, 35, 578, 0, 0),
(5, 35, 579, 0, 0),
(5, 35, 580, 0, 0),
(5, 35, 581, 0, 0),
(5, 35, 583, 0, 0),
(5, 35, 584, 0, 0),
(5, 35, 585, 0, 1),
(5, 35, 586, 0, 0),
(5, 35, 587, 0, 0),
(5, 38, 588, 0, 0),
(5, 38, 589, 0, 0),
(5, 38, 590, 0, 1),
(5, 38, 591, 0, 1),
(5, 38, 592, 0, 0),
(5, 38, 593, 0, 1),
(5, 38, 594, 0, 0),
(5, 38, 595, 0, 1),
(5, 42, 596, 0, 0),
(5, 42, 597, 0, 0),
(5, 42, 598, 0, 0),
(5, 42, 599, 0, 0),
(5, 42, 600, 0, 0),
(5, 42, 601, 0, 0),
(5, 42, 602, 0, 0),
(5, 42, 603, 0, 0),
(5, 42, 604, 0, 0),
(5, 42, 605, 0, 0),
(5, 42, 606, 0, 0),
(5, 42, 607, 0, 0),
(5, 42, 608, 0, 0),
(5, 42, 609, 0, 0),
(5, 42, 610, 0, 1),
(5, 42, 611, 0, 1),
(5, 42, 612, 0, 0),
(5, 42, 613, 0, 0),
(5, 42, 614, 0, 1),
(5, 42, 615, 0, 0),
(5, 42, 616, 0, 0),
(5, 44, 617, 0, 0),
(5, 44, 618, 0, 1),
(5, 44, 619, 0, 1),
(5, 44, 620, 0, 0),
(5, 44, 621, 0, 0),
(5, 44, 622, 0, 1),
(5, 46, 623, 0, 0),
(5, 46, 624, 0, 0),
(5, 46, 625, 0, 0),
(5, 46, 626, 0, 0),
(5, 46, 627, 0, 0),
(5, 46, 628, 0, 0),
(5, 46, 629, 0, 1),
(5, 46, 630, 0, 1),
(5, 46, 631, 0, 0),
(5, 46, 632, 0, 0),
(5, 46, 633, 0, 1),
(5, 46, 634, 0, 0),
(5, 46, 635, 0, 0),
(5, 47, 636, 0, 0),
(5, 47, 637, 0, 0),
(5, 47, 638, 0, 0),
(5, 47, 639, 0, 0),
(5, 47, 640, 0, 0),
(5, 47, 641, 0, 0),
(5, 47, 642, 0, 0),
(5, 47, 643, 0, 0),
(5, 47, 644, 0, 0),
(5, 47, 645, 0, 0),
(5, 47, 646, 0, 0),
(5, 47, 647, 0, 1),
(5, 47, 648, 0, 1),
(5, 47, 649, 0, 0),
(5, 47, 650, 0, 0),
(5, 47, 651, 0, 1),
(5, 47, 652, 0, 0),
(5, 47, 653, 0, 0),
(5, 48, 654, 0, 0),
(5, 48, 655, 0, 0),
(5, 48, 656, 0, 0),
(5, 48, 657, 0, 0),
(5, 48, 658, 0, 0),
(5, 48, 659, 0, 0),
(5, 48, 660, 0, 0),
(5, 48, 661, 0, 0),
(5, 48, 662, 0, 0),
(5, 48, 663, 0, 0),
(5, 48, 664, 0, 0),
(5, 48, 665, 0, 0),
(5, 48, 666, 0, 0),
(5, 48, 667, 0, 1),
(5, 48, 668, 0, 1),
(5, 48, 669, 0, 0),
(5, 48, 670, 0, 0),
(5, 48, 671, 0, 1),
(5, 48, 672, 0, 0),
(5, 48, 673, 0, 0),
(5, 2, 674, 0, 0),
(5, 23, 676, 0, 0),
(5, 23, 677, 0, 0),
(5, 23, 678, 0, 0),
(5, 23, 679, 0, 0),
(5, 23, 680, 0, 0),
(5, 23, 681, 0, 0),
(5, 22, 685, 0, 0),
(5, 22, 686, 0, 0),
(5, 22, 687, 0, 0),
(5, 22, 688, 0, 0),
(5, 22, 689, 0, 0),
(5, 22, 690, 0, 0),
(5, 21, 694, 0, 0),
(5, 21, 695, 0, 0),
(5, 21, 696, 0, 0),
(5, 21, 697, 0, 0),
(5, 21, 698, 0, 0),
(5, 21, 699, 0, 0),
(5, 20, 703, 0, 0),
(5, 20, 704, 0, 0),
(5, 20, 705, 0, 0),
(5, 20, 706, 0, 0),
(5, 20, 707, 0, 0),
(5, 20, 708, 0, 0),
(5, 47, 713, 0, 0),
(5, 38, 714, 0, 0),
(5, 23, 718, 0, 0),
(5, 22, 719, 0, 0),
(5, 21, 720, 0, 0),
(5, 20, 721, 0, 0),
(5, 6, 723, 0, 1),
(5, 4, 724, 0, 1),
(5, 2, 725, 0, 1),
(5, 23, 727, 0, 0),
(5, 23, 728, 0, 0),
(5, 21, 729, 0, 0),
(5, 21, 730, 0, 0),
(5, 18, 731, 0, 0),
(5, 7, 732, 0, 0),
(5, 38, 733, 0, 0),
(5, 38, 734, 0, 0),
(5, 23, 735, 0, 0),
(5, 20, 736, 0, 0),
(5, 21, 737, 0, 0),
(5, 22, 738, 0, 0),
(5, 2, 740, 0, 0),
(5, 13, 741, 0, 0),
(5, 14, 772, 0, 0),
(5, 35, 773, 0, 0),
(5, 23, 774, 0, 0),
(5, 38, 786, 0, 0),
(5, 38, 787, 0, 0),
(5, 38, 788, 0, 0),
(5, 2, 789, 0, 1),
(5, 4, 790, 0, 1),
(5, 6, 791, 0, 1),
(5, 7, 792, 0, 1),
(5, 8, 793, 0, 1),
(5, 9, 794, 0, 1),
(5, 10, 795, 0, 1),
(5, 13, 796, 0, 1),
(5, 14, 797, 0, 1),
(5, 15, 798, 0, 1),
(5, 16, 799, 0, 1),
(5, 18, 800, 0, 1),
(5, 19, 801, 0, 1),
(5, 20, 802, 0, 1),
(5, 21, 803, 0, 1),
(5, 22, 804, 0, 1),
(5, 23, 805, 0, 1),
(5, 26, 806, 0, 1),
(5, 10, 807, 0, 0),
(5, 2, 808, 0, 0),
(5, 4, 809, 0, 0),
(5, 6, 810, 0, 0),
(5, 7, 811, 0, 0),
(5, 8, 812, 0, 0),
(5, 9, 813, 0, 0),
(5, 10, 814, 0, 0),
(5, 13, 815, 0, 0),
(5, 14, 816, 0, 0),
(5, 15, 817, 0, 0),
(5, 16, 818, 0, 1),
(5, 18, 819, 0, 0),
(5, 19, 820, 0, 0),
(5, 20, 821, 0, 0),
(5, 21, 822, 0, 0),
(5, 22, 823, 0, 0),
(5, 23, 824, 0, 0),
(5, 26, 825, 0, 0),
(5, 2, 826, 0, 0),
(5, 4, 827, 0, 0),
(5, 6, 828, 0, 0),
(5, 7, 829, 0, 0),
(5, 8, 830, 0, 0),
(5, 9, 831, 0, 0),
(5, 10, 832, 0, 0),
(5, 13, 833, 0, 0),
(5, 14, 834, 0, 0),
(5, 15, 835, 0, 0),
(5, 16, 836, 0, 1),
(5, 18, 837, 0, 0),
(5, 19, 838, 0, 0),
(5, 20, 839, 0, 0),
(5, 21, 840, 0, 0),
(5, 22, 841, 0, 0),
(5, 23, 842, 0, 0),
(5, 26, 843, 0, 0),
(5, 20, 844, 0, 0),
(5, 21, 845, 0, 0),
(5, 22, 846, 0, 0),
(5, 23, 847, 0, 0),
(5, 48, 848, 0, 1),
(5, 48, 849, 0, 0),
(5, 22, 851, 0, 1),
(5, 52, 852, 0, 0),
(5, 52, 853, 0, 0),
(5, 52, 854, 0, 0),
(5, 52, 856, 0, 0),
(5, 52, 858, 0, 0),
(5, 52, 860, 0, 0),
(5, 52, 862, 0, 0),
(5, 52, 864, 0, 0),
(5, 52, 866, 0, 0),
(5, 53, 867, 0, 0),
(5, 53, 868, 0, 0),
(5, 53, 869, 0, 0),
(5, 54, 870, 0, 0),
(5, 54, 871, 0, 0),
(5, 54, 872, 0, 0),
(5, 54, 873, 0, 0),
(5, 55, 874, 0, 0),
(5, 55, 875, 0, 0),
(5, 55, 876, 0, 0),
(5, 55, 877, 0, 0),
(5, 56, 878, 0, 0),
(5, 56, 879, 0, 0),
(5, 56, 880, 0, 0),
(5, 56, 881, 0, 0),
(5, 56, 882, 0, 0),
(5, 56, 883, 0, 0),
(5, 56, 884, 0, 0),
(5, 56, 885, 0, 0),
(5, 56, 886, 0, 0),
(5, 56, 887, 0, 0),
(5, 56, 888, 0, 0),
(5, 56, 889, 0, 0),
(5, 56, 891, 0, 0),
(5, 57, 892, 0, 0),
(5, 57, 893, 0, 0),
(5, 57, 894, 0, 0),
(5, 57, 895, 0, 0),
(5, 57, 896, 0, 0),
(5, 57, 897, 0, 0),
(5, 57, 898, 0, 0),
(5, 57, 899, 0, 0),
(5, 53, 900, 0, 0),
(5, 53, 901, 0, 0),
(5, 54, 902, 0, 0),
(5, 54, 903, 0, 0),
(5, 54, 904, 0, 0),
(5, 54, 905, 0, 0),
(5, 53, 906, 0, 0),
(5, 53, 907, 0, 0),
(5, 53, 908, 0, 0),
(5, 53, 909, 0, 0),
(5, 53, 910, 0, 0),
(5, 53, 911, 0, 0),
(5, 53, 912, 0, 0),
(5, 53, 913, 0, 0),
(5, 54, 914, 0, 0),
(5, 54, 915, 0, 0),
(5, 54, 916, 0, 0),
(5, 54, 917, 0, 0),
(5, 54, 918, 0, 0),
(5, 54, 919, 0, 0),
(5, 54, 920, 0, 0),
(5, 54, 921, 0, 0),
(5, 54, 922, 0, 0),
(5, 54, 923, 0, 0),
(5, 54, 924, 0, 0),
(5, 54, 925, 0, 0),
(5, 54, 926, 0, 0),
(5, 54, 927, 0, 0),
(5, 54, 928, 0, 0),
(5, 54, 929, 0, 0),
(5, 54, 930, 0, 0),
(5, 54, 931, 0, 0),
(5, 54, 932, 0, 0),
(5, 54, 933, 0, 0),
(5, 54, 934, 0, 0),
(5, 54, 935, 0, 0),
(5, 54, 936, 0, 0),
(5, 54, 937, 0, 0),
(5, 54, 938, 0, 0),
(5, 54, 939, 0, 0),
(5, 54, 940, 0, 0),
(5, 54, 941, 0, 0),
(5, 54, 942, 0, 0),
(5, 54, 943, 0, 0),
(5, 54, 944, 0, 0),
(5, 54, 945, 0, 0),
(5, 54, 946, 0, 0),
(5, 54, 947, 0, 0),
(5, 54, 948, 0, 0),
(5, 54, 949, 0, 0),
(5, 57, 950, 0, 0),
(5, 57, 951, 0, 0),
(5, 57, 952, 0, 0),
(5, 57, 953, 0, 0),
(5, 57, 954, 0, 0),
(5, 57, 955, 0, 0),
(5, 57, 956, 0, 0),
(5, 57, 957, 0, 0),
(5, 57, 958, 0, 0),
(5, 57, 959, 0, 0),
(5, 57, 960, 0, 0),
(5, 57, 961, 0, 0),
(5, 57, 962, 0, 0),
(5, 16, 964, 0, 0),
(6, 6, 1, 0, 0),
(6, 6, 2, 0, 0),
(6, 6, 3, 0, 0),
(6, 6, 4, 0, 0),
(6, 6, 5, 0, 0),
(6, 6, 6, 0, 0),
(6, 6, 7, 0, 0),
(6, 6, 8, 0, 0),
(6, 6, 9, 0, 0),
(6, 6, 10, 0, 0),
(6, 6, 11, 0, 0),
(6, 6, 12, 0, 0),
(6, 6, 13, 0, 0),
(6, 6, 14, 0, 0),
(6, 6, 15, 0, 0),
(6, 6, 16, 0, 0),
(6, 6, 17, 0, 0),
(6, 6, 18, 0, 0),
(6, 6, 19, 0, 0),
(6, 6, 20, 0, 0),
(6, 6, 21, 0, 1),
(6, 6, 22, 0, 1),
(6, 6, 23, 0, 0),
(6, 6, 24, 0, 0),
(6, 6, 25, 0, 0),
(6, 6, 26, 0, 0),
(6, 6, 27, 0, 0),
(6, 6, 28, 0, 0),
(6, 6, 29, 0, 0),
(6, 6, 30, 0, 0),
(6, 6, 31, 0, 0),
(6, 6, 32, 0, 0),
(6, 6, 33, 0, 0),
(6, 6, 34, 0, 0),
(6, 6, 35, 0, 0),
(6, 6, 36, 0, 0),
(6, 7, 37, 0, 0),
(6, 7, 38, 0, 0),
(6, 7, 39, 0, 0),
(6, 7, 40, 0, 0),
(6, 7, 41, 0, 0),
(6, 7, 42, 0, 0),
(6, 7, 43, 0, 0),
(6, 7, 44, 0, 0),
(6, 7, 45, 0, 0),
(6, 7, 46, 0, 0),
(6, 7, 47, 0, 0),
(6, 7, 48, 0, 0),
(6, 7, 49, 0, 0),
(6, 7, 50, 0, 0),
(6, 7, 51, 0, 0),
(6, 7, 52, 0, 0),
(6, 7, 53, 0, 0),
(6, 7, 54, 0, 0),
(6, 7, 55, 0, 0),
(6, 7, 56, 0, 1),
(6, 7, 57, 0, 1),
(6, 7, 58, 0, 0),
(6, 7, 59, 0, 0),
(6, 7, 60, 0, 0),
(6, 7, 61, 0, 0),
(6, 7, 62, 0, 0),
(6, 7, 63, 0, 0),
(6, 7, 64, 0, 0),
(6, 7, 65, 0, 0),
(6, 4, 66, 0, 0),
(6, 4, 67, 0, 0),
(6, 4, 68, 0, 0),
(6, 4, 69, 0, 0),
(6, 4, 70, 0, 0),
(6, 4, 71, 0, 0),
(6, 4, 72, 0, 0),
(6, 4, 73, 0, 0),
(6, 4, 74, 0, 0),
(6, 4, 75, 0, 0),
(6, 4, 76, 0, 0),
(6, 4, 77, 0, 0),
(6, 4, 78, 0, 0),
(6, 4, 79, 0, 0),
(6, 4, 80, 0, 0),
(6, 4, 81, 0, 0),
(6, 4, 82, 0, 0),
(6, 4, 83, 0, 0),
(6, 4, 84, 0, 0),
(6, 4, 85, 0, 0),
(6, 4, 86, 0, 0),
(6, 4, 87, 0, 0),
(6, 4, 88, 0, 0),
(6, 4, 89, 0, 0),
(6, 4, 90, 0, 1),
(6, 4, 91, 0, 1),
(6, 4, 92, 0, 0),
(6, 4, 93, 0, 0),
(6, 4, 94, 0, 0),
(6, 4, 95, 0, 0),
(6, 4, 96, 0, 0),
(6, 4, 97, 0, 0),
(6, 4, 98, 0, 0),
(6, 4, 99, 0, 0),
(6, 4, 100, 0, 0),
(6, 4, 101, 0, 0),
(6, 4, 102, 0, 0),
(6, 4, 103, 0, 0),
(6, 4, 104, 0, 0),
(6, 4, 105, 0, 0),
(6, 4, 106, 0, 0),
(6, 4, 107, 0, 0),
(6, 4, 108, 0, 0),
(6, 4, 109, 0, 0),
(6, 2, 110, 0, 0),
(6, 2, 111, 0, 0),
(6, 2, 112, 0, 0),
(6, 2, 113, 0, 0),
(6, 2, 114, 0, 0),
(6, 2, 115, 0, 0),
(6, 2, 116, 0, 0),
(6, 2, 117, 0, 0),
(6, 2, 118, 0, 0),
(6, 2, 119, 0, 0),
(6, 2, 120, 0, 0),
(6, 2, 121, 0, 0),
(6, 2, 122, 0, 1),
(6, 2, 123, 0, 1),
(6, 2, 124, 0, 0),
(6, 2, 125, 0, 0),
(6, 26, 126, 0, 0),
(6, 26, 127, 0, 0),
(6, 26, 128, 0, 0),
(6, 26, 129, 0, 0),
(6, 26, 130, 0, 0),
(6, 26, 131, 0, 0),
(6, 26, 132, 0, 0),
(6, 26, 133, 0, 0),
(6, 26, 134, 0, 0),
(6, 26, 135, 0, 0),
(6, 26, 136, 0, 0),
(6, 26, 137, 0, 1),
(6, 26, 138, 0, 1),
(6, 26, 139, 0, 0),
(6, 26, 140, 0, 0),
(6, 26, 141, 0, 0),
(6, 26, 142, 0, 0),
(6, 26, 143, 0, 0),
(6, 26, 144, 0, 0),
(6, 26, 145, 0, 0),
(6, 26, 146, 0, 0),
(6, 26, 147, 0, 0),
(6, 26, 148, 0, 0),
(6, 26, 149, 0, 0),
(6, 26, 150, 0, 0),
(6, 13, 155, 0, 0),
(6, 13, 156, 0, 0),
(6, 13, 157, 0, 0),
(6, 13, 158, 0, 0),
(6, 13, 159, 0, 0),
(6, 13, 160, 0, 0),
(6, 13, 161, 0, 0),
(6, 13, 162, 0, 0),
(6, 13, 164, 0, 0),
(6, 13, 165, 0, 0),
(6, 13, 166, 0, 1),
(6, 13, 167, 0, 1),
(6, 13, 168, 0, 0),
(6, 13, 169, 0, 0),
(6, 13, 170, 0, 0),
(6, 13, 171, 0, 0),
(6, 13, 172, 0, 0),
(6, 14, 174, 0, 0),
(6, 14, 175, 0, 0),
(6, 14, 176, 0, 0),
(6, 14, 177, 0, 0),
(6, 14, 178, 0, 0),
(6, 14, 179, 0, 0),
(6, 14, 180, 0, 0),
(6, 14, 181, 0, 0),
(6, 14, 182, 0, 0),
(6, 14, 183, 0, 0),
(6, 14, 184, 0, 0),
(6, 14, 185, 0, 0),
(6, 14, 186, 0, 0),
(6, 14, 187, 0, 0),
(6, 14, 188, 0, 0),
(6, 14, 189, 0, 0),
(6, 14, 190, 0, 0),
(6, 14, 191, 0, 1),
(6, 14, 192, 0, 1),
(6, 14, 193, 0, 0),
(6, 14, 194, 0, 0),
(6, 14, 195, 0, 0),
(6, 14, 197, 0, 0),
(6, 14, 198, 0, 0),
(6, 14, 199, 0, 0),
(6, 14, 200, 0, 0),
(6, 14, 201, 0, 0),
(6, 14, 202, 0, 0),
(6, 14, 203, 0, 0),
(6, 14, 204, 0, 0),
(6, 8, 205, 0, 0),
(6, 8, 206, 0, 1),
(6, 8, 207, 0, 1),
(6, 8, 208, 0, 0),
(6, 8, 209, 0, 0),
(6, 8, 210, 0, 0),
(6, 8, 211, 0, 1),
(6, 8, 212, 0, 1),
(6, 8, 213, 0, 0),
(6, 8, 214, 0, 0),
(6, 8, 215, 0, 0),
(6, 8, 216, 0, 1),
(6, 8, 217, 0, 0),
(6, 8, 218, 0, 0),
(6, 8, 219, 0, 0),
(6, 10, 220, 0, 0),
(6, 10, 221, 0, 0),
(6, 10, 222, 0, 0),
(6, 10, 223, 0, 0),
(6, 10, 224, 0, 0),
(6, 10, 225, 0, 0),
(6, 10, 226, 0, 0),
(6, 10, 227, 0, 0),
(6, 10, 228, 0, 0),
(6, 10, 229, 0, 1),
(6, 10, 230, 0, 0),
(6, 10, 231, 0, 0),
(6, 9, 232, 0, 0),
(6, 9, 233, 0, 0),
(6, 9, 234, 0, 0),
(6, 9, 235, 0, 0),
(6, 9, 236, 0, 0),
(6, 9, 237, 0, 0),
(6, 9, 238, 0, 0),
(6, 9, 239, 0, 0),
(6, 9, 240, 0, 0),
(6, 9, 241, 0, 0),
(6, 9, 242, 0, 0),
(6, 9, 243, 0, 0),
(6, 9, 244, 0, 1),
(6, 9, 245, 0, 1),
(6, 9, 246, 0, 0),
(6, 9, 247, 0, 0),
(6, 9, 248, 0, 0),
(6, 9, 249, 0, 0),
(6, 9, 250, 0, 0),
(6, 9, 251, 0, 0),
(6, 9, 252, 0, 0),
(6, 9, 253, 0, 0),
(6, 9, 254, 0, 0),
(6, 9, 255, 0, 0),
(6, 16, 256, 0, 0),
(6, 16, 257, 0, 0),
(6, 16, 258, 0, 0),
(6, 16, 259, 0, 0),
(6, 16, 260, 0, 0),
(6, 16, 261, 0, 0),
(6, 16, 262, 0, 0),
(6, 16, 263, 0, 0),
(6, 16, 264, 0, 0),
(6, 16, 265, 0, 0),
(6, 16, 266, 0, 0),
(6, 16, 267, 0, 0),
(6, 16, 268, 0, 0),
(6, 16, 269, 0, 0),
(6, 16, 270, 0, 1),
(6, 16, 271, 0, 1),
(6, 16, 272, 0, 0),
(6, 16, 273, 0, 0),
(6, 16, 274, 0, 0),
(6, 16, 275, 0, 0),
(6, 16, 276, 0, 0),
(6, 16, 277, 0, 0),
(6, 16, 278, 0, 0),
(6, 15, 279, 0, 0),
(6, 15, 280, 0, 0),
(6, 15, 281, 0, 0),
(6, 15, 282, 0, 0),
(6, 15, 283, 0, 0),
(6, 15, 284, 0, 0),
(6, 15, 286, 0, 1),
(6, 15, 287, 0, 1),
(6, 15, 288, 0, 0),
(6, 18, 289, 0, 0),
(6, 18, 290, 0, 0),
(6, 18, 291, 0, 0),
(6, 18, 292, 0, 0),
(6, 18, 293, 0, 0),
(6, 18, 294, 0, 0),
(6, 18, 295, 0, 0),
(6, 18, 296, 0, 1),
(6, 18, 297, 0, 1),
(6, 18, 298, 0, 0),
(6, 18, 299, 0, 0),
(6, 18, 300, 0, 0),
(6, 18, 301, 0, 0),
(6, 18, 302, 0, 0),
(6, 18, 303, 0, 0),
(6, 18, 304, 0, 0),
(6, 18, 305, 0, 0),
(6, 19, 306, 0, 0),
(6, 19, 307, 0, 0),
(6, 19, 308, 0, 0),
(6, 19, 309, 0, 1),
(6, 19, 310, 0, 1),
(6, 19, 311, 0, 0),
(6, 19, 312, 0, 0),
(6, 19, 313, 0, 0),
(6, 20, 314, 0, 0),
(6, 20, 315, 0, 0),
(6, 20, 316, 0, 0),
(6, 20, 317, 0, 0),
(6, 20, 318, 0, 0),
(6, 20, 319, 0, 0),
(6, 20, 320, 0, 0),
(6, 20, 321, 0, 0),
(6, 20, 322, 0, 0),
(6, 20, 323, 0, 0),
(6, 20, 324, 0, 0),
(6, 20, 325, 0, 0),
(6, 20, 326, 0, 0),
(6, 20, 327, 0, 0),
(6, 20, 328, 0, 0),
(6, 20, 329, 0, 0),
(6, 20, 330, 0, 0),
(6, 20, 331, 0, 0),
(6, 20, 332, 0, 1),
(6, 20, 333, 0, 1),
(6, 20, 334, 0, 0),
(6, 20, 335, 0, 0),
(6, 20, 336, 0, 0),
(6, 20, 337, 0, 0),
(6, 20, 338, 0, 0),
(6, 20, 339, 0, 0),
(6, 20, 340, 0, 0),
(6, 20, 341, 0, 0),
(6, 20, 342, 0, 0),
(6, 20, 343, 0, 0),
(6, 20, 344, 0, 0),
(6, 20, 345, 0, 0),
(6, 20, 346, 0, 0),
(6, 20, 347, 0, 0),
(6, 20, 348, 0, 0),
(6, 20, 349, 0, 0),
(6, 20, 350, 0, 0),
(6, 21, 351, 0, 0),
(6, 21, 352, 0, 0),
(6, 21, 353, 0, 0),
(6, 21, 354, 0, 0),
(6, 21, 355, 0, 0),
(6, 21, 356, 0, 0),
(6, 21, 357, 0, 0),
(6, 21, 358, 0, 0),
(6, 21, 359, 0, 0),
(6, 21, 360, 0, 0),
(6, 21, 361, 0, 0),
(6, 21, 362, 0, 0),
(6, 21, 363, 0, 0),
(6, 21, 364, 0, 0),
(6, 21, 365, 0, 0),
(6, 21, 366, 0, 0),
(6, 21, 367, 0, 0),
(6, 21, 368, 0, 0),
(6, 21, 369, 0, 0),
(6, 21, 370, 0, 1),
(6, 21, 371, 0, 1),
(6, 21, 372, 0, 0),
(6, 21, 373, 0, 0),
(6, 21, 374, 0, 0),
(6, 21, 375, 0, 0),
(6, 21, 376, 0, 0),
(6, 21, 377, 0, 0),
(6, 21, 378, 0, 0),
(6, 21, 379, 0, 0),
(6, 21, 380, 0, 0),
(6, 21, 381, 0, 0),
(6, 21, 382, 0, 0),
(6, 21, 383, 0, 0),
(6, 21, 384, 0, 0),
(6, 21, 385, 0, 0),
(6, 21, 386, 0, 0),
(6, 21, 387, 0, 0),
(6, 21, 388, 0, 0),
(6, 22, 389, 0, 0),
(6, 22, 390, 0, 0),
(6, 22, 391, 0, 0),
(6, 22, 392, 0, 0),
(6, 22, 393, 0, 0),
(6, 22, 394, 0, 0),
(6, 22, 395, 0, 0),
(6, 22, 396, 0, 0),
(6, 22, 397, 0, 0),
(6, 22, 398, 0, 0),
(6, 22, 399, 0, 0),
(6, 22, 400, 0, 0),
(6, 22, 401, 0, 0),
(6, 22, 402, 0, 0),
(6, 22, 403, 0, 0),
(6, 22, 404, 0, 0),
(6, 22, 405, 0, 0),
(6, 22, 406, 0, 0),
(6, 22, 407, 0, 0),
(6, 22, 408, 0, 0),
(6, 22, 409, 0, 0),
(6, 22, 410, 0, 0),
(6, 22, 411, 0, 1),
(6, 22, 412, 0, 1),
(6, 22, 413, 0, 0),
(6, 22, 414, 0, 0),
(6, 22, 415, 0, 0),
(6, 22, 416, 0, 0),
(6, 22, 417, 0, 0),
(6, 22, 418, 0, 0),
(6, 22, 419, 0, 0),
(6, 22, 420, 0, 0),
(6, 22, 421, 0, 0),
(6, 22, 422, 0, 0),
(6, 22, 423, 0, 0),
(6, 22, 424, 0, 0),
(6, 22, 425, 0, 0),
(6, 22, 426, 0, 0),
(6, 22, 427, 0, 0),
(6, 22, 428, 0, 0),
(6, 22, 429, 0, 0),
(6, 22, 430, 0, 0),
(6, 22, 431, 0, 0),
(6, 22, 432, 0, 0),
(6, 22, 433, 0, 0),
(6, 22, 434, 0, 0),
(6, 22, 435, 0, 0),
(6, 23, 436, 0, 0),
(6, 23, 437, 0, 0),
(6, 23, 438, 0, 0),
(6, 23, 439, 0, 0),
(6, 23, 440, 0, 0),
(6, 23, 441, 0, 0),
(6, 23, 442, 0, 0),
(6, 23, 443, 0, 0),
(6, 23, 444, 0, 0),
(6, 23, 445, 0, 0),
(6, 23, 446, 0, 0),
(6, 23, 447, 0, 0),
(6, 23, 448, 0, 0),
(6, 23, 449, 0, 0),
(6, 23, 450, 0, 0),
(6, 23, 451, 0, 0),
(6, 23, 452, 0, 0),
(6, 23, 453, 0, 0),
(6, 23, 454, 0, 0),
(6, 23, 455, 0, 1),
(6, 23, 456, 0, 1),
(6, 23, 457, 0, 0),
(6, 23, 458, 0, 0),
(6, 23, 459, 0, 0),
(6, 23, 460, 0, 0),
(6, 23, 461, 0, 0),
(6, 23, 462, 0, 0),
(6, 23, 463, 0, 0),
(6, 23, 464, 0, 0),
(6, 23, 465, 0, 0),
(6, 23, 466, 0, 0),
(6, 23, 467, 0, 0),
(6, 23, 468, 0, 0),
(6, 23, 469, 0, 0),
(6, 23, 470, 0, 0),
(6, 23, 471, 0, 0),
(6, 23, 472, 0, 0),
(6, 23, 473, 0, 0),
(6, 23, 474, 0, 0),
(6, 29, 475, 0, 0),
(6, 29, 479, 0, 0),
(6, 29, 480, 0, 0),
(6, 29, 481, 0, 0),
(6, 29, 482, 0, 0),
(6, 29, 489, 0, 0),
(6, 29, 490, 0, 0),
(6, 29, 491, 0, 0),
(6, 29, 492, 0, 0),
(6, 29, 493, 0, 0),
(6, 29, 494, 0, 0),
(6, 29, 495, 0, 0),
(6, 29, 496, 0, 0),
(6, 29, 497, 0, 0),
(6, 29, 498, 0, 0),
(6, 29, 499, 0, 0),
(6, 29, 504, 0, 0),
(6, 29, 505, 0, 0),
(6, 29, 506, 0, 0),
(6, 29, 507, 0, 0),
(6, 29, 510, 0, 0),
(6, 10, 520, 0, 0),
(6, 10, 521, 0, 0),
(6, 10, 522, 0, 0),
(6, 10, 523, 0, 0),
(6, 10, 524, 0, 0),
(6, 10, 525, 0, 0),
(6, 30, 526, 0, 0),
(6, 30, 527, 0, 1),
(6, 30, 528, 0, 1),
(6, 30, 529, 0, 0),
(6, 30, 530, 0, 1),
(6, 30, 531, 0, 0),
(6, 30, 532, 0, 0),
(6, 30, 533, 0, 0),
(6, 30, 534, 0, 0),
(6, 30, 535, 0, 0),
(6, 30, 536, 0, 0),
(6, 30, 537, 0, 1),
(6, 30, 538, 0, 1),
(6, 30, 539, 0, 0),
(6, 30, 540, 0, 0),
(6, 30, 541, 0, 0),
(6, 30, 542, 0, 1),
(6, 30, 543, 0, 0),
(6, 30, 544, 0, 0),
(6, 30, 545, 0, 1),
(6, 30, 546, 0, 0),
(6, 30, 547, 0, 0),
(6, 34, 548, 0, 0),
(6, 34, 549, 0, 0),
(6, 34, 550, 0, 0),
(6, 34, 551, 0, 0),
(6, 34, 552, 0, 0),
(6, 34, 553, 0, 0),
(6, 34, 554, 0, 0),
(6, 34, 555, 0, 0),
(6, 34, 556, 0, 0),
(6, 34, 557, 0, 0),
(6, 34, 558, 0, 0),
(6, 34, 559, 0, 0),
(6, 34, 560, 0, 0),
(6, 34, 561, 0, 0),
(6, 34, 562, 0, 1),
(6, 34, 563, 0, 1),
(6, 34, 564, 0, 1),
(6, 29, 565, 0, 0),
(6, 35, 566, 0, 0),
(6, 35, 567, 0, 0),
(6, 35, 568, 0, 0),
(6, 35, 569, 0, 0),
(6, 35, 570, 0, 0),
(6, 35, 571, 0, 0),
(6, 35, 572, 0, 0),
(6, 35, 573, 0, 0),
(6, 35, 574, 0, 1),
(6, 35, 575, 0, 1),
(6, 35, 576, 0, 0),
(6, 35, 577, 0, 0),
(6, 35, 578, 0, 0),
(6, 35, 579, 0, 0),
(6, 35, 580, 0, 0),
(6, 35, 581, 0, 0),
(6, 35, 583, 0, 0),
(6, 35, 584, 0, 0),
(6, 35, 585, 0, 1),
(6, 35, 586, 0, 0),
(6, 35, 587, 0, 0),
(6, 38, 588, 0, 0),
(6, 38, 589, 0, 0),
(6, 38, 590, 0, 1),
(6, 38, 591, 0, 1),
(6, 38, 592, 0, 0),
(6, 38, 593, 0, 1),
(6, 38, 594, 0, 0),
(6, 38, 595, 0, 1),
(6, 42, 596, 0, 0),
(6, 42, 597, 0, 0),
(6, 42, 598, 0, 0),
(6, 42, 599, 0, 0),
(6, 42, 600, 0, 0),
(6, 42, 601, 0, 0),
(6, 42, 602, 0, 0),
(6, 42, 603, 0, 0),
(6, 42, 604, 0, 0),
(6, 42, 605, 0, 0),
(6, 42, 606, 0, 0),
(6, 42, 607, 0, 0),
(6, 42, 608, 0, 0),
(6, 42, 609, 0, 0),
(6, 42, 610, 0, 1),
(6, 42, 611, 0, 1),
(6, 42, 612, 0, 0),
(6, 42, 613, 0, 0),
(6, 42, 614, 0, 1),
(6, 42, 615, 0, 0),
(6, 42, 616, 0, 0),
(6, 44, 617, 0, 0),
(6, 44, 618, 0, 1),
(6, 44, 619, 0, 1),
(6, 44, 620, 0, 0),
(6, 44, 621, 0, 0),
(6, 44, 622, 0, 1),
(6, 46, 623, 0, 0),
(6, 46, 624, 0, 0),
(6, 46, 625, 0, 0),
(6, 46, 626, 0, 0),
(6, 46, 627, 0, 0),
(6, 46, 628, 0, 0),
(6, 46, 629, 0, 1),
(6, 46, 630, 0, 1),
(6, 46, 631, 0, 0),
(6, 46, 632, 0, 0),
(6, 46, 633, 0, 1),
(6, 46, 634, 0, 0),
(6, 46, 635, 0, 0),
(6, 47, 636, 0, 0),
(6, 47, 637, 0, 0),
(6, 47, 638, 0, 0),
(6, 47, 639, 0, 0),
(6, 47, 640, 0, 0),
(6, 47, 641, 0, 0),
(6, 47, 642, 0, 0),
(6, 47, 643, 0, 0),
(6, 47, 644, 0, 0),
(6, 47, 645, 0, 0),
(6, 47, 646, 0, 0),
(6, 47, 647, 0, 1),
(6, 47, 648, 0, 1),
(6, 47, 649, 0, 0),
(6, 47, 650, 0, 0),
(6, 47, 651, 0, 1),
(6, 47, 652, 0, 0),
(6, 47, 653, 0, 0),
(6, 48, 654, 0, 0),
(6, 48, 655, 0, 0),
(6, 48, 656, 0, 0),
(6, 48, 657, 0, 0),
(6, 48, 658, 0, 0),
(6, 48, 659, 0, 0),
(6, 48, 660, 0, 0),
(6, 48, 661, 0, 0),
(6, 48, 662, 0, 0),
(6, 48, 663, 0, 0),
(6, 48, 664, 0, 0),
(6, 48, 665, 0, 0),
(6, 48, 666, 0, 0),
(6, 48, 667, 0, 1),
(6, 48, 668, 0, 1),
(6, 48, 669, 0, 0),
(6, 48, 670, 0, 0),
(6, 48, 671, 0, 1),
(6, 48, 672, 0, 0),
(6, 48, 673, 0, 0),
(6, 2, 674, 0, 0),
(6, 23, 676, 0, 0),
(6, 23, 677, 0, 0),
(6, 23, 678, 0, 0),
(6, 23, 679, 0, 0),
(6, 23, 680, 0, 0),
(6, 23, 681, 0, 0),
(6, 22, 685, 0, 0),
(6, 22, 686, 0, 0),
(6, 22, 687, 0, 0),
(6, 22, 688, 0, 0),
(6, 22, 689, 0, 0),
(6, 22, 690, 0, 0),
(6, 21, 694, 0, 0),
(6, 21, 695, 0, 0),
(6, 21, 696, 0, 0),
(6, 21, 697, 0, 0),
(6, 21, 698, 0, 0),
(6, 21, 699, 0, 0),
(6, 20, 703, 0, 0),
(6, 20, 704, 0, 0),
(6, 20, 705, 0, 0),
(6, 20, 706, 0, 0),
(6, 20, 707, 0, 0),
(6, 20, 708, 0, 0),
(6, 47, 713, 0, 0),
(6, 38, 714, 0, 0),
(6, 23, 718, 0, 0),
(6, 22, 719, 0, 0),
(6, 21, 720, 0, 0),
(6, 20, 721, 0, 0),
(6, 6, 723, 0, 1),
(6, 4, 724, 0, 1),
(6, 2, 725, 0, 1),
(6, 23, 727, 0, 0),
(6, 23, 728, 0, 0),
(6, 21, 729, 0, 0),
(6, 21, 730, 0, 0),
(6, 18, 731, 0, 0),
(6, 7, 732, 0, 0),
(6, 38, 733, 0, 0),
(6, 38, 734, 0, 0),
(6, 23, 735, 0, 0),
(6, 20, 736, 0, 0),
(6, 21, 737, 0, 0),
(6, 22, 738, 0, 0),
(6, 2, 740, 0, 0),
(6, 13, 741, 0, 0),
(6, 14, 772, 0, 0),
(6, 35, 773, 0, 0),
(6, 23, 774, 0, 0),
(6, 38, 786, 0, 0),
(6, 38, 787, 0, 0),
(6, 38, 788, 0, 0),
(6, 2, 789, 0, 1),
(6, 4, 790, 0, 1),
(6, 6, 791, 0, 1),
(6, 7, 792, 0, 1),
(6, 8, 793, 0, 1),
(6, 9, 794, 0, 1),
(6, 10, 795, 0, 1),
(6, 13, 796, 0, 1),
(6, 14, 797, 0, 1),
(6, 15, 798, 0, 1),
(6, 16, 799, 0, 1),
(6, 18, 800, 0, 1),
(6, 19, 801, 0, 1),
(6, 20, 802, 0, 1),
(6, 21, 803, 0, 1),
(6, 22, 804, 0, 1),
(6, 23, 805, 0, 1),
(6, 26, 806, 0, 1),
(6, 10, 807, 0, 0),
(6, 2, 808, 0, 0),
(6, 4, 809, 0, 0),
(6, 6, 810, 0, 0),
(6, 7, 811, 0, 0),
(6, 8, 812, 0, 0),
(6, 9, 813, 0, 0),
(6, 10, 814, 0, 0),
(6, 13, 815, 0, 0),
(6, 14, 816, 0, 0),
(6, 15, 817, 0, 0),
(6, 16, 818, 0, 1),
(6, 18, 819, 0, 0),
(6, 19, 820, 0, 0),
(6, 20, 821, 0, 0),
(6, 21, 822, 0, 0),
(6, 22, 823, 0, 0),
(6, 23, 824, 0, 0),
(6, 26, 825, 0, 0),
(6, 2, 826, 0, 0),
(6, 4, 827, 0, 0),
(6, 6, 828, 0, 0),
(6, 7, 829, 0, 0),
(6, 8, 830, 0, 0),
(6, 9, 831, 0, 0),
(6, 10, 832, 0, 0),
(6, 13, 833, 0, 0),
(6, 14, 834, 0, 0),
(6, 15, 835, 0, 0),
(6, 16, 836, 0, 1),
(6, 18, 837, 0, 0),
(6, 19, 838, 0, 0),
(6, 20, 839, 0, 0),
(6, 21, 840, 0, 0),
(6, 22, 841, 0, 0),
(6, 23, 842, 0, 0),
(6, 26, 843, 0, 0),
(6, 20, 844, 0, 0),
(6, 21, 845, 0, 0),
(6, 22, 846, 0, 0),
(6, 23, 847, 0, 0),
(6, 48, 848, 0, 1),
(6, 48, 849, 0, 0),
(6, 22, 851, 0, 1),
(6, 52, 852, 0, 0),
(6, 52, 853, 0, 0),
(6, 52, 854, 0, 0),
(6, 52, 856, 0, 0),
(6, 52, 858, 0, 0),
(6, 52, 860, 0, 0),
(6, 52, 862, 0, 0),
(6, 52, 864, 0, 0),
(6, 52, 866, 0, 0),
(6, 53, 867, 0, 0),
(6, 53, 868, 0, 0),
(6, 53, 869, 0, 0),
(6, 54, 870, 0, 0),
(6, 54, 871, 0, 0),
(6, 54, 872, 0, 0),
(6, 54, 873, 0, 0),
(6, 55, 874, 0, 0),
(6, 55, 875, 0, 0),
(6, 55, 876, 0, 0),
(6, 55, 877, 0, 0),
(6, 56, 878, 0, 0),
(6, 56, 879, 0, 0),
(6, 56, 880, 0, 0),
(6, 56, 881, 0, 0),
(6, 56, 882, 0, 0),
(6, 56, 883, 0, 0),
(6, 56, 884, 0, 0),
(6, 56, 885, 0, 0),
(6, 56, 886, 0, 0),
(6, 56, 887, 0, 0),
(6, 56, 888, 0, 0),
(6, 56, 889, 0, 0),
(6, 56, 891, 0, 0),
(6, 57, 892, 0, 0),
(6, 57, 893, 0, 0),
(6, 57, 894, 0, 0),
(6, 57, 895, 0, 0),
(6, 57, 896, 0, 0),
(6, 57, 897, 0, 0),
(6, 57, 898, 0, 0),
(6, 57, 899, 0, 0),
(6, 53, 900, 0, 0),
(6, 53, 901, 0, 0),
(6, 54, 902, 0, 0),
(6, 54, 903, 0, 0),
(6, 54, 904, 0, 0),
(6, 54, 905, 0, 0),
(6, 53, 906, 0, 0),
(6, 53, 907, 0, 0),
(6, 53, 908, 0, 0),
(6, 53, 909, 0, 0),
(6, 53, 910, 0, 0),
(6, 53, 911, 0, 0),
(6, 53, 912, 0, 0),
(6, 53, 913, 0, 0),
(6, 54, 914, 0, 0),
(6, 54, 915, 0, 0),
(6, 54, 916, 0, 0),
(6, 54, 917, 0, 0),
(6, 54, 918, 0, 0),
(6, 54, 919, 0, 0),
(6, 54, 920, 0, 0),
(6, 54, 921, 0, 0),
(6, 54, 922, 0, 0),
(6, 54, 923, 0, 0),
(6, 54, 924, 0, 0),
(6, 54, 925, 0, 0),
(6, 54, 926, 0, 0),
(6, 54, 927, 0, 0),
(6, 54, 928, 0, 0),
(6, 54, 929, 0, 0),
(6, 54, 930, 0, 0),
(6, 54, 931, 0, 0),
(6, 54, 932, 0, 0),
(6, 54, 933, 0, 0),
(6, 54, 934, 0, 0),
(6, 54, 935, 0, 0),
(6, 54, 936, 0, 0),
(6, 54, 937, 0, 0),
(6, 54, 938, 0, 0),
(6, 54, 939, 0, 0),
(6, 54, 940, 0, 0),
(6, 54, 941, 0, 0),
(6, 54, 942, 0, 0),
(6, 54, 943, 0, 0),
(6, 54, 944, 0, 0),
(6, 54, 945, 0, 0),
(6, 54, 946, 0, 0),
(6, 54, 947, 0, 0),
(6, 54, 948, 0, 0),
(6, 54, 949, 0, 0),
(6, 57, 950, 0, 0),
(6, 57, 951, 0, 0),
(6, 57, 952, 0, 0),
(6, 57, 953, 0, 0),
(6, 57, 954, 0, 0),
(6, 57, 955, 0, 0),
(6, 57, 956, 0, 0),
(6, 57, 957, 0, 0),
(6, 57, 958, 0, 0),
(6, 57, 959, 0, 0),
(6, 57, 960, 0, 0),
(6, 57, 961, 0, 0),
(6, 57, 962, 0, 0),
(6, 16, 964, 0, 0),
(7, 6, 1, 0, 0),
(7, 6, 2, 0, 0),
(7, 6, 3, 0, 0),
(7, 6, 4, 0, 0),
(7, 6, 5, 0, 0),
(7, 6, 6, 0, 0),
(7, 6, 7, 0, 0),
(7, 6, 8, 0, 0),
(7, 6, 9, 0, 0),
(7, 6, 10, 0, 0),
(7, 6, 11, 0, 0),
(7, 6, 12, 0, 0),
(7, 6, 13, 0, 0),
(7, 6, 14, 0, 0),
(7, 6, 15, 0, 0),
(7, 6, 16, 0, 0),
(7, 6, 17, 0, 0),
(7, 6, 18, 0, 0),
(7, 6, 19, 0, 0),
(7, 6, 20, 0, 0),
(7, 6, 21, 0, 1),
(7, 6, 22, 0, 1),
(7, 6, 23, 0, 0),
(7, 6, 24, 0, 0),
(7, 6, 25, 0, 0),
(7, 6, 26, 0, 0),
(7, 6, 27, 0, 0),
(7, 6, 28, 0, 0),
(7, 6, 29, 0, 0),
(7, 6, 30, 0, 0),
(7, 6, 31, 0, 0),
(7, 6, 32, 0, 0),
(7, 6, 33, 0, 0),
(7, 6, 34, 0, 0),
(7, 6, 35, 0, 0),
(7, 6, 36, 0, 0),
(7, 7, 37, 0, 0),
(7, 7, 38, 0, 0),
(7, 7, 39, 0, 0),
(7, 7, 40, 0, 0),
(7, 7, 41, 0, 0),
(7, 7, 42, 0, 0),
(7, 7, 43, 0, 0),
(7, 7, 44, 0, 0),
(7, 7, 45, 0, 0),
(7, 7, 46, 0, 0),
(7, 7, 47, 0, 0),
(7, 7, 48, 0, 0),
(7, 7, 49, 0, 0),
(7, 7, 50, 0, 0),
(7, 7, 51, 0, 0),
(7, 7, 52, 0, 0),
(7, 7, 53, 0, 0),
(7, 7, 54, 0, 0),
(7, 7, 55, 0, 0),
(7, 7, 56, 0, 1),
(7, 7, 57, 0, 1),
(7, 7, 58, 0, 0),
(7, 7, 59, 0, 0),
(7, 7, 60, 0, 0),
(7, 7, 61, 0, 0),
(7, 7, 62, 0, 0),
(7, 7, 63, 0, 0),
(7, 7, 64, 0, 0),
(7, 7, 65, 0, 0),
(7, 4, 66, 0, 0),
(7, 4, 67, 0, 0),
(7, 4, 68, 0, 0),
(7, 4, 69, 0, 0),
(7, 4, 70, 0, 0),
(7, 4, 71, 0, 0),
(7, 4, 72, 0, 0),
(7, 4, 73, 0, 0),
(7, 4, 74, 0, 0),
(7, 4, 75, 0, 0),
(7, 4, 76, 0, 0),
(7, 4, 77, 0, 0),
(7, 4, 78, 0, 0),
(7, 4, 79, 0, 0),
(7, 4, 80, 0, 0),
(7, 4, 81, 0, 0),
(7, 4, 82, 0, 0),
(7, 4, 83, 0, 0),
(7, 4, 84, 0, 0),
(7, 4, 85, 0, 0),
(7, 4, 86, 0, 0),
(7, 4, 87, 0, 0),
(7, 4, 88, 0, 0),
(7, 4, 89, 0, 0),
(7, 4, 90, 0, 1),
(7, 4, 91, 0, 1),
(7, 4, 92, 0, 0),
(7, 4, 93, 0, 0),
(7, 4, 94, 0, 0),
(7, 4, 95, 0, 0),
(7, 4, 96, 0, 0),
(7, 4, 97, 0, 0),
(7, 4, 98, 0, 0),
(7, 4, 99, 0, 0),
(7, 4, 100, 0, 0),
(7, 4, 101, 0, 0),
(7, 4, 102, 0, 0),
(7, 4, 103, 0, 0),
(7, 4, 104, 0, 0),
(7, 4, 105, 0, 0),
(7, 4, 106, 0, 0),
(7, 4, 107, 0, 0),
(7, 4, 108, 0, 0),
(7, 4, 109, 0, 0),
(7, 2, 110, 0, 0),
(7, 2, 111, 0, 0),
(7, 2, 112, 0, 0),
(7, 2, 113, 0, 0),
(7, 2, 114, 0, 0),
(7, 2, 115, 0, 0),
(7, 2, 116, 0, 0),
(7, 2, 117, 0, 0),
(7, 2, 118, 0, 0),
(7, 2, 119, 0, 0),
(7, 2, 120, 0, 0),
(7, 2, 121, 0, 0),
(7, 2, 122, 0, 1),
(7, 2, 123, 0, 1),
(7, 2, 124, 0, 0),
(7, 2, 125, 0, 0),
(7, 26, 126, 0, 0),
(7, 26, 127, 0, 0),
(7, 26, 128, 0, 0),
(7, 26, 129, 0, 0),
(7, 26, 130, 0, 0),
(7, 26, 131, 0, 0),
(7, 26, 132, 0, 0),
(7, 26, 133, 0, 0),
(7, 26, 134, 0, 0),
(7, 26, 135, 0, 0),
(7, 26, 136, 0, 0),
(7, 26, 137, 0, 1),
(7, 26, 138, 0, 1),
(7, 26, 139, 0, 0),
(7, 26, 140, 0, 0),
(7, 26, 141, 0, 0),
(7, 26, 142, 0, 0),
(7, 26, 143, 0, 0),
(7, 26, 144, 0, 0),
(7, 26, 145, 0, 0),
(7, 26, 146, 0, 0),
(7, 26, 147, 0, 0),
(7, 26, 148, 0, 0),
(7, 26, 149, 0, 0),
(7, 26, 150, 0, 0),
(7, 13, 155, 0, 0),
(7, 13, 156, 0, 0),
(7, 13, 157, 0, 0),
(7, 13, 158, 0, 0),
(7, 13, 159, 0, 0),
(7, 13, 160, 0, 0),
(7, 13, 161, 0, 0),
(7, 13, 162, 0, 0),
(7, 13, 164, 0, 0),
(7, 13, 165, 0, 0),
(7, 13, 166, 0, 1),
(7, 13, 167, 0, 1),
(7, 13, 168, 0, 0),
(7, 13, 169, 0, 0),
(7, 13, 170, 0, 0),
(7, 13, 171, 0, 0),
(7, 13, 172, 0, 0),
(7, 14, 174, 0, 0),
(7, 14, 175, 0, 0),
(7, 14, 176, 0, 0),
(7, 14, 177, 0, 0),
(7, 14, 178, 0, 0),
(7, 14, 179, 0, 0),
(7, 14, 180, 0, 0),
(7, 14, 181, 0, 0),
(7, 14, 182, 0, 0),
(7, 14, 183, 0, 0),
(7, 14, 184, 0, 0),
(7, 14, 185, 0, 0),
(7, 14, 186, 0, 0),
(7, 14, 187, 0, 0),
(7, 14, 188, 0, 0),
(7, 14, 189, 0, 0),
(7, 14, 190, 0, 0),
(7, 14, 191, 0, 1),
(7, 14, 192, 0, 1),
(7, 14, 193, 0, 0),
(7, 14, 194, 0, 0),
(7, 14, 195, 0, 0),
(7, 14, 197, 0, 0),
(7, 14, 198, 0, 0),
(7, 14, 199, 0, 0),
(7, 14, 200, 0, 0),
(7, 14, 201, 0, 0),
(7, 14, 202, 0, 0),
(7, 14, 203, 0, 0),
(7, 14, 204, 0, 0),
(7, 8, 205, 0, 0),
(7, 8, 206, 0, 1),
(7, 8, 207, 0, 1),
(7, 8, 208, 0, 0),
(7, 8, 209, 0, 0),
(7, 8, 210, 0, 0),
(7, 8, 211, 0, 1),
(7, 8, 212, 0, 1),
(7, 8, 213, 0, 0),
(7, 8, 214, 0, 0),
(7, 8, 215, 0, 0),
(7, 8, 216, 0, 1),
(7, 8, 217, 0, 0),
(7, 8, 218, 0, 0),
(7, 8, 219, 0, 0),
(7, 10, 220, 0, 0),
(7, 10, 221, 0, 0),
(7, 10, 222, 0, 0),
(7, 10, 223, 0, 0),
(7, 10, 224, 0, 0),
(7, 10, 225, 0, 0),
(7, 10, 226, 0, 0),
(7, 10, 227, 0, 0),
(7, 10, 228, 0, 0),
(7, 10, 229, 0, 1),
(7, 10, 230, 0, 0),
(7, 10, 231, 0, 0),
(7, 9, 232, 0, 0),
(7, 9, 233, 0, 0),
(7, 9, 234, 0, 0),
(7, 9, 235, 0, 0),
(7, 9, 236, 0, 0),
(7, 9, 237, 0, 0),
(7, 9, 238, 0, 0),
(7, 9, 239, 0, 0),
(7, 9, 240, 0, 0),
(7, 9, 241, 0, 0),
(7, 9, 242, 0, 0),
(7, 9, 243, 0, 0),
(7, 9, 244, 0, 1),
(7, 9, 245, 0, 1),
(7, 9, 246, 0, 0),
(7, 9, 247, 0, 0),
(7, 9, 248, 0, 0),
(7, 9, 249, 0, 0),
(7, 9, 250, 0, 0),
(7, 9, 251, 0, 0),
(7, 9, 252, 0, 0),
(7, 9, 253, 0, 0),
(7, 9, 254, 0, 0),
(7, 9, 255, 0, 0),
(7, 16, 256, 0, 0),
(7, 16, 257, 0, 0),
(7, 16, 258, 0, 0),
(7, 16, 259, 0, 0),
(7, 16, 260, 0, 0),
(7, 16, 261, 0, 0),
(7, 16, 262, 0, 0),
(7, 16, 263, 0, 0),
(7, 16, 264, 0, 0),
(7, 16, 265, 0, 0),
(7, 16, 266, 0, 0),
(7, 16, 267, 0, 0),
(7, 16, 268, 0, 0),
(7, 16, 269, 0, 0),
(7, 16, 270, 0, 1),
(7, 16, 271, 0, 1),
(7, 16, 272, 0, 0),
(7, 16, 273, 0, 0),
(7, 16, 274, 0, 0),
(7, 16, 275, 0, 0),
(7, 16, 276, 0, 0),
(7, 16, 277, 0, 0),
(7, 16, 278, 0, 0),
(7, 15, 279, 0, 0),
(7, 15, 280, 0, 0),
(7, 15, 281, 0, 0),
(7, 15, 282, 0, 0),
(7, 15, 283, 0, 0),
(7, 15, 284, 0, 0),
(7, 15, 286, 0, 1),
(7, 15, 287, 0, 1),
(7, 15, 288, 0, 0),
(7, 18, 289, 0, 0),
(7, 18, 290, 0, 0),
(7, 18, 291, 0, 0),
(7, 18, 292, 0, 0),
(7, 18, 293, 0, 0),
(7, 18, 294, 0, 0),
(7, 18, 295, 0, 0),
(7, 18, 296, 0, 1),
(7, 18, 297, 0, 1),
(7, 18, 298, 0, 0),
(7, 18, 299, 0, 0),
(7, 18, 300, 0, 0),
(7, 18, 301, 0, 0),
(7, 18, 302, 0, 0),
(7, 18, 303, 0, 0),
(7, 18, 304, 0, 0),
(7, 18, 305, 0, 0),
(7, 19, 306, 0, 0),
(7, 19, 307, 0, 0),
(7, 19, 308, 0, 0),
(7, 19, 309, 0, 1),
(7, 19, 310, 0, 1),
(7, 19, 311, 0, 0),
(7, 19, 312, 0, 0),
(7, 19, 313, 0, 0),
(7, 20, 314, 0, 0),
(7, 20, 315, 0, 0),
(7, 20, 316, 0, 0),
(7, 20, 317, 0, 0),
(7, 20, 318, 0, 0),
(7, 20, 319, 0, 0),
(7, 20, 320, 0, 0),
(7, 20, 321, 0, 0),
(7, 20, 322, 0, 0),
(7, 20, 323, 0, 0),
(7, 20, 324, 0, 0),
(7, 20, 325, 0, 0),
(7, 20, 326, 0, 0),
(7, 20, 327, 0, 0),
(7, 20, 328, 0, 0);
INSERT INTO `vtiger_profile2field` (`profileid`, `tabid`, `fieldid`, `visible`, `readonly`) VALUES
(7, 20, 329, 0, 0),
(7, 20, 330, 0, 0),
(7, 20, 331, 0, 0),
(7, 20, 332, 0, 1),
(7, 20, 333, 0, 1),
(7, 20, 334, 0, 0),
(7, 20, 335, 0, 0),
(7, 20, 336, 0, 0),
(7, 20, 337, 0, 0),
(7, 20, 338, 0, 0),
(7, 20, 339, 0, 0),
(7, 20, 340, 0, 0),
(7, 20, 341, 0, 0),
(7, 20, 342, 0, 0),
(7, 20, 343, 0, 0),
(7, 20, 344, 0, 0),
(7, 20, 345, 0, 0),
(7, 20, 346, 0, 0),
(7, 20, 347, 0, 0),
(7, 20, 348, 0, 0),
(7, 20, 349, 0, 0),
(7, 20, 350, 0, 0),
(7, 21, 351, 0, 0),
(7, 21, 352, 0, 0),
(7, 21, 353, 0, 0),
(7, 21, 354, 0, 0),
(7, 21, 355, 0, 0),
(7, 21, 356, 0, 0),
(7, 21, 357, 0, 0),
(7, 21, 358, 0, 0),
(7, 21, 359, 0, 0),
(7, 21, 360, 0, 0),
(7, 21, 361, 0, 0),
(7, 21, 362, 0, 0),
(7, 21, 363, 0, 0),
(7, 21, 364, 0, 0),
(7, 21, 365, 0, 0),
(7, 21, 366, 0, 0),
(7, 21, 367, 0, 0),
(7, 21, 368, 0, 0),
(7, 21, 369, 0, 0),
(7, 21, 370, 0, 1),
(7, 21, 371, 0, 1),
(7, 21, 372, 0, 0),
(7, 21, 373, 0, 0),
(7, 21, 374, 0, 0),
(7, 21, 375, 0, 0),
(7, 21, 376, 0, 0),
(7, 21, 377, 0, 0),
(7, 21, 378, 0, 0),
(7, 21, 379, 0, 0),
(7, 21, 380, 0, 0),
(7, 21, 381, 0, 0),
(7, 21, 382, 0, 0),
(7, 21, 383, 0, 0),
(7, 21, 384, 0, 0),
(7, 21, 385, 0, 0),
(7, 21, 386, 0, 0),
(7, 21, 387, 0, 0),
(7, 21, 388, 0, 0),
(7, 22, 389, 0, 0),
(7, 22, 390, 0, 0),
(7, 22, 391, 0, 0),
(7, 22, 392, 0, 0),
(7, 22, 393, 0, 0),
(7, 22, 394, 0, 0),
(7, 22, 395, 0, 0),
(7, 22, 396, 0, 0),
(7, 22, 397, 0, 0),
(7, 22, 398, 0, 0),
(7, 22, 399, 0, 0),
(7, 22, 400, 0, 0),
(7, 22, 401, 0, 0),
(7, 22, 402, 0, 0),
(7, 22, 403, 0, 0),
(7, 22, 404, 0, 0),
(7, 22, 405, 0, 0),
(7, 22, 406, 0, 0),
(7, 22, 407, 0, 0),
(7, 22, 408, 0, 0),
(7, 22, 409, 0, 0),
(7, 22, 410, 0, 0),
(7, 22, 411, 0, 1),
(7, 22, 412, 0, 1),
(7, 22, 413, 0, 0),
(7, 22, 414, 0, 0),
(7, 22, 415, 0, 0),
(7, 22, 416, 0, 0),
(7, 22, 417, 0, 0),
(7, 22, 418, 0, 0),
(7, 22, 419, 0, 0),
(7, 22, 420, 0, 0),
(7, 22, 421, 0, 0),
(7, 22, 422, 0, 0),
(7, 22, 423, 0, 0),
(7, 22, 424, 0, 0),
(7, 22, 425, 0, 0),
(7, 22, 426, 0, 0),
(7, 22, 427, 0, 0),
(7, 22, 428, 0, 0),
(7, 22, 429, 0, 0),
(7, 22, 430, 0, 0),
(7, 22, 431, 0, 0),
(7, 22, 432, 0, 0),
(7, 22, 433, 0, 0),
(7, 22, 434, 0, 0),
(7, 22, 435, 0, 0),
(7, 23, 436, 0, 0),
(7, 23, 437, 0, 0),
(7, 23, 438, 0, 0),
(7, 23, 439, 0, 0),
(7, 23, 440, 0, 0),
(7, 23, 441, 0, 0),
(7, 23, 442, 0, 0),
(7, 23, 443, 0, 0),
(7, 23, 444, 0, 0),
(7, 23, 445, 0, 0),
(7, 23, 446, 0, 0),
(7, 23, 447, 0, 0),
(7, 23, 448, 0, 0),
(7, 23, 449, 0, 0),
(7, 23, 450, 0, 0),
(7, 23, 451, 0, 0),
(7, 23, 452, 0, 0),
(7, 23, 453, 0, 0),
(7, 23, 454, 0, 0),
(7, 23, 455, 0, 1),
(7, 23, 456, 0, 1),
(7, 23, 457, 0, 0),
(7, 23, 458, 0, 0),
(7, 23, 459, 0, 0),
(7, 23, 460, 0, 0),
(7, 23, 461, 0, 0),
(7, 23, 462, 0, 0),
(7, 23, 463, 0, 0),
(7, 23, 464, 0, 0),
(7, 23, 465, 0, 0),
(7, 23, 466, 0, 0),
(7, 23, 467, 0, 0),
(7, 23, 468, 0, 0),
(7, 23, 469, 0, 0),
(7, 23, 470, 0, 0),
(7, 23, 471, 0, 0),
(7, 23, 472, 0, 0),
(7, 23, 473, 0, 0),
(7, 23, 474, 0, 0),
(7, 29, 475, 0, 0),
(7, 29, 479, 0, 0),
(7, 29, 480, 0, 0),
(7, 29, 481, 0, 0),
(7, 29, 482, 0, 0),
(7, 29, 489, 0, 0),
(7, 29, 490, 0, 0),
(7, 29, 491, 0, 0),
(7, 29, 492, 0, 0),
(7, 29, 493, 0, 0),
(7, 29, 494, 0, 0),
(7, 29, 495, 0, 0),
(7, 29, 496, 0, 0),
(7, 29, 497, 0, 0),
(7, 29, 498, 0, 0),
(7, 29, 499, 0, 0),
(7, 29, 504, 0, 0),
(7, 29, 505, 0, 0),
(7, 29, 506, 0, 0),
(7, 29, 507, 0, 0),
(7, 29, 510, 0, 0),
(7, 10, 520, 0, 0),
(7, 10, 521, 0, 0),
(7, 10, 522, 0, 0),
(7, 10, 523, 0, 0),
(7, 10, 524, 0, 0),
(7, 10, 525, 0, 0),
(7, 30, 526, 0, 0),
(7, 30, 527, 0, 1),
(7, 30, 528, 0, 1),
(7, 30, 529, 0, 0),
(7, 30, 530, 0, 1),
(7, 30, 531, 0, 0),
(7, 30, 532, 0, 0),
(7, 30, 533, 0, 0),
(7, 30, 534, 0, 0),
(7, 30, 535, 0, 0),
(7, 30, 536, 0, 0),
(7, 30, 537, 0, 1),
(7, 30, 538, 0, 1),
(7, 30, 539, 0, 0),
(7, 30, 540, 0, 0),
(7, 30, 541, 0, 0),
(7, 30, 542, 0, 1),
(7, 30, 543, 0, 0),
(7, 30, 544, 0, 0),
(7, 30, 545, 0, 1),
(7, 30, 546, 0, 0),
(7, 30, 547, 0, 0),
(7, 34, 548, 0, 0),
(7, 34, 549, 0, 0),
(7, 34, 550, 0, 0),
(7, 34, 551, 0, 0),
(7, 34, 552, 0, 0),
(7, 34, 553, 0, 0),
(7, 34, 554, 0, 0),
(7, 34, 555, 0, 0),
(7, 34, 556, 0, 0),
(7, 34, 557, 0, 0),
(7, 34, 558, 0, 0),
(7, 34, 559, 0, 0),
(7, 34, 560, 0, 0),
(7, 34, 561, 0, 0),
(7, 34, 562, 0, 1),
(7, 34, 563, 0, 1),
(7, 34, 564, 0, 1),
(7, 29, 565, 0, 0),
(7, 35, 566, 0, 0),
(7, 35, 567, 0, 0),
(7, 35, 568, 0, 0),
(7, 35, 569, 0, 0),
(7, 35, 570, 0, 0),
(7, 35, 571, 0, 0),
(7, 35, 572, 0, 0),
(7, 35, 573, 0, 0),
(7, 35, 574, 0, 1),
(7, 35, 575, 0, 1),
(7, 35, 576, 0, 0),
(7, 35, 577, 0, 0),
(7, 35, 578, 0, 0),
(7, 35, 579, 0, 0),
(7, 35, 580, 0, 0),
(7, 35, 581, 0, 0),
(7, 35, 583, 0, 0),
(7, 35, 584, 0, 0),
(7, 35, 585, 0, 1),
(7, 35, 586, 0, 0),
(7, 35, 587, 0, 0),
(7, 38, 588, 0, 0),
(7, 38, 589, 0, 0),
(7, 38, 590, 0, 1),
(7, 38, 591, 0, 1),
(7, 38, 592, 0, 0),
(7, 38, 593, 0, 1),
(7, 38, 594, 0, 0),
(7, 38, 595, 0, 1),
(7, 42, 596, 0, 0),
(7, 42, 597, 0, 0),
(7, 42, 598, 0, 0),
(7, 42, 599, 0, 0),
(7, 42, 600, 0, 0),
(7, 42, 601, 0, 0),
(7, 42, 602, 0, 0),
(7, 42, 603, 0, 0),
(7, 42, 604, 0, 0),
(7, 42, 605, 0, 0),
(7, 42, 606, 0, 0),
(7, 42, 607, 0, 0),
(7, 42, 608, 0, 0),
(7, 42, 609, 0, 0),
(7, 42, 610, 0, 1),
(7, 42, 611, 0, 1),
(7, 42, 612, 0, 0),
(7, 42, 613, 0, 0),
(7, 42, 614, 0, 1),
(7, 42, 615, 0, 0),
(7, 42, 616, 0, 0),
(7, 44, 617, 0, 0),
(7, 44, 618, 0, 1),
(7, 44, 619, 0, 1),
(7, 44, 620, 0, 0),
(7, 44, 621, 0, 0),
(7, 44, 622, 0, 1),
(7, 46, 623, 0, 0),
(7, 46, 624, 0, 0),
(7, 46, 625, 0, 0),
(7, 46, 626, 0, 0),
(7, 46, 627, 0, 0),
(7, 46, 628, 0, 0),
(7, 46, 629, 0, 1),
(7, 46, 630, 0, 1),
(7, 46, 631, 0, 0),
(7, 46, 632, 0, 0),
(7, 46, 633, 0, 1),
(7, 46, 634, 0, 0),
(7, 46, 635, 0, 0),
(7, 47, 636, 0, 0),
(7, 47, 637, 0, 0),
(7, 47, 638, 0, 0),
(7, 47, 639, 0, 0),
(7, 47, 640, 0, 0),
(7, 47, 641, 0, 0),
(7, 47, 642, 0, 0),
(7, 47, 643, 0, 0),
(7, 47, 644, 0, 0),
(7, 47, 645, 0, 0),
(7, 47, 646, 0, 0),
(7, 47, 647, 0, 1),
(7, 47, 648, 0, 1),
(7, 47, 649, 0, 0),
(7, 47, 650, 0, 0),
(7, 47, 651, 0, 1),
(7, 47, 652, 0, 0),
(7, 47, 653, 0, 0),
(7, 48, 654, 0, 0),
(7, 48, 655, 0, 0),
(7, 48, 656, 0, 0),
(7, 48, 657, 0, 0),
(7, 48, 658, 0, 0),
(7, 48, 659, 0, 0),
(7, 48, 660, 0, 0),
(7, 48, 661, 0, 0),
(7, 48, 662, 0, 0),
(7, 48, 663, 0, 0),
(7, 48, 664, 0, 0),
(7, 48, 665, 0, 0),
(7, 48, 666, 0, 0),
(7, 48, 667, 0, 1),
(7, 48, 668, 0, 1),
(7, 48, 669, 0, 0),
(7, 48, 670, 0, 0),
(7, 48, 671, 0, 1),
(7, 48, 672, 0, 0),
(7, 48, 673, 0, 0),
(7, 2, 674, 0, 0),
(7, 23, 676, 0, 0),
(7, 23, 677, 0, 0),
(7, 23, 678, 0, 0),
(7, 23, 679, 0, 0),
(7, 23, 680, 0, 0),
(7, 23, 681, 0, 0),
(7, 22, 685, 0, 0),
(7, 22, 686, 0, 0),
(7, 22, 687, 0, 0),
(7, 22, 688, 0, 0),
(7, 22, 689, 0, 0),
(7, 22, 690, 0, 0),
(7, 21, 694, 0, 0),
(7, 21, 695, 0, 0),
(7, 21, 696, 0, 0),
(7, 21, 697, 0, 0),
(7, 21, 698, 0, 0),
(7, 21, 699, 0, 0),
(7, 20, 703, 0, 0),
(7, 20, 704, 0, 0),
(7, 20, 705, 0, 0),
(7, 20, 706, 0, 0),
(7, 20, 707, 0, 0),
(7, 20, 708, 0, 0),
(7, 47, 713, 0, 0),
(7, 38, 714, 0, 0),
(7, 23, 718, 0, 0),
(7, 22, 719, 0, 0),
(7, 21, 720, 0, 0),
(7, 20, 721, 0, 0),
(7, 6, 723, 0, 1),
(7, 4, 724, 0, 1),
(7, 2, 725, 0, 1),
(7, 23, 727, 0, 0),
(7, 23, 728, 0, 0),
(7, 21, 729, 0, 0),
(7, 21, 730, 0, 0),
(7, 18, 731, 0, 0),
(7, 7, 732, 0, 0),
(7, 38, 733, 0, 0),
(7, 38, 734, 0, 0),
(7, 23, 735, 0, 0),
(7, 20, 736, 0, 0),
(7, 21, 737, 0, 0),
(7, 22, 738, 0, 0),
(7, 2, 740, 0, 0),
(7, 13, 741, 0, 0),
(7, 14, 772, 0, 0),
(7, 35, 773, 0, 0),
(7, 23, 774, 0, 0),
(7, 38, 786, 0, 0),
(7, 38, 787, 0, 0),
(7, 38, 788, 0, 0),
(7, 2, 789, 0, 1),
(7, 4, 790, 0, 1),
(7, 6, 791, 0, 1),
(7, 7, 792, 0, 1),
(7, 8, 793, 0, 1),
(7, 9, 794, 0, 1),
(7, 10, 795, 0, 1),
(7, 13, 796, 0, 1),
(7, 14, 797, 0, 1),
(7, 15, 798, 0, 1),
(7, 16, 799, 0, 1),
(7, 18, 800, 0, 1),
(7, 19, 801, 0, 1),
(7, 20, 802, 0, 1),
(7, 21, 803, 0, 1),
(7, 22, 804, 0, 1),
(7, 23, 805, 0, 1),
(7, 26, 806, 0, 1),
(7, 10, 807, 0, 0),
(7, 2, 808, 0, 0),
(7, 4, 809, 0, 0),
(7, 6, 810, 0, 0),
(7, 7, 811, 0, 0),
(7, 8, 812, 0, 0),
(7, 9, 813, 0, 0),
(7, 10, 814, 0, 0),
(7, 13, 815, 0, 0),
(7, 14, 816, 0, 0),
(7, 15, 817, 0, 0),
(7, 16, 818, 0, 1),
(7, 18, 819, 0, 0),
(7, 19, 820, 0, 0),
(7, 20, 821, 0, 0),
(7, 21, 822, 0, 0),
(7, 22, 823, 0, 0),
(7, 23, 824, 0, 0),
(7, 26, 825, 0, 0),
(7, 2, 826, 0, 0),
(7, 4, 827, 0, 0),
(7, 6, 828, 0, 0),
(7, 7, 829, 0, 0),
(7, 8, 830, 0, 0),
(7, 9, 831, 0, 0),
(7, 10, 832, 0, 0),
(7, 13, 833, 0, 0),
(7, 14, 834, 0, 0),
(7, 15, 835, 0, 0),
(7, 16, 836, 0, 1),
(7, 18, 837, 0, 0),
(7, 19, 838, 0, 0),
(7, 20, 839, 0, 0),
(7, 21, 840, 0, 0),
(7, 22, 841, 0, 0),
(7, 23, 842, 0, 0),
(7, 26, 843, 0, 0),
(7, 20, 844, 0, 0),
(7, 21, 845, 0, 0),
(7, 22, 846, 0, 0),
(7, 23, 847, 0, 0),
(7, 48, 848, 0, 1),
(7, 48, 849, 0, 0),
(7, 22, 851, 0, 1),
(7, 52, 853, 0, 0),
(7, 52, 854, 0, 0),
(7, 52, 856, 0, 0),
(7, 52, 858, 0, 0),
(7, 52, 860, 0, 0),
(7, 52, 862, 0, 0),
(7, 52, 864, 0, 0),
(7, 52, 866, 0, 0),
(7, 53, 900, 0, 0),
(7, 53, 901, 0, 0),
(7, 53, 906, 0, 0),
(7, 53, 907, 0, 0),
(7, 53, 908, 0, 0),
(7, 53, 909, 0, 0),
(7, 53, 910, 0, 0),
(7, 53, 911, 0, 0),
(7, 53, 912, 0, 0),
(7, 53, 913, 0, 0),
(7, 54, 914, 0, 0),
(7, 54, 915, 0, 0),
(7, 54, 916, 0, 0),
(7, 54, 917, 0, 0),
(7, 54, 918, 0, 0),
(7, 54, 919, 0, 0),
(7, 54, 920, 0, 0),
(7, 54, 921, 0, 0),
(7, 54, 922, 0, 0),
(7, 54, 923, 0, 0),
(7, 54, 924, 0, 0),
(7, 54, 925, 0, 0),
(7, 54, 926, 0, 0),
(7, 54, 927, 0, 0),
(7, 54, 928, 0, 0),
(7, 54, 929, 0, 0),
(7, 54, 930, 0, 0),
(7, 54, 931, 0, 0),
(7, 54, 932, 0, 0),
(7, 54, 933, 0, 0),
(7, 54, 934, 0, 0),
(7, 54, 935, 0, 0),
(7, 54, 936, 0, 0),
(7, 54, 937, 0, 0),
(7, 54, 938, 0, 0),
(7, 54, 939, 0, 0),
(7, 54, 940, 0, 0),
(7, 54, 941, 0, 0),
(7, 54, 942, 0, 0),
(7, 54, 943, 0, 0),
(7, 54, 944, 0, 0),
(7, 54, 945, 0, 0),
(7, 54, 946, 0, 0),
(7, 54, 947, 0, 0),
(7, 54, 948, 0, 0),
(7, 54, 949, 0, 0),
(7, 57, 950, 0, 0),
(7, 57, 951, 0, 0),
(7, 57, 952, 0, 0),
(7, 57, 953, 0, 0),
(7, 57, 954, 0, 0),
(7, 57, 955, 0, 0),
(7, 57, 956, 0, 0),
(7, 57, 957, 0, 0),
(7, 57, 958, 0, 0),
(7, 57, 959, 0, 0),
(7, 57, 960, 0, 0),
(7, 57, 961, 0, 0),
(7, 57, 962, 0, 0),
(7, 16, 964, 0, 0);

-- --------------------------------------------------------

--
-- Table structure for table `vtiger_profile2globalpermissions`
--

CREATE TABLE `vtiger_profile2globalpermissions` (
  `profileid` int(19) NOT NULL,
  `globalactionid` int(19) NOT NULL,
  `globalactionpermission` int(19) DEFAULT NULL
) ENGINE=InnoDB DEFAULT CHARSET=utf8;

--
-- Dumping data for table `vtiger_profile2globalpermissions`
--

INSERT INTO `vtiger_profile2globalpermissions` (`profileid`, `globalactionid`, `globalactionpermission`) VALUES
(1, 1, 0),
(1, 2, 0),
(2, 1, 1),
(2, 2, 1),
(3, 1, 1),
(3, 2, 1),
(4, 1, 1),
(4, 2, 1),
(5, 1, 1),
(5, 2, 1),
(6, 1, 1),
(6, 2, 1),
(7, 1, 0),
(7, 2, 0);

-- --------------------------------------------------------

--
-- Table structure for table `vtiger_profile2standardpermissions`
--

CREATE TABLE `vtiger_profile2standardpermissions` (
  `profileid` int(11) NOT NULL,
  `tabid` int(10) NOT NULL,
  `operation` int(10) NOT NULL,
  `permissions` int(1) DEFAULT NULL
) ENGINE=InnoDB DEFAULT CHARSET=utf8;

--
-- Dumping data for table `vtiger_profile2standardpermissions`
--

INSERT INTO `vtiger_profile2standardpermissions` (`profileid`, `tabid`, `operation`, `permissions`) VALUES
(1, 2, 0, 0),
(1, 2, 1, 0),
(1, 2, 2, 0),
(1, 2, 3, 0),
(1, 2, 4, 0),
(1, 2, 7, 0),
(1, 4, 0, 0),
(1, 4, 1, 0),
(1, 4, 2, 0),
(1, 4, 3, 0),
(1, 4, 4, 0),
(1, 4, 7, 0),
(1, 6, 0, 0),
(1, 6, 1, 0),
(1, 6, 2, 0),
(1, 6, 3, 0),
(1, 6, 4, 0),
(1, 6, 7, 0),
(1, 7, 0, 0),
(1, 7, 1, 0),
(1, 7, 2, 0),
(1, 7, 3, 0),
(1, 7, 4, 0),
(1, 7, 7, 0),
(1, 8, 0, 0),
(1, 8, 1, 0),
(1, 8, 2, 0),
(1, 8, 3, 0),
(1, 8, 4, 0),
(1, 8, 7, 0),
(1, 9, 0, 0),
(1, 9, 1, 0),
(1, 9, 2, 0),
(1, 9, 3, 0),
(1, 9, 4, 0),
(1, 9, 7, 0),
(1, 10, 0, 0),
(1, 10, 1, 0),
(1, 10, 2, 0),
(1, 10, 4, 0),
(1, 13, 0, 0),
(1, 13, 1, 0),
(1, 13, 2, 0),
(1, 13, 3, 0),
(1, 13, 4, 0),
(1, 13, 7, 0),
(1, 14, 0, 0),
(1, 14, 1, 0),
(1, 14, 2, 0),
(1, 14, 3, 0),
(1, 14, 4, 0),
(1, 14, 7, 0),
(1, 15, 0, 0),
(1, 15, 1, 0),
(1, 15, 2, 0),
(1, 15, 3, 0),
(1, 15, 4, 0),
(1, 15, 7, 0),
(1, 16, 0, 0),
(1, 16, 1, 0),
(1, 16, 2, 0),
(1, 16, 3, 0),
(1, 16, 4, 0),
(1, 16, 7, 0),
(1, 18, 0, 0),
(1, 18, 1, 0),
(1, 18, 2, 0),
(1, 18, 3, 0),
(1, 18, 4, 0),
(1, 18, 7, 0),
(1, 19, 0, 0),
(1, 19, 1, 0),
(1, 19, 2, 0),
(1, 19, 3, 0),
(1, 19, 4, 0),
(1, 19, 7, 0),
(1, 20, 0, 0),
(1, 20, 1, 0),
(1, 20, 2, 0),
(1, 20, 3, 0),
(1, 20, 4, 0),
(1, 20, 7, 0),
(1, 21, 0, 0),
(1, 21, 1, 0),
(1, 21, 2, 0),
(1, 21, 3, 0),
(1, 21, 4, 0),
(1, 21, 7, 0),
(1, 22, 0, 0),
(1, 22, 1, 0),
(1, 22, 2, 0),
(1, 22, 3, 0),
(1, 22, 4, 0),
(1, 22, 7, 0),
(1, 23, 0, 0),
(1, 23, 1, 0),
(1, 23, 2, 0),
(1, 23, 3, 0),
(1, 23, 4, 0),
(1, 23, 7, 0),
(1, 25, 0, 1),
(1, 25, 1, 1),
(1, 25, 2, 1),
(1, 25, 3, 0),
(1, 25, 4, 0),
(1, 25, 7, 1),
(1, 26, 0, 0),
(1, 26, 1, 0),
(1, 26, 2, 0),
(1, 26, 3, 0),
(1, 26, 4, 0),
(1, 26, 7, 0),
(1, 30, 0, 0),
(1, 30, 1, 0),
(1, 30, 2, 0),
(1, 30, 3, 0),
(1, 30, 4, 0),
(1, 30, 7, 0),
(1, 34, 0, 0),
(1, 34, 1, 0),
(1, 34, 2, 0),
(1, 34, 3, 0),
(1, 34, 4, 0),
(1, 34, 7, 0),
(1, 35, 0, 0),
(1, 35, 1, 0),
(1, 35, 2, 0),
(1, 35, 3, 0),
(1, 35, 4, 0),
(1, 35, 7, 0),
(1, 38, 0, 0),
(1, 38, 1, 0),
(1, 38, 2, 0),
(1, 38, 3, 0),
(1, 38, 4, 0),
(1, 38, 7, 0),
(1, 42, 0, 0),
(1, 42, 1, 0),
(1, 42, 2, 0),
(1, 42, 3, 0),
(1, 42, 4, 0),
(1, 42, 7, 0),
(1, 44, 0, 0),
(1, 44, 1, 0),
(1, 44, 2, 0),
(1, 44, 3, 0),
(1, 44, 4, 0),
(1, 44, 7, 0),
(1, 46, 0, 0),
(1, 46, 1, 0),
(1, 46, 2, 0),
(1, 46, 3, 0),
(1, 46, 4, 0),
(1, 46, 7, 0),
(1, 47, 0, 0),
(1, 47, 1, 0),
(1, 47, 2, 0),
(1, 47, 3, 0),
(1, 47, 4, 0),
(1, 47, 7, 0),
(1, 48, 0, 0),
(1, 48, 1, 0),
(1, 48, 2, 0),
(1, 48, 3, 0),
(1, 48, 4, 0),
(1, 48, 7, 0),
(1, 51, 0, 0),
(1, 51, 1, 0),
(1, 51, 2, 0),
(1, 51, 3, 0),
(1, 51, 4, 0),
(1, 51, 7, 0),
(1, 53, 0, 0),
(1, 53, 1, 0),
(1, 53, 2, 0),
(1, 53, 3, 0),
(1, 53, 4, 0),
(1, 53, 7, 0),
(1, 54, 0, 0),
(1, 54, 1, 0),
(1, 54, 2, 0),
(1, 54, 3, 0),
(1, 54, 4, 0),
(1, 54, 7, 0),
(1, 55, 0, 0),
(1, 55, 1, 0),
(1, 55, 2, 0),
(1, 55, 3, 0),
(1, 55, 4, 0),
(1, 55, 7, 0),
(1, 56, 0, 0),
(1, 56, 1, 0),
(1, 56, 2, 0),
(1, 56, 3, 0),
(1, 56, 4, 0),
(1, 56, 7, 0),
(1, 57, 0, 0),
(1, 57, 1, 0),
(1, 57, 2, 0),
(1, 57, 3, 0),
(1, 57, 4, 0),
(1, 57, 7, 0),
(2, 2, 0, 0),
(2, 2, 1, 0),
(2, 2, 2, 0),
(2, 2, 3, 0),
(2, 2, 4, 0),
(2, 2, 7, 0),
(2, 4, 0, 0),
(2, 4, 1, 0),
(2, 4, 2, 0),
(2, 4, 3, 0),
(2, 4, 4, 0),
(2, 4, 7, 0),
(2, 6, 0, 0),
(2, 6, 1, 0),
(2, 6, 2, 0),
(2, 6, 3, 0),
(2, 6, 4, 0),
(2, 6, 7, 0),
(2, 7, 0, 0),
(2, 7, 1, 0),
(2, 7, 2, 0),
(2, 7, 3, 0),
(2, 7, 4, 0),
(2, 7, 7, 0),
(2, 8, 0, 0),
(2, 8, 1, 0),
(2, 8, 2, 0),
(2, 8, 3, 0),
(2, 8, 4, 0),
(2, 8, 7, 0),
(2, 9, 0, 0),
(2, 9, 1, 0),
(2, 9, 2, 0),
(2, 9, 3, 0),
(2, 9, 4, 0),
(2, 9, 7, 0),
(2, 10, 0, 0),
(2, 10, 1, 0),
(2, 10, 2, 0),
(2, 10, 4, 0),
(2, 13, 0, 1),
(2, 13, 1, 1),
(2, 13, 2, 1),
(2, 13, 3, 0),
(2, 13, 4, 0),
(2, 13, 7, 1),
(2, 14, 0, 0),
(2, 14, 1, 0),
(2, 14, 2, 0),
(2, 14, 3, 0),
(2, 14, 4, 0),
(2, 14, 7, 0),
(2, 15, 0, 0),
(2, 15, 1, 0),
(2, 15, 2, 0),
(2, 15, 3, 0),
(2, 15, 4, 0),
(2, 15, 7, 0),
(2, 16, 0, 0),
(2, 16, 1, 0),
(2, 16, 2, 0),
(2, 16, 3, 0),
(2, 16, 4, 0),
(2, 16, 7, 0),
(2, 18, 0, 0),
(2, 18, 1, 0),
(2, 18, 2, 0),
(2, 18, 3, 0),
(2, 18, 4, 0),
(2, 18, 7, 0),
(2, 19, 0, 0),
(2, 19, 1, 0),
(2, 19, 2, 0),
(2, 19, 3, 0),
(2, 19, 4, 0),
(2, 19, 7, 0),
(2, 20, 0, 0),
(2, 20, 1, 0),
(2, 20, 2, 0),
(2, 20, 3, 0),
(2, 20, 4, 0),
(2, 20, 7, 0),
(2, 21, 0, 0),
(2, 21, 1, 0),
(2, 21, 2, 0),
(2, 21, 3, 0),
(2, 21, 4, 0),
(2, 21, 7, 0),
(2, 22, 0, 0),
(2, 22, 1, 0),
(2, 22, 2, 0),
(2, 22, 3, 0),
(2, 22, 4, 0),
(2, 22, 7, 0),
(2, 23, 0, 0),
(2, 23, 1, 0),
(2, 23, 2, 0),
(2, 23, 3, 0),
(2, 23, 4, 0),
(2, 23, 7, 0),
(2, 25, 0, 1),
(2, 25, 1, 1),
(2, 25, 2, 1),
(2, 25, 3, 0),
(2, 25, 4, 0),
(2, 25, 7, 1),
(2, 26, 0, 0),
(2, 26, 1, 0),
(2, 26, 2, 0),
(2, 26, 3, 0),
(2, 26, 4, 0),
(2, 26, 7, 0),
(2, 30, 0, 0),
(2, 30, 1, 0),
(2, 30, 2, 0),
(2, 30, 3, 0),
(2, 30, 4, 0),
(2, 30, 7, 0),
(2, 34, 0, 0),
(2, 34, 1, 0),
(2, 34, 2, 0),
(2, 34, 3, 0),
(2, 34, 4, 0),
(2, 34, 7, 0),
(2, 35, 0, 0),
(2, 35, 1, 0),
(2, 35, 2, 0),
(2, 35, 3, 0),
(2, 35, 4, 0),
(2, 35, 7, 0),
(2, 38, 0, 0),
(2, 38, 1, 0),
(2, 38, 2, 0),
(2, 38, 3, 0),
(2, 38, 4, 0),
(2, 38, 7, 0),
(2, 42, 0, 0),
(2, 42, 1, 0),
(2, 42, 2, 0),
(2, 42, 3, 0),
(2, 42, 4, 0),
(2, 42, 7, 0),
(2, 44, 0, 0),
(2, 44, 1, 0),
(2, 44, 2, 0),
(2, 44, 3, 0),
(2, 44, 4, 0),
(2, 44, 7, 0),
(2, 46, 0, 0),
(2, 46, 1, 0),
(2, 46, 2, 0),
(2, 46, 3, 0),
(2, 46, 4, 0),
(2, 46, 7, 0),
(2, 47, 0, 0),
(2, 47, 1, 0),
(2, 47, 2, 0),
(2, 47, 3, 0),
(2, 47, 4, 0),
(2, 47, 7, 0),
(2, 48, 0, 0),
(2, 48, 1, 0),
(2, 48, 2, 0),
(2, 48, 3, 0),
(2, 48, 4, 0),
(2, 48, 7, 0),
(2, 51, 0, 0),
(2, 51, 1, 0),
(2, 51, 2, 0),
(2, 51, 3, 0),
(2, 51, 4, 0),
(2, 51, 7, 0),
(2, 53, 0, 0),
(2, 53, 1, 0),
(2, 53, 2, 0),
(2, 53, 3, 0),
(2, 53, 4, 0),
(2, 53, 7, 0),
(2, 54, 0, 0),
(2, 54, 1, 0),
(2, 54, 2, 0),
(2, 54, 3, 0),
(2, 54, 4, 0),
(2, 54, 7, 0),
(2, 55, 0, 0),
(2, 55, 1, 0),
(2, 55, 2, 0),
(2, 55, 3, 0),
(2, 55, 4, 0),
(2, 55, 7, 0),
(2, 56, 0, 0),
(2, 56, 1, 0),
(2, 56, 2, 0),
(2, 56, 3, 0),
(2, 56, 4, 0),
(2, 56, 7, 0),
(2, 57, 0, 0),
(2, 57, 1, 0),
(2, 57, 2, 0),
(2, 57, 3, 0),
(2, 57, 4, 0),
(2, 57, 7, 0),
(3, 2, 0, 1),
(3, 2, 1, 1),
(3, 2, 2, 1),
(3, 2, 3, 0),
(3, 2, 4, 0),
(3, 2, 7, 1),
(3, 4, 0, 0),
(3, 4, 1, 0),
(3, 4, 2, 0),
(3, 4, 3, 0),
(3, 4, 4, 0),
(3, 4, 7, 0),
(3, 6, 0, 0),
(3, 6, 1, 0),
(3, 6, 2, 0),
(3, 6, 3, 0),
(3, 6, 4, 0),
(3, 6, 7, 0),
(3, 7, 0, 0),
(3, 7, 1, 0),
(3, 7, 2, 0),
(3, 7, 3, 0),
(3, 7, 4, 0),
(3, 7, 7, 0),
(3, 8, 0, 0),
(3, 8, 1, 0),
(3, 8, 2, 0),
(3, 8, 3, 0),
(3, 8, 4, 0),
(3, 8, 7, 0),
(3, 9, 0, 0),
(3, 9, 1, 0),
(3, 9, 2, 0),
(3, 9, 3, 0),
(3, 9, 4, 0),
(3, 9, 7, 0),
(3, 10, 0, 0),
(3, 10, 1, 0),
(3, 10, 2, 0),
(3, 10, 4, 0),
(3, 13, 0, 0),
(3, 13, 1, 0),
(3, 13, 2, 0),
(3, 13, 3, 0),
(3, 13, 4, 0),
(3, 13, 7, 0),
(3, 14, 0, 0),
(3, 14, 1, 0),
(3, 14, 2, 0),
(3, 14, 3, 0),
(3, 14, 4, 0),
(3, 14, 7, 0),
(3, 15, 0, 0),
(3, 15, 1, 0),
(3, 15, 2, 0),
(3, 15, 3, 0),
(3, 15, 4, 0),
(3, 15, 7, 0),
(3, 16, 0, 0),
(3, 16, 1, 0),
(3, 16, 2, 0),
(3, 16, 3, 0),
(3, 16, 4, 0),
(3, 16, 7, 0),
(3, 18, 0, 0),
(3, 18, 1, 0),
(3, 18, 2, 0),
(3, 18, 3, 0),
(3, 18, 4, 0),
(3, 18, 7, 0),
(3, 19, 0, 0),
(3, 19, 1, 0),
(3, 19, 2, 0),
(3, 19, 3, 0),
(3, 19, 4, 0),
(3, 19, 7, 0),
(3, 20, 0, 0),
(3, 20, 1, 0),
(3, 20, 2, 0),
(3, 20, 3, 0),
(3, 20, 4, 0),
(3, 20, 7, 0),
(3, 21, 0, 0),
(3, 21, 1, 0),
(3, 21, 2, 0),
(3, 21, 3, 0),
(3, 21, 4, 0),
(3, 21, 7, 0),
(3, 22, 0, 0),
(3, 22, 1, 0),
(3, 22, 2, 0),
(3, 22, 3, 0),
(3, 22, 4, 0),
(3, 22, 7, 0),
(3, 23, 0, 0),
(3, 23, 1, 0),
(3, 23, 2, 0),
(3, 23, 3, 0),
(3, 23, 4, 0),
(3, 23, 7, 0),
(3, 25, 0, 1),
(3, 25, 1, 1),
(3, 25, 2, 1),
(3, 25, 3, 0),
(3, 25, 4, 0),
(3, 25, 7, 1),
(3, 26, 0, 0),
(3, 26, 1, 0),
(3, 26, 2, 0),
(3, 26, 3, 0),
(3, 26, 4, 0),
(3, 26, 7, 0),
(3, 30, 0, 0),
(3, 30, 1, 0),
(3, 30, 2, 0),
(3, 30, 3, 0),
(3, 30, 4, 0),
(3, 30, 7, 0),
(3, 34, 0, 0),
(3, 34, 1, 0),
(3, 34, 2, 0),
(3, 34, 3, 0),
(3, 34, 4, 0),
(3, 34, 7, 0),
(3, 35, 0, 0),
(3, 35, 1, 0),
(3, 35, 2, 0),
(3, 35, 3, 0),
(3, 35, 4, 0),
(3, 35, 7, 0),
(3, 38, 0, 0),
(3, 38, 1, 0),
(3, 38, 2, 0),
(3, 38, 3, 0),
(3, 38, 4, 0),
(3, 38, 7, 0),
(3, 42, 0, 0),
(3, 42, 1, 0),
(3, 42, 2, 0),
(3, 42, 3, 0),
(3, 42, 4, 0),
(3, 42, 7, 0),
(3, 44, 0, 0),
(3, 44, 1, 0),
(3, 44, 2, 0),
(3, 44, 3, 0),
(3, 44, 4, 0),
(3, 44, 7, 0),
(3, 46, 0, 0),
(3, 46, 1, 0),
(3, 46, 2, 0),
(3, 46, 3, 0),
(3, 46, 4, 0),
(3, 46, 7, 0),
(3, 47, 0, 0),
(3, 47, 1, 0),
(3, 47, 2, 0),
(3, 47, 3, 0),
(3, 47, 4, 0),
(3, 47, 7, 0),
(3, 48, 0, 0),
(3, 48, 1, 0),
(3, 48, 2, 0),
(3, 48, 3, 0),
(3, 48, 4, 0),
(3, 48, 7, 0),
(3, 51, 0, 0),
(3, 51, 1, 0),
(3, 51, 2, 0),
(3, 51, 3, 0),
(3, 51, 4, 0),
(3, 51, 7, 0),
(3, 53, 0, 0),
(3, 53, 1, 0),
(3, 53, 2, 0),
(3, 53, 3, 0),
(3, 53, 4, 0),
(3, 53, 7, 0),
(3, 54, 0, 0),
(3, 54, 1, 0),
(3, 54, 2, 0),
(3, 54, 3, 0),
(3, 54, 4, 0),
(3, 54, 7, 0),
(3, 55, 0, 0),
(3, 55, 1, 0),
(3, 55, 2, 0),
(3, 55, 3, 0),
(3, 55, 4, 0),
(3, 55, 7, 0),
(3, 56, 0, 0),
(3, 56, 1, 0),
(3, 56, 2, 0),
(3, 56, 3, 0),
(3, 56, 4, 0),
(3, 56, 7, 0),
(3, 57, 0, 0),
(3, 57, 1, 0),
(3, 57, 2, 0),
(3, 57, 3, 0),
(3, 57, 4, 0),
(3, 57, 7, 0),
(4, 2, 0, 1),
(4, 2, 1, 1),
(4, 2, 2, 1),
(4, 2, 3, 0),
(4, 2, 4, 0),
(4, 2, 7, 1),
(4, 4, 0, 1),
(4, 4, 1, 1),
(4, 4, 2, 1),
(4, 4, 3, 0),
(4, 4, 4, 0),
(4, 4, 7, 1),
(4, 6, 0, 1),
(4, 6, 1, 1),
(4, 6, 2, 1),
(4, 6, 3, 0),
(4, 6, 4, 0),
(4, 6, 7, 1),
(4, 7, 0, 1),
(4, 7, 1, 1),
(4, 7, 2, 1),
(4, 7, 3, 0),
(4, 7, 4, 0),
(4, 7, 7, 1),
(4, 8, 0, 1),
(4, 8, 1, 1),
(4, 8, 2, 1),
(4, 8, 3, 0),
(4, 8, 4, 0),
(4, 8, 7, 1),
(4, 9, 0, 1),
(4, 9, 1, 1),
(4, 9, 2, 1),
(4, 9, 3, 0),
(4, 9, 4, 0),
(4, 9, 7, 1),
(4, 10, 0, 0),
(4, 10, 1, 0),
(4, 10, 2, 0),
(4, 10, 4, 0),
(4, 13, 0, 1),
(4, 13, 1, 1),
(4, 13, 2, 1),
(4, 13, 3, 0),
(4, 13, 4, 0),
(4, 13, 7, 1),
(4, 14, 0, 1),
(4, 14, 1, 1),
(4, 14, 2, 1),
(4, 14, 3, 0),
(4, 14, 4, 0),
(4, 14, 7, 1),
(4, 15, 0, 1),
(4, 15, 1, 1),
(4, 15, 2, 1),
(4, 15, 3, 0),
(4, 15, 4, 0),
(4, 15, 7, 1),
(4, 16, 0, 1),
(4, 16, 1, 1),
(4, 16, 2, 1),
(4, 16, 3, 0),
(4, 16, 4, 0),
(4, 16, 7, 1),
(4, 18, 0, 1),
(4, 18, 1, 1),
(4, 18, 2, 1),
(4, 18, 3, 0),
(4, 18, 4, 0),
(4, 18, 7, 1),
(4, 19, 0, 1),
(4, 19, 1, 1),
(4, 19, 2, 1),
(4, 19, 3, 0),
(4, 19, 4, 0),
(4, 19, 7, 1),
(4, 20, 0, 1),
(4, 20, 1, 1),
(4, 20, 2, 1),
(4, 20, 3, 0),
(4, 20, 4, 0),
(4, 20, 7, 1),
(4, 21, 0, 1),
(4, 21, 1, 1),
(4, 21, 2, 1),
(4, 21, 3, 0),
(4, 21, 4, 0),
(4, 21, 7, 1),
(4, 22, 0, 1),
(4, 22, 1, 1),
(4, 22, 2, 1),
(4, 22, 3, 0),
(4, 22, 4, 0),
(4, 22, 7, 1),
(4, 23, 0, 1),
(4, 23, 1, 1),
(4, 23, 2, 1),
(4, 23, 3, 0),
(4, 23, 4, 0),
(4, 23, 7, 1),
(4, 25, 0, 1),
(4, 25, 1, 1),
(4, 25, 2, 1),
(4, 25, 3, 0),
(4, 25, 4, 0),
(4, 25, 7, 1),
(4, 26, 0, 1),
(4, 26, 1, 1),
(4, 26, 2, 1),
(4, 26, 3, 0),
(4, 26, 4, 0),
(4, 26, 7, 1),
(4, 30, 0, 0),
(4, 30, 1, 0),
(4, 30, 2, 0),
(4, 30, 3, 0),
(4, 30, 4, 0),
(4, 30, 7, 0),
(4, 34, 0, 0),
(4, 34, 1, 0),
(4, 34, 2, 0),
(4, 34, 3, 0),
(4, 34, 4, 0),
(4, 34, 7, 0),
(4, 35, 0, 0),
(4, 35, 1, 0),
(4, 35, 2, 0),
(4, 35, 3, 0),
(4, 35, 4, 0),
(4, 35, 7, 0),
(4, 38, 0, 0),
(4, 38, 1, 0),
(4, 38, 2, 0),
(4, 38, 3, 0),
(4, 38, 4, 0),
(4, 38, 7, 0),
(4, 42, 0, 0),
(4, 42, 1, 0),
(4, 42, 2, 0),
(4, 42, 3, 0),
(4, 42, 4, 0),
(4, 42, 7, 0),
(4, 44, 0, 0),
(4, 44, 1, 0),
(4, 44, 2, 0),
(4, 44, 3, 0),
(4, 44, 4, 0),
(4, 44, 7, 0),
(4, 46, 0, 0),
(4, 46, 1, 0),
(4, 46, 2, 0),
(4, 46, 3, 0),
(4, 46, 4, 0),
(4, 46, 7, 0),
(4, 47, 0, 0),
(4, 47, 1, 0),
(4, 47, 2, 0),
(4, 47, 3, 0),
(4, 47, 4, 0),
(4, 47, 7, 0),
(4, 48, 0, 0),
(4, 48, 1, 0),
(4, 48, 2, 0),
(4, 48, 3, 0),
(4, 48, 4, 0),
(4, 48, 7, 0),
(4, 51, 0, 0),
(4, 51, 1, 0),
(4, 51, 2, 0),
(4, 51, 3, 0),
(4, 51, 4, 0),
(4, 51, 7, 0),
(4, 53, 0, 0),
(4, 53, 1, 0),
(4, 53, 2, 0),
(4, 53, 3, 0),
(4, 53, 4, 0),
(4, 53, 7, 0),
(4, 54, 0, 0),
(4, 54, 1, 0),
(4, 54, 2, 0),
(4, 54, 3, 0),
(4, 54, 4, 0),
(4, 54, 7, 0),
(4, 55, 0, 0),
(4, 55, 1, 0),
(4, 55, 2, 0),
(4, 55, 3, 0),
(4, 55, 4, 0),
(4, 55, 7, 0),
(4, 56, 0, 0),
(4, 56, 1, 0),
(4, 56, 2, 0),
(4, 56, 3, 0),
(4, 56, 4, 0),
(4, 56, 7, 0),
(4, 57, 0, 0),
(4, 57, 1, 0),
(4, 57, 2, 0),
(4, 57, 3, 0),
(4, 57, 4, 0),
(4, 57, 7, 0),
(5, 2, 0, 1),
(5, 2, 1, 1),
(5, 2, 2, 1),
(5, 2, 4, 0),
(5, 2, 7, 1),
(5, 4, 0, 1),
(5, 4, 1, 1),
(5, 4, 2, 1),
(5, 4, 4, 0),
(5, 4, 7, 1),
(5, 6, 0, 1),
(5, 6, 1, 1),
(5, 6, 2, 1),
(5, 6, 4, 0),
(5, 6, 7, 1),
(5, 7, 0, 1),
(5, 7, 1, 1),
(5, 7, 2, 1),
(5, 7, 4, 0),
(5, 7, 7, 1),
(5, 8, 0, 1),
(5, 8, 1, 1),
(5, 8, 2, 1),
(5, 8, 4, 0),
(5, 8, 7, 1),
(5, 9, 0, 1),
(5, 9, 1, 1),
(5, 9, 2, 1),
(5, 9, 4, 0),
(5, 9, 7, 1),
(5, 10, 0, 1),
(5, 10, 1, 1),
(5, 10, 2, 1),
(5, 10, 4, 0),
(5, 10, 7, 1),
(5, 13, 0, 1),
(5, 13, 1, 1),
(5, 13, 2, 1),
(5, 13, 4, 0),
(5, 13, 7, 1),
(5, 14, 0, 1),
(5, 14, 1, 1),
(5, 14, 2, 1),
(5, 14, 4, 0),
(5, 14, 7, 1),
(5, 15, 0, 1),
(5, 15, 1, 1),
(5, 15, 2, 1),
(5, 15, 4, 0),
(5, 15, 7, 1),
(5, 16, 0, 1),
(5, 16, 1, 1),
(5, 16, 2, 1),
(5, 16, 4, 0),
(5, 16, 7, 1),
(5, 18, 0, 1),
(5, 18, 1, 1),
(5, 18, 2, 1),
(5, 18, 4, 0),
(5, 18, 7, 1),
(5, 19, 0, 1),
(5, 19, 1, 1),
(5, 19, 2, 1),
(5, 19, 4, 0),
(5, 19, 7, 1),
(5, 20, 0, 1),
(5, 20, 1, 1),
(5, 20, 2, 1),
(5, 20, 4, 0),
(5, 20, 7, 1),
(5, 21, 0, 1),
(5, 21, 1, 1),
(5, 21, 2, 1),
(5, 21, 4, 0),
(5, 21, 7, 1),
(5, 22, 0, 1),
(5, 22, 1, 1),
(5, 22, 2, 1),
(5, 22, 4, 0),
(5, 22, 7, 1),
(5, 23, 0, 1),
(5, 23, 1, 1),
(5, 23, 2, 1),
(5, 23, 4, 0),
(5, 23, 7, 1),
(5, 25, 0, 1),
(5, 25, 1, 0),
(5, 25, 2, 0),
(5, 25, 4, 0),
(5, 25, 7, 0),
(5, 26, 0, 1),
(5, 26, 1, 1),
(5, 26, 2, 1),
(5, 26, 4, 0),
(5, 26, 7, 1),
(5, 30, 0, 1),
(5, 30, 1, 1),
(5, 30, 2, 1),
(5, 30, 4, 0),
(5, 30, 7, 1),
(5, 34, 0, 1),
(5, 34, 1, 1),
(5, 34, 2, 1),
(5, 34, 4, 0),
(5, 34, 7, 1),
(5, 35, 0, 1),
(5, 35, 1, 1),
(5, 35, 2, 1),
(5, 35, 4, 0),
(5, 35, 7, 1),
(5, 38, 0, 1),
(5, 38, 1, 1),
(5, 38, 2, 1),
(5, 38, 4, 0),
(5, 38, 7, 1),
(5, 42, 0, 1),
(5, 42, 1, 1),
(5, 42, 2, 1),
(5, 42, 4, 0),
(5, 42, 7, 1),
(5, 44, 0, 1),
(5, 44, 1, 1),
(5, 44, 2, 1),
(5, 44, 4, 0),
(5, 44, 7, 1),
(5, 46, 0, 1),
(5, 46, 1, 1),
(5, 46, 2, 1),
(5, 46, 4, 0),
(5, 46, 7, 1),
(5, 47, 0, 1),
(5, 47, 1, 1),
(5, 47, 2, 1),
(5, 47, 4, 0),
(5, 47, 7, 1),
(5, 48, 0, 1),
(5, 48, 1, 1),
(5, 48, 2, 1),
(5, 48, 4, 0),
(5, 48, 7, 1),
(5, 51, 0, 0),
(5, 51, 1, 0),
(5, 51, 2, 0),
(5, 51, 3, 0),
(5, 51, 4, 0),
(5, 51, 7, 0),
(5, 53, 0, 0),
(5, 53, 1, 0),
(5, 53, 2, 0),
(5, 53, 3, 0),
(5, 53, 4, 0),
(5, 53, 7, 0),
(5, 54, 0, 0),
(5, 54, 1, 0),
(5, 54, 2, 0),
(5, 54, 3, 0),
(5, 54, 4, 0),
(5, 54, 7, 0),
(5, 55, 0, 0),
(5, 55, 1, 0),
(5, 55, 2, 0),
(5, 55, 3, 0),
(5, 55, 4, 0),
(5, 55, 7, 0),
(5, 56, 0, 0),
(5, 56, 1, 0),
(5, 56, 2, 0),
(5, 56, 3, 0),
(5, 56, 4, 0),
(5, 56, 7, 0),
(5, 57, 0, 0),
(5, 57, 1, 0),
(5, 57, 2, 0),
(5, 57, 3, 0),
(5, 57, 4, 0),
(5, 57, 7, 0),
(6, 2, 0, 1),
(6, 2, 1, 1),
(6, 2, 2, 1),
(6, 2, 4, 0),
(6, 2, 7, 1),
(6, 4, 0, 1),
(6, 4, 1, 1),
(6, 4, 2, 1),
(6, 4, 4, 0),
(6, 4, 7, 1),
(6, 6, 0, 1),
(6, 6, 1, 1),
(6, 6, 2, 1),
(6, 6, 4, 0),
(6, 6, 7, 1),
(6, 7, 0, 1),
(6, 7, 1, 1),
(6, 7, 2, 1),
(6, 7, 4, 0),
(6, 7, 7, 1),
(6, 8, 0, 1),
(6, 8, 1, 1),
(6, 8, 2, 1),
(6, 8, 4, 0),
(6, 8, 7, 1),
(6, 9, 0, 1),
(6, 9, 1, 1),
(6, 9, 2, 1),
(6, 9, 4, 0),
(6, 9, 7, 1),
(6, 10, 0, 1),
(6, 10, 1, 1),
(6, 10, 2, 1),
(6, 10, 4, 0),
(6, 10, 7, 1),
(6, 13, 0, 1),
(6, 13, 1, 1),
(6, 13, 2, 1),
(6, 13, 4, 0),
(6, 13, 7, 1),
(6, 14, 0, 1),
(6, 14, 1, 1),
(6, 14, 2, 1),
(6, 14, 4, 0),
(6, 14, 7, 1),
(6, 15, 0, 1),
(6, 15, 1, 1),
(6, 15, 2, 1),
(6, 15, 4, 0),
(6, 15, 7, 1),
(6, 16, 0, 1),
(6, 16, 1, 1),
(6, 16, 2, 1),
(6, 16, 4, 0),
(6, 16, 7, 1),
(6, 18, 0, 1),
(6, 18, 1, 1),
(6, 18, 2, 1),
(6, 18, 4, 0),
(6, 18, 7, 1),
(6, 19, 0, 1),
(6, 19, 1, 1),
(6, 19, 2, 1),
(6, 19, 4, 0),
(6, 19, 7, 1),
(6, 20, 0, 1),
(6, 20, 1, 1),
(6, 20, 2, 1),
(6, 20, 4, 0),
(6, 20, 7, 1),
(6, 21, 0, 1),
(6, 21, 1, 1),
(6, 21, 2, 1),
(6, 21, 4, 0),
(6, 21, 7, 1),
(6, 22, 0, 1),
(6, 22, 1, 1),
(6, 22, 2, 1),
(6, 22, 4, 0),
(6, 22, 7, 1),
(6, 23, 0, 1),
(6, 23, 1, 1),
(6, 23, 2, 1),
(6, 23, 4, 0),
(6, 23, 7, 1),
(6, 25, 0, 1),
(6, 25, 1, 0),
(6, 25, 2, 0),
(6, 25, 4, 0),
(6, 25, 7, 0),
(6, 26, 0, 1),
(6, 26, 1, 1),
(6, 26, 2, 1),
(6, 26, 4, 0),
(6, 26, 7, 1),
(6, 30, 0, 1),
(6, 30, 1, 1),
(6, 30, 2, 1),
(6, 30, 4, 0),
(6, 30, 7, 1),
(6, 34, 0, 1),
(6, 34, 1, 1),
(6, 34, 2, 1),
(6, 34, 4, 0),
(6, 34, 7, 1),
(6, 35, 0, 1),
(6, 35, 1, 1),
(6, 35, 2, 1),
(6, 35, 4, 0),
(6, 35, 7, 1),
(6, 38, 0, 1),
(6, 38, 1, 1),
(6, 38, 2, 1),
(6, 38, 4, 0),
(6, 38, 7, 1),
(6, 42, 0, 1),
(6, 42, 1, 1),
(6, 42, 2, 1),
(6, 42, 4, 0),
(6, 42, 7, 1),
(6, 44, 0, 1),
(6, 44, 1, 1),
(6, 44, 2, 1),
(6, 44, 4, 0),
(6, 44, 7, 1),
(6, 46, 0, 1),
(6, 46, 1, 1),
(6, 46, 2, 1),
(6, 46, 4, 0),
(6, 46, 7, 1),
(6, 47, 0, 1),
(6, 47, 1, 1),
(6, 47, 2, 1),
(6, 47, 4, 0),
(6, 47, 7, 1),
(6, 48, 0, 1),
(6, 48, 1, 1),
(6, 48, 2, 1),
(6, 48, 4, 0),
(6, 48, 7, 1),
(6, 51, 0, 0),
(6, 51, 1, 0),
(6, 51, 2, 0),
(6, 51, 3, 0),
(6, 51, 4, 0),
(6, 51, 7, 0),
(6, 53, 0, 0),
(6, 53, 1, 0),
(6, 53, 2, 0),
(6, 53, 3, 0),
(6, 53, 4, 0),
(6, 53, 7, 0),
(6, 54, 0, 0),
(6, 54, 1, 0),
(6, 54, 2, 0),
(6, 54, 3, 0),
(6, 54, 4, 0),
(6, 54, 7, 0),
(6, 55, 0, 0),
(6, 55, 1, 0),
(6, 55, 2, 0),
(6, 55, 3, 0),
(6, 55, 4, 0),
(6, 55, 7, 0),
(6, 56, 0, 0),
(6, 56, 1, 0),
(6, 56, 2, 0),
(6, 56, 3, 0),
(6, 56, 4, 0),
(6, 56, 7, 0),
(6, 57, 0, 0),
(6, 57, 1, 0),
(6, 57, 2, 0),
(6, 57, 3, 0),
(6, 57, 4, 0),
(6, 57, 7, 0),
(7, 2, 0, 0),
(7, 2, 1, 0),
(7, 2, 2, 0),
(7, 2, 4, 0),
(7, 2, 7, 0),
(7, 4, 0, 0),
(7, 4, 1, 0),
(7, 4, 2, 0),
(7, 4, 4, 0),
(7, 4, 7, 0),
(7, 6, 0, 0),
(7, 6, 1, 0),
(7, 6, 2, 0),
(7, 6, 4, 0),
(7, 6, 7, 0),
(7, 7, 0, 0),
(7, 7, 1, 0),
(7, 7, 2, 0),
(7, 7, 4, 0),
(7, 7, 7, 0),
(7, 8, 0, 0),
(7, 8, 1, 0),
(7, 8, 2, 0),
(7, 8, 4, 0),
(7, 8, 7, 0),
(7, 9, 0, 0),
(7, 9, 1, 0),
(7, 9, 2, 0),
(7, 9, 4, 0),
(7, 9, 7, 0),
(7, 10, 0, 0),
(7, 10, 1, 0),
(7, 10, 2, 0),
(7, 10, 4, 0),
(7, 10, 7, 1),
(7, 13, 0, 0),
(7, 13, 1, 0),
(7, 13, 2, 0),
(7, 13, 4, 0),
(7, 13, 7, 0),
(7, 14, 0, 0),
(7, 14, 1, 0),
(7, 14, 2, 0),
(7, 14, 4, 0),
(7, 14, 7, 0),
(7, 15, 0, 0),
(7, 15, 1, 0),
(7, 15, 2, 0),
(7, 15, 4, 0),
(7, 15, 7, 0),
(7, 16, 0, 0),
(7, 16, 1, 0),
(7, 16, 2, 0),
(7, 16, 4, 0),
(7, 16, 7, 0),
(7, 18, 0, 0),
(7, 18, 1, 0),
(7, 18, 2, 0),
(7, 18, 4, 0),
(7, 18, 7, 0),
(7, 19, 0, 0),
(7, 19, 1, 0),
(7, 19, 2, 0),
(7, 19, 4, 0),
(7, 19, 7, 0),
(7, 20, 0, 0),
(7, 20, 1, 0),
(7, 20, 2, 0),
(7, 20, 4, 0),
(7, 20, 7, 0),
(7, 21, 0, 0),
(7, 21, 1, 0),
(7, 21, 2, 0),
(7, 21, 4, 0),
(7, 21, 7, 0),
(7, 22, 0, 0),
(7, 22, 1, 0),
(7, 22, 2, 0),
(7, 22, 4, 0),
(7, 22, 7, 0),
(7, 23, 0, 0),
(7, 23, 1, 0),
(7, 23, 2, 0),
(7, 23, 4, 0),
(7, 23, 7, 0),
(7, 25, 0, 1),
(7, 25, 1, 0),
(7, 25, 2, 0),
(7, 25, 4, 0),
(7, 25, 7, 0),
(7, 26, 0, 0),
(7, 26, 1, 0),
(7, 26, 2, 0),
(7, 26, 4, 0),
(7, 26, 7, 0),
(7, 30, 0, 0),
(7, 30, 1, 0),
(7, 30, 2, 0),
(7, 30, 4, 0),
(7, 30, 7, 0),
(7, 34, 0, 0),
(7, 34, 1, 0),
(7, 34, 2, 0),
(7, 34, 4, 0),
(7, 34, 7, 0),
(7, 35, 0, 0),
(7, 35, 1, 0),
(7, 35, 2, 0),
(7, 35, 4, 0),
(7, 35, 7, 0),
(7, 38, 0, 0),
(7, 38, 1, 0),
(7, 38, 2, 0),
(7, 38, 4, 0),
(7, 38, 7, 0),
(7, 42, 0, 0),
(7, 42, 1, 0),
(7, 42, 2, 0),
(7, 42, 4, 0),
(7, 42, 7, 0),
(7, 44, 0, 0),
(7, 44, 1, 0),
(7, 44, 2, 0),
(7, 44, 4, 0),
(7, 44, 7, 0),
(7, 46, 0, 0),
(7, 46, 1, 0),
(7, 46, 2, 0),
(7, 46, 4, 0),
(7, 46, 7, 0),
(7, 47, 0, 0),
(7, 47, 1, 0),
(7, 47, 2, 0),
(7, 47, 4, 0),
(7, 47, 7, 0),
(7, 48, 0, 0),
(7, 48, 1, 0),
(7, 48, 2, 0),
(7, 48, 4, 0),
(7, 48, 7, 0),
(7, 53, 0, 0),
(7, 53, 1, 0),
(7, 53, 2, 0),
(7, 53, 3, 0),
(7, 53, 4, 0),
(7, 53, 7, 0),
(7, 54, 0, 0),
(7, 54, 1, 0),
(7, 54, 2, 0),
(7, 54, 3, 0),
(7, 54, 4, 0),
(7, 54, 7, 0),
(7, 55, 0, 0),
(7, 55, 1, 0),
(7, 55, 2, 0),
(7, 55, 3, 0),
(7, 55, 4, 0),
(7, 55, 7, 0),
(7, 56, 0, 0),
(7, 56, 1, 0),
(7, 56, 2, 0),
(7, 56, 3, 0),
(7, 56, 4, 0),
(7, 56, 7, 0),
(7, 57, 0, 0),
(7, 57, 1, 0),
(7, 57, 2, 0),
(7, 57, 3, 0),
(7, 57, 4, 0),
(7, 57, 7, 0);

-- --------------------------------------------------------

--
-- Table structure for table `vtiger_profile2tab`
--

CREATE TABLE `vtiger_profile2tab` (
  `profileid` int(11) DEFAULT NULL,
  `tabid` int(10) DEFAULT NULL,
  `permissions` int(10) NOT NULL DEFAULT 0
) ENGINE=InnoDB DEFAULT CHARSET=utf8;

--
-- Dumping data for table `vtiger_profile2tab`
--

INSERT INTO `vtiger_profile2tab` (`profileid`, `tabid`, `permissions`) VALUES
(1, 1, 0),
(1, 2, 0),
(1, 3, 0),
(1, 4, 0),
(1, 6, 0),
(1, 7, 0),
(1, 8, 0),
(1, 9, 0),
(1, 10, 0),
(1, 13, 0),
(1, 14, 0),
(1, 15, 0),
(1, 16, 0),
(1, 18, 0),
(1, 19, 0),
(1, 20, 0),
(1, 21, 0),
(1, 22, 0),
(1, 23, 0),
(1, 24, 0),
(1, 25, 0),
(1, 26, 0),
(1, 27, 0),
(2, 1, 0),
(2, 2, 0),
(2, 3, 0),
(2, 4, 0),
(2, 6, 0),
(2, 7, 0),
(2, 8, 0),
(2, 9, 0),
(2, 10, 0),
(2, 13, 0),
(2, 14, 0),
(2, 15, 0),
(2, 16, 0),
(2, 18, 0),
(2, 19, 0),
(2, 20, 0),
(2, 21, 0),
(2, 22, 0),
(2, 23, 0),
(2, 24, 0),
(2, 25, 0),
(2, 26, 0),
(2, 27, 0),
(3, 1, 0),
(3, 2, 0),
(3, 3, 0),
(3, 4, 0),
(3, 6, 0),
(3, 7, 0),
(3, 8, 0),
(3, 9, 0),
(3, 10, 0),
(3, 13, 0),
(3, 14, 0),
(3, 15, 0),
(3, 16, 0),
(3, 18, 0),
(3, 19, 0),
(3, 20, 0),
(3, 21, 0),
(3, 22, 0),
(3, 23, 0),
(3, 24, 0),
(3, 25, 0),
(3, 26, 0),
(3, 27, 0),
(4, 1, 0),
(4, 2, 0),
(4, 3, 0),
(4, 4, 0),
(4, 6, 0),
(4, 7, 0),
(4, 8, 0),
(4, 9, 0),
(4, 10, 0),
(4, 13, 0),
(4, 14, 0),
(4, 15, 0),
(4, 16, 0),
(4, 18, 0),
(4, 19, 0),
(4, 20, 0),
(4, 21, 0),
(4, 22, 0),
(4, 23, 0),
(4, 24, 0),
(4, 25, 0),
(4, 26, 0),
(4, 27, 0),
(1, 30, 0),
(2, 30, 0),
(3, 30, 0),
(4, 30, 0),
(1, 31, 0),
(2, 31, 0),
(3, 31, 0),
(4, 31, 0),
(1, 32, 0),
(2, 32, 0),
(3, 32, 0),
(4, 32, 0),
(1, 33, 0),
(2, 33, 0),
(3, 33, 0),
(4, 33, 0),
(1, 34, 0),
(2, 34, 0),
(3, 34, 0),
(4, 34, 0),
(1, 35, 0),
(2, 35, 0),
(3, 35, 0),
(4, 35, 0),
(1, 36, 0),
(2, 36, 0),
(3, 36, 0),
(4, 36, 0),
(1, 37, 0),
(2, 37, 0),
(3, 37, 0),
(4, 37, 0),
(1, 38, 0),
(2, 38, 0),
(3, 38, 0),
(4, 38, 0),
(1, 39, 0),
(2, 39, 0),
(3, 39, 0),
(4, 39, 0),
(1, 40, 0),
(2, 40, 0),
(3, 40, 0),
(4, 40, 0),
(1, 41, 0),
(2, 41, 0),
(3, 41, 0),
(4, 41, 0),
(1, 42, 0),
(2, 42, 0),
(3, 42, 0),
(4, 42, 0),
(1, 43, 0),
(2, 43, 0),
(3, 43, 0),
(4, 43, 0),
(1, 44, 0),
(2, 44, 0),
(3, 44, 0),
(4, 44, 0),
(1, 45, 0),
(2, 45, 0),
(3, 45, 0),
(4, 45, 0),
(1, 46, 0),
(2, 46, 0),
(3, 46, 0),
(4, 46, 0),
(1, 47, 0),
(2, 47, 0),
(3, 47, 0),
(4, 47, 0),
(1, 48, 0),
(2, 48, 0),
(3, 48, 0),
(4, 48, 0),
(1, 49, 0),
(2, 49, 0),
(3, 49, 0),
(4, 49, 0),
(6, 1, 0),
(6, 2, 0),
(6, 4, 0),
(6, 6, 0),
(6, 7, 0),
(6, 8, 0),
(6, 9, 0),
(6, 10, 0),
(6, 13, 0),
(6, 14, 0),
(6, 15, 0),
(6, 18, 0),
(6, 19, 0),
(6, 20, 0),
(6, 21, 0),
(6, 22, 0),
(6, 23, 0),
(6, 24, 0),
(6, 25, 0),
(6, 26, 0),
(6, 27, 0),
(6, 30, 0),
(6, 32, 0),
(6, 34, 0),
(6, 35, 0),
(6, 38, 0),
(6, 39, 0),
(6, 41, 0),
(6, 42, 0),
(6, 43, 0),
(6, 44, 0),
(6, 45, 0),
(6, 46, 0),
(6, 47, 0),
(6, 48, 0),
(6, 16, 0),
(1, 51, 0),
(2, 51, 0),
(3, 51, 0),
(4, 51, 0),
(6, 51, 0),
(5, 1, 0),
(5, 2, 0),
(5, 4, 0),
(5, 6, 0),
(5, 7, 0),
(5, 8, 0),
(5, 9, 0),
(5, 10, 0),
(5, 13, 0),
(5, 14, 0),
(5, 15, 0),
(5, 18, 0),
(5, 19, 0),
(5, 20, 0),
(5, 21, 0),
(5, 22, 0),
(5, 23, 0),
(5, 24, 0),
(5, 25, 0),
(5, 26, 0),
(5, 27, 0),
(5, 30, 0),
(5, 32, 0),
(5, 34, 0),
(5, 35, 0),
(5, 38, 0),
(5, 39, 0),
(5, 41, 0),
(5, 42, 0),
(5, 43, 0),
(5, 44, 0),
(5, 45, 0),
(5, 46, 0),
(5, 47, 0),
(5, 48, 0),
(5, 51, 1),
(5, 16, 0),
(1, 57, 0),
(2, 57, 0),
(3, 57, 0),
(4, 57, 0),
(5, 57, 0),
(6, 57, 0),
(1, 57, 0),
(2, 57, 0),
(3, 57, 0),
(4, 57, 0),
(5, 57, 0),
(6, 57, 0),
(1, 57, 0),
(2, 57, 0),
(3, 57, 0),
(4, 57, 0),
(5, 57, 0),
(6, 57, 0),
(7, 1, 0),
(7, 2, 0),
(7, 4, 0),
(7, 6, 0),
(7, 7, 0),
(7, 8, 0),
(7, 9, 0),
(7, 10, 0),
(7, 13, 0),
(7, 14, 0),
(7, 15, 0),
(7, 18, 0),
(7, 19, 0),
(7, 20, 0),
(7, 21, 0),
(7, 22, 0),
(7, 23, 0),
(7, 24, 0),
(7, 25, 0),
(7, 26, 0),
(7, 27, 0),
(7, 30, 0),
(7, 32, 0),
(7, 34, 0),
(7, 35, 0),
(7, 38, 0),
(7, 39, 0),
(7, 41, 0),
(7, 42, 0),
(7, 43, 0),
(7, 44, 0),
(7, 45, 0),
(7, 46, 0),
(7, 47, 0),
(7, 48, 0),
(7, 16, 0),
(1, 53, 0),
(2, 53, 0),
(3, 53, 0),
(4, 53, 0),
(5, 53, 0),
(6, 53, 0),
(7, 53, 0),
(1, 54, 0),
(2, 54, 0),
(3, 54, 0),
(4, 54, 0),
(5, 54, 0),
(6, 54, 0),
(7, 54, 0),
(1, 54, 0),
(2, 54, 0),
(3, 54, 0),
(4, 54, 0),
(5, 54, 0),
(6, 54, 0),
(7, 54, 0),
(1, 55, 0),
(2, 55, 0),
(3, 55, 0),
(4, 55, 0),
(5, 55, 0),
(6, 55, 0),
(7, 55, 0),
(1, 56, 0),
(2, 56, 0),
(3, 56, 0),
(4, 56, 0),
(5, 56, 0),
(6, 56, 0),
(7, 56, 0),
(1, 57, 0),
(2, 57, 0),
(3, 57, 0),
(4, 57, 0),
(5, 57, 0),
(6, 57, 0),
(7, 57, 0);

-- --------------------------------------------------------

--
-- Table structure for table `vtiger_profile2utility`
--

CREATE TABLE `vtiger_profile2utility` (
  `profileid` int(11) NOT NULL,
  `tabid` int(11) NOT NULL,
  `activityid` int(11) NOT NULL,
  `permission` int(1) DEFAULT NULL
) ENGINE=InnoDB DEFAULT CHARSET=utf8;

--
-- Dumping data for table `vtiger_profile2utility`
--

INSERT INTO `vtiger_profile2utility` (`profileid`, `tabid`, `activityid`, `permission`) VALUES
(1, 2, 5, 0),
(1, 2, 6, 0),
(1, 2, 10, 0),
(1, 4, 5, 0),
(1, 4, 6, 0),
(1, 4, 8, 0),
(1, 4, 10, 0),
(1, 6, 5, 0),
(1, 6, 6, 0),
(1, 6, 8, 0),
(1, 6, 10, 0),
(1, 7, 5, 0),
(1, 7, 6, 0),
(1, 7, 8, 0),
(1, 7, 9, 0),
(1, 7, 10, 0),
(1, 8, 6, 0),
(1, 9, 5, 0),
(1, 9, 6, 0),
(1, 13, 5, 0),
(1, 13, 6, 0),
(1, 13, 8, 0),
(1, 13, 10, 0),
(1, 14, 5, 0),
(1, 14, 6, 0),
(1, 14, 10, 0),
(1, 18, 5, 0),
(1, 18, 6, 0),
(1, 18, 10, 0),
(1, 19, 5, 1),
(1, 19, 6, 1),
(1, 19, 10, 1),
(1, 20, 5, 0),
(1, 20, 6, 0),
(1, 21, 5, 0),
(1, 21, 6, 0),
(1, 22, 5, 0),
(1, 22, 6, 0),
(1, 23, 5, 0),
(1, 23, 6, 0),
(1, 25, 6, 0),
(1, 25, 13, 0),
(1, 30, 5, 0),
(1, 30, 6, 0),
(1, 30, 10, 0),
(1, 34, 11, 0),
(1, 34, 12, 0),
(1, 35, 5, 0),
(1, 35, 6, 0),
(1, 35, 10, 0),
(1, 46, 5, 1),
(1, 46, 6, 1),
(1, 46, 10, 1),
(1, 47, 5, 0),
(1, 47, 6, 0),
(1, 47, 10, 0),
(1, 48, 5, 0),
(1, 48, 6, 0),
(1, 48, 10, 0),
(1, 53, 5, 0),
(1, 53, 6, 0),
(1, 53, 8, 0),
(1, 53, 10, 0),
(1, 54, 5, 0),
(1, 54, 6, 0),
(1, 54, 8, 0),
(1, 54, 10, 0),
(2, 2, 5, 1),
(2, 2, 6, 1),
(2, 2, 10, 0),
(2, 4, 5, 1),
(2, 4, 6, 1),
(2, 4, 8, 0),
(2, 4, 10, 0),
(2, 6, 5, 1),
(2, 6, 6, 1),
(2, 6, 8, 0),
(2, 6, 10, 0),
(2, 7, 5, 1),
(2, 7, 6, 1),
(2, 7, 8, 0),
(2, 7, 9, 0),
(2, 7, 10, 0),
(2, 8, 6, 1),
(2, 9, 5, 0),
(2, 9, 6, 0),
(2, 13, 5, 1),
(2, 13, 6, 1),
(2, 13, 8, 0),
(2, 13, 10, 0),
(2, 14, 5, 1),
(2, 14, 6, 1),
(2, 14, 10, 0),
(2, 18, 5, 1),
(2, 18, 6, 1),
(2, 18, 10, 0),
(2, 19, 5, 1),
(2, 19, 6, 1),
(2, 19, 10, 1),
(2, 20, 5, 0),
(2, 20, 6, 0),
(2, 21, 5, 0),
(2, 21, 6, 0),
(2, 22, 5, 0),
(2, 22, 6, 0),
(2, 23, 5, 0),
(2, 23, 6, 0),
(2, 25, 6, 0),
(2, 25, 13, 0),
(2, 30, 5, 0),
(2, 30, 6, 0),
(2, 30, 10, 0),
(2, 34, 11, 0),
(2, 34, 12, 0),
(2, 35, 5, 0),
(2, 35, 6, 0),
(2, 35, 10, 0),
(2, 46, 5, 1),
(2, 46, 6, 1),
(2, 46, 10, 1),
(2, 47, 5, 0),
(2, 47, 6, 0),
(2, 47, 10, 0),
(2, 48, 5, 0),
(2, 48, 6, 0),
(2, 48, 10, 0),
(2, 53, 5, 0),
(2, 53, 6, 0),
(2, 53, 8, 0),
(2, 53, 10, 0),
(2, 54, 5, 0),
(2, 54, 6, 0),
(2, 54, 8, 0),
(2, 54, 10, 0),
(3, 2, 5, 1),
(3, 2, 6, 1),
(3, 2, 10, 0),
(3, 4, 5, 1),
(3, 4, 6, 1),
(3, 4, 8, 0),
(3, 4, 10, 0),
(3, 6, 5, 1),
(3, 6, 6, 1),
(3, 6, 8, 0),
(3, 6, 10, 0),
(3, 7, 5, 1),
(3, 7, 6, 1),
(3, 7, 8, 0),
(3, 7, 9, 0),
(3, 7, 10, 0),
(3, 8, 6, 1),
(3, 9, 5, 0),
(3, 9, 6, 0),
(3, 13, 5, 1),
(3, 13, 6, 1),
(3, 13, 8, 0),
(3, 13, 10, 0),
(3, 14, 5, 1),
(3, 14, 6, 1),
(3, 14, 10, 0),
(3, 18, 5, 1),
(3, 18, 6, 1),
(3, 18, 10, 0),
(3, 19, 5, 1),
(3, 19, 6, 1),
(3, 19, 10, 1),
(3, 20, 5, 0),
(3, 20, 6, 0),
(3, 21, 5, 0),
(3, 21, 6, 0),
(3, 22, 5, 0),
(3, 22, 6, 0),
(3, 23, 5, 0),
(3, 23, 6, 0),
(3, 25, 6, 0),
(3, 25, 13, 0),
(3, 30, 5, 0),
(3, 30, 6, 0),
(3, 30, 10, 0),
(3, 34, 11, 0),
(3, 34, 12, 0),
(3, 35, 5, 0),
(3, 35, 6, 0),
(3, 35, 10, 0),
(3, 46, 5, 1),
(3, 46, 6, 1),
(3, 46, 10, 1),
(3, 47, 5, 0),
(3, 47, 6, 0),
(3, 47, 10, 0),
(3, 48, 5, 0),
(3, 48, 6, 0),
(3, 48, 10, 0),
(3, 53, 5, 0),
(3, 53, 6, 0),
(3, 53, 8, 0),
(3, 53, 10, 0),
(3, 54, 5, 0),
(3, 54, 6, 0),
(3, 54, 8, 0),
(3, 54, 10, 0),
(4, 2, 5, 1),
(4, 2, 6, 1),
(4, 2, 10, 0),
(4, 4, 5, 1),
(4, 4, 6, 1),
(4, 4, 8, 1),
(4, 4, 10, 0),
(4, 6, 5, 1),
(4, 6, 6, 1),
(4, 6, 8, 1),
(4, 6, 10, 0),
(4, 7, 5, 1),
(4, 7, 6, 1),
(4, 7, 8, 1),
(4, 7, 9, 0),
(4, 7, 10, 0),
(4, 8, 6, 1),
(4, 9, 5, 0),
(4, 9, 6, 0),
(4, 13, 5, 1),
(4, 13, 6, 1),
(4, 13, 8, 1),
(4, 13, 10, 0),
(4, 14, 5, 1),
(4, 14, 6, 1),
(4, 14, 10, 0),
(4, 18, 5, 1),
(4, 18, 6, 1),
(4, 18, 10, 0),
(4, 19, 5, 1),
(4, 19, 6, 1),
(4, 19, 10, 1),
(4, 20, 5, 0),
(4, 20, 6, 0),
(4, 21, 5, 0),
(4, 21, 6, 0),
(4, 22, 5, 0),
(4, 22, 6, 0),
(4, 23, 5, 0),
(4, 23, 6, 0),
(4, 25, 6, 0),
(4, 25, 13, 0),
(4, 30, 5, 0),
(4, 30, 6, 0),
(4, 30, 10, 0),
(4, 34, 11, 0),
(4, 34, 12, 0),
(4, 35, 5, 0),
(4, 35, 6, 0),
(4, 35, 10, 0),
(4, 46, 5, 1),
(4, 46, 6, 1),
(4, 46, 10, 1),
(4, 47, 5, 0),
(4, 47, 6, 0),
(4, 47, 10, 0),
(4, 48, 5, 0),
(4, 48, 6, 0),
(4, 48, 10, 0),
(4, 53, 5, 0),
(4, 53, 6, 0),
(4, 53, 8, 0),
(4, 53, 10, 0),
(4, 54, 5, 0),
(4, 54, 6, 0),
(4, 54, 8, 0),
(4, 54, 10, 0),
(5, 2, 5, 0),
(5, 2, 6, 0),
(5, 2, 10, 0),
(5, 4, 5, 0),
(5, 4, 6, 0),
(5, 4, 8, 0),
(5, 4, 10, 0),
(5, 6, 5, 0),
(5, 6, 6, 0),
(5, 6, 8, 0),
(5, 6, 10, 0),
(5, 7, 5, 0),
(5, 7, 6, 0),
(5, 7, 8, 0),
(5, 7, 9, 0),
(5, 7, 10, 0),
(5, 8, 6, 0),
(5, 9, 5, 0),
(5, 9, 6, 0),
(5, 13, 5, 0),
(5, 13, 6, 0),
(5, 13, 8, 0),
(5, 13, 10, 0),
(5, 14, 5, 0),
(5, 14, 6, 0),
(5, 14, 10, 0),
(5, 16, 5, 0),
(5, 16, 6, 0),
(5, 18, 5, 0),
(5, 18, 6, 0),
(5, 18, 10, 0),
(5, 19, 5, 0),
(5, 19, 6, 0),
(5, 19, 10, 0),
(5, 20, 5, 0),
(5, 20, 6, 0),
(5, 21, 5, 0),
(5, 21, 6, 0),
(5, 22, 5, 0),
(5, 22, 6, 0),
(5, 23, 5, 0),
(5, 23, 6, 0),
(5, 25, 6, 0),
(5, 25, 13, 0),
(5, 30, 5, 0),
(5, 30, 6, 0),
(5, 30, 10, 0),
(5, 34, 5, 0),
(5, 34, 6, 0),
(5, 34, 8, 0),
(5, 34, 11, 0),
(5, 34, 12, 0),
(5, 35, 5, 0),
(5, 35, 6, 0),
(5, 35, 10, 0),
(5, 42, 5, 0),
(5, 42, 6, 0),
(5, 42, 10, 0),
(5, 46, 5, 0),
(5, 46, 6, 0),
(5, 46, 10, 0),
(5, 47, 5, 0),
(5, 47, 6, 0),
(5, 47, 10, 0),
(5, 48, 5, 0),
(5, 48, 6, 0),
(5, 48, 10, 0),
(5, 53, 5, 0),
(5, 53, 6, 0),
(5, 53, 8, 0),
(5, 53, 10, 0),
(5, 54, 5, 0),
(5, 54, 6, 0),
(5, 54, 8, 0),
(5, 54, 10, 0),
(6, 2, 5, 0),
(6, 2, 6, 0),
(6, 2, 10, 0),
(6, 4, 5, 0),
(6, 4, 6, 0),
(6, 4, 8, 0),
(6, 4, 10, 0),
(6, 6, 5, 0),
(6, 6, 6, 0),
(6, 6, 8, 0),
(6, 6, 10, 0),
(6, 7, 5, 0),
(6, 7, 6, 0),
(6, 7, 8, 0),
(6, 7, 9, 0),
(6, 7, 10, 0),
(6, 8, 6, 0),
(6, 9, 5, 0),
(6, 9, 6, 0),
(6, 13, 5, 0),
(6, 13, 6, 0),
(6, 13, 8, 0),
(6, 13, 10, 0),
(6, 14, 5, 0),
(6, 14, 6, 0),
(6, 14, 10, 0),
(6, 16, 5, 0),
(6, 16, 6, 0),
(6, 18, 5, 0),
(6, 18, 6, 0),
(6, 18, 10, 0),
(6, 19, 5, 0),
(6, 19, 6, 0),
(6, 19, 10, 0),
(6, 20, 5, 0),
(6, 20, 6, 0),
(6, 21, 5, 0),
(6, 21, 6, 0),
(6, 22, 5, 0),
(6, 22, 6, 0),
(6, 23, 5, 0),
(6, 23, 6, 0),
(6, 25, 6, 0),
(6, 25, 13, 0),
(6, 30, 5, 0),
(6, 30, 6, 0),
(6, 30, 10, 0),
(6, 34, 5, 0),
(6, 34, 6, 0),
(6, 34, 8, 0),
(6, 34, 11, 0),
(6, 34, 12, 0),
(6, 35, 5, 0),
(6, 35, 6, 0),
(6, 35, 10, 0),
(6, 42, 5, 0),
(6, 42, 6, 0),
(6, 42, 10, 0),
(6, 46, 5, 0),
(6, 46, 6, 0),
(6, 46, 10, 0),
(6, 47, 5, 0),
(6, 47, 6, 0),
(6, 47, 10, 0),
(6, 48, 5, 0),
(6, 48, 6, 0),
(6, 48, 10, 0),
(6, 53, 5, 0),
(6, 53, 6, 0),
(6, 53, 8, 0),
(6, 53, 10, 0),
(6, 54, 5, 0),
(6, 54, 6, 0),
(6, 54, 8, 0),
(6, 54, 10, 0),
(7, 2, 5, 0),
(7, 2, 6, 0),
(7, 2, 10, 0),
(7, 4, 5, 0),
(7, 4, 6, 0),
(7, 4, 8, 0),
(7, 4, 10, 0),
(7, 6, 5, 0),
(7, 6, 6, 0),
(7, 6, 8, 0),
(7, 6, 10, 0),
(7, 7, 5, 0),
(7, 7, 6, 0),
(7, 7, 8, 0),
(7, 7, 9, 0),
(7, 7, 10, 0),
(7, 8, 6, 0),
(7, 9, 5, 0),
(7, 9, 6, 0),
(7, 13, 5, 0),
(7, 13, 6, 0),
(7, 13, 8, 0),
(7, 13, 10, 0),
(7, 14, 5, 0),
(7, 14, 6, 0),
(7, 14, 10, 0),
(7, 16, 5, 0),
(7, 16, 6, 0),
(7, 18, 5, 0),
(7, 18, 6, 0),
(7, 18, 10, 0),
(7, 19, 5, 1),
(7, 19, 6, 1),
(7, 19, 10, 1),
(7, 20, 5, 0),
(7, 20, 6, 0),
(7, 21, 5, 0),
(7, 21, 6, 0),
(7, 22, 5, 0),
(7, 22, 6, 0),
(7, 23, 5, 0),
(7, 23, 6, 0),
(7, 25, 6, 0),
(7, 25, 13, 0),
(7, 30, 5, 0),
(7, 30, 6, 0),
(7, 30, 10, 0),
(7, 34, 5, 1),
(7, 34, 6, 1),
(7, 34, 8, 1),
(7, 34, 11, 0),
(7, 34, 12, 0),
(7, 35, 5, 0),
(7, 35, 6, 0),
(7, 35, 10, 0),
(7, 42, 5, 1),
(7, 42, 6, 1),
(7, 42, 10, 1),
(7, 46, 5, 1),
(7, 46, 6, 1),
(7, 46, 10, 1),
(7, 47, 5, 0),
(7, 47, 6, 0),
(7, 47, 10, 0),
(7, 48, 5, 0),
(7, 48, 6, 0),
(7, 48, 10, 0),
(7, 53, 5, 0),
(7, 53, 6, 0),
(7, 53, 8, 0),
(7, 53, 10, 0),
(7, 54, 5, 0),
(7, 54, 6, 0),
(7, 54, 8, 0),
(7, 54, 10, 0);

-- --------------------------------------------------------

--
-- Table structure for table `vtiger_profile_seq`
--

CREATE TABLE `vtiger_profile_seq` (
  `id` int(11) NOT NULL
) ENGINE=InnoDB DEFAULT CHARSET=utf8;

--
-- Dumping data for table `vtiger_profile_seq`
--

INSERT INTO `vtiger_profile_seq` (`id`) VALUES
(7);

-- --------------------------------------------------------

--
-- Table structure for table `vtiger_progress`
--

CREATE TABLE `vtiger_progress` (
  `progressid` int(11) NOT NULL,
  `progress` varchar(200) NOT NULL,
  `presence` int(1) NOT NULL DEFAULT 1,
  `picklist_valueid` int(11) NOT NULL DEFAULT 0,
  `sortorderid` int(11) DEFAULT 0,
  `color` varchar(10) DEFAULT NULL
) ENGINE=InnoDB DEFAULT CHARSET=utf8;

--
-- Dumping data for table `vtiger_progress`
--

INSERT INTO `vtiger_progress` (`progressid`, `progress`, `presence`, `picklist_valueid`, `sortorderid`, `color`) VALUES
(2, '10%', 1, 278, 2, NULL),
(3, '20%', 1, 279, 3, NULL),
(4, '30%', 1, 280, 4, NULL),
(5, '40%', 1, 281, 5, NULL),
(6, '50%', 1, 282, 6, NULL),
(7, '60%', 1, 283, 7, NULL),
(8, '70%', 1, 284, 8, NULL),
(9, '80%', 1, 285, 9, NULL),
(10, '90%', 1, 286, 10, NULL),
(11, '100%', 1, 287, 11, NULL);

-- --------------------------------------------------------

--
-- Table structure for table `vtiger_progress_seq`
--

CREATE TABLE `vtiger_progress_seq` (
  `id` int(11) NOT NULL
) ENGINE=InnoDB DEFAULT CHARSET=utf8;

--
-- Dumping data for table `vtiger_progress_seq`
--

INSERT INTO `vtiger_progress_seq` (`id`) VALUES
(11);

-- --------------------------------------------------------

--
-- Table structure for table `vtiger_project`
--

CREATE TABLE `vtiger_project` (
  `projectid` int(19) NOT NULL,
  `projectname` varchar(255) DEFAULT NULL,
  `project_no` varchar(100) DEFAULT NULL,
  `startdate` date DEFAULT NULL,
  `targetenddate` date DEFAULT NULL,
  `actualenddate` date DEFAULT NULL,
  `targetbudget` varchar(255) DEFAULT NULL,
  `projecturl` varchar(255) DEFAULT NULL,
  `projectstatus` varchar(100) DEFAULT NULL,
  `projectpriority` varchar(100) DEFAULT NULL,
  `projecttype` varchar(100) DEFAULT NULL,
  `progress` varchar(100) DEFAULT NULL,
  `linktoaccountscontacts` varchar(100) DEFAULT NULL,
  `tags` varchar(1) DEFAULT NULL,
  `isconvertedfrompotential` int(1) NOT NULL DEFAULT 0,
  `potentialid` varchar(100) DEFAULT NULL
) ENGINE=InnoDB DEFAULT CHARSET=utf8;

--
-- Dumping data for table `vtiger_project`
--

INSERT INTO `vtiger_project` (`projectid`, `projectname`, `project_no`, `startdate`, `targetenddate`, `actualenddate`, `targetbudget`, `projecturl`, `projectstatus`, `projectpriority`, `projecttype`, `progress`, `linktoaccountscontacts`, `tags`, `isconvertedfrompotential`, `potentialid`) VALUES
(22, 'Mercury', 'PROJ1', NULL, NULL, NULL, '', '', '', '', '', '', '', '', 0, '0'),
(23, 'mercury', 'PROJ2', NULL, NULL, NULL, '', '', '', '', '', '', '', '', 0, '0');

-- --------------------------------------------------------

--
-- Table structure for table `vtiger_projectcf`
--

CREATE TABLE `vtiger_projectcf` (
  `projectid` int(11) NOT NULL
) ENGINE=InnoDB DEFAULT CHARSET=utf8;

--
-- Dumping data for table `vtiger_projectcf`
--

INSERT INTO `vtiger_projectcf` (`projectid`) VALUES
(22),
(23);

-- --------------------------------------------------------

--
-- Table structure for table `vtiger_projectmilestone`
--

CREATE TABLE `vtiger_projectmilestone` (
  `projectmilestoneid` int(11) NOT NULL,
  `projectmilestonename` varchar(255) DEFAULT NULL,
  `projectmilestone_no` varchar(100) DEFAULT NULL,
  `projectmilestonedate` varchar(255) DEFAULT NULL,
  `projectid` varchar(100) DEFAULT NULL,
  `projectmilestonetype` varchar(100) DEFAULT NULL,
  `tags` varchar(1) DEFAULT NULL
) ENGINE=InnoDB DEFAULT CHARSET=utf8;

-- --------------------------------------------------------

--
-- Table structure for table `vtiger_projectmilestonecf`
--

CREATE TABLE `vtiger_projectmilestonecf` (
  `projectmilestoneid` int(11) NOT NULL DEFAULT 0
) ENGINE=InnoDB DEFAULT CHARSET=utf8;

-- --------------------------------------------------------

--
-- Table structure for table `vtiger_projectmilestonetype`
--

CREATE TABLE `vtiger_projectmilestonetype` (
  `projectmilestonetypeid` int(11) NOT NULL,
  `projectmilestonetype` varchar(200) NOT NULL,
  `presence` int(1) NOT NULL DEFAULT 1,
  `picklist_valueid` int(11) NOT NULL DEFAULT 0,
  `sortorderid` int(11) DEFAULT 0,
  `color` varchar(10) DEFAULT NULL
) ENGINE=InnoDB DEFAULT CHARSET=utf8;

--
-- Dumping data for table `vtiger_projectmilestonetype`
--

INSERT INTO `vtiger_projectmilestonetype` (`projectmilestonetypeid`, `projectmilestonetype`, `presence`, `picklist_valueid`, `sortorderid`, `color`) VALUES
(2, 'administrative', 1, 238, 2, NULL),
(3, 'operative', 1, 239, 3, NULL),
(4, 'other', 1, 240, 4, NULL);

-- --------------------------------------------------------

--
-- Table structure for table `vtiger_projectmilestonetype_seq`
--

CREATE TABLE `vtiger_projectmilestonetype_seq` (
  `id` int(11) NOT NULL
) ENGINE=InnoDB DEFAULT CHARSET=utf8;

--
-- Dumping data for table `vtiger_projectmilestonetype_seq`
--

INSERT INTO `vtiger_projectmilestonetype_seq` (`id`) VALUES
(4);

-- --------------------------------------------------------

--
-- Table structure for table `vtiger_projectpriority`
--

CREATE TABLE `vtiger_projectpriority` (
  `projectpriorityid` int(11) NOT NULL,
  `projectpriority` varchar(200) NOT NULL,
  `presence` int(1) NOT NULL DEFAULT 1,
  `picklist_valueid` int(11) NOT NULL DEFAULT 0,
  `sortorderid` int(11) DEFAULT 0,
  `color` varchar(10) DEFAULT NULL
) ENGINE=InnoDB DEFAULT CHARSET=utf8;

--
-- Dumping data for table `vtiger_projectpriority`
--

INSERT INTO `vtiger_projectpriority` (`projectpriorityid`, `projectpriority`, `presence`, `picklist_valueid`, `sortorderid`, `color`) VALUES
(2, 'low', 1, 274, 2, NULL),
(3, 'normal', 1, 275, 3, NULL),
(4, 'high', 1, 276, 4, NULL);

-- --------------------------------------------------------

--
-- Table structure for table `vtiger_projectpriority_seq`
--

CREATE TABLE `vtiger_projectpriority_seq` (
  `id` int(11) NOT NULL
) ENGINE=InnoDB DEFAULT CHARSET=utf8;

--
-- Dumping data for table `vtiger_projectpriority_seq`
--

INSERT INTO `vtiger_projectpriority_seq` (`id`) VALUES
(4);

-- --------------------------------------------------------

--
-- Table structure for table `vtiger_projectstatus`
--

CREATE TABLE `vtiger_projectstatus` (
  `projectstatusid` int(11) NOT NULL,
  `projectstatus` varchar(200) NOT NULL,
  `presence` int(1) NOT NULL DEFAULT 1,
  `picklist_valueid` int(11) NOT NULL DEFAULT 0,
  `sortorderid` int(11) DEFAULT 0,
  `color` varchar(10) DEFAULT NULL
) ENGINE=InnoDB DEFAULT CHARSET=utf8;

--
-- Dumping data for table `vtiger_projectstatus`
--

INSERT INTO `vtiger_projectstatus` (`projectstatusid`, `projectstatus`, `presence`, `picklist_valueid`, `sortorderid`, `color`) VALUES
(2, 'prospecting', 1, 261, 2, NULL),
(3, 'initiated', 1, 262, 3, NULL),
(4, 'in progress', 1, 263, 4, NULL),
(5, 'waiting for feedback', 1, 264, 5, NULL),
(6, 'on hold', 1, 265, 6, NULL),
(7, 'completed', 1, 266, 7, NULL),
(8, 'delivered', 1, 267, 8, NULL),
(9, 'archived', 1, 268, 9, NULL);

-- --------------------------------------------------------

--
-- Table structure for table `vtiger_projectstatus_seq`
--

CREATE TABLE `vtiger_projectstatus_seq` (
  `id` int(11) NOT NULL
) ENGINE=InnoDB DEFAULT CHARSET=utf8;

--
-- Dumping data for table `vtiger_projectstatus_seq`
--

INSERT INTO `vtiger_projectstatus_seq` (`id`) VALUES
(9);

-- --------------------------------------------------------

--
-- Table structure for table `vtiger_projecttask`
--

CREATE TABLE `vtiger_projecttask` (
  `projecttaskid` int(11) NOT NULL,
  `projecttaskname` varchar(255) DEFAULT NULL,
  `projecttask_no` varchar(100) DEFAULT NULL,
  `projecttasktype` varchar(100) DEFAULT NULL,
  `projecttaskpriority` varchar(100) DEFAULT NULL,
  `projecttaskprogress` varchar(100) DEFAULT NULL,
  `projecttaskhours` varchar(255) DEFAULT NULL,
  `startdate` date DEFAULT NULL,
  `enddate` date DEFAULT NULL,
  `projectid` varchar(100) DEFAULT NULL,
  `projecttasknumber` int(11) DEFAULT NULL,
  `tags` varchar(1) DEFAULT NULL,
  `projecttaskstatus` varchar(100) DEFAULT NULL
) ENGINE=InnoDB DEFAULT CHARSET=utf8;

-- --------------------------------------------------------

--
-- Table structure for table `vtiger_projecttaskcf`
--

CREATE TABLE `vtiger_projecttaskcf` (
  `projecttaskid` int(11) NOT NULL DEFAULT 0
) ENGINE=InnoDB DEFAULT CHARSET=utf8;

-- --------------------------------------------------------

--
-- Table structure for table `vtiger_projecttaskpriority`
--

CREATE TABLE `vtiger_projecttaskpriority` (
  `projecttaskpriorityid` int(11) NOT NULL,
  `projecttaskpriority` varchar(200) NOT NULL,
  `presence` int(1) NOT NULL DEFAULT 1,
  `picklist_valueid` int(11) NOT NULL DEFAULT 0,
  `sortorderid` int(11) DEFAULT 0,
  `color` varchar(10) DEFAULT NULL
) ENGINE=InnoDB DEFAULT CHARSET=utf8;

--
-- Dumping data for table `vtiger_projecttaskpriority`
--

INSERT INTO `vtiger_projecttaskpriority` (`projecttaskpriorityid`, `projecttaskpriority`, `presence`, `picklist_valueid`, `sortorderid`, `color`) VALUES
(2, 'low', 1, 246, 2, NULL),
(3, 'normal', 1, 247, 3, NULL),
(4, 'high', 1, 248, 4, NULL);

-- --------------------------------------------------------

--
-- Table structure for table `vtiger_projecttaskpriority_seq`
--

CREATE TABLE `vtiger_projecttaskpriority_seq` (
  `id` int(11) NOT NULL
) ENGINE=InnoDB DEFAULT CHARSET=utf8;

--
-- Dumping data for table `vtiger_projecttaskpriority_seq`
--

INSERT INTO `vtiger_projecttaskpriority_seq` (`id`) VALUES
(4);

-- --------------------------------------------------------

--
-- Table structure for table `vtiger_projecttaskprogress`
--

CREATE TABLE `vtiger_projecttaskprogress` (
  `projecttaskprogressid` int(11) NOT NULL,
  `projecttaskprogress` varchar(200) NOT NULL,
  `presence` int(1) NOT NULL DEFAULT 1,
  `picklist_valueid` int(11) NOT NULL DEFAULT 0,
  `sortorderid` int(11) DEFAULT 0,
  `color` varchar(10) DEFAULT NULL
) ENGINE=InnoDB DEFAULT CHARSET=utf8;

--
-- Dumping data for table `vtiger_projecttaskprogress`
--

INSERT INTO `vtiger_projecttaskprogress` (`projecttaskprogressid`, `projecttaskprogress`, `presence`, `picklist_valueid`, `sortorderid`, `color`) VALUES
(2, '10%', 1, 250, 2, NULL),
(3, '20%', 1, 251, 3, NULL),
(4, '30%', 1, 252, 4, NULL),
(5, '40%', 1, 253, 5, NULL),
(6, '50%', 1, 254, 6, NULL),
(7, '60%', 1, 255, 7, NULL),
(8, '70%', 1, 256, 8, NULL),
(9, '80%', 1, 257, 9, NULL),
(10, '90%', 1, 258, 10, NULL),
(11, '100%', 1, 259, 11, NULL);

-- --------------------------------------------------------

--
-- Table structure for table `vtiger_projecttaskprogress_seq`
--

CREATE TABLE `vtiger_projecttaskprogress_seq` (
  `id` int(11) NOT NULL
) ENGINE=InnoDB DEFAULT CHARSET=utf8;

--
-- Dumping data for table `vtiger_projecttaskprogress_seq`
--

INSERT INTO `vtiger_projecttaskprogress_seq` (`id`) VALUES
(11);

-- --------------------------------------------------------

--
-- Table structure for table `vtiger_projecttaskstatus`
--

CREATE TABLE `vtiger_projecttaskstatus` (
  `projecttaskstatusid` int(11) NOT NULL,
  `projecttaskstatus` varchar(200) NOT NULL,
  `presence` int(1) NOT NULL DEFAULT 1,
  `picklist_valueid` int(11) NOT NULL DEFAULT 0,
  `sortorderid` int(11) DEFAULT 0,
  `color` varchar(10) DEFAULT NULL
) ENGINE=InnoDB DEFAULT CHARSET=utf8;

--
-- Dumping data for table `vtiger_projecttaskstatus`
--

INSERT INTO `vtiger_projecttaskstatus` (`projecttaskstatusid`, `projecttaskstatus`, `presence`, `picklist_valueid`, `sortorderid`, `color`) VALUES
(2, 'Open', 0, 290, 2, NULL),
(3, 'In Progress', 0, 291, 3, NULL),
(4, 'Completed', 0, 292, 4, NULL),
(5, 'Deferred', 0, 293, 5, NULL),
(6, 'Canceled ', 0, 294, 6, NULL);

-- --------------------------------------------------------

--
-- Table structure for table `vtiger_projecttaskstatus_seq`
--

CREATE TABLE `vtiger_projecttaskstatus_seq` (
  `id` int(11) NOT NULL
) ENGINE=InnoDB DEFAULT CHARSET=utf8;

--
-- Dumping data for table `vtiger_projecttaskstatus_seq`
--

INSERT INTO `vtiger_projecttaskstatus_seq` (`id`) VALUES
(6);

-- --------------------------------------------------------

--
-- Table structure for table `vtiger_projecttasktype`
--

CREATE TABLE `vtiger_projecttasktype` (
  `projecttasktypeid` int(11) NOT NULL,
  `projecttasktype` varchar(200) NOT NULL,
  `presence` int(1) NOT NULL DEFAULT 1,
  `picklist_valueid` int(11) NOT NULL DEFAULT 0,
  `sortorderid` int(11) DEFAULT 0,
  `color` varchar(10) DEFAULT NULL
) ENGINE=InnoDB DEFAULT CHARSET=utf8;

--
-- Dumping data for table `vtiger_projecttasktype`
--

INSERT INTO `vtiger_projecttasktype` (`projecttasktypeid`, `projecttasktype`, `presence`, `picklist_valueid`, `sortorderid`, `color`) VALUES
(2, 'administrative', 1, 242, 2, NULL),
(3, 'operative', 1, 243, 3, NULL),
(4, 'other', 1, 244, 4, NULL);

-- --------------------------------------------------------

--
-- Table structure for table `vtiger_projecttasktype_seq`
--

CREATE TABLE `vtiger_projecttasktype_seq` (
  `id` int(11) NOT NULL
) ENGINE=InnoDB DEFAULT CHARSET=utf8;

--
-- Dumping data for table `vtiger_projecttasktype_seq`
--

INSERT INTO `vtiger_projecttasktype_seq` (`id`) VALUES
(4);

-- --------------------------------------------------------

--
-- Table structure for table `vtiger_projecttask_status_color`
--

CREATE TABLE `vtiger_projecttask_status_color` (
  `status` varchar(255) DEFAULT NULL,
  `defaultcolor` varchar(50) DEFAULT NULL,
  `color` varchar(50) DEFAULT NULL
) ENGINE=InnoDB DEFAULT CHARSET=utf8;

--
-- Dumping data for table `vtiger_projecttask_status_color`
--

INSERT INTO `vtiger_projecttask_status_color` (`status`, `defaultcolor`, `color`) VALUES
('Open', '#0099ff', NULL),
('In Progress', '#fdff00', NULL),
('Completed', '#3BBF67', NULL),
('Deferred', '#fbb11e', NULL),
('Canceled', '#660066', NULL);

-- --------------------------------------------------------

--
-- Table structure for table `vtiger_projecttype`
--

CREATE TABLE `vtiger_projecttype` (
  `projecttypeid` int(11) NOT NULL,
  `projecttype` varchar(200) NOT NULL,
  `presence` int(1) NOT NULL DEFAULT 1,
  `picklist_valueid` int(11) NOT NULL DEFAULT 0,
  `sortorderid` int(11) DEFAULT 0,
  `color` varchar(10) DEFAULT NULL
) ENGINE=InnoDB DEFAULT CHARSET=utf8;

--
-- Dumping data for table `vtiger_projecttype`
--

INSERT INTO `vtiger_projecttype` (`projecttypeid`, `projecttype`, `presence`, `picklist_valueid`, `sortorderid`, `color`) VALUES
(2, 'administrative', 1, 270, 2, NULL),
(3, 'operative', 1, 271, 3, NULL),
(4, 'other', 1, 272, 4, NULL);

-- --------------------------------------------------------

--
-- Table structure for table `vtiger_projecttype_seq`
--

CREATE TABLE `vtiger_projecttype_seq` (
  `id` int(11) NOT NULL
) ENGINE=InnoDB DEFAULT CHARSET=utf8;

--
-- Dumping data for table `vtiger_projecttype_seq`
--

INSERT INTO `vtiger_projecttype_seq` (`id`) VALUES
(4);

-- --------------------------------------------------------

--
-- Table structure for table `vtiger_purchaseorder`
--

CREATE TABLE `vtiger_purchaseorder` (
  `purchaseorderid` int(19) NOT NULL DEFAULT 0,
  `subject` varchar(100) DEFAULT NULL,
  `quoteid` int(19) DEFAULT NULL,
  `vendorid` int(19) DEFAULT NULL,
  `requisition_no` varchar(100) DEFAULT NULL,
  `purchaseorder_no` varchar(100) DEFAULT NULL,
  `tracking_no` varchar(100) DEFAULT NULL,
  `contactid` int(19) DEFAULT NULL,
  `duedate` date DEFAULT NULL,
  `carrier` varchar(200) DEFAULT NULL,
  `type` varchar(100) DEFAULT NULL,
  `adjustment` decimal(25,8) DEFAULT NULL,
  `salescommission` decimal(25,3) DEFAULT NULL,
  `exciseduty` decimal(25,3) DEFAULT NULL,
  `total` decimal(25,8) DEFAULT NULL,
  `subtotal` decimal(25,8) DEFAULT NULL,
  `taxtype` varchar(25) DEFAULT NULL,
  `discount_percent` decimal(25,3) DEFAULT NULL,
  `discount_amount` decimal(25,8) DEFAULT NULL,
  `s_h_amount` decimal(25,8) DEFAULT NULL,
  `terms_conditions` text DEFAULT NULL,
  `postatus` varchar(200) DEFAULT NULL,
  `currency_id` int(19) NOT NULL DEFAULT 1,
  `conversion_rate` decimal(10,3) NOT NULL DEFAULT 1.000,
  `compound_taxes_info` text DEFAULT NULL,
  `pre_tax_total` decimal(25,8) DEFAULT NULL,
  `paid` decimal(25,8) DEFAULT NULL,
  `balance` decimal(25,8) DEFAULT NULL,
  `s_h_percent` int(11) DEFAULT NULL,
  `tags` varchar(1) DEFAULT NULL,
  `region_id` int(19) DEFAULT NULL
) ENGINE=InnoDB DEFAULT CHARSET=utf8;

-- --------------------------------------------------------

--
-- Table structure for table `vtiger_purchaseordercf`
--

CREATE TABLE `vtiger_purchaseordercf` (
  `purchaseorderid` int(19) NOT NULL DEFAULT 0
) ENGINE=InnoDB DEFAULT CHARSET=utf8;

-- --------------------------------------------------------

--
-- Table structure for table `vtiger_quotes`
--

CREATE TABLE `vtiger_quotes` (
  `quoteid` int(19) NOT NULL DEFAULT 0,
  `subject` varchar(100) DEFAULT NULL,
  `potentialid` int(19) DEFAULT NULL,
  `quotestage` varchar(200) DEFAULT NULL,
  `validtill` date DEFAULT NULL,
  `contactid` int(19) DEFAULT NULL,
  `quote_no` varchar(100) DEFAULT NULL,
  `subtotal` decimal(25,8) DEFAULT NULL,
  `carrier` varchar(200) DEFAULT NULL,
  `shipping` varchar(100) DEFAULT NULL,
  `inventorymanager` int(19) DEFAULT NULL,
  `type` varchar(100) DEFAULT NULL,
  `adjustment` decimal(25,8) DEFAULT NULL,
  `total` decimal(25,8) DEFAULT NULL,
  `taxtype` varchar(25) DEFAULT NULL,
  `discount_percent` decimal(25,3) DEFAULT NULL,
  `discount_amount` decimal(25,8) DEFAULT NULL,
  `s_h_amount` decimal(25,8) DEFAULT NULL,
  `accountid` int(19) DEFAULT NULL,
  `terms_conditions` text DEFAULT NULL,
  `currency_id` int(19) NOT NULL DEFAULT 1,
  `conversion_rate` decimal(10,3) NOT NULL DEFAULT 1.000,
  `compound_taxes_info` text DEFAULT NULL,
  `pre_tax_total` decimal(25,8) DEFAULT NULL,
  `s_h_percent` int(11) DEFAULT NULL,
  `tags` varchar(1) DEFAULT NULL,
  `region_id` int(19) DEFAULT NULL
) ENGINE=InnoDB DEFAULT CHARSET=utf8;

-- --------------------------------------------------------

--
-- Table structure for table `vtiger_quotesbillads`
--

CREATE TABLE `vtiger_quotesbillads` (
  `quotebilladdressid` int(19) NOT NULL DEFAULT 0,
  `bill_city` varchar(30) DEFAULT NULL,
  `bill_code` varchar(30) DEFAULT NULL,
  `bill_country` varchar(30) DEFAULT NULL,
  `bill_state` varchar(30) DEFAULT NULL,
  `bill_street` varchar(250) DEFAULT NULL,
  `bill_pobox` varchar(30) DEFAULT NULL
) ENGINE=InnoDB DEFAULT CHARSET=utf8;

-- --------------------------------------------------------

--
-- Table structure for table `vtiger_quotescf`
--

CREATE TABLE `vtiger_quotescf` (
  `quoteid` int(19) NOT NULL DEFAULT 0
) ENGINE=InnoDB DEFAULT CHARSET=utf8;

-- --------------------------------------------------------

--
-- Table structure for table `vtiger_quotesshipads`
--

CREATE TABLE `vtiger_quotesshipads` (
  `quoteshipaddressid` int(19) NOT NULL DEFAULT 0,
  `ship_city` varchar(30) DEFAULT NULL,
  `ship_code` varchar(30) DEFAULT NULL,
  `ship_country` varchar(30) DEFAULT NULL,
  `ship_state` varchar(30) DEFAULT NULL,
  `ship_street` varchar(250) DEFAULT NULL,
  `ship_pobox` varchar(30) DEFAULT NULL
) ENGINE=InnoDB DEFAULT CHARSET=utf8;

-- --------------------------------------------------------

--
-- Table structure for table `vtiger_quotestage`
--

CREATE TABLE `vtiger_quotestage` (
  `quotestageid` int(19) NOT NULL,
  `quotestage` varchar(200) NOT NULL,
  `presence` int(1) NOT NULL DEFAULT 1,
  `picklist_valueid` int(19) NOT NULL DEFAULT 0,
  `sortorderid` int(11) DEFAULT NULL,
  `color` varchar(10) DEFAULT NULL
) ENGINE=InnoDB DEFAULT CHARSET=utf8;

--
-- Dumping data for table `vtiger_quotestage`
--

INSERT INTO `vtiger_quotestage` (`quotestageid`, `quotestage`, `presence`, `picklist_valueid`, `sortorderid`, `color`) VALUES
(1, 'Created', 0, 139, 0, NULL),
(2, 'Delivered', 0, 140, 1, NULL),
(3, 'Reviewed', 0, 141, 2, NULL),
(4, 'Accepted', 0, 142, 3, NULL),
(5, 'Rejected', 0, 143, 4, NULL);

-- --------------------------------------------------------

--
-- Table structure for table `vtiger_quotestagehistory`
--

CREATE TABLE `vtiger_quotestagehistory` (
  `historyid` int(19) NOT NULL,
  `quoteid` int(19) NOT NULL,
  `accountname` varchar(100) DEFAULT NULL,
  `total` decimal(10,0) DEFAULT NULL,
  `quotestage` varchar(200) DEFAULT NULL,
  `lastmodified` datetime DEFAULT NULL
) ENGINE=InnoDB DEFAULT CHARSET=utf8;

-- --------------------------------------------------------

--
-- Table structure for table `vtiger_quotestage_seq`
--

CREATE TABLE `vtiger_quotestage_seq` (
  `id` int(11) NOT NULL
) ENGINE=InnoDB DEFAULT CHARSET=utf8;

--
-- Dumping data for table `vtiger_quotestage_seq`
--

INSERT INTO `vtiger_quotestage_seq` (`id`) VALUES
(5);

-- --------------------------------------------------------

--
-- Table structure for table `vtiger_rating`
--

CREATE TABLE `vtiger_rating` (
  `rating_id` int(19) NOT NULL,
  `rating` varchar(200) DEFAULT NULL,
  `presence` int(1) NOT NULL DEFAULT 1,
  `picklist_valueid` int(19) NOT NULL DEFAULT 0,
  `sortorderid` int(11) DEFAULT NULL,
  `color` varchar(10) DEFAULT NULL
) ENGINE=InnoDB DEFAULT CHARSET=utf8;

--
-- Dumping data for table `vtiger_rating`
--

INSERT INTO `vtiger_rating` (`rating_id`, `rating`, `presence`, `picklist_valueid`, `sortorderid`, `color`) VALUES
(2, 'Acquired', 1, 145, 1, NULL),
(3, 'Active', 1, 146, 2, NULL),
(4, 'Market Failed', 1, 147, 3, NULL),
(5, 'Project Cancelled', 1, 148, 4, NULL),
(6, 'Shutdown', 1, 149, 5, NULL);

-- --------------------------------------------------------

--
-- Table structure for table `vtiger_rating_seq`
--

CREATE TABLE `vtiger_rating_seq` (
  `id` int(11) NOT NULL
) ENGINE=InnoDB DEFAULT CHARSET=utf8;

--
-- Dumping data for table `vtiger_rating_seq`
--

INSERT INTO `vtiger_rating_seq` (`id`) VALUES
(6);

-- --------------------------------------------------------

--
-- Table structure for table `vtiger_recurringevents`
--

CREATE TABLE `vtiger_recurringevents` (
  `recurringid` int(19) NOT NULL,
  `activityid` int(19) NOT NULL,
  `recurringdate` date DEFAULT NULL,
  `recurringtype` varchar(30) DEFAULT NULL,
  `recurringfreq` int(19) DEFAULT NULL,
  `recurringinfo` varchar(50) DEFAULT NULL,
  `recurringenddate` date DEFAULT NULL
) ENGINE=InnoDB DEFAULT CHARSET=utf8;

-- --------------------------------------------------------

--
-- Table structure for table `vtiger_recurringtype`
--

CREATE TABLE `vtiger_recurringtype` (
  `recurringeventid` int(19) NOT NULL,
  `recurringtype` varchar(200) NOT NULL,
  `sortorderid` int(19) NOT NULL DEFAULT 0,
  `presence` int(1) NOT NULL DEFAULT 1,
  `color` varchar(10) DEFAULT NULL
) ENGINE=InnoDB DEFAULT CHARSET=utf8;

--
-- Dumping data for table `vtiger_recurringtype`
--

INSERT INTO `vtiger_recurringtype` (`recurringeventid`, `recurringtype`, `sortorderid`, `presence`, `color`) VALUES
(2, 'Daily', 1, 1, NULL),
(3, 'Weekly', 2, 1, NULL),
(4, 'Monthly', 3, 1, NULL),
(5, 'Yearly', 4, 1, NULL);

-- --------------------------------------------------------

--
-- Table structure for table `vtiger_recurringtype_seq`
--

CREATE TABLE `vtiger_recurringtype_seq` (
  `id` int(11) NOT NULL
) ENGINE=InnoDB DEFAULT CHARSET=utf8;

--
-- Dumping data for table `vtiger_recurringtype_seq`
--

INSERT INTO `vtiger_recurringtype_seq` (`id`) VALUES
(5);

-- --------------------------------------------------------

--
-- Table structure for table `vtiger_recurring_frequency`
--

CREATE TABLE `vtiger_recurring_frequency` (
  `recurring_frequency_id` int(11) DEFAULT NULL,
  `recurring_frequency` varchar(200) DEFAULT NULL,
  `sortorderid` int(11) DEFAULT NULL,
  `presence` int(11) DEFAULT NULL,
  `color` varchar(10) DEFAULT NULL
) ENGINE=InnoDB DEFAULT CHARSET=utf8;

--
-- Dumping data for table `vtiger_recurring_frequency`
--

INSERT INTO `vtiger_recurring_frequency` (`recurring_frequency_id`, `recurring_frequency`, `sortorderid`, `presence`, `color`) VALUES
(2, 'Daily', 1, 1, NULL),
(3, 'Weekly', 2, 1, NULL),
(4, 'Monthly', 3, 1, NULL),
(5, 'Quarterly', 4, 1, NULL),
(6, 'Yearly', 5, 1, NULL);

-- --------------------------------------------------------

--
-- Table structure for table `vtiger_recurring_frequency_seq`
--

CREATE TABLE `vtiger_recurring_frequency_seq` (
  `id` int(11) NOT NULL
) ENGINE=InnoDB DEFAULT CHARSET=utf8;

--
-- Dumping data for table `vtiger_recurring_frequency_seq`
--

INSERT INTO `vtiger_recurring_frequency_seq` (`id`) VALUES
(6);

-- --------------------------------------------------------

--
-- Table structure for table `vtiger_relatedlists`
--

CREATE TABLE `vtiger_relatedlists` (
  `relation_id` int(19) NOT NULL,
  `tabid` int(10) DEFAULT NULL,
  `related_tabid` int(10) DEFAULT NULL,
  `name` varchar(100) DEFAULT NULL,
  `sequence` int(10) DEFAULT NULL,
  `label` varchar(100) DEFAULT NULL,
  `presence` int(10) NOT NULL DEFAULT 0,
  `actions` varchar(50) NOT NULL DEFAULT '',
  `relationfieldid` int(19) DEFAULT NULL,
  `source` varchar(25) DEFAULT NULL,
  `relationtype` varchar(10) DEFAULT NULL
) ENGINE=InnoDB DEFAULT CHARSET=utf8;

--
-- Dumping data for table `vtiger_relatedlists`
--

INSERT INTO `vtiger_relatedlists` (`relation_id`, `tabid`, `related_tabid`, `name`, `sequence`, `label`, `presence`, `actions`, `relationfieldid`, `source`, `relationtype`) VALUES
(1, 6, 4, 'get_contacts', 2, 'Contacts', 0, 'add', 72, '', '1:N'),
(2, 6, 2, 'get_opportunities', 3, 'Potentials', 0, 'add', 113, '', '1:N'),
(3, 6, 20, 'get_quotes', 4, 'Quotes', 0, 'add', 330, '', '1:N'),
(4, 6, 22, 'get_salesorder', 5, 'Sales Order', 0, 'add', 409, '', '1:N'),
(5, 6, 23, 'get_invoices', 6, 'Invoice', 0, 'add', 452, '', '1:N'),
(6, 6, 9, 'get_activities', 7, 'Activities', 0, 'add', 238, '', '1:N'),
(7, 6, 10, 'get_emails', 8, 'Emails', 0, 'add', NULL, '', 'N:N'),
(8, 6, 9, 'get_history', 9, 'Activity History', 0, 'add', 238, '', '1:N'),
(9, 6, 8, 'get_attachments', 10, 'Documents', 0, 'add,select', NULL, '', 'N:N'),
(10, 6, 13, 'get_tickets', 11, 'HelpDesk', 0, 'add', 157, '', '1:N'),
(11, 6, 14, 'get_products', 12, 'Products', 0, 'select', NULL, '', 'N:N'),
(12, 7, 9, 'get_activities', 2, 'Activities', 0, 'add', 238, '', '1:N'),
(13, 7, 10, 'get_emails', 3, 'Emails', 0, 'add', NULL, '', 'N:N'),
(14, 7, 9, 'get_history', 4, 'Activity History', 0, 'add', 238, '', '1:N'),
(15, 7, 8, 'get_attachments', 5, 'Documents', 0, 'add,select', NULL, '', 'N:N'),
(16, 7, 14, 'get_products', 6, 'Products', 0, 'select', NULL, '', 'N:N'),
(17, 7, 26, 'get_campaigns', 7, 'Campaigns', 0, 'select', NULL, '', 'N:N'),
(18, 4, 2, 'get_opportunities', 2, 'Potentials', 0, 'add', 740, '', '1:N'),
(19, 4, 9, 'get_activities', 3, 'Activities', 0, 'add', 239, '', '1:N'),
(20, 4, 10, 'get_emails', 4, 'Emails', 0, 'add', NULL, '', 'N:N'),
(21, 4, 13, 'get_tickets', 5, 'HelpDesk', 0, 'add', 741, '', '1:N'),
(22, 4, 20, 'get_quotes', 6, 'Quotes', 0, 'add', 319, '', '1:N'),
(23, 4, 21, 'get_purchase_orders', 7, 'Purchase Order', 0, 'add', 356, '', '1:N'),
(24, 4, 22, 'get_salesorder', 8, 'Sales Order', 0, 'add', 395, '', '1:N'),
(25, 4, 14, 'get_products', 9, 'Products', 0, 'select', NULL, '', 'N:N'),
(26, 4, 9, 'get_history', 10, 'Activity History', 0, 'add', 239, '', '1:N'),
(27, 4, 8, 'get_attachments', 11, 'Documents', 0, 'add,select', NULL, '', 'N:N'),
(28, 4, 26, 'get_campaigns', 12, 'Campaigns', 0, 'select', NULL, '', 'N:N'),
(29, 4, 23, 'get_invoices', 13, 'Invoice', 0, 'add', 439, '', '1:N'),
(30, 2, 9, 'get_activities', 2, 'Activities', 0, 'add', 238, '', '1:N'),
(31, 2, 4, 'get_contacts', 3, 'Contacts', 0, 'select', NULL, '', 'N:N'),
(32, 2, 14, 'get_products', 4, 'Products', 0, 'select', NULL, '', 'N:N'),
(33, 2, 0, 'get_stage_history', 5, 'Sales Stage History', 0, '', NULL, '', 'N:N'),
(34, 2, 8, 'get_attachments', 6, 'Documents', 0, 'add,select', NULL, '', 'N:N'),
(35, 2, 20, 'get_Quotes', 7, 'Quotes', 0, 'add', 316, '', '1:N'),
(36, 2, 22, 'get_salesorder', 8, 'Sales Order', 0, 'add', 391, '', '1:N'),
(37, 2, 9, 'get_history', 9, 'Activity History', 0, '', 238, '', '1:N'),
(38, 14, 13, 'get_tickets', 1, 'HelpDesk', 0, 'add', 159, '', '1:N'),
(39, 14, 8, 'get_attachments', 3, 'Documents', 0, 'add,select', NULL, '', 'N:N'),
(40, 14, 20, 'get_quotes', 4, 'Quotes', 0, 'add', 703, '', '1:N'),
(41, 14, 21, 'get_purchase_orders', 5, 'Purchase Order', 0, 'add', 694, '', '1:N'),
(42, 14, 22, 'get_salesorder', 6, 'Sales Order', 0, 'add', 685, '', '1:N'),
(43, 14, 23, 'get_invoices', 7, 'Invoice', 0, 'add', 676, '', '1:N'),
(44, 14, 19, 'get_product_pricebooks', 8, 'PriceBooks', 0, 'ADD,SELECT', NULL, '', 'N:N'),
(45, 14, 7, 'get_leads', 9, 'Leads', 0, 'select', NULL, '', 'N:N'),
(46, 14, 6, 'get_accounts', 10, 'Accounts', 0, 'select', NULL, '', 'N:N'),
(47, 14, 4, 'get_contacts', 11, 'Contacts', 0, 'select', NULL, '', 'N:N'),
(48, 14, 2, 'get_opportunities', 12, 'Potentials', 0, 'select', NULL, '', 'N:N'),
(49, 14, 14, 'get_products', 13, 'Product Bundles', 0, 'add,select', NULL, '', 'N:N'),
(50, 14, 14, 'get_parent_products', 14, 'Parent Product', 0, '', NULL, '', 'N:N'),
(51, 10, 4, 'get_contacts', 1, 'Contacts', 0, 'select,bulkmail', NULL, '', 'N:N'),
(52, 10, 0, 'get_users', 2, 'Users', 0, '', NULL, '', 'N:N'),
(53, 10, 8, 'get_attachments', 3, 'Documents', 0, 'add,select', NULL, '', 'N:N'),
(54, 13, 9, 'get_activities', 2, 'Activities', 0, 'add', 238, '', '1:N'),
(55, 13, 8, 'get_attachments', 3, 'Documents', 0, 'add,select', NULL, '', 'N:N'),
(56, 13, 0, 'get_ticket_history', 4, 'Ticket History', 0, '', NULL, '', 'N:N'),
(57, 13, 9, 'get_history', 5, 'Activity History', 0, 'add', 238, '', '1:N'),
(58, 19, 14, 'get_pricebook_products', 2, 'Products', 0, 'select', NULL, '', 'N:N'),
(59, 18, 14, 'get_products', 1, 'Products', 0, 'add,select', 185, '', '1:N'),
(60, 18, 21, 'get_purchase_orders', 2, 'Purchase Order', 0, 'add', 353, '', '1:N'),
(61, 18, 4, 'get_contacts', 3, 'Contacts', 0, 'select', NULL, '', 'N:N'),
(62, 18, 10, 'get_emails', 4, 'Emails', 0, 'add', NULL, '', 'N:N'),
(63, 20, 22, 'get_salesorder', 1, 'Sales Order', 0, '', 393, '', '1:N'),
(64, 20, 9, 'get_activities', 2, 'Activities', 0, 'add', NULL, '', 'N:N'),
(65, 20, 8, 'get_attachments', 3, 'Documents', 0, 'add,select', NULL, '', 'N:N'),
(66, 20, 9, 'get_history', 4, 'Activity History', 0, '', NULL, '', 'N:N'),
(67, 20, 0, 'get_quotestagehistory', 5, 'Quote Stage History', 0, '', NULL, '', 'N:N'),
(68, 21, 9, 'get_activities', 1, 'Activities', 0, 'add', NULL, '', 'N:N'),
(69, 21, 8, 'get_attachments', 2, 'Documents', 0, 'add,select', NULL, '', 'N:N'),
(70, 21, 9, 'get_history', 3, 'Activity History', 0, '', NULL, '', 'N:N'),
(71, 21, 0, 'get_postatushistory', 4, 'PurchaseOrder Status History', 0, '', NULL, '', 'N:N'),
(72, 22, 9, 'get_activities', 1, 'Activities', 0, 'add', NULL, '', 'N:N'),
(73, 22, 8, 'get_attachments', 2, 'Documents', 0, 'add,select', NULL, '', 'N:N'),
(74, 22, 23, 'get_invoices', 3, 'Invoice', 0, '', 437, '', '1:N'),
(75, 22, 9, 'get_history', 4, 'Activity History', 0, '', NULL, '', 'N:N'),
(76, 22, 0, 'get_sostatushistory', 5, 'SalesOrder Status History', 0, '', NULL, '', 'N:N'),
(77, 23, 9, 'get_activities', 1, 'Activities', 0, 'add', NULL, '', 'N:N'),
(78, 23, 8, 'get_attachments', 2, 'Documents', 0, 'add,select', NULL, '', 'N:N'),
(79, 23, 9, 'get_history', 3, 'Activity History', 0, '', NULL, '', 'N:N'),
(80, 23, 0, 'get_invoicestatushistory', 4, 'Invoice Status History', 0, '', NULL, '', 'N:N'),
(81, 9, 0, 'get_users', 1, 'Users', 0, '', NULL, '', 'N:N'),
(82, 9, 4, 'get_contacts', 2, 'Contacts', 0, '', NULL, '', 'N:N'),
(83, 26, 4, 'get_contacts', 1, 'Contacts', 0, 'add,select', NULL, '', 'N:N'),
(84, 26, 7, 'get_leads', 2, 'Leads', 0, 'add,select', NULL, '', 'N:N'),
(85, 26, 2, 'get_opportunities', 3, 'Potentials', 0, 'add', 121, '', '1:N'),
(86, 26, 9, 'get_activities', 4, 'Activities', 0, 'add', 238, '', '1:N'),
(87, 6, 26, 'get_campaigns', 14, 'Campaigns', 0, 'select', NULL, '', 'N:N'),
(88, 26, 6, 'get_accounts', 5, 'Accounts', 0, 'add,select', NULL, '', 'N:N'),
(89, 15, 8, 'get_attachments', 2, 'Documents', 0, 'add,select', NULL, '', 'N:N'),
(90, 30, 13, 'get_related_list', 1, 'Service Requests', 0, 'ADD,SELECT', NULL, NULL, 'N:N'),
(91, 30, 8, 'get_attachments', 2, 'Documents', 0, 'ADD,SELECT', NULL, NULL, 'N:N'),
(92, 6, 30, 'get_merged_list', 15, 'Service Contracts', 0, 'ADD', 531, NULL, '1:N'),
(93, 4, 30, 'get_dependents_list', 14, 'Service Contracts', 0, 'ADD', 531, NULL, '1:N'),
(94, 13, 30, 'get_related_list', 6, 'Service Contracts', 0, 'ADD,SELECT', NULL, NULL, 'N:N'),
(95, 4, 34, 'get_dependents_list', 15, 'PBXManager', 0, '', 557, NULL, '1:N'),
(96, 7, 34, 'get_dependents_list', 8, 'PBXManager', 0, '', 557, NULL, '1:N'),
(97, 6, 34, 'get_merged_list', 16, 'PBXManager', 0, '', 557, NULL, '1:N'),
(98, 35, 13, 'get_related_list', 1, 'HelpDesk', 0, 'ADD,SELECT', NULL, NULL, 'N:N'),
(99, 35, 20, 'get_quotes', 2, 'Quotes', 0, 'ADD', 703, NULL, '1:N'),
(100, 35, 21, 'get_purchase_orders', 3, 'Purchase Order', 0, 'ADD', 694, NULL, '1:N'),
(101, 35, 22, 'get_salesorder', 4, 'Sales Order', 0, 'ADD', 685, NULL, '1:N'),
(102, 35, 23, 'get_invoices', 5, 'Invoice', 0, 'ADD', 676, NULL, '1:N'),
(103, 35, 19, 'get_service_pricebooks', 6, 'PriceBooks', 0, 'ADD', NULL, NULL, 'N:N'),
(104, 35, 7, 'get_related_list', 7, 'Leads', 0, 'SELECT', NULL, NULL, 'N:N'),
(105, 35, 6, 'get_related_list', 8, 'Accounts', 0, 'SELECT', NULL, NULL, 'N:N'),
(106, 35, 4, 'get_related_list', 9, 'Contacts', 0, 'SELECT', NULL, NULL, 'N:N'),
(107, 35, 2, 'get_related_list', 10, 'Potentials', 0, 'SELECT', NULL, NULL, 'N:N'),
(108, 35, 8, 'get_attachments', 11, 'Documents', 0, 'ADD,SELECT', NULL, NULL, 'N:N'),
(109, 13, 35, 'get_related_list', 7, 'Services', 0, 'SELECT', NULL, NULL, 'N:N'),
(110, 7, 35, 'get_related_list', 9, 'Services', 0, 'SELECT', NULL, NULL, 'N:N'),
(111, 6, 35, 'get_related_list', 17, 'Services', 0, 'SELECT', NULL, NULL, 'N:N'),
(112, 4, 35, 'get_related_list', 16, 'Services', 0, 'SELECT', NULL, NULL, 'N:N'),
(113, 2, 35, 'get_related_list', 10, 'Services', 0, 'SELECT', NULL, NULL, 'N:N'),
(114, 19, 35, 'get_pricebook_services', 3, 'Services', 0, 'SELECT', NULL, NULL, 'N:N'),
(115, 7, 38, 'get_comments', 10, 'ModComments', 0, '', 592, NULL, '1:N'),
(116, 4, 38, 'get_comments', 17, 'ModComments', 0, '', 592, NULL, '1:N'),
(117, 6, 38, 'get_comments', 18, 'ModComments', 0, '', 592, NULL, '1:N'),
(118, 2, 38, 'get_comments', 11, 'ModComments', 0, '', 592, NULL, '1:N'),
(119, 42, 13, 'get_related_list', 1, 'HelpDesk', 0, 'ADD,SELECT', NULL, NULL, 'N:N'),
(120, 42, 8, 'get_attachments', 2, 'Documents', 0, 'ADD,SELECT', NULL, NULL, 'N:N'),
(121, 6, 42, 'get_merged_list', 19, 'Assets', 0, 'ADD', 608, NULL, '1:N'),
(122, 14, 42, 'get_dependents_list', 15, 'Assets', 0, 'ADD', 597, NULL, '1:N'),
(123, 23, 42, 'get_dependents_list', 5, 'Assets', 0, 'ADD', 603, NULL, '1:N'),
(124, 44, 6, 'get_related_list', 1, 'Accounts', 0, ' ', NULL, NULL, 'N:N'),
(125, 44, 4, 'get_related_list', 2, 'Contacts', 0, ' ', NULL, NULL, 'N:N'),
(126, 44, 7, 'get_related_list', 3, 'Leads', 0, ' ', NULL, NULL, 'N:N'),
(134, 6, 48, 'get_merged_list', 20, 'Projects', 0, 'add', 660, NULL, '1:N'),
(135, 4, 48, 'get_dependents_list', 18, 'Projects', 0, 'add', 660, NULL, '1:N'),
(136, 13, 48, 'get_related_list', 8, 'Projects', 0, 'SELECT', NULL, NULL, 'N:N'),
(138, 47, 8, 'get_attachments', 2, 'Documents', 0, 'ADD,SELECT', NULL, NULL, 'N:N'),
(139, 47, 38, 'get_comments', 3, 'ModComments', 0, '', 592, NULL, '1:N'),
(140, 48, 47, 'get_dependents_list', 2, 'Project Tasks', 0, 'ADD', 639, NULL, '1:N'),
(141, 48, 46, 'get_dependents_list', 3, 'Project Milestones', 0, 'ADD', 625, NULL, '1:N'),
(142, 48, 8, 'get_attachments', 4, 'Documents', 0, 'ADD,SELECT', NULL, NULL, 'N:N'),
(143, 48, 13, 'get_related_list', 5, 'HelpDesk', 0, 'ADD,SELECT', NULL, NULL, 'N:N'),
(144, 48, 0, 'get_gantt_chart', 6, 'Charts', 0, '', NULL, NULL, 'N:N'),
(145, 48, 38, 'get_comments', 7, 'ModComments', 0, '', 592, NULL, '1:N'),
(146, 13, 38, 'get_comments', 9, 'ModComments', 0, '', 592, NULL, '1:N'),
(147, 15, 38, 'get_comments', 3, 'ModComments', 0, '', 592, NULL, '1:N'),
(148, 4, 42, 'get_dependents_list', 19, 'Assets', 0, 'ADD', 609, NULL, '1:N'),
(149, 4, 18, 'get_vendors', 20, 'Vendors', 0, 'SELECT', NULL, '', 'N:N'),
(150, 2, 23, 'get_dependents_list', 12, 'Invoice', 0, 'ADD', 774, NULL, '1:N'),
(151, 8, 4, 'get_related_list', 1, 'Contacts', 0, '1', NULL, NULL, 'N:N'),
(152, 8, 6, 'get_related_list', 2, 'Accounts', 0, '1', NULL, NULL, 'N:N'),
(153, 8, 2, 'get_related_list', 3, 'Potentials', 0, '1', NULL, NULL, 'N:N'),
(154, 8, 7, 'get_related_list', 4, 'Leads', 0, '1', NULL, NULL, 'N:N'),
(155, 8, 14, 'get_related_list', 5, 'Products', 0, '1', NULL, NULL, 'N:N'),
(156, 8, 35, 'get_related_list', 6, 'Services', 0, '1', NULL, NULL, 'N:N'),
(157, 8, 48, 'get_related_list', 7, 'Project', 0, '1', NULL, NULL, 'N:N'),
(158, 8, 42, 'get_related_list', 8, 'Assets', 0, '1', NULL, NULL, 'N:N'),
(159, 8, 30, 'get_related_list', 9, 'ServiceContracts', 0, '1', NULL, NULL, 'N:N'),
(160, 8, 20, 'get_related_list', 10, 'Quotes', 0, '1', NULL, NULL, 'N:N'),
(161, 8, 23, 'get_related_list', 11, 'Invoice', 0, '1', NULL, NULL, 'N:N'),
(162, 8, 22, 'get_related_list', 12, 'SalesOrder', 0, '1', NULL, NULL, 'N:N'),
(163, 8, 21, 'get_related_list', 13, 'PurchaseOrder', 0, '1', NULL, NULL, 'N:N'),
(164, 8, 13, 'get_related_list', 14, 'HelpDesk', 0, '1', NULL, NULL, 'N:N'),
(165, 8, 15, 'get_related_list', 15, 'Faq', 0, '1', NULL, NULL, 'N:N'),
(166, 48, 10, 'get_emails', 8, 'Emails', 0, 'ADD', NULL, NULL, 'N:N'),
(167, 47, 10, 'get_emails', 4, 'Emails', 0, 'ADD', NULL, NULL, 'N:N'),
(168, 48, 9, 'get_related_list', 9, 'Activities', 0, 'ADD', NULL, NULL, 'N:N'),
(169, 48, 20, 'get_related_list', 10, 'Quotes', 0, 'SELECT', NULL, NULL, 'N:N'),
(170, 14, 21, 'get_purchase_orders', 16, 'PurchaseOrder', 0, 'ADD', NULL, NULL, 'N:N'),
(171, 2, 10, 'get_emails', 13, 'Emails', 0, 'ADD', NULL, NULL, 'N:N'),
(172, 13, 10, 'get_emails', 10, 'Emails', 0, 'ADD', NULL, NULL, 'N:N'),
(187, 54, 53, 'get_related_list', 2, 'Subservices', 0, 'ADD,SELECT', NULL, NULL, 'N:N'),
(188, 54, 53, 'get_related_list', 3, 'Subservices', 1, 'ADD,SELECT', NULL, NULL, 'N:N'),
(190, 57, 53, 'get_related_list', 1, 'Subservices', 0, 'ADD,SELECT', NULL, NULL, 'N:N'),
(191, 57, 54, 'get_related_list', 2, 'Mainservicestype', 0, 'ADD,SELECT', NULL, NULL, 'N:N'),
(192, 57, 9, 'get_related_list', 3, 'Activities', 0, 'ADD,SELECT', NULL, NULL, 'N:N'),
(193, 57, 29, 'get_related_list', 4, 'Users', 0, 'ADD,SELECT', NULL, NULL, 'N:N'),
(194, 57, 6, 'get_related_list', 5, 'Business', 0, 'ADD,SELECT', NULL, NULL, 'N:N'),
(195, 54, 9, 'get_related_list', 4, 'Activities', 0, 'ADD,SELECT', NULL, NULL, 'N:N'),
(197, 53, 9, 'get_related_list', 1, 'Activities', 0, 'ADD,SELECT', NULL, NULL, 'N:N');

-- --------------------------------------------------------

--
-- Table structure for table `vtiger_relatedlists_rb`
--

CREATE TABLE `vtiger_relatedlists_rb` (
  `entityid` int(19) DEFAULT NULL,
  `action` varchar(50) DEFAULT NULL,
  `rel_table` varchar(200) DEFAULT NULL,
  `rel_column` varchar(200) DEFAULT NULL,
  `ref_column` varchar(200) DEFAULT NULL,
  `related_crm_ids` text DEFAULT NULL
) ENGINE=InnoDB DEFAULT CHARSET=utf8;

--
-- Dumping data for table `vtiger_relatedlists_rb`
--

INSERT INTO `vtiger_relatedlists_rb` (`entityid`, `action`, `rel_table`, `rel_column`, `ref_column`, `related_crm_ids`) VALUES
(10, 'update', 'vtiger_crmentity', 'deleted', 'crmid', ''),
(10, 'update', 'vtiger_crmentity', 'deleted', 'crmid', ''),
(8, 'update', 'vtiger_crmentity', 'deleted', 'crmid', ''),
(25, 'update', 'vtiger_crmentity', 'deleted', 'crmid', ''),
(25, 'update', 'vtiger_crmentity', 'deleted', 'crmid', ''),
(24, 'update', 'vtiger_crmentity', 'deleted', 'crmid', ''),
(24, 'update', 'vtiger_crmentity', 'deleted', 'crmid', ''),
(63, 'update', 'vtiger_crmentity', 'deleted', 'crmid', ''),
(63, 'update', 'vtiger_crmentity', 'deleted', 'crmid', ''),
(4, 'update', 'vtiger_crmentity', 'deleted', 'crmid', ''),
(4, 'update', 'vtiger_crmentity', 'deleted', 'crmid', ''),
(17, 'update', 'vtiger_crmentity', 'deleted', 'crmid', ''),
(17, 'update', 'vtiger_troubletickets', 'contact_id', 'ticketid', '18'),
(16, 'update', 'vtiger_crmentity', 'deleted', 'crmid', ''),
(95, 'update', 'vtiger_crmentity', 'deleted', 'crmid', ''),
(96, 'update', 'vtiger_crmentity', 'deleted', 'crmid', ''),
(117, 'update', 'vtiger_crmentity', 'deleted', 'crmid', ''),
(119, 'update', 'vtiger_crmentity', 'deleted', 'crmid', ''),
(125, 'update', 'vtiger_crmentity', 'deleted', 'crmid', ''),
(128, 'update', 'vtiger_crmentity', 'deleted', 'crmid', ''),
(132, 'update', 'vtiger_crmentity', 'deleted', 'crmid', ''),
(225, 'update', 'vtiger_crmentity', 'deleted', 'crmid', ''),
(224, 'update', 'vtiger_crmentity', 'deleted', 'crmid', ''),
(223, 'update', 'vtiger_crmentity', 'deleted', 'crmid', ''),
(222, 'update', 'vtiger_crmentity', 'deleted', 'crmid', ''),
(222, 'update', 'vtiger_crmentity', 'deleted', 'crmid', '');

-- --------------------------------------------------------

--
-- Table structure for table `vtiger_relatedlists_seq`
--

CREATE TABLE `vtiger_relatedlists_seq` (
  `id` int(11) NOT NULL
) ENGINE=InnoDB DEFAULT CHARSET=utf8;

--
-- Dumping data for table `vtiger_relatedlists_seq`
--

INSERT INTO `vtiger_relatedlists_seq` (`id`) VALUES
(197);

-- --------------------------------------------------------

--
-- Table structure for table `vtiger_relcriteria`
--

CREATE TABLE `vtiger_relcriteria` (
  `queryid` int(19) NOT NULL,
  `columnindex` int(11) NOT NULL,
  `columnname` varchar(250) DEFAULT '',
  `comparator` varchar(20) DEFAULT NULL,
  `value` varchar(512) DEFAULT NULL,
  `groupid` int(11) DEFAULT 1,
  `column_condition` varchar(256) DEFAULT 'and'
) ENGINE=InnoDB DEFAULT CHARSET=utf8;

--
-- Dumping data for table `vtiger_relcriteria`
--

INSERT INTO `vtiger_relcriteria` (`queryid`, `columnindex`, `columnname`, `comparator`, `value`, `groupid`, `column_condition`) VALUES
(1, 0, 'vtiger_contactdetails:accountid:Contacts_Account_Name:account_id:V', 'n', '', 1, 'and'),
(2, 0, 'vtiger_contactdetails:accountid:Contacts_Account_Name:account_id:V', 'e', '', 1, 'and'),
(3, 0, 'vtiger_potential:potentialname:Potentials_Potential_Name:potentialname:V', 'n', '', 1, 'and'),
(7, 0, 'vtiger_potential:sales_stage:Potentials_Sales_Stage:sales_stage:V', 'e', 'Closed Won', 1, 'and'),
(12, 0, 'vtiger_troubletickets:status:HelpDesk_Status:ticketstatus:V', 'n', 'Closed', 1, 'and'),
(15, 0, 'vtiger_quotes:quotestage:Quotes_Quote_Stage:quotestage:V', 'n', 'Accepted', 1, 'and'),
(15, 1, 'vtiger_quotes:quotestage:Quotes_Quote_Stage:quotestage:V', 'n', 'Rejected', 1, 'and'),
(22, 0, 'vtiger_email_track:access_count:Emails_Access_Count:access_count:I', 'ny', '', 1, 'and'),
(23, 0, 'vtiger_email_track:access_count:Emails_Access_Count:access_count:I', 'ny', '', 1, 'and'),
(24, 0, 'vtiger_email_track:access_count:Emails_Access_Count:access_count:I', 'ny', '', 1, 'and'),
(25, 0, 'vtiger_email_track:access_count:Emails_Access_Count:access_count:I', 'ny', '', 1, 'and');

-- --------------------------------------------------------

--
-- Table structure for table `vtiger_relcriteria_grouping`
--

CREATE TABLE `vtiger_relcriteria_grouping` (
  `groupid` int(11) NOT NULL,
  `queryid` int(19) NOT NULL,
  `group_condition` varchar(256) DEFAULT NULL,
  `condition_expression` text DEFAULT NULL
) ENGINE=InnoDB DEFAULT CHARSET=utf8;

--
-- Dumping data for table `vtiger_relcriteria_grouping`
--

INSERT INTO `vtiger_relcriteria_grouping` (`groupid`, `queryid`, `group_condition`, `condition_expression`) VALUES
(1, 1, '', '0'),
(1, 2, '', '0'),
(1, 3, '', '0'),
(1, 7, '', '0'),
(1, 12, '', '0'),
(1, 15, '', '0 and 1'),
(1, 22, '', '0'),
(1, 23, '', '0'),
(1, 24, '', '0'),
(1, 25, '', '0');

-- --------------------------------------------------------

--
-- Table structure for table `vtiger_reminder_interval`
--

CREATE TABLE `vtiger_reminder_interval` (
  `reminder_intervalid` int(19) NOT NULL,
  `reminder_interval` varchar(200) NOT NULL,
  `sortorderid` int(19) NOT NULL,
  `presence` int(1) NOT NULL
) ENGINE=InnoDB DEFAULT CHARSET=utf8;

--
-- Dumping data for table `vtiger_reminder_interval`
--

INSERT INTO `vtiger_reminder_interval` (`reminder_intervalid`, `reminder_interval`, `sortorderid`, `presence`) VALUES
(2, '1 Minute', 1, 1),
(3, '5 Minutes', 2, 1),
(4, '15 Minutes', 3, 1),
(5, '30 Minutes', 4, 1),
(6, '45 Minutes', 5, 1),
(7, '1 Hour', 6, 1),
(8, '1 Day', 7, 1);

-- --------------------------------------------------------

--
-- Table structure for table `vtiger_reminder_interval_seq`
--

CREATE TABLE `vtiger_reminder_interval_seq` (
  `id` int(11) NOT NULL
) ENGINE=InnoDB DEFAULT CHARSET=utf8;

--
-- Dumping data for table `vtiger_reminder_interval_seq`
--

INSERT INTO `vtiger_reminder_interval_seq` (`id`) VALUES
(8);

-- --------------------------------------------------------

--
-- Table structure for table `vtiger_report`
--

CREATE TABLE `vtiger_report` (
  `reportid` int(19) NOT NULL,
  `folderid` int(19) NOT NULL,
  `reportname` varchar(100) DEFAULT '',
  `description` varchar(250) DEFAULT '',
  `reporttype` varchar(50) DEFAULT '',
  `queryid` int(19) NOT NULL DEFAULT 0,
  `state` varchar(50) DEFAULT 'SAVED',
  `customizable` int(1) DEFAULT 1,
  `category` int(11) DEFAULT 1,
  `owner` int(11) DEFAULT 1,
  `sharingtype` varchar(200) DEFAULT 'Private'
) ENGINE=InnoDB DEFAULT CHARSET=utf8;

--
-- Dumping data for table `vtiger_report`
--

INSERT INTO `vtiger_report` (`reportid`, `folderid`, `reportname`, `description`, `reporttype`, `queryid`, `state`, `customizable`, `category`, `owner`, `sharingtype`) VALUES
(1, 1, 'Contacts by Accounts', 'Contacts related to Accounts', 'tabular', 1, 'CUSTOM', 1, 1, 1, 'Public'),
(2, 1, 'Contacts without Accounts', 'Contacts not related to Accounts', 'tabular', 2, 'CUSTOM', 1, 1, 1, 'Public'),
(3, 1, 'Contacts by Potentials', 'Contacts related to Potentials', 'tabular', 3, 'CUSTOM', 1, 1, 1, 'Public'),
(4, 2, 'Lead by Source', 'Lead by Source', 'summary', 4, 'CUSTOM', 1, 1, 1, 'Public'),
(5, 2, 'Lead Status Report', 'Lead Status Report', 'summary', 5, 'CUSTOM', 1, 1, 1, 'Public'),
(6, 3, 'Potential Pipeline', 'Potential Pipeline', 'summary', 6, 'CUSTOM', 1, 1, 1, 'Public'),
(7, 3, 'Closed Potentials', 'Potential that have Won', 'tabular', 7, 'CUSTOM', 1, 1, 1, 'Public'),
(8, 4, 'Last Month Activities', 'Last Month Activities', 'tabular', 8, 'CUSTOM', 1, 1, 1, 'Public'),
(9, 4, 'This Month Activities', 'This Month Activities', 'tabular', 9, 'CUSTOM', 1, 1, 1, 'Public'),
(10, 5, 'Tickets by Products', 'Tickets related to Products', 'tabular', 10, 'CUSTOM', 1, 1, 1, 'Public'),
(11, 5, 'Tickets by Priority', 'Tickets by Priority', 'summary', 11, 'CUSTOM', 1, 1, 1, 'Public'),
(12, 5, 'Open Tickets', 'Tickets that are Open', 'tabular', 12, 'CUSTOM', 1, 1, 1, 'Public'),
(13, 6, 'Product Details', 'Product Detailed Report', 'tabular', 13, 'CUSTOM', 1, 1, 1, 'Public'),
(14, 6, 'Products by Contacts', 'Products related to Contacts', 'tabular', 14, 'CUSTOM', 1, 1, 1, 'Public'),
(15, 7, 'Open Quotes', 'Quotes that are Open', 'tabular', 15, 'CUSTOM', 1, 1, 1, 'Public'),
(16, 7, 'Quotes Detailed Report', 'Quotes Detailed Report', 'tabular', 16, 'CUSTOM', 1, 1, 1, 'Public'),
(17, 8, 'PurchaseOrder by Contacts', 'PurchaseOrder related to Contacts', 'tabular', 17, 'CUSTOM', 1, 1, 1, 'Public'),
(18, 8, 'PurchaseOrder Detailed Report', 'PurchaseOrder Detailed Report', 'tabular', 18, 'CUSTOM', 1, 1, 1, 'Public'),
(19, 9, 'Invoice Detailed Report', 'Invoice Detailed Report', 'tabular', 19, 'CUSTOM', 1, 1, 1, 'Public'),
(20, 10, 'SalesOrder Detailed Report', 'SalesOrder Detailed Report', 'tabular', 20, 'CUSTOM', 1, 1, 1, 'Public'),
(21, 11, 'Campaign Expectations and Actuals', 'Campaign Expectations and Actuals', 'tabular', 21, 'CUSTOM', 1, 1, 1, 'Public'),
(22, 12, 'Contacts Email Report', 'Emails sent to Contacts', 'tabular', 22, 'CUSTOM', 1, 1, 1, 'Public'),
(23, 12, 'Accounts Email Report', 'Emails sent to Organizations', 'tabular', 23, 'CUSTOM', 1, 1, 1, 'Public'),
(24, 12, 'Leads Email Report', 'Emails sent to Leads', 'tabular', 24, 'CUSTOM', 1, 1, 1, 'Public'),
(25, 12, 'Vendors Email Report', 'Emails sent to Vendors', 'tabular', 25, 'CUSTOM', 1, 1, 1, 'Public');

-- --------------------------------------------------------

--
-- Table structure for table `vtiger_reportdatefilter`
--

CREATE TABLE `vtiger_reportdatefilter` (
  `datefilterid` int(19) NOT NULL,
  `datecolumnname` varchar(250) DEFAULT '',
  `datefilter` varchar(250) DEFAULT '',
  `startdate` date DEFAULT NULL,
  `enddate` date DEFAULT NULL
) ENGINE=InnoDB DEFAULT CHARSET=utf8;

--
-- Dumping data for table `vtiger_reportdatefilter`
--

INSERT INTO `vtiger_reportdatefilter` (`datefilterid`, `datecolumnname`, `datefilter`, `startdate`, `enddate`) VALUES
(8, 'vtiger_crmentity:modifiedtime:modifiedtime:Calendar_Modified_Time', 'lastmonth', '2005-05-01', '2005-05-31'),
(9, 'vtiger_crmentity:modifiedtime:modifiedtime:Calendar_Modified_Time', 'thismonth', '2005-06-01', '2005-06-30');

-- --------------------------------------------------------

--
-- Table structure for table `vtiger_reportfilters`
--

CREATE TABLE `vtiger_reportfilters` (
  `filterid` int(19) NOT NULL,
  `name` varchar(200) NOT NULL
) ENGINE=InnoDB DEFAULT CHARSET=utf8;

--
-- Dumping data for table `vtiger_reportfilters`
--

INSERT INTO `vtiger_reportfilters` (`filterid`, `name`) VALUES
(1, 'Private'),
(2, 'Public'),
(3, 'Shared');

-- --------------------------------------------------------

--
-- Table structure for table `vtiger_reportfolder`
--

CREATE TABLE `vtiger_reportfolder` (
  `folderid` int(19) NOT NULL,
  `foldername` varchar(100) NOT NULL DEFAULT '',
  `description` varchar(250) DEFAULT '',
  `state` varchar(50) DEFAULT 'SAVED'
) ENGINE=InnoDB DEFAULT CHARSET=utf8;

--
-- Dumping data for table `vtiger_reportfolder`
--

INSERT INTO `vtiger_reportfolder` (`folderid`, `foldername`, `description`, `state`) VALUES
(1, 'Organization and Contact Reports', 'Account and Contact Reports', 'SAVED'),
(2, 'Lead Reports', 'Lead Reports', 'SAVED'),
(3, 'Opportunity Reports', 'Potential Reports', 'SAVED'),
(4, 'Activity Reports', 'Activity Reports', 'SAVED'),
(5, 'Tickets Reports', 'HelpDesk Reports', 'SAVED'),
(6, 'Product Reports', 'Product Reports', 'SAVED'),
(7, 'Quote Reports', 'Quote Reports', 'SAVED'),
(8, 'Purchase Order Reports', 'PurchaseOrder Reports', 'SAVED'),
(9, 'Invoice Reports', 'Invoice Reports', 'SAVED'),
(10, 'Sales Order Reports', 'SalesOrder Reports', 'SAVED'),
(11, 'Campaign Reports', 'Campaign Reports', 'SAVED'),
(12, 'Email Reports', 'Email Reports', 'SAVED');

-- --------------------------------------------------------

--
-- Table structure for table `vtiger_reportgroupbycolumn`
--

CREATE TABLE `vtiger_reportgroupbycolumn` (
  `reportid` int(19) DEFAULT NULL,
  `sortid` int(19) DEFAULT NULL,
  `sortcolname` varchar(250) DEFAULT NULL,
  `dategroupbycriteria` varchar(250) DEFAULT NULL
) ENGINE=InnoDB DEFAULT CHARSET=utf8;

-- --------------------------------------------------------

--
-- Table structure for table `vtiger_reportmodules`
--

CREATE TABLE `vtiger_reportmodules` (
  `reportmodulesid` int(19) NOT NULL,
  `primarymodule` varchar(100) DEFAULT NULL,
  `secondarymodules` varchar(250) DEFAULT ''
) ENGINE=InnoDB DEFAULT CHARSET=utf8;

--
-- Dumping data for table `vtiger_reportmodules`
--

INSERT INTO `vtiger_reportmodules` (`reportmodulesid`, `primarymodule`, `secondarymodules`) VALUES
(1, 'Contacts', 'Accounts'),
(2, 'Contacts', 'Accounts'),
(3, 'Contacts', 'Potentials'),
(4, 'Leads', ''),
(5, 'Leads', ''),
(6, 'Potentials', ''),
(7, 'Potentials', ''),
(8, 'Calendar', ''),
(9, 'Calendar', ''),
(10, 'HelpDesk', 'Products'),
(11, 'HelpDesk', ''),
(12, 'HelpDesk', ''),
(13, 'Products', ''),
(14, 'Products', 'Contacts'),
(15, 'Quotes', ''),
(16, 'Quotes', ''),
(17, 'PurchaseOrder', 'Contacts'),
(18, 'PurchaseOrder', ''),
(19, 'Invoice', ''),
(20, 'SalesOrder', ''),
(21, 'Campaigns', ''),
(22, 'Contacts', 'Emails'),
(23, 'Accounts', 'Emails'),
(24, 'Leads', 'Emails'),
(25, 'Vendors', 'Emails');

-- --------------------------------------------------------

--
-- Table structure for table `vtiger_reportsharing`
--

CREATE TABLE `vtiger_reportsharing` (
  `reportid` int(19) NOT NULL,
  `shareid` int(19) NOT NULL,
  `setype` varchar(200) NOT NULL
) ENGINE=InnoDB DEFAULT CHARSET=utf8;

-- --------------------------------------------------------

--
-- Table structure for table `vtiger_reportsortcol`
--

CREATE TABLE `vtiger_reportsortcol` (
  `sortcolid` int(19) NOT NULL,
  `reportid` int(19) NOT NULL,
  `columnname` varchar(250) DEFAULT '',
  `sortorder` varchar(250) DEFAULT 'Asc'
) ENGINE=InnoDB DEFAULT CHARSET=utf8;

--
-- Dumping data for table `vtiger_reportsortcol`
--

INSERT INTO `vtiger_reportsortcol` (`sortcolid`, `reportid`, `columnname`, `sortorder`) VALUES
(1, 4, 'vtiger_leaddetails:leadsource:Leads_Lead_Source:leadsource:V', 'Ascending'),
(1, 5, 'vtiger_leaddetails:leadstatus:Leads_Lead_Status:leadstatus:V', 'Ascending'),
(1, 6, 'vtiger_potential:sales_stage:Potentials_Sales_Stage:sales_stage:V', 'Ascending'),
(1, 11, 'vtiger_troubletickets:priority:HelpDesk_Priority:ticketpriorities:V', 'Ascending');

-- --------------------------------------------------------

--
-- Table structure for table `vtiger_reportsummary`
--

CREATE TABLE `vtiger_reportsummary` (
  `reportsummaryid` int(19) NOT NULL,
  `summarytype` int(19) NOT NULL,
  `columnname` varchar(250) NOT NULL DEFAULT ''
) ENGINE=InnoDB DEFAULT CHARSET=utf8;

-- --------------------------------------------------------

--
-- Table structure for table `vtiger_reporttype`
--

CREATE TABLE `vtiger_reporttype` (
  `reportid` int(10) NOT NULL,
  `data` text DEFAULT NULL
) ENGINE=InnoDB DEFAULT CHARSET=utf8;

-- --------------------------------------------------------

--
-- Table structure for table `vtiger_report_sharegroups`
--

CREATE TABLE `vtiger_report_sharegroups` (
  `reportid` int(25) NOT NULL,
  `groupid` int(25) NOT NULL
) ENGINE=InnoDB DEFAULT CHARSET=utf8;

-- --------------------------------------------------------

--
-- Table structure for table `vtiger_report_sharerole`
--

CREATE TABLE `vtiger_report_sharerole` (
  `reportid` int(25) NOT NULL,
  `roleid` varchar(255) NOT NULL
) ENGINE=InnoDB DEFAULT CHARSET=utf8;

-- --------------------------------------------------------

--
-- Table structure for table `vtiger_report_sharers`
--

CREATE TABLE `vtiger_report_sharers` (
  `reportid` int(25) NOT NULL,
  `rsid` varchar(255) NOT NULL
) ENGINE=InnoDB DEFAULT CHARSET=utf8;

-- --------------------------------------------------------

--
-- Table structure for table `vtiger_report_shareusers`
--

CREATE TABLE `vtiger_report_shareusers` (
  `reportid` int(25) NOT NULL,
  `userid` int(25) NOT NULL
) ENGINE=InnoDB DEFAULT CHARSET=utf8;

-- --------------------------------------------------------

--
-- Table structure for table `vtiger_role`
--

CREATE TABLE `vtiger_role` (
  `roleid` varchar(255) NOT NULL,
  `rolename` varchar(200) DEFAULT NULL,
  `parentrole` varchar(255) DEFAULT NULL,
  `depth` int(19) DEFAULT NULL,
  `allowassignedrecordsto` int(2) NOT NULL DEFAULT 1
) ENGINE=InnoDB DEFAULT CHARSET=utf8;

--
-- Dumping data for table `vtiger_role`
--

INSERT INTO `vtiger_role` (`roleid`, `rolename`, `parentrole`, `depth`, `allowassignedrecordsto`) VALUES
('H1', 'Organization', 'H1', 0, 1),
('H2', 'CEO', 'H1::H2', 1, 1),
('H3', 'Vice President', 'H1::H2::H3', 2, 1),
('H4', 'Sales Manager', 'H1::H2::H3::H4', 3, 1),
('H5', 'Sales Person', 'H1::H2::H3::H4::H5', 4, 1),
('H6', 'Manager', 'H1::H2::H6', 2, 2);

-- --------------------------------------------------------

--
-- Table structure for table `vtiger_role2picklist`
--

CREATE TABLE `vtiger_role2picklist` (
  `roleid` varchar(255) NOT NULL,
  `picklistvalueid` int(11) NOT NULL,
  `picklistid` int(11) NOT NULL,
  `sortid` int(11) DEFAULT NULL
) ENGINE=InnoDB DEFAULT CHARSET=utf8;

--
-- Dumping data for table `vtiger_role2picklist`
--

INSERT INTO `vtiger_role2picklist` (`roleid`, `picklistvalueid`, `picklistid`, `sortid`) VALUES
('H1', 1, 1, 0),
('H1', 2, 1, 1),
('H1', 3, 1, 2),
('H1', 4, 1, 3),
('H1', 5, 1, 4),
('H1', 6, 1, 5),
('H1', 7, 1, 6),
('H1', 8, 1, 7),
('H1', 9, 1, 8),
('H1', 10, 1, 9),
('H1', 11, 1, 10),
('H1', 12, 2, 0),
('H1', 13, 2, 1),
('H1', 14, 3, 0),
('H1', 15, 3, 1),
('H1', 16, 3, 2),
('H1', 17, 3, 3),
('H1', 18, 3, 4),
('H1', 19, 3, 5),
('H1', 20, 4, 0),
('H1', 21, 4, 1),
('H1', 22, 4, 2),
('H1', 23, 4, 3),
('H1', 24, 4, 4),
('H1', 25, 4, 5),
('H1', 26, 4, 6),
('H1', 27, 4, 7),
('H1', 28, 4, 8),
('H1', 29, 4, 9),
('H1', 30, 4, 10),
('H1', 31, 4, 11),
('H1', 32, 4, 12),
('H1', 33, 5, 0),
('H1', 34, 5, 1),
('H1', 35, 5, 2),
('H1', 36, 5, 3),
('H1', 37, 5, 4),
('H1', 38, 6, 0),
('H1', 39, 6, 1),
('H1', 40, 6, 2),
('H1', 41, 7, 0),
('H1', 42, 7, 1),
('H1', 43, 7, 2),
('H1', 44, 7, 3),
('H1', 45, 7, 4),
('H1', 46, 8, 0),
('H1', 47, 9, 0),
('H1', 48, 9, 1),
('H1', 49, 9, 2),
('H1', 50, 9, 3),
('H1', 51, 10, 0),
('H1', 52, 10, 1),
('H1', 53, 10, 2),
('H1', 54, 10, 3),
('H1', 55, 10, 4),
('H1', 56, 10, 5),
('H1', 57, 10, 6),
('H1', 58, 10, 7),
('H1', 59, 10, 8),
('H1', 60, 11, 0),
('H1', 61, 11, 1),
('H1', 62, 11, 2),
('H1', 63, 11, 3),
('H1', 64, 11, 4),
('H1', 65, 11, 5),
('H1', 66, 11, 6),
('H1', 67, 11, 7),
('H1', 68, 11, 8),
('H1', 69, 11, 9),
('H1', 70, 11, 10),
('H1', 71, 11, 11),
('H1', 72, 11, 12),
('H1', 73, 11, 13),
('H1', 74, 11, 14),
('H1', 75, 11, 15),
('H1', 76, 11, 16),
('H1', 77, 11, 17),
('H1', 78, 11, 18),
('H1', 79, 11, 19),
('H1', 80, 11, 20),
('H1', 81, 11, 21),
('H1', 82, 11, 22),
('H1', 83, 11, 23),
('H1', 84, 11, 24),
('H1', 85, 11, 25),
('H1', 86, 11, 26),
('H1', 87, 11, 27),
('H1', 88, 11, 28),
('H1', 89, 11, 29),
('H1', 90, 11, 30),
('H1', 91, 11, 31),
('H1', 92, 12, 0),
('H1', 93, 12, 1),
('H1', 94, 12, 2),
('H1', 95, 12, 3),
('H1', 96, 12, 4),
('H1', 97, 12, 5),
('H1', 98, 13, 0),
('H1', 99, 13, 1),
('H1', 100, 13, 2),
('H1', 101, 13, 3),
('H1', 102, 13, 4),
('H1', 103, 13, 5),
('H1', 104, 13, 6),
('H1', 105, 13, 7),
('H1', 106, 13, 8),
('H1', 107, 13, 9),
('H1', 108, 13, 10),
('H1', 109, 13, 11),
('H1', 110, 13, 12),
('H1', 111, 14, 0),
('H1', 112, 14, 1),
('H1', 113, 14, 2),
('H1', 114, 14, 3),
('H1', 115, 14, 4),
('H1', 116, 14, 5),
('H1', 117, 14, 6),
('H1', 118, 14, 7),
('H1', 119, 14, 8),
('H1', 120, 14, 9),
('H1', 121, 14, 10),
('H1', 122, 14, 11),
('H1', 123, 15, 0),
('H1', 124, 15, 1),
('H1', 125, 15, 2),
('H1', 126, 15, 3),
('H1', 127, 16, 0),
('H1', 128, 16, 1),
('H1', 129, 16, 2),
('H1', 130, 17, 0),
('H1', 131, 17, 1),
('H1', 132, 17, 2),
('H1', 133, 17, 3),
('H1', 134, 17, 4),
('H1', 135, 18, 0),
('H1', 136, 18, 1),
('H1', 137, 18, 2),
('H1', 138, 18, 3),
('H1', 139, 19, 0),
('H1', 140, 19, 1),
('H1', 141, 19, 2),
('H1', 142, 19, 3),
('H1', 143, 19, 4),
('H1', 144, 20, 0),
('H1', 145, 20, 1),
('H1', 146, 20, 2),
('H1', 147, 20, 3),
('H1', 148, 20, 4),
('H1', 149, 20, 5),
('H1', 150, 21, 0),
('H1', 151, 21, 1),
('H1', 152, 21, 2),
('H1', 153, 21, 3),
('H1', 154, 21, 4),
('H1', 155, 21, 5),
('H1', 156, 21, 6),
('H1', 157, 21, 7),
('H1', 158, 21, 8),
('H1', 159, 21, 9),
('H1', 160, 22, 0),
('H1', 161, 22, 1),
('H1', 162, 22, 2),
('H1', 163, 22, 3),
('H1', 164, 22, 4),
('H1', 165, 22, 5),
('H1', 166, 23, 0),
('H1', 167, 23, 1),
('H1', 168, 23, 2),
('H1', 169, 23, 3),
('H1', 170, 24, 0),
('H1', 171, 24, 1),
('H1', 172, 24, 2),
('H1', 173, 25, 0),
('H1', 174, 25, 1),
('H1', 175, 25, 2),
('H1', 176, 25, 3),
('H1', 177, 25, 4),
('H1', 178, 25, 5),
('H1', 179, 26, 0),
('H1', 180, 26, 1),
('H1', 181, 26, 2),
('H1', 182, 27, 0),
('H1', 183, 27, 1),
('H1', 184, 27, 2),
('H1', 185, 27, 3),
('H1', 186, 28, 0),
('H1', 187, 28, 1),
('H1', 188, 28, 2),
('H1', 189, 28, 3),
('H1', 190, 29, 0),
('H1', 191, 29, 1),
('H1', 192, 29, 2),
('H1', 193, 29, 3),
('H1', 194, 30, 0),
('H1', 195, 30, 1),
('H1', 196, 30, 2),
('H1', 197, 30, 3),
('H1', 198, 30, 4),
('H1', 199, 30, 5),
('H1', 200, 30, 6),
('H1', 201, 30, 7),
('H1', 202, 30, 8),
('H1', 203, 30, 9),
('H1', 204, 30, 10),
('H1', 205, 30, 11),
('H1', 206, 30, 12),
('H1', 207, 30, 13),
('H1', 208, 30, 14),
('H1', 209, 30, 15),
('H1', 210, 31, 1),
('H1', 211, 31, 2),
('H1', 212, 31, 3),
('H1', 213, 31, 4),
('H1', 214, 32, 1),
('H1', 215, 32, 2),
('H1', 216, 32, 3),
('H1', 217, 32, 4),
('H1', 218, 32, 5),
('H1', 219, 32, 6),
('H1', 220, 33, 1),
('H1', 221, 33, 2),
('H1', 222, 33, 3),
('H1', 223, 34, 1),
('H1', 224, 34, 2),
('H1', 225, 34, 3),
('H1', 226, 35, 1),
('H1', 227, 35, 2),
('H1', 228, 35, 3),
('H1', 229, 36, 1),
('H1', 230, 36, 2),
('H1', 231, 36, 3),
('H1', 232, 36, 4),
('H1', 233, 36, 5),
('H1', 234, 36, 6),
('H1', 235, 37, 1),
('H1', 236, 37, 2),
('H1', 237, 38, 1),
('H1', 238, 38, 2),
('H1', 239, 38, 3),
('H1', 240, 38, 4),
('H1', 241, 39, 1),
('H1', 242, 39, 2),
('H1', 243, 39, 3),
('H1', 244, 39, 4),
('H1', 245, 40, 1),
('H1', 246, 40, 2),
('H1', 247, 40, 3),
('H1', 248, 40, 4),
('H1', 249, 41, 1),
('H1', 250, 41, 2),
('H1', 251, 41, 3),
('H1', 252, 41, 4),
('H1', 253, 41, 5),
('H1', 254, 41, 6),
('H1', 255, 41, 7),
('H1', 256, 41, 8),
('H1', 257, 41, 9),
('H1', 258, 41, 10),
('H1', 259, 41, 11),
('H1', 260, 42, 1),
('H1', 261, 42, 2),
('H1', 262, 42, 3),
('H1', 263, 42, 4),
('H1', 264, 42, 5),
('H1', 265, 42, 6),
('H1', 266, 42, 7),
('H1', 267, 42, 8),
('H1', 268, 42, 9),
('H1', 269, 43, 1),
('H1', 270, 43, 2),
('H1', 271, 43, 3),
('H1', 272, 43, 4),
('H1', 273, 44, 1),
('H1', 274, 44, 2),
('H1', 275, 44, 3),
('H1', 276, 44, 4),
('H1', 277, 45, 1),
('H1', 278, 45, 2),
('H1', 279, 45, 3),
('H1', 280, 45, 4),
('H1', 281, 45, 5),
('H1', 282, 45, 6),
('H1', 283, 45, 7),
('H1', 284, 45, 8),
('H1', 285, 45, 9),
('H1', 286, 45, 10),
('H1', 287, 45, 11),
('H1', 288, 12, 1),
('H1', 289, 46, 1),
('H1', 290, 46, 2),
('H1', 291, 46, 3),
('H1', 292, 46, 4),
('H1', 293, 46, 5),
('H1', 294, 46, 6),
('H1', 295, 2, 1),
('H1', 296, 47, 1),
('H1', 297, 47, 2),
('H1', 298, 47, 3),
('H1', 299, 48, 1),
('H1', 300, 48, 2),
('H1', 303, 49, 1),
('H1', 304, 49, 2),
('H2', 1, 1, 0),
('H2', 2, 1, 1),
('H2', 3, 1, 2),
('H2', 4, 1, 3),
('H2', 5, 1, 4),
('H2', 6, 1, 5),
('H2', 7, 1, 6),
('H2', 8, 1, 7),
('H2', 9, 1, 8),
('H2', 10, 1, 9),
('H2', 11, 1, 10),
('H2', 12, 2, 0),
('H2', 13, 2, 1),
('H2', 14, 3, 0),
('H2', 15, 3, 1),
('H2', 16, 3, 2),
('H2', 17, 3, 3),
('H2', 18, 3, 4),
('H2', 19, 3, 5),
('H2', 20, 4, 0),
('H2', 21, 4, 1),
('H2', 22, 4, 2),
('H2', 23, 4, 3),
('H2', 24, 4, 4),
('H2', 25, 4, 5),
('H2', 26, 4, 6),
('H2', 27, 4, 7),
('H2', 28, 4, 8),
('H2', 29, 4, 9),
('H2', 30, 4, 10),
('H2', 31, 4, 11),
('H2', 32, 4, 12),
('H2', 33, 5, 0),
('H2', 34, 5, 1),
('H2', 35, 5, 2),
('H2', 36, 5, 3),
('H2', 37, 5, 4),
('H2', 38, 6, 0),
('H2', 39, 6, 1),
('H2', 40, 6, 2),
('H2', 41, 7, 0),
('H2', 42, 7, 1),
('H2', 43, 7, 2),
('H2', 44, 7, 3),
('H2', 45, 7, 4),
('H2', 46, 8, 0),
('H2', 47, 9, 0),
('H2', 48, 9, 1),
('H2', 49, 9, 2),
('H2', 50, 9, 3),
('H2', 51, 10, 0),
('H2', 52, 10, 1),
('H2', 53, 10, 2),
('H2', 54, 10, 3),
('H2', 55, 10, 4),
('H2', 56, 10, 5),
('H2', 57, 10, 6),
('H2', 58, 10, 7),
('H2', 59, 10, 8),
('H2', 60, 11, 0),
('H2', 61, 11, 1),
('H2', 62, 11, 2),
('H2', 63, 11, 3),
('H2', 64, 11, 4),
('H2', 65, 11, 5),
('H2', 66, 11, 6),
('H2', 67, 11, 7),
('H2', 68, 11, 8),
('H2', 69, 11, 9),
('H2', 70, 11, 10),
('H2', 71, 11, 11),
('H2', 72, 11, 12),
('H2', 73, 11, 13),
('H2', 74, 11, 14),
('H2', 75, 11, 15),
('H2', 76, 11, 16),
('H2', 77, 11, 17),
('H2', 78, 11, 18),
('H2', 79, 11, 19),
('H2', 80, 11, 20),
('H2', 81, 11, 21),
('H2', 82, 11, 22),
('H2', 83, 11, 23),
('H2', 84, 11, 24),
('H2', 85, 11, 25),
('H2', 86, 11, 26),
('H2', 87, 11, 27),
('H2', 88, 11, 28),
('H2', 89, 11, 29),
('H2', 90, 11, 30),
('H2', 91, 11, 31),
('H2', 92, 12, 0),
('H2', 93, 12, 1),
('H2', 94, 12, 2),
('H2', 95, 12, 3),
('H2', 96, 12, 4),
('H2', 97, 12, 5),
('H2', 98, 13, 0),
('H2', 99, 13, 1),
('H2', 100, 13, 2),
('H2', 101, 13, 3),
('H2', 102, 13, 4),
('H2', 103, 13, 5),
('H2', 104, 13, 6),
('H2', 105, 13, 7),
('H2', 106, 13, 8),
('H2', 107, 13, 9),
('H2', 108, 13, 10),
('H2', 109, 13, 11),
('H2', 110, 13, 12),
('H2', 111, 14, 0),
('H2', 112, 14, 1),
('H2', 113, 14, 2),
('H2', 114, 14, 3),
('H2', 115, 14, 4),
('H2', 116, 14, 5),
('H2', 117, 14, 6),
('H2', 118, 14, 7),
('H2', 119, 14, 8),
('H2', 120, 14, 9),
('H2', 121, 14, 10),
('H2', 122, 14, 11),
('H2', 123, 15, 0),
('H2', 124, 15, 1),
('H2', 125, 15, 2),
('H2', 126, 15, 3),
('H2', 127, 16, 0),
('H2', 128, 16, 1),
('H2', 129, 16, 2),
('H2', 130, 17, 0),
('H2', 131, 17, 1),
('H2', 132, 17, 2),
('H2', 133, 17, 3),
('H2', 134, 17, 4),
('H2', 135, 18, 0),
('H2', 136, 18, 1),
('H2', 137, 18, 2),
('H2', 138, 18, 3),
('H2', 139, 19, 0),
('H2', 140, 19, 1),
('H2', 141, 19, 2),
('H2', 142, 19, 3),
('H2', 143, 19, 4),
('H2', 144, 20, 0),
('H2', 145, 20, 1),
('H2', 146, 20, 2),
('H2', 147, 20, 3),
('H2', 148, 20, 4),
('H2', 149, 20, 5),
('H2', 150, 21, 0),
('H2', 151, 21, 1),
('H2', 152, 21, 2),
('H2', 153, 21, 3),
('H2', 154, 21, 4),
('H2', 155, 21, 5),
('H2', 156, 21, 6),
('H2', 157, 21, 7),
('H2', 158, 21, 8),
('H2', 159, 21, 9),
('H2', 160, 22, 0),
('H2', 161, 22, 1),
('H2', 162, 22, 2),
('H2', 163, 22, 3),
('H2', 164, 22, 4),
('H2', 165, 22, 5),
('H2', 166, 23, 0),
('H2', 167, 23, 1),
('H2', 168, 23, 2),
('H2', 169, 23, 3),
('H2', 170, 24, 0),
('H2', 171, 24, 1),
('H2', 172, 24, 2),
('H2', 173, 25, 0),
('H2', 174, 25, 1),
('H2', 175, 25, 2),
('H2', 176, 25, 3),
('H2', 177, 25, 4),
('H2', 178, 25, 5),
('H2', 179, 26, 0),
('H2', 180, 26, 1),
('H2', 181, 26, 2),
('H2', 182, 27, 0),
('H2', 183, 27, 1),
('H2', 184, 27, 2),
('H2', 185, 27, 3),
('H2', 186, 28, 0),
('H2', 187, 28, 1),
('H2', 188, 28, 2),
('H2', 189, 28, 3),
('H2', 190, 29, 0),
('H2', 191, 29, 1),
('H2', 192, 29, 2),
('H2', 193, 29, 3),
('H2', 194, 30, 0),
('H2', 195, 30, 1),
('H2', 196, 30, 2),
('H2', 197, 30, 3),
('H2', 198, 30, 4),
('H2', 199, 30, 5),
('H2', 200, 30, 6),
('H2', 201, 30, 7),
('H2', 202, 30, 8),
('H2', 203, 30, 9),
('H2', 204, 30, 10),
('H2', 205, 30, 11),
('H2', 206, 30, 12),
('H2', 207, 30, 13),
('H2', 208, 30, 14),
('H2', 209, 30, 15),
('H2', 210, 31, 1),
('H2', 211, 31, 2),
('H2', 212, 31, 3),
('H2', 213, 31, 4),
('H2', 214, 32, 1),
('H2', 215, 32, 2),
('H2', 216, 32, 3),
('H2', 217, 32, 4),
('H2', 218, 32, 5),
('H2', 219, 32, 6),
('H2', 220, 33, 1),
('H2', 221, 33, 2),
('H2', 222, 33, 3),
('H2', 223, 34, 1),
('H2', 224, 34, 2),
('H2', 225, 34, 3),
('H2', 226, 35, 1),
('H2', 227, 35, 2),
('H2', 228, 35, 3),
('H2', 229, 36, 1),
('H2', 230, 36, 2),
('H2', 231, 36, 3),
('H2', 232, 36, 4),
('H2', 233, 36, 5),
('H2', 234, 36, 6),
('H2', 235, 37, 1),
('H2', 236, 37, 2),
('H2', 237, 38, 1),
('H2', 238, 38, 2),
('H2', 239, 38, 3),
('H2', 240, 38, 4),
('H2', 241, 39, 1),
('H2', 242, 39, 2),
('H2', 243, 39, 3),
('H2', 244, 39, 4),
('H2', 245, 40, 1),
('H2', 246, 40, 2),
('H2', 247, 40, 3),
('H2', 248, 40, 4),
('H2', 249, 41, 1),
('H2', 250, 41, 2),
('H2', 251, 41, 3),
('H2', 252, 41, 4),
('H2', 253, 41, 5),
('H2', 254, 41, 6),
('H2', 255, 41, 7),
('H2', 256, 41, 8),
('H2', 257, 41, 9),
('H2', 258, 41, 10),
('H2', 259, 41, 11),
('H2', 260, 42, 1),
('H2', 261, 42, 2),
('H2', 262, 42, 3),
('H2', 263, 42, 4),
('H2', 264, 42, 5),
('H2', 265, 42, 6),
('H2', 266, 42, 7),
('H2', 267, 42, 8),
('H2', 268, 42, 9),
('H2', 269, 43, 1),
('H2', 270, 43, 2),
('H2', 271, 43, 3),
('H2', 272, 43, 4),
('H2', 273, 44, 1),
('H2', 274, 44, 2),
('H2', 275, 44, 3),
('H2', 276, 44, 4),
('H2', 277, 45, 1),
('H2', 278, 45, 2),
('H2', 279, 45, 3),
('H2', 280, 45, 4),
('H2', 281, 45, 5),
('H2', 282, 45, 6),
('H2', 283, 45, 7),
('H2', 284, 45, 8),
('H2', 285, 45, 9),
('H2', 286, 45, 10),
('H2', 287, 45, 11),
('H2', 288, 12, 1),
('H2', 289, 46, 1),
('H2', 290, 46, 2),
('H2', 291, 46, 3),
('H2', 292, 46, 4),
('H2', 293, 46, 5),
('H2', 294, 46, 6),
('H2', 295, 2, 1),
('H2', 296, 47, 1),
('H2', 297, 47, 2),
('H2', 298, 47, 3),
('H2', 299, 48, 1),
('H2', 300, 48, 2),
('H2', 303, 49, 1),
('H2', 304, 49, 2),
('H3', 1, 1, 0),
('H3', 2, 1, 1),
('H3', 3, 1, 2),
('H3', 4, 1, 3),
('H3', 5, 1, 4),
('H3', 6, 1, 5),
('H3', 7, 1, 6),
('H3', 8, 1, 7),
('H3', 9, 1, 8),
('H3', 10, 1, 9),
('H3', 11, 1, 10),
('H3', 12, 2, 0),
('H3', 13, 2, 1),
('H3', 14, 3, 0),
('H3', 15, 3, 1),
('H3', 16, 3, 2),
('H3', 17, 3, 3),
('H3', 18, 3, 4),
('H3', 19, 3, 5),
('H3', 20, 4, 0),
('H3', 21, 4, 1),
('H3', 22, 4, 2),
('H3', 23, 4, 3),
('H3', 24, 4, 4),
('H3', 25, 4, 5),
('H3', 26, 4, 6),
('H3', 27, 4, 7),
('H3', 28, 4, 8),
('H3', 29, 4, 9),
('H3', 30, 4, 10),
('H3', 31, 4, 11),
('H3', 32, 4, 12),
('H3', 33, 5, 0),
('H3', 34, 5, 1),
('H3', 35, 5, 2),
('H3', 36, 5, 3),
('H3', 37, 5, 4),
('H3', 38, 6, 0),
('H3', 39, 6, 1),
('H3', 40, 6, 2),
('H3', 41, 7, 0),
('H3', 42, 7, 1),
('H3', 43, 7, 2),
('H3', 44, 7, 3),
('H3', 45, 7, 4),
('H3', 46, 8, 0),
('H3', 47, 9, 0),
('H3', 48, 9, 1),
('H3', 49, 9, 2),
('H3', 50, 9, 3),
('H3', 51, 10, 0),
('H3', 52, 10, 1),
('H3', 53, 10, 2),
('H3', 54, 10, 3),
('H3', 55, 10, 4),
('H3', 56, 10, 5),
('H3', 57, 10, 6),
('H3', 58, 10, 7),
('H3', 59, 10, 8),
('H3', 60, 11, 0),
('H3', 61, 11, 1),
('H3', 62, 11, 2),
('H3', 63, 11, 3),
('H3', 64, 11, 4),
('H3', 65, 11, 5),
('H3', 66, 11, 6),
('H3', 67, 11, 7),
('H3', 68, 11, 8),
('H3', 69, 11, 9),
('H3', 70, 11, 10),
('H3', 71, 11, 11),
('H3', 72, 11, 12),
('H3', 73, 11, 13),
('H3', 74, 11, 14),
('H3', 75, 11, 15),
('H3', 76, 11, 16),
('H3', 77, 11, 17),
('H3', 78, 11, 18),
('H3', 79, 11, 19),
('H3', 80, 11, 20),
('H3', 81, 11, 21),
('H3', 82, 11, 22),
('H3', 83, 11, 23),
('H3', 84, 11, 24),
('H3', 85, 11, 25),
('H3', 86, 11, 26),
('H3', 87, 11, 27),
('H3', 88, 11, 28),
('H3', 89, 11, 29),
('H3', 90, 11, 30),
('H3', 91, 11, 31),
('H3', 92, 12, 0),
('H3', 93, 12, 1),
('H3', 94, 12, 2),
('H3', 95, 12, 3),
('H3', 96, 12, 4),
('H3', 97, 12, 5),
('H3', 98, 13, 0),
('H3', 99, 13, 1),
('H3', 100, 13, 2),
('H3', 101, 13, 3),
('H3', 102, 13, 4),
('H3', 103, 13, 5),
('H3', 104, 13, 6),
('H3', 105, 13, 7),
('H3', 106, 13, 8),
('H3', 107, 13, 9),
('H3', 108, 13, 10),
('H3', 109, 13, 11),
('H3', 110, 13, 12),
('H3', 111, 14, 0),
('H3', 112, 14, 1),
('H3', 113, 14, 2),
('H3', 114, 14, 3),
('H3', 115, 14, 4),
('H3', 116, 14, 5),
('H3', 117, 14, 6),
('H3', 118, 14, 7),
('H3', 119, 14, 8),
('H3', 120, 14, 9),
('H3', 121, 14, 10),
('H3', 122, 14, 11),
('H3', 123, 15, 0),
('H3', 124, 15, 1),
('H3', 125, 15, 2),
('H3', 126, 15, 3),
('H3', 127, 16, 0),
('H3', 128, 16, 1),
('H3', 129, 16, 2),
('H3', 130, 17, 0),
('H3', 131, 17, 1),
('H3', 132, 17, 2),
('H3', 133, 17, 3),
('H3', 134, 17, 4),
('H3', 135, 18, 0),
('H3', 136, 18, 1),
('H3', 137, 18, 2),
('H3', 138, 18, 3),
('H3', 139, 19, 0),
('H3', 140, 19, 1),
('H3', 141, 19, 2),
('H3', 142, 19, 3),
('H3', 143, 19, 4),
('H3', 144, 20, 0),
('H3', 145, 20, 1),
('H3', 146, 20, 2),
('H3', 147, 20, 3),
('H3', 148, 20, 4),
('H3', 149, 20, 5),
('H3', 150, 21, 0),
('H3', 151, 21, 1),
('H3', 152, 21, 2),
('H3', 153, 21, 3),
('H3', 154, 21, 4),
('H3', 155, 21, 5),
('H3', 156, 21, 6),
('H3', 157, 21, 7),
('H3', 158, 21, 8),
('H3', 159, 21, 9),
('H3', 160, 22, 0),
('H3', 161, 22, 1),
('H3', 162, 22, 2),
('H3', 163, 22, 3),
('H3', 164, 22, 4),
('H3', 165, 22, 5),
('H3', 166, 23, 0),
('H3', 167, 23, 1),
('H3', 168, 23, 2),
('H3', 169, 23, 3),
('H3', 170, 24, 0),
('H3', 171, 24, 1),
('H3', 172, 24, 2),
('H3', 173, 25, 0),
('H3', 174, 25, 1),
('H3', 175, 25, 2),
('H3', 176, 25, 3),
('H3', 177, 25, 4),
('H3', 178, 25, 5),
('H3', 179, 26, 0),
('H3', 180, 26, 1),
('H3', 181, 26, 2),
('H3', 182, 27, 0),
('H3', 183, 27, 1),
('H3', 184, 27, 2),
('H3', 185, 27, 3),
('H3', 186, 28, 0),
('H3', 187, 28, 1),
('H3', 188, 28, 2),
('H3', 189, 28, 3),
('H3', 190, 29, 0),
('H3', 191, 29, 1),
('H3', 192, 29, 2),
('H3', 193, 29, 3),
('H3', 194, 30, 0),
('H3', 195, 30, 1),
('H3', 196, 30, 2),
('H3', 197, 30, 3),
('H3', 198, 30, 4),
('H3', 199, 30, 5),
('H3', 200, 30, 6),
('H3', 201, 30, 7),
('H3', 202, 30, 8),
('H3', 203, 30, 9),
('H3', 204, 30, 10),
('H3', 205, 30, 11),
('H3', 206, 30, 12),
('H3', 207, 30, 13),
('H3', 208, 30, 14),
('H3', 209, 30, 15),
('H3', 210, 31, 1),
('H3', 211, 31, 2),
('H3', 212, 31, 3),
('H3', 213, 31, 4),
('H3', 214, 32, 1),
('H3', 215, 32, 2),
('H3', 216, 32, 3),
('H3', 217, 32, 4),
('H3', 218, 32, 5),
('H3', 219, 32, 6),
('H3', 220, 33, 1),
('H3', 221, 33, 2),
('H3', 222, 33, 3),
('H3', 223, 34, 1),
('H3', 224, 34, 2),
('H3', 225, 34, 3),
('H3', 226, 35, 1),
('H3', 227, 35, 2),
('H3', 228, 35, 3),
('H3', 229, 36, 1),
('H3', 230, 36, 2),
('H3', 231, 36, 3),
('H3', 232, 36, 4),
('H3', 233, 36, 5),
('H3', 234, 36, 6),
('H3', 235, 37, 1),
('H3', 236, 37, 2),
('H3', 237, 38, 1),
('H3', 238, 38, 2),
('H3', 239, 38, 3),
('H3', 240, 38, 4),
('H3', 241, 39, 1),
('H3', 242, 39, 2),
('H3', 243, 39, 3),
('H3', 244, 39, 4),
('H3', 245, 40, 1),
('H3', 246, 40, 2),
('H3', 247, 40, 3),
('H3', 248, 40, 4),
('H3', 249, 41, 1),
('H3', 250, 41, 2),
('H3', 251, 41, 3),
('H3', 252, 41, 4),
('H3', 253, 41, 5),
('H3', 254, 41, 6),
('H3', 255, 41, 7),
('H3', 256, 41, 8),
('H3', 257, 41, 9),
('H3', 258, 41, 10),
('H3', 259, 41, 11),
('H3', 260, 42, 1),
('H3', 261, 42, 2),
('H3', 262, 42, 3),
('H3', 263, 42, 4),
('H3', 264, 42, 5),
('H3', 265, 42, 6),
('H3', 266, 42, 7),
('H3', 267, 42, 8),
('H3', 268, 42, 9),
('H3', 269, 43, 1),
('H3', 270, 43, 2),
('H3', 271, 43, 3),
('H3', 272, 43, 4),
('H3', 273, 44, 1),
('H3', 274, 44, 2),
('H3', 275, 44, 3),
('H3', 276, 44, 4),
('H3', 277, 45, 1),
('H3', 278, 45, 2),
('H3', 279, 45, 3),
('H3', 280, 45, 4),
('H3', 281, 45, 5),
('H3', 282, 45, 6),
('H3', 283, 45, 7),
('H3', 284, 45, 8),
('H3', 285, 45, 9),
('H3', 286, 45, 10),
('H3', 287, 45, 11),
('H3', 288, 12, 1),
('H3', 289, 46, 1),
('H3', 290, 46, 2),
('H3', 291, 46, 3),
('H3', 292, 46, 4),
('H3', 293, 46, 5),
('H3', 294, 46, 6),
('H3', 295, 2, 1),
('H3', 296, 47, 1),
('H3', 297, 47, 2),
('H3', 298, 47, 3),
('H3', 299, 48, 1),
('H3', 300, 48, 2),
('H3', 303, 49, 1),
('H3', 304, 49, 2),
('H4', 1, 1, 0),
('H4', 2, 1, 1),
('H4', 3, 1, 2),
('H4', 4, 1, 3),
('H4', 5, 1, 4),
('H4', 6, 1, 5),
('H4', 7, 1, 6),
('H4', 8, 1, 7),
('H4', 9, 1, 8),
('H4', 10, 1, 9),
('H4', 11, 1, 10),
('H4', 12, 2, 0),
('H4', 13, 2, 1),
('H4', 14, 3, 0),
('H4', 15, 3, 1),
('H4', 16, 3, 2),
('H4', 17, 3, 3),
('H4', 18, 3, 4),
('H4', 19, 3, 5),
('H4', 20, 4, 0),
('H4', 21, 4, 1),
('H4', 22, 4, 2),
('H4', 23, 4, 3),
('H4', 24, 4, 4),
('H4', 25, 4, 5),
('H4', 26, 4, 6),
('H4', 27, 4, 7),
('H4', 28, 4, 8),
('H4', 29, 4, 9),
('H4', 30, 4, 10),
('H4', 31, 4, 11),
('H4', 32, 4, 12),
('H4', 33, 5, 0),
('H4', 34, 5, 1),
('H4', 35, 5, 2),
('H4', 36, 5, 3),
('H4', 37, 5, 4),
('H4', 38, 6, 0),
('H4', 39, 6, 1),
('H4', 40, 6, 2),
('H4', 41, 7, 0),
('H4', 42, 7, 1),
('H4', 43, 7, 2),
('H4', 44, 7, 3),
('H4', 45, 7, 4),
('H4', 46, 8, 0),
('H4', 47, 9, 0),
('H4', 48, 9, 1),
('H4', 49, 9, 2),
('H4', 50, 9, 3),
('H4', 51, 10, 0),
('H4', 52, 10, 1),
('H4', 53, 10, 2),
('H4', 54, 10, 3),
('H4', 55, 10, 4),
('H4', 56, 10, 5),
('H4', 57, 10, 6),
('H4', 58, 10, 7),
('H4', 59, 10, 8),
('H4', 60, 11, 0),
('H4', 61, 11, 1),
('H4', 62, 11, 2),
('H4', 63, 11, 3),
('H4', 64, 11, 4),
('H4', 65, 11, 5),
('H4', 66, 11, 6),
('H4', 67, 11, 7),
('H4', 68, 11, 8),
('H4', 69, 11, 9),
('H4', 70, 11, 10),
('H4', 71, 11, 11),
('H4', 72, 11, 12),
('H4', 73, 11, 13),
('H4', 74, 11, 14),
('H4', 75, 11, 15),
('H4', 76, 11, 16),
('H4', 77, 11, 17),
('H4', 78, 11, 18),
('H4', 79, 11, 19),
('H4', 80, 11, 20),
('H4', 81, 11, 21),
('H4', 82, 11, 22),
('H4', 83, 11, 23),
('H4', 84, 11, 24),
('H4', 85, 11, 25),
('H4', 86, 11, 26),
('H4', 87, 11, 27),
('H4', 88, 11, 28),
('H4', 89, 11, 29),
('H4', 90, 11, 30),
('H4', 91, 11, 31),
('H4', 92, 12, 0),
('H4', 93, 12, 1),
('H4', 94, 12, 2),
('H4', 95, 12, 3),
('H4', 96, 12, 4),
('H4', 97, 12, 5),
('H4', 98, 13, 0),
('H4', 99, 13, 1),
('H4', 100, 13, 2),
('H4', 101, 13, 3),
('H4', 102, 13, 4),
('H4', 103, 13, 5),
('H4', 104, 13, 6),
('H4', 105, 13, 7),
('H4', 106, 13, 8),
('H4', 107, 13, 9),
('H4', 108, 13, 10),
('H4', 109, 13, 11),
('H4', 110, 13, 12),
('H4', 111, 14, 0),
('H4', 112, 14, 1),
('H4', 113, 14, 2),
('H4', 114, 14, 3),
('H4', 115, 14, 4),
('H4', 116, 14, 5),
('H4', 117, 14, 6),
('H4', 118, 14, 7),
('H4', 119, 14, 8),
('H4', 120, 14, 9),
('H4', 121, 14, 10),
('H4', 122, 14, 11),
('H4', 123, 15, 0),
('H4', 124, 15, 1),
('H4', 125, 15, 2),
('H4', 126, 15, 3),
('H4', 127, 16, 0),
('H4', 128, 16, 1),
('H4', 129, 16, 2),
('H4', 130, 17, 0),
('H4', 131, 17, 1),
('H4', 132, 17, 2),
('H4', 133, 17, 3),
('H4', 134, 17, 4),
('H4', 135, 18, 0),
('H4', 136, 18, 1),
('H4', 137, 18, 2),
('H4', 138, 18, 3),
('H4', 139, 19, 0),
('H4', 140, 19, 1),
('H4', 141, 19, 2),
('H4', 142, 19, 3),
('H4', 143, 19, 4),
('H4', 144, 20, 0),
('H4', 145, 20, 1),
('H4', 146, 20, 2),
('H4', 147, 20, 3),
('H4', 148, 20, 4),
('H4', 149, 20, 5),
('H4', 150, 21, 0),
('H4', 151, 21, 1),
('H4', 152, 21, 2),
('H4', 153, 21, 3),
('H4', 154, 21, 4),
('H4', 155, 21, 5),
('H4', 156, 21, 6),
('H4', 157, 21, 7),
('H4', 158, 21, 8),
('H4', 159, 21, 9),
('H4', 160, 22, 0),
('H4', 161, 22, 1),
('H4', 162, 22, 2),
('H4', 163, 22, 3),
('H4', 164, 22, 4),
('H4', 165, 22, 5),
('H4', 166, 23, 0),
('H4', 167, 23, 1),
('H4', 168, 23, 2),
('H4', 169, 23, 3),
('H4', 170, 24, 0),
('H4', 171, 24, 1),
('H4', 172, 24, 2),
('H4', 173, 25, 0),
('H4', 174, 25, 1),
('H4', 175, 25, 2),
('H4', 176, 25, 3),
('H4', 177, 25, 4),
('H4', 178, 25, 5),
('H4', 179, 26, 0),
('H4', 180, 26, 1),
('H4', 181, 26, 2),
('H4', 182, 27, 0),
('H4', 183, 27, 1),
('H4', 184, 27, 2),
('H4', 185, 27, 3),
('H4', 186, 28, 0),
('H4', 187, 28, 1),
('H4', 188, 28, 2),
('H4', 189, 28, 3),
('H4', 190, 29, 0),
('H4', 191, 29, 1),
('H4', 192, 29, 2),
('H4', 193, 29, 3),
('H4', 194, 30, 0),
('H4', 195, 30, 1),
('H4', 196, 30, 2),
('H4', 197, 30, 3),
('H4', 198, 30, 4),
('H4', 199, 30, 5),
('H4', 200, 30, 6),
('H4', 201, 30, 7),
('H4', 202, 30, 8),
('H4', 203, 30, 9),
('H4', 204, 30, 10),
('H4', 205, 30, 11),
('H4', 206, 30, 12),
('H4', 207, 30, 13),
('H4', 208, 30, 14),
('H4', 209, 30, 15),
('H4', 210, 31, 1),
('H4', 211, 31, 2),
('H4', 212, 31, 3),
('H4', 213, 31, 4),
('H4', 214, 32, 1),
('H4', 215, 32, 2),
('H4', 216, 32, 3),
('H4', 217, 32, 4),
('H4', 218, 32, 5),
('H4', 219, 32, 6),
('H4', 220, 33, 1),
('H4', 221, 33, 2),
('H4', 222, 33, 3),
('H4', 223, 34, 1),
('H4', 224, 34, 2),
('H4', 225, 34, 3),
('H4', 226, 35, 1),
('H4', 227, 35, 2),
('H4', 228, 35, 3),
('H4', 229, 36, 1),
('H4', 230, 36, 2),
('H4', 231, 36, 3),
('H4', 232, 36, 4),
('H4', 233, 36, 5),
('H4', 234, 36, 6),
('H4', 235, 37, 1),
('H4', 236, 37, 2),
('H4', 237, 38, 1),
('H4', 238, 38, 2),
('H4', 239, 38, 3),
('H4', 240, 38, 4),
('H4', 241, 39, 1),
('H4', 242, 39, 2),
('H4', 243, 39, 3),
('H4', 244, 39, 4),
('H4', 245, 40, 1),
('H4', 246, 40, 2),
('H4', 247, 40, 3),
('H4', 248, 40, 4),
('H4', 249, 41, 1),
('H4', 250, 41, 2),
('H4', 251, 41, 3),
('H4', 252, 41, 4),
('H4', 253, 41, 5),
('H4', 254, 41, 6),
('H4', 255, 41, 7),
('H4', 256, 41, 8),
('H4', 257, 41, 9),
('H4', 258, 41, 10),
('H4', 259, 41, 11),
('H4', 260, 42, 1),
('H4', 261, 42, 2),
('H4', 262, 42, 3),
('H4', 263, 42, 4),
('H4', 264, 42, 5),
('H4', 265, 42, 6),
('H4', 266, 42, 7),
('H4', 267, 42, 8),
('H4', 268, 42, 9),
('H4', 269, 43, 1),
('H4', 270, 43, 2),
('H4', 271, 43, 3),
('H4', 272, 43, 4),
('H4', 273, 44, 1),
('H4', 274, 44, 2),
('H4', 275, 44, 3),
('H4', 276, 44, 4),
('H4', 277, 45, 1),
('H4', 278, 45, 2),
('H4', 279, 45, 3),
('H4', 280, 45, 4),
('H4', 281, 45, 5),
('H4', 282, 45, 6),
('H4', 283, 45, 7),
('H4', 284, 45, 8),
('H4', 285, 45, 9),
('H4', 286, 45, 10),
('H4', 287, 45, 11),
('H4', 288, 12, 1),
('H4', 289, 46, 1),
('H4', 290, 46, 2),
('H4', 291, 46, 3),
('H4', 292, 46, 4),
('H4', 293, 46, 5),
('H4', 294, 46, 6),
('H4', 295, 2, 1),
('H4', 296, 47, 1),
('H4', 297, 47, 2),
('H4', 298, 47, 3),
('H4', 299, 48, 1),
('H4', 300, 48, 2),
('H4', 303, 49, 1),
('H4', 304, 49, 2),
('H5', 1, 1, 0),
('H5', 2, 1, 1),
('H5', 3, 1, 2),
('H5', 4, 1, 3),
('H5', 5, 1, 4),
('H5', 6, 1, 5),
('H5', 7, 1, 6),
('H5', 8, 1, 7),
('H5', 9, 1, 8),
('H5', 10, 1, 9),
('H5', 11, 1, 10),
('H5', 12, 2, 0),
('H5', 13, 2, 1),
('H5', 14, 3, 0),
('H5', 15, 3, 1),
('H5', 16, 3, 2),
('H5', 17, 3, 3),
('H5', 18, 3, 4),
('H5', 19, 3, 5),
('H5', 20, 4, 0),
('H5', 21, 4, 1),
('H5', 22, 4, 2),
('H5', 23, 4, 3),
('H5', 24, 4, 4),
('H5', 25, 4, 5),
('H5', 26, 4, 6),
('H5', 27, 4, 7),
('H5', 28, 4, 8),
('H5', 29, 4, 9),
('H5', 30, 4, 10),
('H5', 31, 4, 11),
('H5', 32, 4, 12),
('H5', 33, 5, 0),
('H5', 34, 5, 1),
('H5', 35, 5, 2),
('H5', 36, 5, 3),
('H5', 37, 5, 4),
('H5', 38, 6, 0),
('H5', 39, 6, 1),
('H5', 40, 6, 2),
('H5', 41, 7, 0),
('H5', 42, 7, 1),
('H5', 43, 7, 2),
('H5', 44, 7, 3),
('H5', 45, 7, 4),
('H5', 46, 8, 0),
('H5', 47, 9, 0),
('H5', 48, 9, 1),
('H5', 49, 9, 2),
('H5', 50, 9, 3),
('H5', 51, 10, 0),
('H5', 52, 10, 1),
('H5', 53, 10, 2),
('H5', 54, 10, 3),
('H5', 55, 10, 4),
('H5', 56, 10, 5),
('H5', 57, 10, 6),
('H5', 58, 10, 7),
('H5', 59, 10, 8),
('H5', 60, 11, 0),
('H5', 61, 11, 1),
('H5', 62, 11, 2),
('H5', 63, 11, 3),
('H5', 64, 11, 4),
('H5', 65, 11, 5),
('H5', 66, 11, 6),
('H5', 67, 11, 7),
('H5', 68, 11, 8),
('H5', 69, 11, 9),
('H5', 70, 11, 10),
('H5', 71, 11, 11),
('H5', 72, 11, 12),
('H5', 73, 11, 13),
('H5', 74, 11, 14),
('H5', 75, 11, 15),
('H5', 76, 11, 16),
('H5', 77, 11, 17),
('H5', 78, 11, 18),
('H5', 79, 11, 19),
('H5', 80, 11, 20),
('H5', 81, 11, 21),
('H5', 82, 11, 22),
('H5', 83, 11, 23),
('H5', 84, 11, 24),
('H5', 85, 11, 25),
('H5', 86, 11, 26),
('H5', 87, 11, 27),
('H5', 88, 11, 28),
('H5', 89, 11, 29),
('H5', 90, 11, 30),
('H5', 91, 11, 31),
('H5', 92, 12, 0),
('H5', 93, 12, 1),
('H5', 94, 12, 2),
('H5', 95, 12, 3),
('H5', 96, 12, 4),
('H5', 97, 12, 5),
('H5', 98, 13, 0),
('H5', 99, 13, 1),
('H5', 100, 13, 2),
('H5', 101, 13, 3),
('H5', 102, 13, 4),
('H5', 103, 13, 5),
('H5', 104, 13, 6),
('H5', 105, 13, 7),
('H5', 106, 13, 8),
('H5', 107, 13, 9),
('H5', 108, 13, 10),
('H5', 109, 13, 11),
('H5', 110, 13, 12),
('H5', 111, 14, 0),
('H5', 112, 14, 1),
('H5', 113, 14, 2),
('H5', 114, 14, 3),
('H5', 115, 14, 4),
('H5', 116, 14, 5),
('H5', 117, 14, 6),
('H5', 118, 14, 7),
('H5', 119, 14, 8),
('H5', 120, 14, 9),
('H5', 121, 14, 10),
('H5', 122, 14, 11),
('H5', 123, 15, 0),
('H5', 124, 15, 1),
('H5', 125, 15, 2),
('H5', 126, 15, 3),
('H5', 127, 16, 0),
('H5', 128, 16, 1),
('H5', 129, 16, 2),
('H5', 130, 17, 0),
('H5', 131, 17, 1),
('H5', 132, 17, 2),
('H5', 133, 17, 3),
('H5', 134, 17, 4),
('H5', 135, 18, 0),
('H5', 136, 18, 1),
('H5', 137, 18, 2),
('H5', 138, 18, 3),
('H5', 139, 19, 0),
('H5', 140, 19, 1),
('H5', 141, 19, 2),
('H5', 142, 19, 3),
('H5', 143, 19, 4),
('H5', 144, 20, 0),
('H5', 145, 20, 1),
('H5', 146, 20, 2),
('H5', 147, 20, 3),
('H5', 148, 20, 4),
('H5', 149, 20, 5),
('H5', 150, 21, 0),
('H5', 151, 21, 1),
('H5', 152, 21, 2),
('H5', 153, 21, 3),
('H5', 154, 21, 4),
('H5', 155, 21, 5),
('H5', 156, 21, 6),
('H5', 157, 21, 7),
('H5', 158, 21, 8),
('H5', 159, 21, 9),
('H5', 160, 22, 0),
('H5', 161, 22, 1),
('H5', 162, 22, 2),
('H5', 163, 22, 3),
('H5', 164, 22, 4),
('H5', 165, 22, 5),
('H5', 166, 23, 0),
('H5', 167, 23, 1),
('H5', 168, 23, 2),
('H5', 169, 23, 3),
('H5', 170, 24, 0),
('H5', 171, 24, 1),
('H5', 172, 24, 2),
('H5', 173, 25, 0),
('H5', 174, 25, 1),
('H5', 175, 25, 2),
('H5', 176, 25, 3),
('H5', 177, 25, 4),
('H5', 178, 25, 5),
('H5', 179, 26, 0),
('H5', 180, 26, 1),
('H5', 181, 26, 2),
('H5', 182, 27, 0),
('H5', 183, 27, 1),
('H5', 184, 27, 2),
('H5', 185, 27, 3),
('H5', 186, 28, 0),
('H5', 187, 28, 1),
('H5', 188, 28, 2),
('H5', 189, 28, 3),
('H5', 190, 29, 0),
('H5', 191, 29, 1),
('H5', 192, 29, 2),
('H5', 193, 29, 3),
('H5', 194, 30, 0),
('H5', 195, 30, 1),
('H5', 196, 30, 2),
('H5', 197, 30, 3),
('H5', 198, 30, 4),
('H5', 199, 30, 5),
('H5', 200, 30, 6),
('H5', 201, 30, 7),
('H5', 202, 30, 8),
('H5', 203, 30, 9),
('H5', 204, 30, 10),
('H5', 205, 30, 11),
('H5', 206, 30, 12),
('H5', 207, 30, 13),
('H5', 208, 30, 14),
('H5', 209, 30, 15),
('H5', 210, 31, 1),
('H5', 211, 31, 2),
('H5', 212, 31, 3),
('H5', 213, 31, 4),
('H5', 214, 32, 1),
('H5', 215, 32, 2),
('H5', 216, 32, 3),
('H5', 217, 32, 4),
('H5', 218, 32, 5),
('H5', 219, 32, 6),
('H5', 220, 33, 1),
('H5', 221, 33, 2),
('H5', 222, 33, 3),
('H5', 223, 34, 1),
('H5', 224, 34, 2),
('H5', 225, 34, 3),
('H5', 226, 35, 1),
('H5', 227, 35, 2),
('H5', 228, 35, 3),
('H5', 229, 36, 1),
('H5', 230, 36, 2),
('H5', 231, 36, 3),
('H5', 232, 36, 4),
('H5', 233, 36, 5),
('H5', 234, 36, 6),
('H5', 235, 37, 1),
('H5', 236, 37, 2),
('H5', 237, 38, 1),
('H5', 238, 38, 2),
('H5', 239, 38, 3),
('H5', 240, 38, 4),
('H5', 241, 39, 1),
('H5', 242, 39, 2),
('H5', 243, 39, 3),
('H5', 244, 39, 4),
('H5', 245, 40, 1),
('H5', 246, 40, 2),
('H5', 247, 40, 3),
('H5', 248, 40, 4),
('H5', 249, 41, 1),
('H5', 250, 41, 2),
('H5', 251, 41, 3),
('H5', 252, 41, 4),
('H5', 253, 41, 5),
('H5', 254, 41, 6),
('H5', 255, 41, 7),
('H5', 256, 41, 8),
('H5', 257, 41, 9),
('H5', 258, 41, 10),
('H5', 259, 41, 11),
('H5', 260, 42, 1),
('H5', 261, 42, 2),
('H5', 262, 42, 3),
('H5', 263, 42, 4),
('H5', 264, 42, 5),
('H5', 265, 42, 6),
('H5', 266, 42, 7),
('H5', 267, 42, 8),
('H5', 268, 42, 9),
('H5', 269, 43, 1),
('H5', 270, 43, 2),
('H5', 271, 43, 3),
('H5', 272, 43, 4),
('H5', 273, 44, 1),
('H5', 274, 44, 2),
('H5', 275, 44, 3),
('H5', 276, 44, 4),
('H5', 277, 45, 1),
('H5', 278, 45, 2),
('H5', 279, 45, 3),
('H5', 280, 45, 4),
('H5', 281, 45, 5),
('H5', 282, 45, 6),
('H5', 283, 45, 7),
('H5', 284, 45, 8),
('H5', 285, 45, 9),
('H5', 286, 45, 10),
('H5', 287, 45, 11),
('H5', 288, 12, 1),
('H5', 289, 46, 1),
('H5', 290, 46, 2),
('H5', 291, 46, 3),
('H5', 292, 46, 4),
('H5', 293, 46, 5),
('H5', 294, 46, 6),
('H5', 295, 2, 1),
('H5', 296, 47, 1),
('H5', 297, 47, 2),
('H5', 298, 47, 3),
('H5', 299, 48, 1),
('H5', 300, 48, 2),
('H5', 303, 49, 1),
('H5', 304, 49, 2),
('H6', 1, 1, 0),
('H6', 2, 1, 1),
('H6', 3, 1, 2),
('H6', 4, 1, 3),
('H6', 5, 1, 4),
('H6', 6, 1, 5),
('H6', 7, 1, 6),
('H6', 8, 1, 7),
('H6', 9, 1, 8),
('H6', 10, 1, 9),
('H6', 11, 1, 10),
('H6', 12, 2, 0),
('H6', 13, 2, 1),
('H6', 14, 3, 0),
('H6', 15, 3, 1),
('H6', 16, 3, 2),
('H6', 17, 3, 3),
('H6', 18, 3, 4),
('H6', 19, 3, 5),
('H6', 20, 4, 0),
('H6', 21, 4, 1),
('H6', 22, 4, 2),
('H6', 23, 4, 3),
('H6', 24, 4, 4),
('H6', 25, 4, 5),
('H6', 26, 4, 6),
('H6', 27, 4, 7),
('H6', 28, 4, 8),
('H6', 29, 4, 9),
('H6', 30, 4, 10),
('H6', 31, 4, 11),
('H6', 32, 4, 12),
('H6', 33, 5, 0),
('H6', 34, 5, 1),
('H6', 35, 5, 2),
('H6', 36, 5, 3),
('H6', 37, 5, 4),
('H6', 38, 6, 0),
('H6', 39, 6, 1),
('H6', 40, 6, 2),
('H6', 41, 7, 0),
('H6', 42, 7, 1),
('H6', 43, 7, 2),
('H6', 44, 7, 3),
('H6', 45, 7, 4),
('H6', 46, 8, 0),
('H6', 47, 9, 0),
('H6', 48, 9, 1),
('H6', 49, 9, 2),
('H6', 50, 9, 3),
('H6', 51, 10, 0),
('H6', 52, 10, 1),
('H6', 53, 10, 2),
('H6', 54, 10, 3),
('H6', 55, 10, 4),
('H6', 56, 10, 5),
('H6', 57, 10, 6),
('H6', 58, 10, 7),
('H6', 59, 10, 8),
('H6', 60, 11, 0),
('H6', 61, 11, 1),
('H6', 62, 11, 2),
('H6', 63, 11, 3),
('H6', 64, 11, 4),
('H6', 65, 11, 5),
('H6', 66, 11, 6),
('H6', 67, 11, 7),
('H6', 68, 11, 8),
('H6', 69, 11, 9),
('H6', 70, 11, 10),
('H6', 71, 11, 11),
('H6', 72, 11, 12),
('H6', 73, 11, 13),
('H6', 74, 11, 14),
('H6', 75, 11, 15),
('H6', 76, 11, 16),
('H6', 77, 11, 17),
('H6', 78, 11, 18),
('H6', 79, 11, 19),
('H6', 80, 11, 20),
('H6', 81, 11, 21),
('H6', 82, 11, 22),
('H6', 83, 11, 23),
('H6', 84, 11, 24),
('H6', 85, 11, 25),
('H6', 86, 11, 26),
('H6', 87, 11, 27),
('H6', 88, 11, 28),
('H6', 89, 11, 29),
('H6', 90, 11, 30),
('H6', 91, 11, 31),
('H6', 92, 12, 0),
('H6', 93, 12, 1),
('H6', 94, 12, 2),
('H6', 95, 12, 3),
('H6', 96, 12, 4),
('H6', 97, 12, 5),
('H6', 98, 13, 0),
('H6', 99, 13, 1),
('H6', 100, 13, 2),
('H6', 101, 13, 3),
('H6', 102, 13, 4),
('H6', 103, 13, 5),
('H6', 104, 13, 6),
('H6', 105, 13, 7),
('H6', 106, 13, 8),
('H6', 107, 13, 9),
('H6', 108, 13, 10),
('H6', 109, 13, 11),
('H6', 110, 13, 12),
('H6', 111, 14, 0),
('H6', 112, 14, 1),
('H6', 113, 14, 2),
('H6', 114, 14, 3),
('H6', 115, 14, 4),
('H6', 116, 14, 5),
('H6', 117, 14, 6),
('H6', 118, 14, 7),
('H6', 119, 14, 8),
('H6', 120, 14, 9),
('H6', 121, 14, 10),
('H6', 122, 14, 11),
('H6', 123, 15, 0),
('H6', 124, 15, 1),
('H6', 125, 15, 2),
('H6', 126, 15, 3),
('H6', 127, 16, 0),
('H6', 128, 16, 1),
('H6', 129, 16, 2),
('H6', 130, 17, 0),
('H6', 131, 17, 1),
('H6', 132, 17, 2),
('H6', 133, 17, 3),
('H6', 134, 17, 4),
('H6', 135, 18, 0),
('H6', 136, 18, 1),
('H6', 137, 18, 2),
('H6', 138, 18, 3),
('H6', 139, 19, 0),
('H6', 140, 19, 1),
('H6', 141, 19, 2),
('H6', 142, 19, 3),
('H6', 143, 19, 4),
('H6', 144, 20, 0),
('H6', 145, 20, 1),
('H6', 146, 20, 2),
('H6', 147, 20, 3),
('H6', 148, 20, 4),
('H6', 149, 20, 5),
('H6', 150, 21, 0),
('H6', 151, 21, 1),
('H6', 152, 21, 2),
('H6', 153, 21, 3),
('H6', 154, 21, 4),
('H6', 155, 21, 5),
('H6', 156, 21, 6),
('H6', 157, 21, 7),
('H6', 158, 21, 8),
('H6', 159, 21, 9),
('H6', 160, 22, 0),
('H6', 161, 22, 1),
('H6', 162, 22, 2),
('H6', 163, 22, 3),
('H6', 164, 22, 4),
('H6', 165, 22, 5),
('H6', 166, 23, 0),
('H6', 167, 23, 1),
('H6', 168, 23, 2),
('H6', 169, 23, 3),
('H6', 170, 24, 0),
('H6', 171, 24, 1),
('H6', 172, 24, 2),
('H6', 173, 25, 0),
('H6', 174, 25, 1),
('H6', 175, 25, 2),
('H6', 176, 25, 3),
('H6', 177, 25, 4),
('H6', 178, 25, 5),
('H6', 179, 26, 0),
('H6', 180, 26, 1),
('H6', 181, 26, 2),
('H6', 182, 27, 0),
('H6', 183, 27, 1),
('H6', 184, 27, 2),
('H6', 185, 27, 3),
('H6', 186, 28, 0),
('H6', 187, 28, 1),
('H6', 188, 28, 2),
('H6', 189, 28, 3),
('H6', 190, 29, 0),
('H6', 191, 29, 1),
('H6', 192, 29, 2),
('H6', 193, 29, 3),
('H6', 194, 30, 0),
('H6', 195, 30, 1),
('H6', 196, 30, 2),
('H6', 197, 30, 3),
('H6', 198, 30, 4),
('H6', 199, 30, 5),
('H6', 200, 30, 6),
('H6', 201, 30, 7),
('H6', 202, 30, 8),
('H6', 203, 30, 9),
('H6', 204, 30, 10),
('H6', 205, 30, 11),
('H6', 206, 30, 12),
('H6', 207, 30, 13),
('H6', 208, 30, 14),
('H6', 209, 30, 15),
('H6', 210, 31, 1),
('H6', 211, 31, 2),
('H6', 212, 31, 3),
('H6', 213, 31, 4),
('H6', 214, 32, 1),
('H6', 215, 32, 2),
('H6', 216, 32, 3),
('H6', 217, 32, 4),
('H6', 218, 32, 5),
('H6', 219, 32, 6),
('H6', 220, 33, 1),
('H6', 221, 33, 2),
('H6', 222, 33, 3),
('H6', 223, 34, 1),
('H6', 224, 34, 2),
('H6', 225, 34, 3),
('H6', 226, 35, 1),
('H6', 227, 35, 2),
('H6', 228, 35, 3),
('H6', 229, 36, 1),
('H6', 230, 36, 2),
('H6', 231, 36, 3),
('H6', 232, 36, 4),
('H6', 233, 36, 5),
('H6', 234, 36, 6),
('H6', 235, 37, 1),
('H6', 236, 37, 2),
('H6', 237, 38, 1),
('H6', 238, 38, 2),
('H6', 239, 38, 3),
('H6', 240, 38, 4),
('H6', 241, 39, 1),
('H6', 242, 39, 2),
('H6', 243, 39, 3),
('H6', 244, 39, 4),
('H6', 245, 40, 1),
('H6', 246, 40, 2),
('H6', 247, 40, 3),
('H6', 248, 40, 4),
('H6', 249, 41, 1),
('H6', 250, 41, 2),
('H6', 251, 41, 3),
('H6', 252, 41, 4),
('H6', 253, 41, 5),
('H6', 254, 41, 6),
('H6', 255, 41, 7),
('H6', 256, 41, 8),
('H6', 257, 41, 9),
('H6', 258, 41, 10),
('H6', 259, 41, 11),
('H6', 260, 42, 1),
('H6', 261, 42, 2),
('H6', 262, 42, 3),
('H6', 263, 42, 4),
('H6', 264, 42, 5),
('H6', 265, 42, 6),
('H6', 266, 42, 7),
('H6', 267, 42, 8),
('H6', 268, 42, 9),
('H6', 269, 43, 1),
('H6', 270, 43, 2),
('H6', 271, 43, 3),
('H6', 272, 43, 4),
('H6', 273, 44, 1),
('H6', 274, 44, 2),
('H6', 275, 44, 3),
('H6', 276, 44, 4),
('H6', 277, 45, 1),
('H6', 278, 45, 2),
('H6', 279, 45, 3),
('H6', 280, 45, 4),
('H6', 281, 45, 5),
('H6', 282, 45, 6),
('H6', 283, 45, 7),
('H6', 284, 45, 8),
('H6', 285, 45, 9),
('H6', 286, 45, 10),
('H6', 287, 45, 11),
('H6', 288, 12, 1),
('H6', 289, 46, 1),
('H6', 290, 46, 2),
('H6', 291, 46, 3),
('H6', 292, 46, 4),
('H6', 293, 46, 5),
('H6', 294, 46, 6),
('H6', 295, 2, 1),
('H6', 296, 47, 1),
('H6', 297, 47, 2),
('H6', 298, 47, 3),
('H6', 299, 48, 1),
('H6', 300, 48, 2),
('H6', 303, 49, 1),
('H6', 304, 49, 2);

-- --------------------------------------------------------

--
-- Table structure for table `vtiger_role2profile`
--

CREATE TABLE `vtiger_role2profile` (
  `roleid` varchar(255) NOT NULL,
  `profileid` int(11) NOT NULL
) ENGINE=InnoDB DEFAULT CHARSET=utf8;

--
-- Dumping data for table `vtiger_role2profile`
--

INSERT INTO `vtiger_role2profile` (`roleid`, `profileid`) VALUES
('H2', 1),
('H3', 2),
('H4', 2),
('H5', 2),
('H6', 5);

-- --------------------------------------------------------

--
-- Table structure for table `vtiger_role_seq`
--

CREATE TABLE `vtiger_role_seq` (
  `id` int(11) NOT NULL
) ENGINE=InnoDB DEFAULT CHARSET=utf8;

--
-- Dumping data for table `vtiger_role_seq`
--

INSERT INTO `vtiger_role_seq` (`id`) VALUES
(6);

-- --------------------------------------------------------

--
-- Table structure for table `vtiger_rollupcomments_settings`
--

CREATE TABLE `vtiger_rollupcomments_settings` (
  `rollupid` int(19) NOT NULL,
  `userid` int(19) NOT NULL,
  `tabid` int(19) NOT NULL,
  `rollup_status` int(2) NOT NULL DEFAULT 0
) ENGINE=InnoDB DEFAULT CHARSET=utf8;

-- --------------------------------------------------------

--
-- Table structure for table `vtiger_rowheight`
--

CREATE TABLE `vtiger_rowheight` (
  `rowheightid` int(11) NOT NULL,
  `rowheight` varchar(200) NOT NULL,
  `sortorderid` int(11) DEFAULT NULL,
  `presence` int(11) NOT NULL DEFAULT 1
) ENGINE=InnoDB DEFAULT CHARSET=utf8;

--
-- Dumping data for table `vtiger_rowheight`
--

INSERT INTO `vtiger_rowheight` (`rowheightid`, `rowheight`, `sortorderid`, `presence`) VALUES
(1, 'wide', 0, 1),
(2, 'medium', 1, 1),
(3, 'narrow', 2, 1);

-- --------------------------------------------------------

--
-- Table structure for table `vtiger_rowheight_seq`
--

CREATE TABLE `vtiger_rowheight_seq` (
  `id` int(11) NOT NULL
) ENGINE=InnoDB DEFAULT CHARSET=utf8;

--
-- Dumping data for table `vtiger_rowheight_seq`
--

INSERT INTO `vtiger_rowheight_seq` (`id`) VALUES
(3);

-- --------------------------------------------------------

--
-- Table structure for table `vtiger_rss`
--

CREATE TABLE `vtiger_rss` (
  `rssid` int(19) NOT NULL,
  `rssurl` varchar(200) NOT NULL DEFAULT '',
  `rsstitle` varchar(200) DEFAULT NULL,
  `rsstype` int(10) DEFAULT 0,
  `starred` int(1) DEFAULT 0
) ENGINE=InnoDB DEFAULT CHARSET=utf8;

-- --------------------------------------------------------

--
-- Table structure for table `vtiger_salesmanactivityrel`
--

CREATE TABLE `vtiger_salesmanactivityrel` (
  `smid` int(19) NOT NULL DEFAULT 0,
  `activityid` int(19) NOT NULL DEFAULT 0
) ENGINE=InnoDB DEFAULT CHARSET=utf8;

--
-- Dumping data for table `vtiger_salesmanactivityrel`
--

INSERT INTO `vtiger_salesmanactivityrel` (`smid`, `activityid`) VALUES
(1, 68),
(1, 69),
(1, 70),
(1, 71),
(1, 72),
(1, 73),
(1, 108),
(1, 109),
(1, 110),
(1, 221);

-- --------------------------------------------------------

--
-- Table structure for table `vtiger_salesmanattachmentsrel`
--

CREATE TABLE `vtiger_salesmanattachmentsrel` (
  `smid` int(19) NOT NULL DEFAULT 0,
  `attachmentsid` int(19) NOT NULL DEFAULT 0
) ENGINE=InnoDB DEFAULT CHARSET=utf8;

-- --------------------------------------------------------

--
-- Table structure for table `vtiger_salesmanticketrel`
--

CREATE TABLE `vtiger_salesmanticketrel` (
  `smid` int(19) NOT NULL DEFAULT 0,
  `id` int(19) NOT NULL DEFAULT 0
) ENGINE=InnoDB DEFAULT CHARSET=utf8;

-- --------------------------------------------------------

--
-- Table structure for table `vtiger_salesorder`
--

CREATE TABLE `vtiger_salesorder` (
  `salesorderid` int(19) NOT NULL DEFAULT 0,
  `subject` varchar(100) DEFAULT NULL,
  `potentialid` int(19) DEFAULT NULL,
  `customerno` varchar(100) DEFAULT NULL,
  `salesorder_no` varchar(100) DEFAULT NULL,
  `quoteid` int(19) DEFAULT NULL,
  `vendorterms` varchar(100) DEFAULT NULL,
  `contactid` int(19) DEFAULT NULL,
  `vendorid` int(19) DEFAULT NULL,
  `duedate` date DEFAULT NULL,
  `carrier` varchar(200) DEFAULT NULL,
  `pending` varchar(200) DEFAULT NULL,
  `type` varchar(100) DEFAULT NULL,
  `adjustment` decimal(25,8) DEFAULT NULL,
  `salescommission` decimal(25,3) DEFAULT NULL,
  `exciseduty` decimal(25,3) DEFAULT NULL,
  `total` decimal(25,8) DEFAULT NULL,
  `subtotal` decimal(25,8) DEFAULT NULL,
  `taxtype` varchar(25) DEFAULT NULL,
  `discount_percent` decimal(25,3) DEFAULT NULL,
  `discount_amount` decimal(25,8) DEFAULT NULL,
  `s_h_amount` decimal(25,8) DEFAULT NULL,
  `accountid` int(19) DEFAULT NULL,
  `terms_conditions` text DEFAULT NULL,
  `purchaseorder` varchar(200) DEFAULT NULL,
  `sostatus` varchar(200) DEFAULT NULL,
  `currency_id` int(19) NOT NULL DEFAULT 1,
  `conversion_rate` decimal(10,3) NOT NULL DEFAULT 1.000,
  `enable_recurring` int(11) DEFAULT 0,
  `compound_taxes_info` text DEFAULT NULL,
  `pre_tax_total` decimal(25,8) DEFAULT NULL,
  `s_h_percent` int(11) DEFAULT NULL,
  `tags` varchar(1) DEFAULT NULL,
  `region_id` int(19) DEFAULT NULL
) ENGINE=InnoDB DEFAULT CHARSET=utf8;

-- --------------------------------------------------------

--
-- Table structure for table `vtiger_salesordercf`
--

CREATE TABLE `vtiger_salesordercf` (
  `salesorderid` int(19) NOT NULL DEFAULT 0
) ENGINE=InnoDB DEFAULT CHARSET=utf8;

-- --------------------------------------------------------

--
-- Table structure for table `vtiger_sales_stage`
--

CREATE TABLE `vtiger_sales_stage` (
  `sales_stage_id` int(19) NOT NULL,
  `sales_stage` varchar(200) DEFAULT NULL,
  `presence` int(1) NOT NULL DEFAULT 1,
  `picklist_valueid` int(19) NOT NULL DEFAULT 0,
  `sortorderid` int(11) DEFAULT NULL,
  `color` varchar(10) DEFAULT NULL
) ENGINE=InnoDB DEFAULT CHARSET=utf8;

--
-- Dumping data for table `vtiger_sales_stage`
--

INSERT INTO `vtiger_sales_stage` (`sales_stage_id`, `sales_stage`, `presence`, `picklist_valueid`, `sortorderid`, `color`) VALUES
(1, 'Prospecting', 1, 150, 0, NULL),
(2, 'Qualification', 1, 151, 1, NULL),
(3, 'Needs Analysis', 1, 152, 2, NULL),
(4, 'Value Proposition', 1, 153, 3, NULL),
(5, 'Id. Decision Makers', 1, 154, 4, NULL),
(6, 'Perception Analysis', 1, 155, 5, NULL),
(7, 'Proposal or Price Quote', 1, 156, 6, NULL),
(8, 'Negotiation or Review', 1, 157, 7, NULL),
(9, 'Closed Won', 0, 158, 8, NULL),
(10, 'Closed Lost', 0, 159, 9, NULL);

-- --------------------------------------------------------

--
-- Table structure for table `vtiger_sales_stage_seq`
--

CREATE TABLE `vtiger_sales_stage_seq` (
  `id` int(11) NOT NULL
) ENGINE=InnoDB DEFAULT CHARSET=utf8;

--
-- Dumping data for table `vtiger_sales_stage_seq`
--

INSERT INTO `vtiger_sales_stage_seq` (`id`) VALUES
(10);

-- --------------------------------------------------------

--
-- Table structure for table `vtiger_salutationtype`
--

CREATE TABLE `vtiger_salutationtype` (
  `salutationid` int(19) NOT NULL,
  `salutationtype` varchar(200) NOT NULL,
  `presence` int(1) NOT NULL DEFAULT 1,
  `picklist_valueid` int(19) NOT NULL DEFAULT 0,
  `sortorderid` int(11) DEFAULT NULL,
  `color` varchar(10) DEFAULT NULL
) ENGINE=InnoDB DEFAULT CHARSET=utf8;

--
-- Dumping data for table `vtiger_salutationtype`
--

INSERT INTO `vtiger_salutationtype` (`salutationid`, `salutationtype`, `presence`, `picklist_valueid`, `sortorderid`, `color`) VALUES
(2, 'Mr.', 1, 161, 1, NULL),
(3, 'Ms.', 1, 162, 2, NULL),
(4, 'Mrs.', 1, 163, 3, NULL),
(5, 'Dr.', 1, 164, 4, NULL),
(6, 'Prof.', 1, 165, 5, NULL);

-- --------------------------------------------------------

--
-- Table structure for table `vtiger_salutationtype_seq`
--

CREATE TABLE `vtiger_salutationtype_seq` (
  `id` int(11) NOT NULL
) ENGINE=InnoDB DEFAULT CHARSET=utf8;

--
-- Dumping data for table `vtiger_salutationtype_seq`
--

INSERT INTO `vtiger_salutationtype_seq` (`id`) VALUES
(6);

-- --------------------------------------------------------

--
-- Table structure for table `vtiger_scheduled_reports`
--

CREATE TABLE `vtiger_scheduled_reports` (
  `reportid` int(11) NOT NULL,
  `recipients` text DEFAULT NULL,
  `schedule` text DEFAULT NULL,
  `format` varchar(10) DEFAULT NULL,
  `next_trigger_time` timestamp NOT NULL DEFAULT current_timestamp() ON UPDATE current_timestamp()
) ENGINE=InnoDB DEFAULT CHARSET=utf8;

-- --------------------------------------------------------

--
-- Table structure for table `vtiger_schedulereports`
--

CREATE TABLE `vtiger_schedulereports` (
  `reportid` int(10) DEFAULT NULL,
  `scheduleid` int(3) DEFAULT NULL,
  `recipients` text DEFAULT NULL,
  `schdate` varchar(20) DEFAULT NULL,
  `schtime` time DEFAULT NULL,
  `schdayoftheweek` varchar(100) DEFAULT NULL,
  `schdayofthemonth` varchar(100) DEFAULT NULL,
  `schannualdates` varchar(500) DEFAULT NULL,
  `specificemails` varchar(500) DEFAULT NULL,
  `next_trigger_time` timestamp NOT NULL DEFAULT current_timestamp(),
  `fileformat` varchar(10) DEFAULT 'CSV'
) ENGINE=InnoDB DEFAULT CHARSET=utf8;

-- --------------------------------------------------------

--
-- Table structure for table `vtiger_seactivityrel`
--

CREATE TABLE `vtiger_seactivityrel` (
  `crmid` int(19) NOT NULL,
  `activityid` int(19) NOT NULL
) ENGINE=InnoDB DEFAULT CHARSET=utf8;

--
-- Dumping data for table `vtiger_seactivityrel`
--

INSERT INTO `vtiger_seactivityrel` (`crmid`, `activityid`) VALUES
(3, 5),
(3, 6),
(65, 68),
(65, 69),
(65, 70),
(65, 71),
(65, 72),
(65, 73),
(107, 108),
(107, 109),
(107, 110),
(113, 114),
(125, 126),
(125, 127),
(128, 129),
(130, 131),
(130, 133),
(213, 214),
(215, 216),
(215, 217),
(215, 218),
(215, 219),
(215, 220);

-- --------------------------------------------------------

--
-- Table structure for table `vtiger_seactivityrel_seq`
--

CREATE TABLE `vtiger_seactivityrel_seq` (
  `id` int(11) NOT NULL
) ENGINE=InnoDB DEFAULT CHARSET=utf8;

--
-- Dumping data for table `vtiger_seactivityrel_seq`
--

INSERT INTO `vtiger_seactivityrel_seq` (`id`) VALUES
(1);

-- --------------------------------------------------------

--
-- Table structure for table `vtiger_seattachmentsrel`
--

CREATE TABLE `vtiger_seattachmentsrel` (
  `crmid` int(19) NOT NULL DEFAULT 0,
  `attachmentsid` int(19) NOT NULL DEFAULT 0
) ENGINE=InnoDB DEFAULT CHARSET=utf8;

--
-- Dumping data for table `vtiger_seattachmentsrel`
--

INSERT INTO `vtiger_seattachmentsrel` (`crmid`, `attachmentsid`) VALUES
(11, 12);

-- --------------------------------------------------------

--
-- Table structure for table `vtiger_selectcolumn`
--

CREATE TABLE `vtiger_selectcolumn` (
  `queryid` int(19) NOT NULL,
  `columnindex` int(11) NOT NULL DEFAULT 0,
  `columnname` varchar(250) DEFAULT ''
) ENGINE=InnoDB DEFAULT CHARSET=utf8;

--
-- Dumping data for table `vtiger_selectcolumn`
--

INSERT INTO `vtiger_selectcolumn` (`queryid`, `columnindex`, `columnname`) VALUES
(1, 0, 'vtiger_contactdetails:firstname:Contacts_First_Name:firstname:V'),
(1, 1, 'vtiger_contactdetails:lastname:Contacts_Last_Name:lastname:V'),
(1, 2, 'vtiger_contactsubdetails:leadsource:Contacts_Lead_Source:leadsource:V'),
(1, 3, 'vtiger_contactdetails:accountid:Contacts_Account_Name:account_id:V'),
(1, 4, 'vtiger_account:industry:Accounts_industry:industry:V'),
(1, 5, 'vtiger_contactdetails:email:Contacts_Email:email:E'),
(2, 0, 'vtiger_contactdetails:firstname:Contacts_First_Name:firstname:V'),
(2, 1, 'vtiger_contactdetails:lastname:Contacts_Last_Name:lastname:V'),
(2, 2, 'vtiger_contactsubdetails:leadsource:Contacts_Lead_Source:leadsource:V'),
(2, 3, 'vtiger_contactdetails:accountid:Contacts_Account_Name:account_id:V'),
(2, 4, 'vtiger_account:industry:Accounts_industry:industry:V'),
(2, 5, 'vtiger_contactdetails:email:Contacts_Email:email:E'),
(3, 0, 'vtiger_contactdetails:firstname:Contacts_First_Name:firstname:V'),
(3, 1, 'vtiger_contactdetails:lastname:Contacts_Last_Name:lastname:V'),
(3, 2, 'vtiger_contactdetails:accountid:Contacts_Account_Name:account_id:V'),
(3, 3, 'vtiger_contactdetails:email:Contacts_Email:email:E'),
(3, 4, 'vtiger_potential:potentialname:Potentials_Potential_Name:potentialname:V'),
(3, 5, 'vtiger_potential:sales_stage:Potentials_Sales_Stage:sales_stage:V'),
(4, 0, 'vtiger_leaddetails:firstname:Leads_First_Name:firstname:V'),
(4, 1, 'vtiger_leaddetails:lastname:Leads_Last_Name:lastname:V'),
(4, 2, 'vtiger_leaddetails:company:Leads_Company:company:V'),
(4, 3, 'vtiger_leaddetails:email:Leads_Email:email:E'),
(4, 4, 'vtiger_leaddetails:leadsource:Leads_Lead_Source:leadsource:V'),
(5, 0, 'vtiger_leaddetails:firstname:Leads_First_Name:firstname:V'),
(5, 1, 'vtiger_leaddetails:lastname:Leads_Last_Name:lastname:V'),
(5, 2, 'vtiger_leaddetails:company:Leads_Company:company:V'),
(5, 3, 'vtiger_leaddetails:email:Leads_Email:email:E'),
(5, 4, 'vtiger_leaddetails:leadsource:Leads_Lead_Source:leadsource:V'),
(5, 5, 'vtiger_leaddetails:leadstatus:Leads_Lead_Status:leadstatus:V'),
(6, 0, 'vtiger_potential:potentialname:Potentials_Potential_Name:potentialname:V'),
(6, 1, 'vtiger_potential:amount:Potentials_Amount:amount:N'),
(6, 2, 'vtiger_potential:potentialtype:Potentials_Type:opportunity_type:V'),
(6, 3, 'vtiger_potential:leadsource:Potentials_Lead_Source:leadsource:V'),
(6, 4, 'vtiger_potential:sales_stage:Potentials_Sales_Stage:sales_stage:V'),
(7, 0, 'vtiger_potential:potentialname:Potentials_Potential_Name:potentialname:V'),
(7, 1, 'vtiger_potential:amount:Potentials_Amount:amount:N'),
(7, 2, 'vtiger_potential:potentialtype:Potentials_Type:opportunity_type:V'),
(7, 3, 'vtiger_potential:leadsource:Potentials_Lead_Source:leadsource:V'),
(7, 4, 'vtiger_potential:sales_stage:Potentials_Sales_Stage:sales_stage:V'),
(8, 0, 'vtiger_activity:subject:Calendar_Subject:subject:V'),
(8, 1, 'vtiger_contactdetailsCalendar:lastname:Calendar_Contact_Name:contact_id:I'),
(8, 2, 'vtiger_activity:status:Calendar_Status:taskstatus:V'),
(8, 3, 'vtiger_activity:priority:Calendar_Priority:taskpriority:V'),
(8, 4, 'vtiger_usersCalendar:user_name:Calendar_Assigned_To:assigned_user_id:V'),
(9, 0, 'vtiger_activity:subject:Calendar_Subject:subject:V'),
(9, 1, 'vtiger_contactdetailsCalendar:lastname:Calendar_Contact_Name:contact_id:I'),
(9, 2, 'vtiger_activity:status:Calendar_Status:taskstatus:V'),
(9, 3, 'vtiger_activity:priority:Calendar_Priority:taskpriority:V'),
(9, 4, 'vtiger_usersCalendar:user_name:Calendar_Assigned_To:assigned_user_id:V'),
(10, 0, 'vtiger_troubletickets:title:HelpDesk_Title:ticket_title:V'),
(10, 1, 'vtiger_troubletickets:status:HelpDesk_Status:ticketstatus:V'),
(10, 2, 'vtiger_products:productname:Products_Product_Name:productname:V'),
(10, 3, 'vtiger_products:discontinued:Products_Product_Active:discontinued:V'),
(10, 4, 'vtiger_products:productcategory:Products_Product_Category:productcategory:V'),
(10, 5, 'vtiger_products:manufacturer:Products_Manufacturer:manufacturer:V'),
(11, 0, 'vtiger_troubletickets:title:HelpDesk_Title:ticket_title:V'),
(11, 1, 'vtiger_troubletickets:priority:HelpDesk_Priority:ticketpriorities:V'),
(11, 2, 'vtiger_troubletickets:severity:HelpDesk_Severity:ticketseverities:V'),
(11, 3, 'vtiger_troubletickets:status:HelpDesk_Status:ticketstatus:V'),
(11, 4, 'vtiger_troubletickets:category:HelpDesk_Category:ticketcategories:V'),
(11, 5, 'vtiger_usersHelpDesk:user_name:HelpDesk_Assigned_To:assigned_user_id:V'),
(12, 0, 'vtiger_troubletickets:title:HelpDesk_Title:ticket_title:V'),
(12, 1, 'vtiger_troubletickets:priority:HelpDesk_Priority:ticketpriorities:V'),
(12, 2, 'vtiger_troubletickets:severity:HelpDesk_Severity:ticketseverities:V'),
(12, 3, 'vtiger_troubletickets:status:HelpDesk_Status:ticketstatus:V'),
(12, 4, 'vtiger_troubletickets:category:HelpDesk_Category:ticketcategories:V'),
(12, 5, 'vtiger_usersHelpDesk:user_name:HelpDesk_Assigned_To:assigned_user_id:V'),
(13, 0, 'vtiger_products:productname:Products_Product_Name:productname:V'),
(13, 1, 'vtiger_products:productcode:Products_Product_Code:productcode:V'),
(13, 2, 'vtiger_products:discontinued:Products_Product_Active:discontinued:V'),
(13, 3, 'vtiger_products:productcategory:Products_Product_Category:productcategory:V'),
(13, 4, 'vtiger_products:website:Products_Website:website:V'),
(13, 5, 'vtiger_vendorRelProducts:vendorname:Products_Vendor_Name:vendor_id:I'),
(13, 6, 'vtiger_products:mfr_part_no:Products_Mfr_PartNo:mfr_part_no:V'),
(14, 0, 'vtiger_products:productname:Products_Product_Name:productname:V'),
(14, 1, 'vtiger_products:manufacturer:Products_Manufacturer:manufacturer:V'),
(14, 2, 'vtiger_products:productcategory:Products_Product_Category:productcategory:V'),
(14, 3, 'vtiger_contactdetails:firstname:Contacts_First_Name:firstname:V'),
(14, 4, 'vtiger_contactdetails:lastname:Contacts_Last_Name:lastname:V'),
(14, 5, 'vtiger_contactsubdetails:leadsource:Contacts_Lead_Source:leadsource:V'),
(15, 0, 'vtiger_quotes:subject:Quotes_Subject:subject:V'),
(15, 1, 'vtiger_potentialRelQuotes:potentialname:Quotes_Potential_Name:potential_id:I'),
(15, 2, 'vtiger_quotes:quotestage:Quotes_Quote_Stage:quotestage:V'),
(15, 3, 'vtiger_quotes:contactid:Quotes_Contact_Name:contact_id:V'),
(15, 4, 'vtiger_usersRel1:user_name:Quotes_Inventory_Manager:assigned_user_id1:I'),
(15, 5, 'vtiger_accountQuotes:accountname:Quotes_Account_Name:account_id:I'),
(16, 0, 'vtiger_quotes:subject:Quotes_Subject:subject:V'),
(16, 1, 'vtiger_potentialRelQuotes:potentialname:Quotes_Potential_Name:potential_id:I'),
(16, 2, 'vtiger_quotes:quotestage:Quotes_Quote_Stage:quotestage:V'),
(16, 3, 'vtiger_quotes:contactid:Quotes_Contact_Name:contact_id:V'),
(16, 4, 'vtiger_usersRel1:user_name:Quotes_Inventory_Manager:assigned_user_id1:I'),
(16, 5, 'vtiger_accountQuotes:accountname:Quotes_Account_Name:account_id:I'),
(16, 6, 'vtiger_quotes:carrier:Quotes_Carrier:carrier:V'),
(16, 7, 'vtiger_quotes:shipping:Quotes_Shipping:shipping:V'),
(17, 0, 'vtiger_purchaseorder:subject:PurchaseOrder_Subject:subject:V'),
(17, 1, 'vtiger_vendorRelPurchaseOrder:vendorname:PurchaseOrder_Vendor_Name:vendor_id:I'),
(17, 2, 'vtiger_purchaseorder:tracking_no:PurchaseOrder_Tracking_Number:tracking_no:V'),
(17, 3, 'vtiger_contactdetails:firstname:Contacts_First_Name:firstname:V'),
(17, 4, 'vtiger_contactdetails:lastname:Contacts_Last_Name:lastname:V'),
(17, 5, 'vtiger_contactsubdetails:leadsource:Contacts_Lead_Source:leadsource:V'),
(17, 6, 'vtiger_contactdetails:email:Contacts_Email:email:E'),
(18, 0, 'vtiger_purchaseorder:subject:PurchaseOrder_Subject:subject:V'),
(18, 1, 'vtiger_vendorRelPurchaseOrder:vendorname:PurchaseOrder_Vendor_Name:vendor_id:I'),
(18, 2, 'vtiger_purchaseorder:requisition_no:PurchaseOrder_Requisition_No:requisition_no:V'),
(18, 3, 'vtiger_purchaseorder:tracking_no:PurchaseOrder_Tracking_Number:tracking_no:V'),
(18, 4, 'vtiger_contactdetailsPurchaseOrder:lastname:PurchaseOrder_Contact_Name:contact_id:I'),
(18, 5, 'vtiger_purchaseorder:carrier:PurchaseOrder_Carrier:carrier:V'),
(18, 6, 'vtiger_purchaseorder:salescommission:PurchaseOrder_Sales_Commission:salescommission:N'),
(18, 7, 'vtiger_purchaseorder:exciseduty:PurchaseOrder_Excise_Duty:exciseduty:N'),
(18, 8, 'vtiger_usersPurchaseOrder:user_name:PurchaseOrder_Assigned_To:assigned_user_id:V'),
(19, 0, 'vtiger_invoice:subject:Invoice_Subject:subject:V'),
(19, 1, 'vtiger_invoice:salesorderid:Invoice_Sales_Order:salesorder_id:I'),
(19, 2, 'vtiger_invoice:customerno:Invoice_Customer_No:customerno:V'),
(19, 3, 'vtiger_invoice:exciseduty:Invoice_Excise_Duty:exciseduty:N'),
(19, 4, 'vtiger_invoice:salescommission:Invoice_Sales_Commission:salescommission:N'),
(19, 5, 'vtiger_accountInvoice:accountname:Invoice_Account_Name:account_id:I'),
(20, 0, 'vtiger_salesorder:subject:SalesOrder_Subject:subject:V'),
(20, 1, 'vtiger_quotesSalesOrder:subject:SalesOrder_Quote_Name:quote_id:I'),
(20, 2, 'vtiger_contactdetailsSalesOrder:lastname:SalesOrder_Contact_Name:contact_id:I'),
(20, 3, 'vtiger_salesorder:duedate:SalesOrder_Due_Date:duedate:D'),
(20, 4, 'vtiger_salesorder:carrier:SalesOrder_Carrier:carrier:V'),
(20, 5, 'vtiger_salesorder:sostatus:SalesOrder_Status:sostatus:V'),
(20, 6, 'vtiger_accountSalesOrder:accountname:SalesOrder_Account_Name:account_id:I'),
(20, 7, 'vtiger_salesorder:salescommission:SalesOrder_Sales_Commission:salescommission:N'),
(20, 8, 'vtiger_salesorder:exciseduty:SalesOrder_Excise_Duty:exciseduty:N'),
(20, 9, 'vtiger_usersSalesOrder:user_name:SalesOrder_Assigned_To:assigned_user_id:V'),
(21, 0, 'vtiger_campaign:campaignname:Campaigns_Campaign_Name:campaignname:V'),
(21, 1, 'vtiger_campaign:campaigntype:Campaigns_Campaign_Type:campaigntype:V'),
(21, 2, 'vtiger_campaign:targetaudience:Campaigns_Target_Audience:targetaudience:V'),
(21, 3, 'vtiger_campaign:budgetcost:Campaigns_Budget_Cost:budgetcost:I'),
(21, 4, 'vtiger_campaign:actualcost:Campaigns_Actual_Cost:actualcost:I'),
(21, 5, 'vtiger_campaign:expectedrevenue:Campaigns_Expected_Revenue:expectedrevenue:I'),
(21, 6, 'vtiger_campaign:expectedsalescount:Campaigns_Expected_Sales_Count:expectedsalescount:N'),
(21, 7, 'vtiger_campaign:actualsalescount:Campaigns_Actual_Sales_Count:actualsalescount:N'),
(21, 8, 'vtiger_usersCampaigns:user_name:Campaigns_Assigned_To:assigned_user_id:V'),
(22, 0, 'vtiger_contactdetails:lastname:Contacts_Last_Name:lastname:V'),
(22, 1, 'vtiger_contactdetails:email:Contacts_Email:email:E'),
(22, 2, 'vtiger_activity:subject:Emails_Subject:subject:V'),
(22, 3, 'vtiger_email_track:access_count:Emails_Access_Count:access_count:I'),
(23, 0, 'vtiger_account:accountname:Accounts_Account_Name:accountname:V'),
(23, 1, 'vtiger_account:phone:Accounts_Phone:phone:V'),
(23, 2, 'vtiger_account:email1:Accounts_Email:email1:E'),
(23, 3, 'vtiger_activity:subject:Emails_Subject:subject:V'),
(23, 4, 'vtiger_email_track:access_count:Emails_Access_Count:access_count:I'),
(24, 0, 'vtiger_leaddetails:lastname:Leads_Last_Name:lastname:V'),
(24, 1, 'vtiger_leaddetails:company:Leads_Company:company:V'),
(24, 2, 'vtiger_leaddetails:email:Leads_Email:email:E'),
(24, 3, 'vtiger_activity:subject:Emails_Subject:subject:V'),
(24, 4, 'vtiger_email_track:access_count:Emails_Access_Count:access_count:I'),
(25, 0, 'vtiger_vendor:vendorname:Vendors_Vendor_Name:vendorname:V'),
(25, 1, 'vtiger_vendor:glacct:Vendors_GL_Account:glacct:V'),
(25, 2, 'vtiger_vendor:email:Vendors_Email:email:E'),
(25, 3, 'vtiger_activity:subject:Emails_Subject:subject:V'),
(25, 4, 'vtiger_email_track:access_count:Emails_Access_Count:access_count:I');

-- --------------------------------------------------------

--
-- Table structure for table `vtiger_selectquery`
--

CREATE TABLE `vtiger_selectquery` (
  `queryid` int(19) NOT NULL,
  `startindex` int(19) DEFAULT 0,
  `numofobjects` int(19) DEFAULT 0
) ENGINE=InnoDB DEFAULT CHARSET=utf8;

--
-- Dumping data for table `vtiger_selectquery`
--

INSERT INTO `vtiger_selectquery` (`queryid`, `startindex`, `numofobjects`) VALUES
(1, 0, 0),
(2, 0, 0),
(3, 0, 0),
(4, 0, 0),
(5, 0, 0),
(6, 0, 0),
(7, 0, 0),
(8, 0, 0),
(9, 0, 0),
(10, 0, 0),
(11, 0, 0),
(12, 0, 0),
(13, 0, 0),
(14, 0, 0),
(15, 0, 0),
(16, 0, 0),
(17, 0, 0),
(18, 0, 0),
(19, 0, 0),
(20, 0, 0),
(21, 0, 0),
(22, 0, 0),
(23, 0, 0),
(24, 0, 0),
(25, 0, 0);

-- --------------------------------------------------------

--
-- Table structure for table `vtiger_selectquery_seq`
--

CREATE TABLE `vtiger_selectquery_seq` (
  `id` int(11) NOT NULL
) ENGINE=InnoDB DEFAULT CHARSET=utf8;

--
-- Dumping data for table `vtiger_selectquery_seq`
--

INSERT INTO `vtiger_selectquery_seq` (`id`) VALUES
(25);

-- --------------------------------------------------------

--
-- Table structure for table `vtiger_senotesrel`
--

CREATE TABLE `vtiger_senotesrel` (
  `crmid` int(19) NOT NULL DEFAULT 0,
  `notesid` int(19) NOT NULL DEFAULT 0
) ENGINE=InnoDB DEFAULT CHARSET=utf8;

--
-- Dumping data for table `vtiger_senotesrel`
--

INSERT INTO `vtiger_senotesrel` (`crmid`, `notesid`) VALUES
(97, 98),
(99, 100),
(101, 102),
(103, 104),
(105, 106);

-- --------------------------------------------------------

--
-- Table structure for table `vtiger_seproductsrel`
--

CREATE TABLE `vtiger_seproductsrel` (
  `crmid` int(19) NOT NULL DEFAULT 0,
  `productid` int(19) NOT NULL DEFAULT 0,
  `setype` varchar(30) NOT NULL,
  `quantity` int(19) DEFAULT 1
) ENGINE=InnoDB DEFAULT CHARSET=utf8;

-- --------------------------------------------------------

--
-- Table structure for table `vtiger_service`
--

CREATE TABLE `vtiger_service` (
  `serviceid` int(11) NOT NULL,
  `service_no` varchar(100) NOT NULL,
  `servicename` varchar(50) NOT NULL,
  `servicecategory` varchar(200) DEFAULT NULL,
  `qty_per_unit` decimal(11,2) DEFAULT 0.00,
  `unit_price` decimal(25,8) DEFAULT NULL,
  `sales_start_date` date DEFAULT NULL,
  `sales_end_date` date DEFAULT NULL,
  `start_date` date DEFAULT NULL,
  `expiry_date` date DEFAULT NULL,
  `discontinued` int(1) NOT NULL DEFAULT 0,
  `service_usageunit` varchar(200) DEFAULT NULL,
  `website` varchar(100) DEFAULT NULL,
  `taxclass` varchar(200) DEFAULT NULL,
  `currency_id` int(19) NOT NULL DEFAULT 1,
  `commissionrate` decimal(7,3) DEFAULT NULL,
  `tags` varchar(1) DEFAULT NULL,
  `purchase_cost` decimal(27,8) DEFAULT NULL
) ENGINE=InnoDB DEFAULT CHARSET=utf8;

--
-- Dumping data for table `vtiger_service`
--

INSERT INTO `vtiger_service` (`serviceid`, `service_no`, `servicename`, `servicecategory`, `qty_per_unit`, `unit_price`, `sales_start_date`, `sales_end_date`, `start_date`, `expiry_date`, `discontinued`, `service_usageunit`, `website`, `taxclass`, `currency_id`, `commissionrate`, `tags`, `purchase_cost`) VALUES
(13, 'SER1', 'kit service', '', 0.00, 0.00000000, NULL, NULL, NULL, NULL, 1, '', '', '', 1, 0.000, '', 0.00000000);

-- --------------------------------------------------------

--
-- Table structure for table `vtiger_servicecategory`
--

CREATE TABLE `vtiger_servicecategory` (
  `servicecategoryid` int(11) NOT NULL,
  `servicecategory` varchar(200) NOT NULL,
  `presence` int(1) NOT NULL DEFAULT 1,
  `picklist_valueid` int(11) NOT NULL DEFAULT 0,
  `sortorderid` int(11) DEFAULT 0,
  `color` varchar(10) DEFAULT NULL
) ENGINE=InnoDB DEFAULT CHARSET=utf8;

--
-- Dumping data for table `vtiger_servicecategory`
--

INSERT INTO `vtiger_servicecategory` (`servicecategoryid`, `servicecategory`, `presence`, `picklist_valueid`, `sortorderid`, `color`) VALUES
(2, 'Support', 1, 230, 2, NULL),
(3, 'Installation', 1, 231, 3, NULL),
(4, 'Migration', 1, 232, 4, NULL),
(5, 'Customization', 1, 233, 5, NULL),
(6, 'Training', 1, 234, 6, NULL);

-- --------------------------------------------------------

--
-- Table structure for table `vtiger_servicecategory_seq`
--

CREATE TABLE `vtiger_servicecategory_seq` (
  `id` int(11) NOT NULL
) ENGINE=InnoDB DEFAULT CHARSET=utf8;

--
-- Dumping data for table `vtiger_servicecategory_seq`
--

INSERT INTO `vtiger_servicecategory_seq` (`id`) VALUES
(6);

-- --------------------------------------------------------

--
-- Table structure for table `vtiger_servicecf`
--

CREATE TABLE `vtiger_servicecf` (
  `serviceid` int(19) NOT NULL DEFAULT 0
) ENGINE=InnoDB DEFAULT CHARSET=utf8;

--
-- Dumping data for table `vtiger_servicecf`
--

INSERT INTO `vtiger_servicecf` (`serviceid`) VALUES
(13);

-- --------------------------------------------------------

--
-- Table structure for table `vtiger_servicecontracts`
--

CREATE TABLE `vtiger_servicecontracts` (
  `servicecontractsid` int(11) DEFAULT NULL,
  `start_date` date DEFAULT NULL,
  `end_date` date DEFAULT NULL,
  `sc_related_to` int(11) DEFAULT NULL,
  `tracking_unit` varchar(100) DEFAULT NULL,
  `total_units` decimal(5,2) DEFAULT NULL,
  `used_units` decimal(5,2) DEFAULT NULL,
  `subject` varchar(100) DEFAULT NULL,
  `due_date` date DEFAULT NULL,
  `planned_duration` varchar(256) DEFAULT NULL,
  `actual_duration` varchar(256) DEFAULT NULL,
  `contract_status` varchar(200) DEFAULT NULL,
  `priority` varchar(200) DEFAULT NULL,
  `contract_type` varchar(200) DEFAULT NULL,
  `progress` decimal(5,2) DEFAULT NULL,
  `contract_no` varchar(100) DEFAULT NULL,
  `tags` varchar(1) DEFAULT NULL
) ENGINE=InnoDB DEFAULT CHARSET=utf8;

--
-- Dumping data for table `vtiger_servicecontracts`
--

INSERT INTO `vtiger_servicecontracts` (`servicecontractsid`, `start_date`, `end_date`, `sc_related_to`, `tracking_unit`, `total_units`, `used_units`, `subject`, `due_date`, `planned_duration`, `actual_duration`, `contract_status`, `priority`, `contract_type`, `progress`, `contract_no`, `tags`) VALUES
(21, NULL, NULL, 0, '', 0.00, 0.00, 'meeting', NULL, '', '', '', '', '', NULL, 'SERCON1', '');

-- --------------------------------------------------------

--
-- Table structure for table `vtiger_servicecontractscf`
--

CREATE TABLE `vtiger_servicecontractscf` (
  `servicecontractsid` int(11) NOT NULL
) ENGINE=InnoDB DEFAULT CHARSET=utf8;

--
-- Dumping data for table `vtiger_servicecontractscf`
--

INSERT INTO `vtiger_servicecontractscf` (`servicecontractsid`) VALUES
(21);

-- --------------------------------------------------------

--
-- Table structure for table `vtiger_service_usageunit`
--

CREATE TABLE `vtiger_service_usageunit` (
  `service_usageunitid` int(11) NOT NULL,
  `service_usageunit` varchar(200) NOT NULL,
  `presence` int(1) NOT NULL DEFAULT 1,
  `picklist_valueid` int(11) NOT NULL DEFAULT 0,
  `sortorderid` int(11) DEFAULT 0,
  `color` varchar(10) DEFAULT NULL
) ENGINE=InnoDB DEFAULT CHARSET=utf8;

--
-- Dumping data for table `vtiger_service_usageunit`
--

INSERT INTO `vtiger_service_usageunit` (`service_usageunitid`, `service_usageunit`, `presence`, `picklist_valueid`, `sortorderid`, `color`) VALUES
(1, 'Hours', 1, 226, 1, NULL),
(2, 'Days', 1, 227, 2, NULL),
(3, 'Incidents', 1, 228, 3, NULL);

-- --------------------------------------------------------

--
-- Table structure for table `vtiger_service_usageunit_seq`
--

CREATE TABLE `vtiger_service_usageunit_seq` (
  `id` int(11) NOT NULL
) ENGINE=InnoDB DEFAULT CHARSET=utf8;

--
-- Dumping data for table `vtiger_service_usageunit_seq`
--

INSERT INTO `vtiger_service_usageunit_seq` (`id`) VALUES
(3);

-- --------------------------------------------------------

--
-- Table structure for table `vtiger_seticketsrel`
--

CREATE TABLE `vtiger_seticketsrel` (
  `crmid` int(19) NOT NULL DEFAULT 0,
  `ticketid` int(19) NOT NULL DEFAULT 0
) ENGINE=InnoDB DEFAULT CHARSET=utf8;

-- --------------------------------------------------------

--
-- Table structure for table `vtiger_settings_blocks`
--

CREATE TABLE `vtiger_settings_blocks` (
  `blockid` int(19) NOT NULL,
  `label` varchar(250) DEFAULT NULL,
  `sequence` int(19) DEFAULT NULL
) ENGINE=InnoDB DEFAULT CHARSET=utf8;

--
-- Dumping data for table `vtiger_settings_blocks`
--

INSERT INTO `vtiger_settings_blocks` (`blockid`, `label`, `sequence`) VALUES
(1, 'LBL_USER_MANAGEMENT', 1),
(4, 'LBL_OTHER_SETTINGS', 10),
(5, 'LBL_MODULE_MANAGER', 2),
(6, 'LBL_INTEGRATION', 8),
(7, 'LBL_AUTOMATION', 3),
(8, 'LBL_CONFIGURATION', 4),
(9, 'LBL_MARKETING_SALES', 5),
(10, 'LBL_INVENTORY', 6),
(11, 'LBL_MY_PREFERENCES', 7),
(12, 'LBL_EXTENSIONS', 9);

-- --------------------------------------------------------

--
-- Table structure for table `vtiger_settings_blocks_seq`
--

CREATE TABLE `vtiger_settings_blocks_seq` (
  `id` int(11) NOT NULL
) ENGINE=InnoDB DEFAULT CHARSET=utf8;

--
-- Dumping data for table `vtiger_settings_blocks_seq`
--

INSERT INTO `vtiger_settings_blocks_seq` (`id`) VALUES
(12);

-- --------------------------------------------------------

--
-- Table structure for table `vtiger_settings_field`
--

CREATE TABLE `vtiger_settings_field` (
  `fieldid` int(19) NOT NULL,
  `blockid` int(19) DEFAULT NULL,
  `name` varchar(250) DEFAULT NULL,
  `iconpath` varchar(300) DEFAULT NULL,
  `description` text DEFAULT NULL,
  `linkto` text DEFAULT NULL,
  `sequence` int(19) DEFAULT NULL,
  `active` int(19) DEFAULT 0,
  `pinned` int(1) DEFAULT 0
) ENGINE=InnoDB DEFAULT CHARSET=utf8;

--
-- Dumping data for table `vtiger_settings_field`
--

INSERT INTO `vtiger_settings_field` (`fieldid`, `blockid`, `name`, `iconpath`, `description`, `linkto`, `sequence`, `active`, `pinned`) VALUES
(1, 1, 'LBL_USERS', 'ico-users.gif', 'LBL_USER_DESCRIPTION', 'index.php?module=Users&parent=Settings&view=List', 1, 0, 1),
(2, 1, 'LBL_ROLES', 'ico-roles.gif', 'LBL_ROLE_DESCRIPTION', 'index.php?module=Roles&parent=Settings&view=Index', 2, 0, 0),
(3, 1, 'LBL_PROFILES', 'ico-profile.gif', 'LBL_PROFILE_DESCRIPTION', 'index.php?module=Profiles&parent=Settings&view=List', 3, 0, 0),
(4, 1, 'USERGROUPLIST', 'ico-groups.gif', 'LBL_GROUP_DESCRIPTION', 'index.php?module=Groups&parent=Settings&view=List', 5, 0, 0),
(5, 1, 'LBL_SHARING_ACCESS', 'shareaccess.gif', 'LBL_SHARING_ACCESS_DESCRIPTION', 'index.php?module=SharingAccess&parent=Settings&view=Index', 4, 0, 0),
(7, 1, 'LBL_LOGIN_HISTORY_DETAILS', 'set-IcoLoginHistory.gif', 'LBL_LOGIN_HISTORY_DESCRIPTION', 'index.php?module=LoginHistory&parent=Settings&view=List', 6, 0, 0),
(8, 5, 'VTLIB_LBL_MODULE_MANAGER', 'vtlib_modmng.gif', 'VTLIB_LBL_MODULE_MANAGER_DESCRIPTION', 'index.php?module=ModuleManager&parent=Settings&view=List', 1, 0, 1),
(9, 8, 'LBL_PICKLIST_EDITOR', 'picklist.gif', 'LBL_PICKLIST_DESCRIPTION', 'index.php?parent=Settings&module=Picklist&view=Index', 6, 0, 1),
(10, 8, 'LBL_PICKLIST_DEPENDENCY', 'picklistdependency.gif', 'LBL_PICKLIST_DEPENDENCY_DESCRIPTION', 'index.php?parent=Settings&module=PickListDependency&view=List', 7, 0, 0),
(11, 8, 'LBL_MENU_EDITOR', 'menueditor.png', 'LBL_MENU_DESC', 'index.php?module=MenuEditor&parent=Settings&view=Index', 8, 0, 0),
(14, 8, 'LBL_COMPANY_DETAILS', 'company.gif', 'LBL_COMPANY_DESCRIPTION', 'index.php?parent=Settings&module=Vtiger&view=CompanyDetails', 1, 0, 0),
(15, 8, 'LBL_MAIL_SERVER_SETTINGS', 'ogmailserver.gif', 'LBL_MAIL_SERVER_DESCRIPTION', 'index.php?parent=Settings&module=Vtiger&view=OutgoingServerDetail', 4, 0, 0),
(16, 8, 'LBL_CURRENCY_SETTINGS', 'currency.gif', 'LBL_CURRENCY_DESCRIPTION', 'index.php?parent=Settings&module=Currency&view=List', 3, 0, 0),
(17, 10, 'LBL_TAX_SETTINGS', 'taxConfiguration.gif', 'LBL_TAX_DESCRIPTION', 'index.php?module=Vtiger&parent=Settings&view=TaxIndex', 1, 0, 0),
(18, 4, 'LBL_SYSTEM_INFO', 'system.gif', 'LBL_SYSTEM_DESCRIPTION', 'index.php?module=Settings&submodule=Server&view=ProxyConfig', 6, 1, 0),
(20, 4, 'LBL_DEFAULT_MODULE_VIEW', 'set-IcoTwoTabConfig.gif', 'LBL_DEFAULT_MODULE_VIEW_DESC', 'index.php?module=Settings&action=DefModuleView&parenttab=Settings', 2, 0, 0),
(21, 10, 'INVENTORYTERMSANDCONDITIONS', 'terms.gif', 'LBL_INV_TANDC_DESCRIPTION', 'index.php?parent=Settings&module=Vtiger&view=TermsAndConditionsEdit', 2, 0, 0),
(22, 5, 'LBL_CUSTOMIZE_MODENT_NUMBER', 'settingsInvNumber.gif', 'LBL_CUSTOMIZE_MODENT_NUMBER_DESCRIPTION', 'index.php?module=Vtiger&parent=Settings&view=CustomRecordNumbering', 4, 0, 0),
(23, 4, 'LBL_MAIL_SCANNER', 'mailScanner.gif', 'LBL_MAIL_SCANNER_DESCRIPTION', 'index.php?parent=Settings&module=MailConverter&view=List', 5, 0, 0),
(24, 7, 'LBL_LIST_WORKFLOWS', 'settingsWorkflow.png', 'LBL_LIST_WORKFLOWS_DESCRIPTION', 'index.php?module=Workflows&parent=Settings&view=List', 3, 0, 1),
(25, 8, 'Configuration Editor', 'migrate.gif', 'LBL_CONFIG_EDITOR_DESCRIPTION', 'index.php?module=Vtiger&parent=Settings&view=ConfigEditorDetail', 5, 0, 0),
(26, 7, 'Scheduler', 'Cron.png', 'Allows you to Configure Cron Task', 'index.php?module=CronTasks&parent=Settings&view=List', 2, 0, 0),
(28, 4, 'ModTracker', 'set-IcoLoginHistory.gif', 'LBL_MODTRACKER_DESCRIPTION', 'index.php?module=ModTracker&action=BasicSettings&parenttab=Settings&formodule=ModTracker', 9, 0, 0),
(29, 6, 'LBL_PBXMANAGER', '', 'PBXManager module Configuration', 'index.php?module=PBXManager&parent=Settings&view=Index', 2, 0, 0),
(30, 8, 'LBL_CUSTOMER_PORTAL', 'portal_icon.png', 'PORTAL_EXTENSION_DESCRIPTION', 'index.php?module=CustomerPortal&parent=Settings&view=Index', 2, 0, 0),
(31, 7, 'Webforms', 'modules/Webforms/img/Webform.png', 'LBL_WEBFORMS_DESCRIPTION', 'index.php?module=Webforms&parent=Settings&view=List', 1, 0, 0),
(32, 5, 'LBL_EDIT_FIELDS', '', 'LBL_LAYOUT_EDITOR_DESCRIPTION', 'index.php?module=LayoutEditor&parent=Settings&view=Index', 2, 0, 0),
(33, 9, 'LBL_LEAD_MAPPING', 'NULL', 'NULL', 'index.php?parent=Settings&module=Leads&view=MappingDetail', 1, 0, 1),
(34, 9, 'LBL_OPPORTUNITY_MAPPING', 'NULL', 'NULL', 'index.php?parent=Settings&module=Potentials&view=MappingDetail', 2, 0, 1),
(35, 11, 'My Preferences', 'NULL', 'NULL', 'index.php?module=Users&view=PreferenceDetail&parent=Settings&record=1', 1, 0, 1),
(36, 11, 'Calendar Settings', 'NULL', 'NULL', 'index.php?module=Users&parent=Settings&view=Calendar&record=1', 2, 0, 1),
(37, 11, 'LBL_MY_TAGS', 'NULL', 'NULL', 'index.php?module=Tags&parent=Settings&view=List&record=1', 3, 0, 1),
(38, 12, 'LBL_EXTENSION_STORE', 'NULL', 'NULL', 'index.php?module=ExtensionStore&parent=Settings&view=ExtensionStore', 1, 0, 1),
(39, 12, 'LBL_GOOGLE', 'NULL', 'NULL', 'index.php?module=Contacts&parent=Settings&view=Extension&extensionModule=Google&extensionView=Index&mode=settings', 2, 0, 1);

-- --------------------------------------------------------

--
-- Table structure for table `vtiger_settings_field_seq`
--

CREATE TABLE `vtiger_settings_field_seq` (
  `id` int(11) NOT NULL
) ENGINE=InnoDB DEFAULT CHARSET=utf8;

--
-- Dumping data for table `vtiger_settings_field_seq`
--

INSERT INTO `vtiger_settings_field_seq` (`id`) VALUES
(39);

-- --------------------------------------------------------

--
-- Table structure for table `vtiger_sharedcalendar`
--

CREATE TABLE `vtiger_sharedcalendar` (
  `userid` int(19) NOT NULL,
  `sharedid` int(19) NOT NULL
) ENGINE=InnoDB DEFAULT CHARSET=utf8;

-- --------------------------------------------------------

--
-- Table structure for table `vtiger_shareduserinfo`
--

CREATE TABLE `vtiger_shareduserinfo` (
  `userid` int(19) NOT NULL DEFAULT 0,
  `shareduserid` int(19) NOT NULL DEFAULT 0,
  `color` varchar(50) DEFAULT NULL,
  `visible` int(19) DEFAULT 1
) ENGINE=InnoDB DEFAULT CHARSET=utf8;

-- --------------------------------------------------------

--
-- Table structure for table `vtiger_shippingtaxinfo`
--

CREATE TABLE `vtiger_shippingtaxinfo` (
  `taxid` int(3) NOT NULL,
  `taxname` varchar(50) DEFAULT NULL,
  `taxlabel` varchar(50) DEFAULT NULL,
  `percentage` decimal(7,3) DEFAULT NULL,
  `deleted` int(1) DEFAULT NULL,
  `method` varchar(10) DEFAULT NULL,
  `type` varchar(10) DEFAULT NULL,
  `compoundon` varchar(400) DEFAULT NULL,
  `regions` text DEFAULT NULL
) ENGINE=InnoDB DEFAULT CHARSET=utf8;

--
-- Dumping data for table `vtiger_shippingtaxinfo`
--

INSERT INTO `vtiger_shippingtaxinfo` (`taxid`, `taxname`, `taxlabel`, `percentage`, `deleted`, `method`, `type`, `compoundon`, `regions`) VALUES
(1, 'shtax1', 'VAT', 4.500, 0, 'Simple', 'Fixed', '[]', '[]'),
(2, 'shtax2', 'Sales', 10.000, 0, 'Simple', 'Fixed', '[]', '[]'),
(3, 'shtax3', 'Service', 12.500, 0, 'Simple', 'Fixed', '[]', '[]');

-- --------------------------------------------------------

--
-- Table structure for table `vtiger_shippingtaxinfo_seq`
--

CREATE TABLE `vtiger_shippingtaxinfo_seq` (
  `id` int(11) NOT NULL
) ENGINE=InnoDB DEFAULT CHARSET=utf8;

--
-- Dumping data for table `vtiger_shippingtaxinfo_seq`
--

INSERT INTO `vtiger_shippingtaxinfo_seq` (`id`) VALUES
(3);

-- --------------------------------------------------------

--
-- Table structure for table `vtiger_shorturls`
--

CREATE TABLE `vtiger_shorturls` (
  `id` int(11) NOT NULL,
  `uid` varchar(50) DEFAULT NULL,
  `handler_path` varchar(400) DEFAULT NULL,
  `handler_class` varchar(100) DEFAULT NULL,
  `handler_function` varchar(100) DEFAULT NULL,
  `handler_data` varchar(255) DEFAULT NULL,
  `onetime` int(5) DEFAULT NULL
) ENGINE=InnoDB DEFAULT CHARSET=utf8;

--
-- Dumping data for table `vtiger_shorturls`
--

INSERT INTO `vtiger_shorturls` (`id`, `uid`, `handler_path`, `handler_class`, `handler_function`, `handler_data`, `onetime`) VALUES
(1, '604974624a9de1.90983025', 'modules/Emails/handlers/ViewInBrowser.php', 'Emails_ViewInBrowser_Handler', 'viewInBrowser', '{\"emailId\":114,\"parentModule\":\"Leads\"}', 0),
(2, '6062d8f6bb9fb1.18427947', 'modules/Users/handlers/ForgotPassword.php', 'Users_ForgotPassword_Handler', 'changePassword', '{\"username\":\"hello@seva-cleaning.com.au\",\"email\":\"hello@seva-cleaning.com.au\",\"time\":1617090806,\"hash\":\"de1dcc4a94072f132fab66c935446334\"}', 0),
(3, '606568d23d92e8.02716707', 'modules/Emails/handlers/ViewInBrowser.php', 'Emails_ViewInBrowser_Handler', 'viewInBrowser', '{\"emailId\":126,\"parentModule\":\"Contacts\"}', 0),
(4, '606568fec0ed48.27159324', 'modules/Emails/handlers/ViewInBrowser.php', 'Emails_ViewInBrowser_Handler', 'viewInBrowser', '{\"emailId\":127,\"parentModule\":\"Contacts\"}', 0),
(5, '60656957a306b4.70422399', 'modules/Emails/handlers/ViewInBrowser.php', 'Emails_ViewInBrowser_Handler', 'viewInBrowser', '{\"emailId\":129,\"parentModule\":\"Contacts\"}', 0),
(6, '606569bd7c82a4.50062704', 'modules/Emails/handlers/ViewInBrowser.php', 'Emails_ViewInBrowser_Handler', 'viewInBrowser', '{\"emailId\":131,\"parentModule\":\"Contacts\"}', 0),
(7, '60658a3ae00582.73734803', 'modules/Emails/handlers/ViewInBrowser.php', 'Emails_ViewInBrowser_Handler', 'viewInBrowser', '{\"emailId\":133,\"parentModule\":\"Contacts\"}', 0),
(8, '606b00605b75a6.50062567', 'modules/Emails/handlers/ViewInBrowser.php', 'Emails_ViewInBrowser_Handler', 'viewInBrowser', '{\"emailId\":214,\"parentModule\":\"Leads\"}', 0),
(9, '606bee9f384330.33489849', 'modules/Emails/handlers/ViewInBrowser.php', 'Emails_ViewInBrowser_Handler', 'viewInBrowser', '{\"emailId\":216,\"parentModule\":\"Leads\"}', 0),
(10, '606beeee8f9c04.07610528', 'modules/Emails/handlers/ViewInBrowser.php', 'Emails_ViewInBrowser_Handler', 'viewInBrowser', '{\"emailId\":217,\"parentModule\":\"Leads\"}', 0),
(11, '606bef6038a7c7.80805704', 'modules/Emails/handlers/ViewInBrowser.php', 'Emails_ViewInBrowser_Handler', 'viewInBrowser', '{\"emailId\":218,\"parentModule\":\"Leads\"}', 0),
(12, '60700548a492a4.87286517', 'modules/Emails/handlers/ViewInBrowser.php', 'Emails_ViewInBrowser_Handler', 'viewInBrowser', '{\"emailId\":219,\"parentModule\":\"Leads\"}', 0),
(13, '6074ff63eee3e6.81248215', 'modules/Emails/handlers/ViewInBrowser.php', 'Emails_ViewInBrowser_Handler', 'viewInBrowser', '{\"emailId\":220,\"parentModule\":\"Leads\"}', 0);

-- --------------------------------------------------------

--
-- Table structure for table `vtiger_smsnotifier`
--

CREATE TABLE `vtiger_smsnotifier` (
  `smsnotifierid` int(19) NOT NULL,
  `message` text DEFAULT NULL,
  `status` varchar(100) DEFAULT NULL
) ENGINE=InnoDB DEFAULT CHARSET=utf8;

-- --------------------------------------------------------

--
-- Table structure for table `vtiger_smsnotifiercf`
--

CREATE TABLE `vtiger_smsnotifiercf` (
  `smsnotifierid` int(19) NOT NULL
) ENGINE=InnoDB DEFAULT CHARSET=utf8;

-- --------------------------------------------------------

--
-- Table structure for table `vtiger_smsnotifier_servers`
--

CREATE TABLE `vtiger_smsnotifier_servers` (
  `id` int(11) NOT NULL,
  `password` varchar(255) DEFAULT NULL,
  `isactive` int(1) DEFAULT NULL,
  `providertype` varchar(50) DEFAULT NULL,
  `username` varchar(255) DEFAULT NULL,
  `parameters` text DEFAULT NULL
) ENGINE=InnoDB DEFAULT CHARSET=utf8;

-- --------------------------------------------------------

--
-- Table structure for table `vtiger_smsnotifier_status`
--

CREATE TABLE `vtiger_smsnotifier_status` (
  `smsnotifierid` int(19) DEFAULT NULL,
  `tonumber` varchar(20) DEFAULT NULL,
  `status` varchar(10) DEFAULT NULL,
  `smsmessageid` varchar(50) DEFAULT NULL,
  `needlookup` int(1) DEFAULT 1,
  `statusid` int(11) NOT NULL,
  `statusmessage` varchar(100) DEFAULT NULL
) ENGINE=InnoDB DEFAULT CHARSET=utf8;

-- --------------------------------------------------------

--
-- Table structure for table `vtiger_soapservice`
--

CREATE TABLE `vtiger_soapservice` (
  `id` int(19) DEFAULT NULL,
  `type` varchar(25) DEFAULT NULL,
  `sessionid` varchar(100) DEFAULT NULL
) ENGINE=InnoDB DEFAULT CHARSET=utf8;

-- --------------------------------------------------------

--
-- Table structure for table `vtiger_sobillads`
--

CREATE TABLE `vtiger_sobillads` (
  `sobilladdressid` int(19) NOT NULL DEFAULT 0,
  `bill_city` varchar(30) DEFAULT NULL,
  `bill_code` varchar(30) DEFAULT NULL,
  `bill_country` varchar(30) DEFAULT NULL,
  `bill_state` varchar(30) DEFAULT NULL,
  `bill_street` varchar(250) DEFAULT NULL,
  `bill_pobox` varchar(30) DEFAULT NULL
) ENGINE=InnoDB DEFAULT CHARSET=utf8;

-- --------------------------------------------------------

--
-- Table structure for table `vtiger_soshipads`
--

CREATE TABLE `vtiger_soshipads` (
  `soshipaddressid` int(19) NOT NULL DEFAULT 0,
  `ship_city` varchar(30) DEFAULT NULL,
  `ship_code` varchar(30) DEFAULT NULL,
  `ship_country` varchar(30) DEFAULT NULL,
  `ship_state` varchar(30) DEFAULT NULL,
  `ship_street` varchar(250) DEFAULT NULL,
  `ship_pobox` varchar(30) DEFAULT NULL
) ENGINE=InnoDB DEFAULT CHARSET=utf8;

-- --------------------------------------------------------

--
-- Table structure for table `vtiger_sostatus`
--

CREATE TABLE `vtiger_sostatus` (
  `sostatusid` int(19) NOT NULL,
  `sostatus` varchar(200) NOT NULL,
  `presence` int(1) NOT NULL DEFAULT 1,
  `picklist_valueid` int(19) NOT NULL DEFAULT 0,
  `sortorderid` int(11) DEFAULT NULL,
  `color` varchar(10) DEFAULT NULL
) ENGINE=InnoDB DEFAULT CHARSET=utf8;

--
-- Dumping data for table `vtiger_sostatus`
--

INSERT INTO `vtiger_sostatus` (`sostatusid`, `sostatus`, `presence`, `picklist_valueid`, `sortorderid`, `color`) VALUES
(1, 'Created', 0, 166, 0, NULL),
(2, 'Approved', 0, 167, 1, NULL),
(3, 'Delivered', 0, 168, 2, NULL),
(4, 'Cancelled', 0, 169, 3, NULL);

-- --------------------------------------------------------

--
-- Table structure for table `vtiger_sostatushistory`
--

CREATE TABLE `vtiger_sostatushistory` (
  `historyid` int(19) NOT NULL,
  `salesorderid` int(19) NOT NULL,
  `accountname` varchar(100) DEFAULT NULL,
  `total` decimal(10,0) DEFAULT NULL,
  `sostatus` varchar(200) DEFAULT NULL,
  `lastmodified` datetime DEFAULT NULL
) ENGINE=InnoDB DEFAULT CHARSET=utf8;

-- --------------------------------------------------------

--
-- Table structure for table `vtiger_sostatus_seq`
--

CREATE TABLE `vtiger_sostatus_seq` (
  `id` int(11) NOT NULL
) ENGINE=InnoDB DEFAULT CHARSET=utf8;

--
-- Dumping data for table `vtiger_sostatus_seq`
--

INSERT INTO `vtiger_sostatus_seq` (`id`) VALUES
(4);

-- --------------------------------------------------------

--
-- Table structure for table `vtiger_sqltimelog`
--

CREATE TABLE `vtiger_sqltimelog` (
  `id` int(11) DEFAULT NULL,
  `type` varchar(10) DEFAULT NULL,
  `data` text DEFAULT NULL,
  `started` decimal(20,6) DEFAULT NULL,
  `ended` decimal(20,6) DEFAULT NULL,
  `loggedon` datetime DEFAULT NULL
) ENGINE=InnoDB DEFAULT CHARSET=utf8;

-- --------------------------------------------------------

--
-- Table structure for table `vtiger_start_hour`
--

CREATE TABLE `vtiger_start_hour` (
  `start_hourid` int(11) NOT NULL,
  `start_hour` varchar(200) NOT NULL,
  `sortorderid` int(11) DEFAULT NULL,
  `presence` int(11) NOT NULL DEFAULT 1
) ENGINE=InnoDB DEFAULT CHARSET=utf8;

--
-- Dumping data for table `vtiger_start_hour`
--

INSERT INTO `vtiger_start_hour` (`start_hourid`, `start_hour`, `sortorderid`, `presence`) VALUES
(1, '00:00', 0, 1),
(2, '01:00', 1, 1),
(3, '02:00', 2, 1),
(4, '03:00', 3, 1),
(5, '04:00', 4, 1),
(6, '05:00', 5, 1),
(7, '06:00', 6, 1),
(8, '07:00', 7, 1),
(9, '08:00', 8, 1),
(10, '09:00', 9, 1),
(11, '10:00', 10, 1),
(12, '11:00', 11, 1),
(13, '12:00', 12, 1),
(14, '13:00', 13, 1),
(15, '14:00', 14, 1),
(16, '15:00', 15, 1),
(17, '16:00', 16, 1),
(18, '17:00', 17, 1),
(19, '18:00', 18, 1),
(20, '19:00', 19, 1),
(21, '20:00', 20, 1),
(22, '21:00', 21, 1),
(23, '22:00', 22, 1),
(24, '23:00', 23, 1);

-- --------------------------------------------------------

--
-- Table structure for table `vtiger_start_hour_seq`
--

CREATE TABLE `vtiger_start_hour_seq` (
  `id` int(11) NOT NULL
) ENGINE=InnoDB DEFAULT CHARSET=utf8;

--
-- Dumping data for table `vtiger_start_hour_seq`
--

INSERT INTO `vtiger_start_hour_seq` (`id`) VALUES
(24);

-- --------------------------------------------------------

--
-- Table structure for table `vtiger_status`
--

CREATE TABLE `vtiger_status` (
  `statusid` int(19) NOT NULL,
  `status` varchar(200) NOT NULL,
  `presence` int(1) NOT NULL DEFAULT 1,
  `picklist_valueid` int(19) NOT NULL DEFAULT 0
) ENGINE=InnoDB DEFAULT CHARSET=utf8;

--
-- Dumping data for table `vtiger_status`
--

INSERT INTO `vtiger_status` (`statusid`, `status`, `presence`, `picklist_valueid`) VALUES
(1, 'Active', 0, 1),
(2, 'Inactive', 1, 1);

-- --------------------------------------------------------

--
-- Table structure for table `vtiger_status_seq`
--

CREATE TABLE `vtiger_status_seq` (
  `id` int(11) NOT NULL
) ENGINE=InnoDB DEFAULT CHARSET=utf8;

--
-- Dumping data for table `vtiger_status_seq`
--

INSERT INTO `vtiger_status_seq` (`id`) VALUES
(2);

-- --------------------------------------------------------

--
-- Table structure for table `vtiger_store`
--

CREATE TABLE `vtiger_store` (
  `storeid` int(19) NOT NULL,
  `organization_name` varchar(100) DEFAULT NULL,
  `store_id_auto` varchar(100) DEFAULT NULL
) ENGINE=InnoDB DEFAULT CHARSET=utf8;

-- --------------------------------------------------------

--
-- Table structure for table `vtiger_store1`
--

CREATE TABLE `vtiger_store1` (
  `store1id` int(19) NOT NULL
) ENGINE=InnoDB DEFAULT CHARSET=utf8;

-- --------------------------------------------------------

--
-- Table structure for table `vtiger_store1cf`
--

CREATE TABLE `vtiger_store1cf` (
  `store1id` int(19) NOT NULL
) ENGINE=InnoDB DEFAULT CHARSET=utf8;

-- --------------------------------------------------------

--
-- Table structure for table `vtiger_storecf`
--

CREATE TABLE `vtiger_storecf` (
  `storeid` int(19) NOT NULL
) ENGINE=InnoDB DEFAULT CHARSET=utf8;

-- --------------------------------------------------------

--
-- Table structure for table `vtiger_subservices`
--

CREATE TABLE `vtiger_subservices` (
  `subservicesid` int(11) NOT NULL,
  `subservicesno` varchar(100) DEFAULT 'SUBSER1',
  `subservices_tks_subservicesnam` varchar(255) DEFAULT NULL,
  `tags` varchar(1) DEFAULT NULL
) ENGINE=InnoDB DEFAULT CHARSET=utf8;

--
-- Dumping data for table `vtiger_subservices`
--

INSERT INTO `vtiger_subservices` (`subservicesid`, `subservicesno`, `subservices_tks_subservicesnam`, `tags`) VALUES
(39, 'SUBSER1', 'rrrrr', NULL),
(41, 'SUBSER2', 'test', NULL),
(42, 'SUBSER1', 'test2', NULL),
(43, 'SUBSER1', 'test23', NULL),
(46, 'SUBSER1', 'rrrrrffdv', NULL),
(47, 'SUBSER1', 'rrrrr', NULL),
(48, 'SUBSER1', 'rrrrr', NULL),
(49, 'SUBSER1', 'rrrrr', NULL),
(50, 'SUBSER1', 'rrrrr', NULL),
(60, 'SUBSER3', '', ''),
(61, 'SUBSER4', '', ''),
(62, 'SUBSER5', 'testt', ''),
(66, 'SUBSER6', 'test2jmjm', ''),
(122, 'SUBSER7', 'Bed room, store room', ''),
(2188, 'SUBSER20', 'Hall, bed room', '');

-- --------------------------------------------------------

--
-- Table structure for table `vtiger_subservicescf`
--

CREATE TABLE `vtiger_subservicescf` (
  `subservicesid` int(11) NOT NULL,
  `cf_890` varchar(255) DEFAULT ''
) ENGINE=InnoDB DEFAULT CHARSET=utf8;

--
-- Dumping data for table `vtiger_subservicescf`
--

INSERT INTO `vtiger_subservicescf` (`subservicesid`, `cf_890`) VALUES
(39, ''),
(41, ''),
(42, 'hhhh'),
(43, '2'),
(46, 'hhhh'),
(47, ''),
(48, ''),
(49, ''),
(50, ''),
(60, ''),
(61, ''),
(62, ''),
(66, ''),
(122, ''),
(919, ''),
(920, ''),
(921, ''),
(935, ''),
(936, ''),
(937, ''),
(941, ''),
(961, ''),
(990, ''),
(994, ''),
(996, ''),
(998, ''),
(999, ''),
(1000, ''),
(1001, ''),
(1003, ''),
(1005, ''),
(1080, ''),
(1101, ''),
(1806, ''),
(1894, ''),
(2099, ''),
(2107, ''),
(2188, '');

-- --------------------------------------------------------

--
-- Table structure for table `vtiger_Subservices_user_field`
--

CREATE TABLE `vtiger_Subservices_user_field` (
  `recordid` int(19) NOT NULL,
  `userid` int(19) NOT NULL,
  `starred` varchar(100) DEFAULT NULL
) ENGINE=InnoDB DEFAULT CHARSET=utf8;

-- --------------------------------------------------------

--
-- Table structure for table `vtiger_subservices_user_field`
--

CREATE TABLE `vtiger_subservices_user_field` (
  `recordid` int(19) NOT NULL,
  `userid` int(19) NOT NULL,
  `starred` varchar(100) DEFAULT NULL
) ENGINE=InnoDB DEFAULT CHARSET=utf8;

-- --------------------------------------------------------

--
-- Table structure for table `vtiger_systems`
--

CREATE TABLE `vtiger_systems` (
  `id` int(19) NOT NULL,
  `server` varchar(100) DEFAULT NULL,
  `server_port` int(19) DEFAULT NULL,
  `server_username` varchar(100) DEFAULT NULL,
  `server_password` text DEFAULT NULL,
  `server_type` varchar(20) DEFAULT NULL,
  `smtp_auth` varchar(5) DEFAULT NULL,
  `server_path` varchar(256) DEFAULT NULL,
  `from_email_field` varchar(50) DEFAULT NULL
) ENGINE=InnoDB DEFAULT CHARSET=utf8;

-- --------------------------------------------------------

--
-- Table structure for table `vtiger_tab`
--

CREATE TABLE `vtiger_tab` (
  `tabid` int(19) NOT NULL DEFAULT 0,
  `name` varchar(25) NOT NULL,
  `presence` int(19) NOT NULL DEFAULT 1,
  `tabsequence` int(10) DEFAULT NULL,
  `tablabel` varchar(100) DEFAULT NULL,
  `modifiedby` int(19) DEFAULT NULL,
  `modifiedtime` int(19) DEFAULT NULL,
  `customized` int(19) DEFAULT NULL,
  `ownedby` int(19) DEFAULT NULL,
  `isentitytype` int(11) NOT NULL DEFAULT 1,
  `trial` int(1) NOT NULL DEFAULT 0,
  `version` varchar(10) DEFAULT NULL,
  `parent` varchar(30) DEFAULT NULL,
  `source` varchar(255) DEFAULT 'custom',
  `issyncable` tinyint(1) DEFAULT 0,
  `allowduplicates` tinyint(1) DEFAULT 1,
  `sync_action_for_duplicates` int(1) DEFAULT 1
) ENGINE=InnoDB DEFAULT CHARSET=utf8;

--
-- Dumping data for table `vtiger_tab`
--

INSERT INTO `vtiger_tab` (`tabid`, `name`, `presence`, `tabsequence`, `tablabel`, `modifiedby`, `modifiedtime`, `customized`, `ownedby`, `isentitytype`, `trial`, `version`, `parent`, `source`, `issyncable`, `allowduplicates`, `sync_action_for_duplicates`) VALUES
(1, 'Dashboard', 0, 12, 'Dashboards', NULL, NULL, 0, 1, 0, 0, NULL, 'Analytics', NULL, 1, 1, 1),
(2, 'Potentials', 0, 7, 'Potentials', NULL, NULL, 0, 0, 1, 0, NULL, 'Sales', NULL, 1, 1, 1),
(3, 'Home', 0, 1, 'Home', NULL, NULL, 0, 1, 0, 0, NULL, NULL, NULL, 1, 1, 1),
(4, 'Contacts', 0, 6, 'Contacts', NULL, NULL, 0, 0, 1, 0, NULL, 'Sales', NULL, 1, 1, 1),
(6, 'Accounts', 0, 5, 'Accounts', NULL, NULL, 0, 0, 1, 0, NULL, 'Sales', NULL, 1, 0, 1),
(7, 'Leads', 0, 4, 'Leads', NULL, NULL, 0, 0, 1, 0, NULL, 'Sales', NULL, 1, 1, 1),
(8, 'Documents', 1, 9, 'Documents', NULL, NULL, 0, 0, 1, 0, NULL, 'Tools', NULL, 1, 1, 1),
(9, 'Calendar', 0, 3, 'Calendar', NULL, NULL, 0, 0, 1, 0, NULL, 'Tools', NULL, 1, 1, 1),
(10, 'Emails', 0, 10, 'Emails', NULL, NULL, 0, 0, 1, 0, NULL, 'Tools', NULL, 1, 1, 1),
(13, 'HelpDesk', 1, 11, 'HelpDesk', NULL, NULL, 0, 0, 1, 0, NULL, 'Support', NULL, 1, 1, 1),
(14, 'Products', 1, 8, 'Products', NULL, NULL, 0, 0, 1, 0, NULL, 'Inventory', NULL, 1, 1, 1),
(15, 'Faq', 0, -1, 'Faq', NULL, NULL, 0, 1, 1, 0, NULL, 'Support', NULL, 1, 1, 1),
(16, 'Events', 2, -1, 'Events', NULL, NULL, 0, 0, 1, 0, NULL, NULL, NULL, 1, 1, 1),
(18, 'Vendors', 1, -1, 'Vendors', NULL, NULL, 0, 0, 1, 0, NULL, 'Inventory', NULL, 1, 1, 1),
(19, 'PriceBooks', 1, -1, 'PriceBooks', NULL, NULL, 0, 1, 1, 0, NULL, 'Inventory', NULL, 1, 1, 1),
(20, 'Quotes', 0, -1, 'Quotes', NULL, NULL, 0, 0, 1, 0, NULL, 'Sales', NULL, 1, 1, 1),
(21, 'PurchaseOrder', 0, -1, 'PurchaseOrder', NULL, NULL, 0, 0, 1, 0, NULL, 'Inventory', NULL, 1, 1, 1),
(22, 'SalesOrder', 0, -1, 'SalesOrder', NULL, NULL, 0, 0, 1, 0, NULL, 'Sales', NULL, 1, 1, 1),
(23, 'Invoice', 0, -1, 'Invoice', NULL, NULL, 0, 0, 1, 0, NULL, 'Sales', NULL, 1, 1, 1),
(24, 'Rss', 0, -1, 'Rss', NULL, NULL, 0, 1, 0, 0, NULL, 'Tools', NULL, 1, 1, 1),
(25, 'Reports', 0, -1, 'Reports', NULL, NULL, 0, 1, 0, 0, NULL, 'Analytics', NULL, 1, 1, 1),
(26, 'Campaigns', 0, -1, 'Campaigns', NULL, NULL, 0, 0, 1, 0, NULL, 'Marketing', NULL, 1, 1, 1),
(27, 'Portal', 0, -1, 'Portal', NULL, NULL, 0, 1, 0, 0, NULL, 'Tools', NULL, 1, 1, 1),
(28, 'Webmails', 0, -1, 'Webmails', NULL, NULL, 0, 1, 1, 0, NULL, NULL, NULL, 1, 1, 1),
(29, 'Users', 0, -1, 'Users', NULL, NULL, 0, 1, 0, 0, NULL, NULL, NULL, 1, 1, 1),
(30, 'ServiceContracts', 1, -1, 'Service Contracts', NULL, NULL, 0, 0, 1, 0, '2.4', 'Support', NULL, 1, 1, 1),
(31, 'ModTracker', 0, -1, 'ModTracker', NULL, NULL, 0, 0, 0, 0, '1.2', '', NULL, 1, 1, 1),
(32, 'MailManager', 0, -1, 'MailManager', NULL, NULL, 1, 0, 0, 0, '1.9', 'Tools', NULL, 1, 1, 1),
(33, 'Mobile', 0, -1, 'Mobile', NULL, NULL, 1, 0, 0, 0, '2.0', '', NULL, 1, 1, 1),
(34, 'PBXManager', 0, -1, 'PBXManager', NULL, NULL, 1, 0, 1, 0, '2.2', 'Tools', NULL, 1, 1, 1),
(35, 'Services', 1, -1, 'Services', NULL, NULL, 0, 0, 1, 0, '2.6', 'Inventory', NULL, 1, 1, 1),
(36, 'WSAPP', 0, -1, 'WSAPP', NULL, NULL, 1, 0, 0, 0, '3.4.4', '', NULL, 1, 1, 1),
(37, 'Import', 0, -1, 'Import', NULL, NULL, 1, 0, 0, 0, '1.7', '', NULL, 1, 1, 1),
(38, 'ModComments', 0, -1, 'Comments', NULL, NULL, 0, 0, 1, 0, '2.1', '', NULL, 1, 1, 1),
(39, 'RecycleBin', 0, -1, 'Recycle Bin', NULL, NULL, 0, 0, 0, 0, '1.5', 'Tools', NULL, 1, 1, 1),
(40, 'CustomerPortal', 0, -1, 'CustomerPortal', NULL, NULL, 0, 0, 0, 0, '1.4', '', NULL, 1, 1, 1),
(41, 'Webforms', 0, -1, 'Webforms', NULL, NULL, 0, 0, 0, 0, '1.6', '', NULL, 1, 1, 1),
(42, 'Assets', 1, -1, 'Assets', NULL, NULL, 0, 0, 1, 0, '2.0', 'Inventory', NULL, 1, 1, 1),
(43, 'Google', 0, -1, 'Google', NULL, NULL, 0, 0, 0, 0, '1.5', '', NULL, 1, 1, 1),
(44, 'SMSNotifier', 0, -1, 'SMSNotifier', NULL, NULL, 0, 0, 1, 0, '2.1', 'Sales', NULL, 1, 1, 1),
(45, 'EmailTemplates', 0, -1, 'Email Templates', NULL, NULL, 1, 0, 0, 0, '1.0', 'Tools', NULL, 1, 1, 1),
(46, 'ProjectMilestone', 1, -1, 'ProjectMilestone', NULL, NULL, 0, 0, 1, 0, '3.0', 'Support', NULL, 1, 1, 1),
(47, 'ProjectTask', 1, -1, 'ProjectTask', NULL, NULL, 0, 0, 1, 0, '3.1', 'Support', NULL, 1, 1, 1),
(48, 'Project', 1, -1, 'Project', NULL, NULL, 0, 0, 1, 0, '3.3', 'Support', NULL, 1, 1, 1),
(49, 'ExtensionStore', 0, -1, 'Extension Store', NULL, NULL, 1, 0, 0, 0, '1.2', NULL, NULL, 1, 1, 1),
(53, 'Subservices', 0, -1, 'Sub Activity', NULL, NULL, 1, 0, 1, 0, '1.0', 'Marketing', 'CRM', 1, 1, 1),
(54, 'Mainservicestype', 0, -1, 'Main Activity', NULL, NULL, 1, 0, 1, 0, '1.0', 'Marketing', 'CRM', 1, 1, 1),
(55, 'Locationmap', 0, -1, 'Locationmap', NULL, NULL, 1, 0, 1, 0, '0', 'MARKETING', NULL, 0, 1, 1),
(56, 'EmployeeRoaster', 0, -1, 'EmployeeRoaster', NULL, NULL, 1, 0, 1, 0, '0', 'MARKETING', NULL, 0, 1, 1),
(57, 'Transaction', 0, -1, 'Transaction', NULL, NULL, 1, 0, 1, 0, '0', 'Marketing', NULL, 0, 1, 1);

-- --------------------------------------------------------

--
-- Table structure for table `vtiger_tab_info`
--

CREATE TABLE `vtiger_tab_info` (
  `tabid` int(19) DEFAULT NULL,
  `prefname` varchar(256) DEFAULT NULL,
  `prefvalue` varchar(256) DEFAULT NULL
) ENGINE=InnoDB DEFAULT CHARSET=utf8;

--
-- Dumping data for table `vtiger_tab_info`
--

INSERT INTO `vtiger_tab_info` (`tabid`, `prefname`, `prefvalue`) VALUES
(30, 'vtiger_min_version', '6.0.0rc'),
(31, 'vtiger_min_version', '6.0.0rc'),
(32, 'vtiger_min_version', '6.0.0RC'),
(33, 'vtiger_min_version', '6.0.0rc'),
(34, 'vtiger_min_version', '6.0.0'),
(34, 'vtiger_max_version', '7.*'),
(35, 'vtiger_min_version', '6.0.0rc'),
(35, 'vtiger_max_version', '7.*'),
(36, 'vtiger_min_version', '6.0.0rc'),
(37, 'vtiger_min_version', '6.0.0rc'),
(37, 'vtiger_max_version', '7.*'),
(38, 'vtiger_min_version', '6.0.0rc'),
(38, 'vtiger_max_version', '7.*'),
(39, 'vtiger_min_version', '6.0.0rc'),
(39, 'vtiger_max_version', '7.*'),
(40, 'vtiger_min_version', '6.0.0rc'),
(40, 'vtiger_max_version', '7.*'),
(41, 'vtiger_min_version', '6.0.0rc'),
(41, 'vtiger_max_version', '7.*'),
(42, 'vtiger_min_version', '6.0.0rc'),
(42, 'vtiger_max_version', '7.*'),
(43, 'vtiger_min_version', '6.0.0rc'),
(43, 'vtiger_max_version', '7.*'),
(44, 'vtiger_min_version', '6.0.0'),
(44, 'vtiger_max_version', '7.*'),
(45, 'vtiger_min_version', '6.0.0rc'),
(45, 'vtiger_max_version', '7.*'),
(46, 'vtiger_min_version', '6.0.0rc'),
(46, 'vtiger_max_version', '7.*'),
(47, 'vtiger_min_version', '6.0.0rc'),
(48, 'vtiger_min_version', '6.0.0rc'),
(49, 'vtiger_min_version', '6.0.0'),
(49, 'vtiger_max_version', '6.*'),
(53, 'vtiger_min_version', '7.1.0'),
(54, 'vtiger_min_version', '7.1.0'),
(57, 'vtiger_min_version', '7.1.0');

-- --------------------------------------------------------

--
-- Table structure for table `vtiger_taskpriority`
--

CREATE TABLE `vtiger_taskpriority` (
  `taskpriorityid` int(19) NOT NULL,
  `taskpriority` varchar(200) DEFAULT NULL,
  `presence` int(1) NOT NULL DEFAULT 1,
  `picklist_valueid` int(19) NOT NULL DEFAULT 0,
  `sortorderid` int(11) DEFAULT NULL,
  `color` varchar(10) DEFAULT NULL
) ENGINE=InnoDB DEFAULT CHARSET=utf8;

--
-- Dumping data for table `vtiger_taskpriority`
--

INSERT INTO `vtiger_taskpriority` (`taskpriorityid`, `taskpriority`, `presence`, `picklist_valueid`, `sortorderid`, `color`) VALUES
(1, 'High', 1, 170, 0, NULL),
(2, 'Medium', 1, 171, 1, NULL),
(3, 'Low', 1, 172, 2, NULL);

-- --------------------------------------------------------

--
-- Table structure for table `vtiger_taskpriority_seq`
--

CREATE TABLE `vtiger_taskpriority_seq` (
  `id` int(11) NOT NULL
) ENGINE=InnoDB DEFAULT CHARSET=utf8;

--
-- Dumping data for table `vtiger_taskpriority_seq`
--

INSERT INTO `vtiger_taskpriority_seq` (`id`) VALUES
(3);

-- --------------------------------------------------------

--
-- Table structure for table `vtiger_taskstatus`
--

CREATE TABLE `vtiger_taskstatus` (
  `taskstatusid` int(19) NOT NULL,
  `taskstatus` varchar(200) DEFAULT NULL,
  `presence` int(1) NOT NULL DEFAULT 1,
  `picklist_valueid` int(19) NOT NULL DEFAULT 0,
  `sortorderid` int(11) DEFAULT NULL,
  `color` varchar(10) DEFAULT NULL
) ENGINE=InnoDB DEFAULT CHARSET=utf8;

--
-- Dumping data for table `vtiger_taskstatus`
--

INSERT INTO `vtiger_taskstatus` (`taskstatusid`, `taskstatus`, `presence`, `picklist_valueid`, `sortorderid`, `color`) VALUES
(1, 'Not Started', 0, 173, 0, NULL),
(2, 'In Progress', 0, 174, 1, NULL),
(3, 'Completed', 0, 175, 2, NULL),
(4, 'Pending Input', 0, 176, 3, NULL),
(5, 'Deferred', 0, 177, 4, NULL),
(6, 'Planned', 0, 178, 5, NULL);

-- --------------------------------------------------------

--
-- Table structure for table `vtiger_taskstatus_seq`
--

CREATE TABLE `vtiger_taskstatus_seq` (
  `id` int(11) NOT NULL
) ENGINE=InnoDB DEFAULT CHARSET=utf8;

--
-- Dumping data for table `vtiger_taskstatus_seq`
--

INSERT INTO `vtiger_taskstatus_seq` (`id`) VALUES
(6);

-- --------------------------------------------------------

--
-- Table structure for table `vtiger_taxclass`
--

CREATE TABLE `vtiger_taxclass` (
  `taxclassid` int(19) NOT NULL,
  `taxclass` varchar(200) NOT NULL,
  `sortorderid` int(19) NOT NULL DEFAULT 0,
  `presence` int(1) NOT NULL DEFAULT 1
) ENGINE=InnoDB DEFAULT CHARSET=utf8;

--
-- Dumping data for table `vtiger_taxclass`
--

INSERT INTO `vtiger_taxclass` (`taxclassid`, `taxclass`, `sortorderid`, `presence`) VALUES
(1, 'SalesTax', 0, 1),
(2, 'Vat', 1, 1);

-- --------------------------------------------------------

--
-- Table structure for table `vtiger_taxclass_seq`
--

CREATE TABLE `vtiger_taxclass_seq` (
  `id` int(11) NOT NULL
) ENGINE=InnoDB DEFAULT CHARSET=utf8;

--
-- Dumping data for table `vtiger_taxclass_seq`
--

INSERT INTO `vtiger_taxclass_seq` (`id`) VALUES
(2);

-- --------------------------------------------------------

--
-- Table structure for table `vtiger_taxregions`
--

CREATE TABLE `vtiger_taxregions` (
  `regionid` int(10) NOT NULL,
  `name` varchar(100) NOT NULL
) ENGINE=InnoDB DEFAULT CHARSET=utf8;

-- --------------------------------------------------------

--
-- Table structure for table `vtiger_ticketcategories`
--

CREATE TABLE `vtiger_ticketcategories` (
  `ticketcategories_id` int(19) NOT NULL,
  `ticketcategories` varchar(200) DEFAULT NULL,
  `presence` int(1) NOT NULL DEFAULT 0,
  `picklist_valueid` int(19) NOT NULL DEFAULT 0,
  `sortorderid` int(11) DEFAULT NULL,
  `color` varchar(10) DEFAULT NULL
) ENGINE=InnoDB DEFAULT CHARSET=utf8;

--
-- Dumping data for table `vtiger_ticketcategories`
--

INSERT INTO `vtiger_ticketcategories` (`ticketcategories_id`, `ticketcategories`, `presence`, `picklist_valueid`, `sortorderid`, `color`) VALUES
(1, 'Big Problem', 1, 179, 0, NULL),
(2, 'Small Problem', 1, 180, 1, NULL),
(3, 'Other Problem', 1, 181, 2, NULL);

-- --------------------------------------------------------

--
-- Table structure for table `vtiger_ticketcategories_seq`
--

CREATE TABLE `vtiger_ticketcategories_seq` (
  `id` int(11) NOT NULL
) ENGINE=InnoDB DEFAULT CHARSET=utf8;

--
-- Dumping data for table `vtiger_ticketcategories_seq`
--

INSERT INTO `vtiger_ticketcategories_seq` (`id`) VALUES
(3);

-- --------------------------------------------------------

--
-- Table structure for table `vtiger_ticketcf`
--

CREATE TABLE `vtiger_ticketcf` (
  `ticketid` int(19) NOT NULL DEFAULT 0,
  `from_portal` varchar(3) DEFAULT NULL
) ENGINE=InnoDB DEFAULT CHARSET=utf8;

--
-- Dumping data for table `vtiger_ticketcf`
--

INSERT INTO `vtiger_ticketcf` (`ticketid`, `from_portal`) VALUES
(18, '0');

-- --------------------------------------------------------

--
-- Table structure for table `vtiger_ticketcomments`
--

CREATE TABLE `vtiger_ticketcomments` (
  `commentid` int(19) NOT NULL,
  `ticketid` int(19) DEFAULT NULL,
  `comments` text DEFAULT NULL,
  `ownerid` int(19) NOT NULL DEFAULT 0,
  `ownertype` varchar(10) DEFAULT NULL,
  `createdtime` datetime NOT NULL
) ENGINE=InnoDB DEFAULT CHARSET=utf8;

-- --------------------------------------------------------

--
-- Table structure for table `vtiger_ticketpriorities`
--

CREATE TABLE `vtiger_ticketpriorities` (
  `ticketpriorities_id` int(19) NOT NULL,
  `ticketpriorities` varchar(200) DEFAULT NULL,
  `presence` int(1) NOT NULL DEFAULT 0,
  `picklist_valueid` int(19) NOT NULL DEFAULT 0,
  `sortorderid` int(11) DEFAULT NULL,
  `color` varchar(10) DEFAULT NULL
) ENGINE=InnoDB DEFAULT CHARSET=utf8;

--
-- Dumping data for table `vtiger_ticketpriorities`
--

INSERT INTO `vtiger_ticketpriorities` (`ticketpriorities_id`, `ticketpriorities`, `presence`, `picklist_valueid`, `sortorderid`, `color`) VALUES
(1, 'Low', 1, 182, 0, NULL),
(2, 'Normal', 1, 183, 1, NULL),
(3, 'High', 1, 184, 2, NULL),
(4, 'Urgent', 1, 185, 3, NULL);

-- --------------------------------------------------------

--
-- Table structure for table `vtiger_ticketpriorities_seq`
--

CREATE TABLE `vtiger_ticketpriorities_seq` (
  `id` int(11) NOT NULL
) ENGINE=InnoDB DEFAULT CHARSET=utf8;

--
-- Dumping data for table `vtiger_ticketpriorities_seq`
--

INSERT INTO `vtiger_ticketpriorities_seq` (`id`) VALUES
(4);

-- --------------------------------------------------------

--
-- Table structure for table `vtiger_ticketseverities`
--

CREATE TABLE `vtiger_ticketseverities` (
  `ticketseverities_id` int(19) NOT NULL,
  `ticketseverities` varchar(200) DEFAULT NULL,
  `presence` int(1) NOT NULL DEFAULT 0,
  `picklist_valueid` int(19) NOT NULL DEFAULT 0,
  `sortorderid` int(11) DEFAULT NULL,
  `color` varchar(10) DEFAULT NULL
) ENGINE=InnoDB DEFAULT CHARSET=utf8;

--
-- Dumping data for table `vtiger_ticketseverities`
--

INSERT INTO `vtiger_ticketseverities` (`ticketseverities_id`, `ticketseverities`, `presence`, `picklist_valueid`, `sortorderid`, `color`) VALUES
(1, 'Minor', 1, 186, 0, NULL),
(2, 'Major', 1, 187, 1, NULL),
(3, 'Feature', 1, 188, 2, NULL),
(4, 'Critical', 1, 189, 3, NULL);

-- --------------------------------------------------------

--
-- Table structure for table `vtiger_ticketseverities_seq`
--

CREATE TABLE `vtiger_ticketseverities_seq` (
  `id` int(11) NOT NULL
) ENGINE=InnoDB DEFAULT CHARSET=utf8;

--
-- Dumping data for table `vtiger_ticketseverities_seq`
--

INSERT INTO `vtiger_ticketseverities_seq` (`id`) VALUES
(4);

-- --------------------------------------------------------

--
-- Table structure for table `vtiger_ticketstatus`
--

CREATE TABLE `vtiger_ticketstatus` (
  `ticketstatus_id` int(19) NOT NULL,
  `ticketstatus` varchar(200) DEFAULT NULL,
  `presence` int(1) NOT NULL DEFAULT 0,
  `picklist_valueid` int(19) NOT NULL DEFAULT 0,
  `sortorderid` int(11) DEFAULT NULL,
  `color` varchar(10) DEFAULT NULL
) ENGINE=InnoDB DEFAULT CHARSET=utf8;

--
-- Dumping data for table `vtiger_ticketstatus`
--

INSERT INTO `vtiger_ticketstatus` (`ticketstatus_id`, `ticketstatus`, `presence`, `picklist_valueid`, `sortorderid`, `color`) VALUES
(1, 'Open', 0, 190, 0, NULL),
(2, 'In Progress', 0, 191, 1, NULL),
(3, 'Wait For Response', 0, 192, 2, NULL),
(4, 'Closed', 0, 193, 3, NULL);

-- --------------------------------------------------------

--
-- Table structure for table `vtiger_ticketstatus_seq`
--

CREATE TABLE `vtiger_ticketstatus_seq` (
  `id` int(11) NOT NULL
) ENGINE=InnoDB DEFAULT CHARSET=utf8;

--
-- Dumping data for table `vtiger_ticketstatus_seq`
--

INSERT INTO `vtiger_ticketstatus_seq` (`id`) VALUES
(4);

-- --------------------------------------------------------

--
-- Table structure for table `vtiger_time_zone`
--

CREATE TABLE `vtiger_time_zone` (
  `time_zoneid` int(19) NOT NULL,
  `time_zone` varchar(200) NOT NULL,
  `sortorderid` int(19) NOT NULL DEFAULT 0,
  `presence` int(1) NOT NULL DEFAULT 1
) ENGINE=InnoDB DEFAULT CHARSET=utf8;

--
-- Dumping data for table `vtiger_time_zone`
--

INSERT INTO `vtiger_time_zone` (`time_zoneid`, `time_zone`, `sortorderid`, `presence`) VALUES
(1, 'Pacific/Midway', 1, 1),
(2, 'Pacific/Samoa', 0, 1),
(3, 'Pacific/Honolulu', 2, 1),
(4, 'America/Anchorage', 3, 1),
(5, 'America/Los_Angeles', 5, 1),
(6, 'America/Tijuana', 4, 1),
(7, 'America/Denver', 6, 1),
(8, 'America/Chihuahua', 8, 1),
(9, 'America/Mazatlan', 7, 1),
(10, 'America/Phoenix', 9, 1),
(11, 'America/Regina', 10, 1),
(12, 'America/Tegucigalpa', 14, 1),
(13, 'America/Chicago', 13, 1),
(14, 'America/Mexico_City', 12, 1),
(15, 'America/Monterrey', 11, 1),
(16, 'America/New_York', 18, 1),
(17, 'America/Bogota', 19, 1),
(18, 'America/Lima', 16, 1),
(19, 'America/Rio_Branco', 15, 1),
(20, 'America/Indiana/Indianapolis', 17, 1),
(21, 'America/Caracas', 20, 1),
(22, 'America/Halifax', 25, 1),
(23, 'America/Manaus', 22, 1),
(24, 'America/Santiago', 21, 1),
(25, 'America/La_Paz', 23, 1),
(26, 'America/Cuiaba', 24, 1),
(27, 'America/Asuncion', 26, 1),
(28, 'America/St_Johns', 27, 1),
(29, 'America/Argentina/Buenos_Aires', 30, 1),
(30, 'America/Sao_Paulo', 31, 1),
(31, 'America/Godthab', 29, 1),
(32, 'America/Montevideo', 28, 1),
(33, 'Atlantic/South_Georgia', 32, 1),
(34, 'Atlantic/Azores', 34, 1),
(35, 'Atlantic/Cape_Verde', 33, 1),
(36, 'Europe/London', 37, 1),
(37, 'UTC', 36, 1),
(38, 'Africa/Monrovia', 38, 1),
(39, 'Africa/Casablanca', 35, 1),
(40, 'Europe/Belgrade', 40, 1),
(41, 'Europe/Sarajevo', 42, 1),
(42, 'Europe/Brussels', 41, 1),
(43, 'Africa/Algiers', 43, 1),
(44, 'Europe/Amsterdam', 39, 1),
(45, 'Europe/Minsk', 52, 1),
(46, 'Africa/Cairo', 47, 1),
(47, 'Europe/Helsinki', 49, 1),
(48, 'Europe/Athens', 45, 1),
(49, 'Europe/Istanbul', 50, 1),
(50, 'Asia/Jerusalem', 51, 1),
(51, 'Asia/Amman', 44, 1),
(52, 'Asia/Beirut', 46, 1),
(53, 'Africa/Windhoek', 53, 1),
(54, 'Africa/Harare', 48, 1),
(55, 'Asia/Kuwait', 55, 1),
(56, 'Asia/Baghdad', 54, 1),
(57, 'Africa/Nairobi', 57, 1),
(58, 'Asia/Tehran', 58, 1),
(59, 'Asia/Tbilisi', 61, 1),
(60, 'Europe/Moscow', 56, 1),
(61, 'Asia/Muscat', 59, 1),
(62, 'Asia/Baku', 60, 1),
(63, 'Asia/Yerevan', 62, 1),
(64, 'Asia/Karachi', 63, 1),
(65, 'Asia/Tashkent', 64, 1),
(66, 'Asia/Kolkata', 65, 1),
(67, 'Asia/Colombo', 66, 1),
(68, 'Asia/Katmandu', 67, 1),
(69, 'Asia/Dhaka', 69, 1),
(70, 'Asia/Almaty', 68, 1),
(71, 'Asia/Yekaterinburg', 70, 1),
(72, 'Asia/Rangoon', 71, 1),
(73, 'Asia/Novosibirsk', 73, 1),
(74, 'Asia/Bangkok', 72, 1),
(75, 'Asia/Brunei', 74, 1),
(76, 'Asia/Krasnoyarsk', 75, 1),
(77, 'Asia/Ulaanbaatar', 79, 1),
(78, 'Asia/Kuala_Lumpur', 76, 1),
(79, 'Asia/Taipei', 78, 1),
(80, 'Australia/Perth', 77, 1),
(81, 'Asia/Irkutsk', 80, 1),
(82, 'Asia/Seoul', 81, 1),
(83, 'Asia/Tokyo', 82, 1),
(84, 'Australia/Darwin', 84, 1),
(85, 'Australia/Adelaide', 83, 1),
(86, 'Australia/Canberra', 86, 1),
(87, 'Australia/Brisbane', 85, 1),
(88, 'Australia/Hobart', 88, 1),
(89, 'Asia/Vladivostok', 89, 1),
(90, 'Pacific/Guam', 87, 1),
(91, 'Asia/Yakutsk', 90, 1),
(92, 'Pacific/Fiji', 93, 1),
(93, 'Asia/Kamchatka', 94, 1),
(94, 'Pacific/Auckland', 92, 1),
(95, 'Asia/Magadan', 95, 1),
(96, 'Pacific/Tongatapu', 96, 1),
(97, 'Etc/GMT-11', 91, 1);

-- --------------------------------------------------------

--
-- Table structure for table `vtiger_time_zone_seq`
--

CREATE TABLE `vtiger_time_zone_seq` (
  `id` int(11) NOT NULL
) ENGINE=InnoDB DEFAULT CHARSET=utf8;

--
-- Dumping data for table `vtiger_time_zone_seq`
--

INSERT INTO `vtiger_time_zone_seq` (`id`) VALUES
(96);

-- --------------------------------------------------------

--
-- Table structure for table `vtiger_tmp_read_group_rel_sharing_per`
--

CREATE TABLE `vtiger_tmp_read_group_rel_sharing_per` (
  `userid` int(11) NOT NULL,
  `tabid` int(11) NOT NULL,
  `relatedtabid` int(11) NOT NULL,
  `sharedgroupid` int(11) NOT NULL
) ENGINE=InnoDB DEFAULT CHARSET=utf8;

-- --------------------------------------------------------

--
-- Table structure for table `vtiger_tmp_read_group_sharing_per`
--

CREATE TABLE `vtiger_tmp_read_group_sharing_per` (
  `userid` int(11) NOT NULL,
  `tabid` int(11) NOT NULL,
  `sharedgroupid` int(11) NOT NULL
) ENGINE=InnoDB DEFAULT CHARSET=utf8;

-- --------------------------------------------------------

--
-- Table structure for table `vtiger_tmp_read_user_rel_sharing_per`
--

CREATE TABLE `vtiger_tmp_read_user_rel_sharing_per` (
  `userid` int(11) NOT NULL,
  `tabid` int(11) NOT NULL,
  `relatedtabid` int(11) NOT NULL,
  `shareduserid` int(11) NOT NULL
) ENGINE=InnoDB DEFAULT CHARSET=utf8;

-- --------------------------------------------------------

--
-- Table structure for table `vtiger_tmp_read_user_sharing_per`
--

CREATE TABLE `vtiger_tmp_read_user_sharing_per` (
  `userid` int(11) NOT NULL,
  `tabid` int(11) NOT NULL,
  `shareduserid` int(11) NOT NULL
) ENGINE=InnoDB DEFAULT CHARSET=utf8;

-- --------------------------------------------------------

--
-- Table structure for table `vtiger_tmp_write_group_rel_sharing_per`
--

CREATE TABLE `vtiger_tmp_write_group_rel_sharing_per` (
  `userid` int(11) NOT NULL,
  `tabid` int(11) NOT NULL,
  `relatedtabid` int(11) NOT NULL,
  `sharedgroupid` int(11) NOT NULL
) ENGINE=InnoDB DEFAULT CHARSET=utf8;

-- --------------------------------------------------------

--
-- Table structure for table `vtiger_tmp_write_group_sharing_per`
--

CREATE TABLE `vtiger_tmp_write_group_sharing_per` (
  `userid` int(11) NOT NULL,
  `tabid` int(11) NOT NULL,
  `sharedgroupid` int(11) NOT NULL
) ENGINE=InnoDB DEFAULT CHARSET=utf8;

-- --------------------------------------------------------

--
-- Table structure for table `vtiger_tmp_write_user_rel_sharing_per`
--

CREATE TABLE `vtiger_tmp_write_user_rel_sharing_per` (
  `userid` int(11) NOT NULL,
  `tabid` int(11) NOT NULL,
  `relatedtabid` int(11) NOT NULL,
  `shareduserid` int(11) NOT NULL
) ENGINE=InnoDB DEFAULT CHARSET=utf8;

-- --------------------------------------------------------

--
-- Table structure for table `vtiger_tmp_write_user_sharing_per`
--

CREATE TABLE `vtiger_tmp_write_user_sharing_per` (
  `userid` int(11) NOT NULL,
  `tabid` int(11) NOT NULL,
  `shareduserid` int(11) NOT NULL
) ENGINE=InnoDB DEFAULT CHARSET=utf8;

-- --------------------------------------------------------

--
-- Table structure for table `vtiger_tracker`
--

CREATE TABLE `vtiger_tracker` (
  `id` int(11) NOT NULL,
  `user_id` varchar(36) DEFAULT NULL,
  `module_name` varchar(25) DEFAULT NULL,
  `item_id` varchar(36) DEFAULT NULL,
  `item_summary` varchar(255) DEFAULT NULL
) ENGINE=InnoDB DEFAULT CHARSET=utf8;

-- --------------------------------------------------------

--
-- Table structure for table `vtiger_tracking_unit`
--

CREATE TABLE `vtiger_tracking_unit` (
  `tracking_unitid` int(11) NOT NULL,
  `tracking_unit` varchar(200) NOT NULL,
  `presence` int(1) NOT NULL DEFAULT 1,
  `picklist_valueid` int(11) NOT NULL DEFAULT 0,
  `sortorderid` int(11) DEFAULT 0,
  `color` varchar(10) DEFAULT NULL
) ENGINE=InnoDB DEFAULT CHARSET=utf8;

--
-- Dumping data for table `vtiger_tracking_unit`
--

INSERT INTO `vtiger_tracking_unit` (`tracking_unitid`, `tracking_unit`, `presence`, `picklist_valueid`, `sortorderid`, `color`) VALUES
(2, 'Hours', 1, 211, 2, NULL),
(3, 'Days', 1, 212, 3, NULL),
(4, 'Incidents', 1, 213, 4, NULL);

-- --------------------------------------------------------

--
-- Table structure for table `vtiger_tracking_unit_seq`
--

CREATE TABLE `vtiger_tracking_unit_seq` (
  `id` int(11) NOT NULL
) ENGINE=InnoDB DEFAULT CHARSET=utf8;

--
-- Dumping data for table `vtiger_tracking_unit_seq`
--

INSERT INTO `vtiger_tracking_unit_seq` (`id`) VALUES
(4);

-- --------------------------------------------------------

--
-- Table structure for table `vtiger_transaction`
--

CREATE TABLE `vtiger_transaction` (
  `transactionid` int(11) NOT NULL,
  `transactionno` varchar(100) DEFAULT NULL,
  `transaction_tks_employees` varchar(255) DEFAULT NULL,
  `tags` varchar(1) DEFAULT NULL
) ENGINE=InnoDB DEFAULT CHARSET=utf8;

--
-- Dumping data for table `vtiger_transaction`
--

INSERT INTO `vtiger_transaction` (`transactionid`, `transactionno`, `transaction_tks_employees`, `tags`) VALUES
(123, 'TRANS1', '21', '');

-- --------------------------------------------------------

--
-- Table structure for table `vtiger_transactioncf`
--

CREATE TABLE `vtiger_transactioncf` (
  `transactionid` int(11) NOT NULL,
  `cf_1054` varchar(255) DEFAULT '',
  `cf_1170` time DEFAULT NULL,
  `cf_1172` time DEFAULT NULL,
  `cf_1185` text DEFAULT NULL,
  `cf_1342` bigint(50) DEFAULT NULL
) ENGINE=InnoDB DEFAULT CHARSET=utf8;

--
-- Dumping data for table `vtiger_transactioncf`
--

INSERT INTO `vtiger_transactioncf` (`transactionid`, `cf_1054`, `cf_1170`, `cf_1172`, `cf_1185`, `cf_1342`) VALUES
(123, '92', NULL, NULL, '', 0);

-- --------------------------------------------------------

--
-- Table structure for table `vtiger_transaction_user_field`
--

CREATE TABLE `vtiger_transaction_user_field` (
  `recordid` int(19) NOT NULL,
  `userid` int(19) NOT NULL,
  `starred` varchar(100) DEFAULT NULL
) ENGINE=InnoDB DEFAULT CHARSET=utf8;

-- --------------------------------------------------------

--
-- Table structure for table `vtiger_troubletickets`
--

CREATE TABLE `vtiger_troubletickets` (
  `ticketid` int(19) NOT NULL,
  `ticket_no` varchar(100) NOT NULL,
  `groupname` varchar(100) DEFAULT NULL,
  `parent_id` varchar(100) DEFAULT NULL,
  `product_id` varchar(100) DEFAULT NULL,
  `priority` varchar(200) DEFAULT NULL,
  `severity` varchar(200) DEFAULT NULL,
  `status` varchar(200) DEFAULT NULL,
  `category` varchar(200) DEFAULT NULL,
  `title` varchar(255) NOT NULL,
  `solution` text DEFAULT NULL,
  `update_log` text DEFAULT NULL,
  `version_id` int(11) DEFAULT NULL,
  `hours` decimal(25,8) DEFAULT NULL,
  `days` decimal(25,8) DEFAULT NULL,
  `contact_id` int(19) DEFAULT NULL,
  `tags` varchar(1) DEFAULT NULL
) ENGINE=InnoDB DEFAULT CHARSET=utf8;

--
-- Dumping data for table `vtiger_troubletickets`
--

INSERT INTO `vtiger_troubletickets` (`ticketid`, `ticket_no`, `groupname`, `parent_id`, `product_id`, `priority`, `severity`, `status`, `category`, `title`, `solution`, `update_log`, `version_id`, `hours`, `days`, `contact_id`, `tags`) VALUES
(18, 'TT1', NULL, '0', '0', 'Low', '', 'Open', '', 'right', '', NULL, NULL, 0.00000000, 0.00000000, 0, '');

-- --------------------------------------------------------

--
-- Table structure for table `vtiger_usageunit`
--

CREATE TABLE `vtiger_usageunit` (
  `usageunitid` int(19) NOT NULL,
  `usageunit` varchar(200) NOT NULL,
  `presence` int(1) NOT NULL DEFAULT 1,
  `picklist_valueid` int(19) NOT NULL DEFAULT 0,
  `sortorderid` int(11) DEFAULT NULL,
  `color` varchar(10) DEFAULT NULL
) ENGINE=InnoDB DEFAULT CHARSET=utf8;

--
-- Dumping data for table `vtiger_usageunit`
--

INSERT INTO `vtiger_usageunit` (`usageunitid`, `usageunit`, `presence`, `picklist_valueid`, `sortorderid`, `color`) VALUES
(1, 'Box', 1, 194, 0, NULL),
(2, 'Carton', 1, 195, 1, NULL),
(3, 'Dozen', 1, 196, 2, NULL),
(4, 'Each', 1, 197, 3, NULL),
(5, 'Hours', 1, 198, 4, NULL),
(6, 'Impressions', 1, 199, 5, NULL),
(7, 'Lb', 1, 200, 6, NULL),
(8, 'M', 1, 201, 7, NULL),
(9, 'Pack', 1, 202, 8, NULL),
(10, 'Pages', 1, 203, 9, NULL),
(11, 'Pieces', 1, 204, 10, NULL),
(12, 'Quantity', 1, 205, 11, NULL),
(13, 'Reams', 1, 206, 12, NULL),
(14, 'Sheet', 1, 207, 13, NULL),
(15, 'Spiral Binder', 1, 208, 14, NULL),
(16, 'Sq Ft', 1, 209, 15, NULL);

-- --------------------------------------------------------

--
-- Table structure for table `vtiger_usageunit_seq`
--

CREATE TABLE `vtiger_usageunit_seq` (
  `id` int(11) NOT NULL
) ENGINE=InnoDB DEFAULT CHARSET=utf8;

--
-- Dumping data for table `vtiger_usageunit_seq`
--

INSERT INTO `vtiger_usageunit_seq` (`id`) VALUES
(16);

-- --------------------------------------------------------

--
-- Table structure for table `vtiger_user2mergefields`
--

CREATE TABLE `vtiger_user2mergefields` (
  `userid` int(11) DEFAULT NULL,
  `tabid` int(19) DEFAULT NULL,
  `fieldid` int(19) DEFAULT NULL,
  `visible` int(2) DEFAULT NULL
) ENGINE=InnoDB DEFAULT CHARSET=utf8;

-- --------------------------------------------------------

--
-- Table structure for table `vtiger_user2role`
--

CREATE TABLE `vtiger_user2role` (
  `userid` int(11) NOT NULL,
  `roleid` varchar(255) NOT NULL
) ENGINE=InnoDB DEFAULT CHARSET=utf8;

--
-- Dumping data for table `vtiger_user2role`
--

INSERT INTO `vtiger_user2role` (`userid`, `roleid`) VALUES
(1, 'H2'),
(21, 'H2'),
(22, 'H2'),
(23, 'H2');

-- --------------------------------------------------------

--
-- Table structure for table `vtiger_users`
--

CREATE TABLE `vtiger_users` (
  `id` int(11) NOT NULL,
  `user_name` varchar(255) DEFAULT NULL,
  `user_password` varchar(200) DEFAULT NULL,
  `cal_color` varchar(25) DEFAULT '#E6FAD8',
  `first_name` varchar(30) DEFAULT NULL,
  `last_name` varchar(30) DEFAULT NULL,
  `reports_to_id` varchar(36) DEFAULT NULL,
  `is_admin` varchar(3) DEFAULT '0',
  `currency_id` int(19) NOT NULL DEFAULT 1,
  `description` text DEFAULT NULL,
  `date_entered` timestamp NOT NULL DEFAULT current_timestamp() ON UPDATE current_timestamp(),
  `date_modified` datetime DEFAULT NULL,
  `modified_user_id` varchar(36) DEFAULT NULL,
  `title` varchar(50) DEFAULT NULL,
  `department` varchar(50) DEFAULT NULL,
  `phone_home` varchar(50) DEFAULT NULL,
  `phone_mobile` varchar(50) DEFAULT NULL,
  `phone_work` varchar(50) DEFAULT NULL,
  `phone_other` varchar(50) DEFAULT NULL,
  `phone_fax` varchar(50) DEFAULT NULL,
  `email1` varchar(100) DEFAULT NULL,
  `email2` varchar(100) DEFAULT NULL,
  `secondaryemail` varchar(100) DEFAULT NULL,
  `status` varchar(25) DEFAULT NULL,
  `signature` text DEFAULT NULL,
  `address_street` varchar(150) DEFAULT NULL,
  `address_city` varchar(100) DEFAULT NULL,
  `address_state` varchar(100) DEFAULT NULL,
  `address_country` varchar(25) DEFAULT NULL,
  `address_postalcode` varchar(9) DEFAULT NULL,
  `user_preferences` text DEFAULT NULL,
  `tz` varchar(30) DEFAULT NULL,
  `holidays` varchar(60) DEFAULT NULL,
  `namedays` varchar(60) DEFAULT NULL,
  `workdays` varchar(30) DEFAULT NULL,
  `weekstart` int(11) DEFAULT NULL,
  `date_format` varchar(200) DEFAULT NULL,
  `hour_format` varchar(30) DEFAULT 'am/pm',
  `start_hour` varchar(30) DEFAULT '10:00',
  `end_hour` varchar(30) DEFAULT '23:00',
  `is_owner` varchar(100) DEFAULT '0',
  `activity_view` varchar(200) DEFAULT 'Today',
  `lead_view` varchar(200) DEFAULT 'Today',
  `imagename` varchar(250) DEFAULT NULL,
  `deleted` int(1) NOT NULL DEFAULT 0,
  `confirm_password` varchar(300) DEFAULT NULL,
  `internal_mailer` varchar(3) NOT NULL DEFAULT '1',
  `reminder_interval` varchar(100) DEFAULT NULL,
  `reminder_next_time` varchar(100) DEFAULT NULL,
  `crypt_type` varchar(20) NOT NULL DEFAULT 'MD5',
  `accesskey` varchar(36) DEFAULT NULL,
  `theme` varchar(100) DEFAULT NULL,
  `language` varchar(36) DEFAULT NULL,
  `time_zone` varchar(200) DEFAULT NULL,
  `currency_grouping_pattern` varchar(100) DEFAULT NULL,
  `currency_decimal_separator` varchar(2) DEFAULT NULL,
  `currency_grouping_separator` varchar(2) DEFAULT NULL,
  `currency_symbol_placement` varchar(20) DEFAULT NULL,
  `phone_crm_extension` varchar(100) DEFAULT NULL,
  `no_of_currency_decimals` varchar(2) DEFAULT NULL,
  `truncate_trailing_zeros` varchar(3) DEFAULT NULL,
  `dayoftheweek` varchar(100) DEFAULT NULL,
  `callduration` varchar(100) DEFAULT NULL,
  `othereventduration` varchar(100) DEFAULT NULL,
  `calendarsharedtype` varchar(100) DEFAULT NULL,
  `default_record_view` varchar(10) DEFAULT NULL,
  `leftpanelhide` varchar(3) DEFAULT NULL,
  `rowheight` varchar(10) DEFAULT NULL,
  `defaulteventstatus` varchar(50) DEFAULT NULL,
  `defaultactivitytype` varchar(50) DEFAULT NULL,
  `hidecompletedevents` int(11) DEFAULT NULL,
  `defaultcalendarview` varchar(100) DEFAULT NULL,
  `defaultlandingpage` varchar(100) DEFAULT NULL
) ENGINE=InnoDB DEFAULT CHARSET=utf8;

--
-- Dumping data for table `vtiger_users`
--

INSERT INTO `vtiger_users` (`id`, `user_name`, `user_password`, `cal_color`, `first_name`, `last_name`, `reports_to_id`, `is_admin`, `currency_id`, `description`, `date_entered`, `date_modified`, `modified_user_id`, `title`, `department`, `phone_home`, `phone_mobile`, `phone_work`, `phone_other`, `phone_fax`, `email1`, `email2`, `secondaryemail`, `status`, `signature`, `address_street`, `address_city`, `address_state`, `address_country`, `address_postalcode`, `user_preferences`, `tz`, `holidays`, `namedays`, `workdays`, `weekstart`, `date_format`, `hour_format`, `start_hour`, `end_hour`, `is_owner`, `activity_view`, `lead_view`, `imagename`, `deleted`, `confirm_password`, `internal_mailer`, `reminder_interval`, `reminder_next_time`, `crypt_type`, `accesskey`, `theme`, `language`, `time_zone`, `currency_grouping_pattern`, `currency_decimal_separator`, `currency_grouping_separator`, `currency_symbol_placement`, `phone_crm_extension`, `no_of_currency_decimals`, `truncate_trailing_zeros`, `dayoftheweek`, `callduration`, `othereventduration`, `calendarsharedtype`, `default_record_view`, `leftpanelhide`, `rowheight`, `defaulteventstatus`, `defaultactivitytype`, `hidecompletedevents`, `defaultcalendarview`, `defaultlandingpage`) VALUES
(1, 'shan@aussiebuspartners.com', '$2y$10$.FjsFUkepuCDlMGXVuz6BOUYHCQFMKuprAcN95X/Rqyeua7GnPEvy', '#E6FAD8', 'Queensland', 'Cleaning Club', '', 'on', 1, '', '2021-05-10 13:05:30', NULL, NULL, '', '', '', '', '', '', '', 'shan@aussiebuspartners.com', '', '', 'Active', '', '', '', '', '', '', NULL, NULL, NULL, NULL, NULL, NULL, 'dd-mm-yyyy', '12', '00:00', '23:00', '1', 'This Week', 'Today', '', 0, '$2y$10$.FjsFUkepuCDlMGXVuz6BOUYHCQFMKuprAcN95X/Rqyeua7GnPEvy', '1', '1 Minute', NULL, 'PHASH', 'r7nid3s1DH30pN', 'alphagrey', 'en_us', 'Asia/Kolkata', '123,456,789', '.', ',', '$1.0', '', '2', '1', 'Sunday', '5', '5', 'public', 'Summary', '0', '', 'Planned', 'Call', 0, 'MyCalendar', 'Home'),
(21, 'hello@seva-cleaning.com.au', '$2y$10$rZ/01lGr1Oez5MHD40IDLuOAUpm/5ivXnehe8BzKcpmKUevdZRpd2', '#E6FAD8', '', 'Hello', '', 'off', 1, '', '2021-04-06 05:00:36', NULL, NULL, '', '', '', '', '', '', '', 'hello@seva-cleaning.com.au', '', '', 'Active', '', '', '', '', '', '', NULL, NULL, NULL, NULL, NULL, NULL, 'yyyy-mm-dd', '12', '09:00', '', '', 'Today', 'Today', '', 0, '$2y$10$rZ/01lGr1Oez5MHD40IDLuOAUpm/5ivXnehe8BzKcpmKUevdZRpd2', '0', '', NULL, 'PHASH', 'RLzIxyOAJnLEGel', 'softed', 'en_us', 'UTC', '123,456,789', '.', ',', '$1.0', '', '2', '0', 'Sunday', '5', '5', 'public', 'Summary', '0', 'medium', NULL, NULL, 0, '', 'Home'),
(22, 'accounts@seva-cleaning.com.au', '$2y$10$N7cjJDsLK41TF0t2x9agK.F46UStI3KWCcNmfgSAAWUUf8jsSek.K', '#E6FAD8', '', 'Accounts', '', 'on', 1, '', '2021-03-23 12:57:38', NULL, NULL, '', '', '', '', '', '', '', 'accounts@seva-cleaning.com.au', '', '', 'Inactive', '', '', '', '', '', '', NULL, NULL, NULL, NULL, NULL, NULL, 'yyyy-mm-dd', '12', '09:00', '', '', 'Today', 'Today', '', 0, '$2y$10$N7cjJDsLK41TF0t2x9agK.F46UStI3KWCcNmfgSAAWUUf8jsSek.K', '0', '', NULL, 'PHASH', '9CMamfRNdIKxRM3', 'softed', 'en_us', 'UTC', '123,456,789', '.', ',', '$1.0', '', '2', '0', 'Sunday', '5', '5', 'public', 'Summary', '0', 'medium', NULL, NULL, 0, '', 'Home'),
(23, 'operations@seva-cleaning.com.au', '$2y$10$yHUk9NaHLAPfb73mXF65Hul3V6ErqGAuTuFPjeUNrJLo/MPoW27XC', '#E6FAD8', '', 'Operations', '', 'off', 1, '', '2021-04-06 04:58:50', NULL, NULL, '', '', '', '', '', '', '', 'operations@seva-cleaning.com.au', '', '', 'Active', '', '', '', '', '', '', NULL, NULL, NULL, NULL, NULL, NULL, 'yyyy-mm-dd', '12', '09:00', '', '', 'Today', 'Today', '', 0, '$2y$10$yHUk9NaHLAPfb73mXF65Hul3V6ErqGAuTuFPjeUNrJLo/MPoW27XC', '0', '', NULL, 'PHASH', 'vLOoz3tqJMkSskXU', 'softed', 'en_us', 'UTC', '123,456,789', '.', ',', '$1.0', '', '2', '0', 'Sunday', '5', '5', 'public', 'Summary', '0', 'medium', NULL, NULL, 0, '', 'Home');

-- --------------------------------------------------------

--
-- Table structure for table `vtiger_users2group`
--

CREATE TABLE `vtiger_users2group` (
  `groupid` int(19) NOT NULL,
  `userid` int(19) NOT NULL
) ENGINE=InnoDB DEFAULT CHARSET=utf8;

--
-- Dumping data for table `vtiger_users2group`
--

INSERT INTO `vtiger_users2group` (`groupid`, `userid`) VALUES
(3, 1);

-- --------------------------------------------------------

--
-- Table structure for table `vtiger_users_last_import`
--

CREATE TABLE `vtiger_users_last_import` (
  `id` int(36) NOT NULL,
  `assigned_user_id` varchar(36) DEFAULT NULL,
  `bean_type` varchar(36) DEFAULT NULL,
  `bean_id` varchar(36) DEFAULT NULL,
  `deleted` int(1) NOT NULL DEFAULT 0
) ENGINE=InnoDB DEFAULT CHARSET=utf8;

-- --------------------------------------------------------

--
-- Table structure for table `vtiger_users_seq`
--

CREATE TABLE `vtiger_users_seq` (
  `id` int(11) NOT NULL
) ENGINE=InnoDB DEFAULT CHARSET=utf8;

--
-- Dumping data for table `vtiger_users_seq`
--

INSERT INTO `vtiger_users_seq` (`id`) VALUES
(23);

-- --------------------------------------------------------

--
-- Table structure for table `vtiger_user_module_preferences`
--

CREATE TABLE `vtiger_user_module_preferences` (
  `userid` int(19) NOT NULL,
  `tabid` int(19) NOT NULL,
  `default_cvid` int(19) NOT NULL
) ENGINE=InnoDB DEFAULT CHARSET=utf8;

-- --------------------------------------------------------

--
-- Table structure for table `vtiger_vendor`
--

CREATE TABLE `vtiger_vendor` (
  `vendorid` int(19) NOT NULL DEFAULT 0,
  `vendor_no` varchar(100) NOT NULL,
  `vendorname` varchar(100) DEFAULT NULL,
  `phone` varchar(100) DEFAULT NULL,
  `email` varchar(100) DEFAULT NULL,
  `website` varchar(100) DEFAULT NULL,
  `glacct` varchar(200) DEFAULT NULL,
  `category` varchar(50) DEFAULT NULL,
  `street` text DEFAULT NULL,
  `city` varchar(30) DEFAULT NULL,
  `state` varchar(30) DEFAULT NULL,
  `pobox` varchar(30) DEFAULT NULL,
  `postalcode` varchar(100) DEFAULT NULL,
  `country` varchar(100) DEFAULT NULL,
  `description` text DEFAULT NULL,
  `tags` varchar(1) DEFAULT NULL
) ENGINE=InnoDB DEFAULT CHARSET=utf8;

--
-- Dumping data for table `vtiger_vendor`
--

INSERT INTO `vtiger_vendor` (`vendorid`, `vendor_no`, `vendorname`, `phone`, `email`, `website`, `glacct`, `category`, `street`, `city`, `state`, `pobox`, `postalcode`, `country`, `description`, `tags`) VALUES
(15, 'VEN1', 'rahul', '', '', '', '', '', '', '', '', '', '', '', NULL, '');

-- --------------------------------------------------------

--
-- Table structure for table `vtiger_vendorcf`
--

CREATE TABLE `vtiger_vendorcf` (
  `vendorid` int(19) NOT NULL DEFAULT 0
) ENGINE=InnoDB DEFAULT CHARSET=utf8;

--
-- Dumping data for table `vtiger_vendorcf`
--

INSERT INTO `vtiger_vendorcf` (`vendorid`) VALUES
(15);

-- --------------------------------------------------------

--
-- Table structure for table `vtiger_vendorcontactrel`
--

CREATE TABLE `vtiger_vendorcontactrel` (
  `vendorid` int(19) NOT NULL DEFAULT 0,
  `contactid` int(19) NOT NULL DEFAULT 0
) ENGINE=InnoDB DEFAULT CHARSET=utf8;

-- --------------------------------------------------------

--
-- Table structure for table `vtiger_version`
--

CREATE TABLE `vtiger_version` (
  `id` int(11) NOT NULL,
  `old_version` varchar(30) DEFAULT NULL,
  `current_version` varchar(30) DEFAULT NULL
) ENGINE=InnoDB DEFAULT CHARSET=utf8;

--
-- Dumping data for table `vtiger_version`
--

INSERT INTO `vtiger_version` (`id`, `old_version`, `current_version`) VALUES
(1, '7.3.0', '7.3.0');

-- --------------------------------------------------------

--
-- Table structure for table `vtiger_version_seq`
--

CREATE TABLE `vtiger_version_seq` (
  `id` int(11) NOT NULL
) ENGINE=InnoDB DEFAULT CHARSET=utf8;

--
-- Dumping data for table `vtiger_version_seq`
--

INSERT INTO `vtiger_version_seq` (`id`) VALUES
(1);

-- --------------------------------------------------------

--
-- Table structure for table `vtiger_visibility`
--

CREATE TABLE `vtiger_visibility` (
  `visibilityid` int(19) NOT NULL,
  `visibility` varchar(200) NOT NULL,
  `sortorderid` int(19) NOT NULL DEFAULT 0,
  `presence` int(1) NOT NULL DEFAULT 1,
  `color` varchar(10) DEFAULT NULL
) ENGINE=InnoDB DEFAULT CHARSET=utf8;

--
-- Dumping data for table `vtiger_visibility`
--

INSERT INTO `vtiger_visibility` (`visibilityid`, `visibility`, `sortorderid`, `presence`, `color`) VALUES
(1, 'Private', 0, 1, NULL),
(2, 'Public', 1, 1, NULL);

-- --------------------------------------------------------

--
-- Table structure for table `vtiger_visibility_seq`
--

CREATE TABLE `vtiger_visibility_seq` (
  `id` int(11) NOT NULL
) ENGINE=InnoDB DEFAULT CHARSET=utf8;

--
-- Dumping data for table `vtiger_visibility_seq`
--

INSERT INTO `vtiger_visibility_seq` (`id`) VALUES
(2);

-- --------------------------------------------------------

--
-- Table structure for table `vtiger_webforms`
--

CREATE TABLE `vtiger_webforms` (
  `id` int(19) NOT NULL,
  `name` varchar(100) NOT NULL,
  `publicid` varchar(100) NOT NULL,
  `enabled` int(1) NOT NULL DEFAULT 1,
  `targetmodule` varchar(50) NOT NULL,
  `description` text DEFAULT NULL,
  `ownerid` int(19) NOT NULL,
  `returnurl` varchar(250) DEFAULT NULL,
  `captcha` int(1) NOT NULL DEFAULT 0,
  `roundrobin` int(1) NOT NULL DEFAULT 0,
  `roundrobin_userid` varchar(256) DEFAULT NULL,
  `roundrobin_logic` int(11) NOT NULL DEFAULT 0
) ENGINE=InnoDB DEFAULT CHARSET=utf8;

-- --------------------------------------------------------

--
-- Table structure for table `vtiger_webforms_field`
--

CREATE TABLE `vtiger_webforms_field` (
  `id` int(19) NOT NULL,
  `webformid` int(19) NOT NULL,
  `fieldname` varchar(50) NOT NULL,
  `neutralizedfield` varchar(50) NOT NULL,
  `defaultvalue` text DEFAULT NULL,
  `required` int(10) NOT NULL DEFAULT 0,
  `sequence` int(10) DEFAULT NULL,
  `hidden` int(10) DEFAULT NULL
) ENGINE=InnoDB DEFAULT CHARSET=utf8;

-- --------------------------------------------------------

--
-- Table structure for table `vtiger_webform_file_fields`
--

CREATE TABLE `vtiger_webform_file_fields` (
  `id` int(19) NOT NULL,
  `webformid` int(19) NOT NULL,
  `fieldname` varchar(100) NOT NULL,
  `fieldlabel` varchar(100) NOT NULL,
  `required` int(1) NOT NULL DEFAULT 0
) ENGINE=InnoDB DEFAULT CHARSET=utf8;

-- --------------------------------------------------------

--
-- Table structure for table `vtiger_wordtemplates`
--

CREATE TABLE `vtiger_wordtemplates` (
  `templateid` int(19) NOT NULL,
  `filename` varchar(100) NOT NULL,
  `module` varchar(30) NOT NULL,
  `date_entered` timestamp NOT NULL DEFAULT current_timestamp() ON UPDATE current_timestamp(),
  `parent_type` varchar(50) NOT NULL,
  `data` longblob DEFAULT NULL,
  `description` text DEFAULT NULL,
  `filesize` varchar(50) NOT NULL,
  `filetype` varchar(20) NOT NULL,
  `deleted` int(1) NOT NULL DEFAULT 0
) ENGINE=InnoDB DEFAULT CHARSET=utf8;

-- --------------------------------------------------------

--
-- Table structure for table `vtiger_wsapp`
--

CREATE TABLE `vtiger_wsapp` (
  `appid` int(11) NOT NULL,
  `name` varchar(200) NOT NULL,
  `appkey` varchar(255) DEFAULT NULL,
  `type` varchar(100) DEFAULT NULL
) ENGINE=InnoDB DEFAULT CHARSET=utf8;

--
-- Dumping data for table `vtiger_wsapp`
--

INSERT INTO `vtiger_wsapp` (`appid`, `name`, `appkey`, `type`) VALUES
(1, 'vtigerCRM', '5fdb16d226842', 'user');

-- --------------------------------------------------------

--
-- Table structure for table `vtiger_wsapp_handlerdetails`
--

CREATE TABLE `vtiger_wsapp_handlerdetails` (
  `type` varchar(200) NOT NULL,
  `handlerclass` varchar(100) DEFAULT NULL,
  `handlerpath` varchar(300) DEFAULT NULL
) ENGINE=InnoDB DEFAULT CHARSET=utf8;

--
-- Dumping data for table `vtiger_wsapp_handlerdetails`
--

INSERT INTO `vtiger_wsapp_handlerdetails` (`type`, `handlerclass`, `handlerpath`) VALUES
('Outlook', 'OutlookHandler', 'modules/WSAPP/Handlers/OutlookHandler.php'),
('vtigerCRM', 'vtigerCRMHandler', 'modules/WSAPP/Handlers/vtigerCRMHandler.php'),
('vtigerSyncLib', 'WSAPP_VtigerSyncEventHandler', 'modules/WSAPP/synclib/handlers/VtigerSyncEventHandler.php'),
('Google_vtigerHandler', 'Google_Vtiger_Handler', 'modules/Google/handlers/Vtiger.php'),
('Google_vtigerSyncHandler', 'Google_VtigerSync_Handler', 'modules/Google/handlers/VtigerSync.php');

-- --------------------------------------------------------

--
-- Table structure for table `vtiger_wsapp_logs_basic`
--

CREATE TABLE `vtiger_wsapp_logs_basic` (
  `id` int(25) NOT NULL,
  `extensiontabid` int(19) DEFAULT NULL,
  `module` varchar(50) NOT NULL,
  `sync_datetime` datetime NOT NULL,
  `app_create_count` int(11) DEFAULT NULL,
  `app_update_count` int(11) DEFAULT NULL,
  `app_delete_count` int(11) DEFAULT NULL,
  `app_skip_count` int(11) DEFAULT NULL,
  `vt_create_count` int(11) DEFAULT NULL,
  `vt_update_count` int(11) DEFAULT NULL,
  `vt_delete_count` int(11) DEFAULT NULL,
  `vt_skip_count` int(11) DEFAULT NULL,
  `userid` int(11) DEFAULT NULL
) ENGINE=InnoDB DEFAULT CHARSET=utf8;

-- --------------------------------------------------------

--
-- Table structure for table `vtiger_wsapp_logs_details`
--

CREATE TABLE `vtiger_wsapp_logs_details` (
  `id` int(25) NOT NULL,
  `app_create_ids` mediumtext DEFAULT NULL,
  `app_update_ids` mediumtext DEFAULT NULL,
  `app_delete_ids` mediumtext DEFAULT NULL,
  `app_skip_info` mediumtext DEFAULT NULL,
  `vt_create_ids` mediumtext DEFAULT NULL,
  `vt_update_ids` mediumtext DEFAULT NULL,
  `vt_delete_ids` mediumtext DEFAULT NULL,
  `vt_skip_info` mediumtext DEFAULT NULL
) ENGINE=InnoDB DEFAULT CHARSET=utf8;

-- --------------------------------------------------------

--
-- Table structure for table `vtiger_wsapp_queuerecords`
--

CREATE TABLE `vtiger_wsapp_queuerecords` (
  `syncserverid` int(19) DEFAULT NULL,
  `details` varchar(300) DEFAULT NULL,
  `flag` varchar(100) DEFAULT NULL,
  `appid` int(19) DEFAULT NULL
) ENGINE=InnoDB DEFAULT CHARSET=utf8;

-- --------------------------------------------------------

--
-- Table structure for table `vtiger_wsapp_recordmapping`
--

CREATE TABLE `vtiger_wsapp_recordmapping` (
  `id` int(19) NOT NULL,
  `serverid` varchar(10) DEFAULT NULL,
  `clientid` varchar(255) DEFAULT NULL,
  `clientmodifiedtime` datetime DEFAULT NULL,
  `appid` int(11) DEFAULT NULL,
  `servermodifiedtime` datetime DEFAULT NULL,
  `serverappid` int(11) DEFAULT NULL
) ENGINE=InnoDB DEFAULT CHARSET=utf8;

-- --------------------------------------------------------

--
-- Table structure for table `vtiger_wsapp_sync_state`
--

CREATE TABLE `vtiger_wsapp_sync_state` (
  `id` int(19) NOT NULL,
  `name` varchar(200) DEFAULT NULL,
  `stateencodedvalues` varchar(300) NOT NULL,
  `userid` int(19) DEFAULT NULL
) ENGINE=InnoDB DEFAULT CHARSET=utf8;

-- --------------------------------------------------------

--
-- Table structure for table `vtiger_ws_entity`
--

CREATE TABLE `vtiger_ws_entity` (
  `id` int(11) NOT NULL,
  `name` varchar(25) NOT NULL,
  `handler_path` varchar(255) NOT NULL,
  `handler_class` varchar(64) NOT NULL,
  `ismodule` int(3) NOT NULL
) ENGINE=InnoDB DEFAULT CHARSET=utf8;

--
-- Dumping data for table `vtiger_ws_entity`
--

INSERT INTO `vtiger_ws_entity` (`id`, `name`, `handler_path`, `handler_class`, `ismodule`) VALUES
(1, 'Campaigns', 'include/Webservices/VtigerModuleOperation.php', 'VtigerModuleOperation', 1),
(2, 'Vendors', 'include/Webservices/VtigerModuleOperation.php', 'VtigerModuleOperation', 1),
(3, 'Faq', 'include/Webservices/VtigerModuleOperation.php', 'VtigerModuleOperation', 1),
(4, 'Quotes', 'include/Webservices/LineItem/VtigerInventoryOperation.php', 'VtigerInventoryOperation', 1),
(5, 'PurchaseOrder', 'include/Webservices/LineItem/VtigerInventoryOperation.php', 'VtigerInventoryOperation', 1),
(6, 'SalesOrder', 'include/Webservices/LineItem/VtigerInventoryOperation.php', 'VtigerInventoryOperation', 1),
(7, 'Invoice', 'include/Webservices/LineItem/VtigerInventoryOperation.php', 'VtigerInventoryOperation', 1),
(8, 'PriceBooks', 'include/Webservices/VtigerModuleOperation.php', 'VtigerModuleOperation', 1),
(9, 'Calendar', 'include/Webservices/VtigerModuleOperation.php', 'VtigerModuleOperation', 1),
(10, 'Leads', 'include/Webservices/VtigerModuleOperation.php', 'VtigerModuleOperation', 1),
(11, 'Accounts', 'include/Webservices/VtigerModuleOperation.php', 'VtigerModuleOperation', 1),
(12, 'Contacts', 'include/Webservices/VtigerModuleOperation.php', 'VtigerModuleOperation', 1),
(13, 'Potentials', 'include/Webservices/VtigerModuleOperation.php', 'VtigerModuleOperation', 1),
(14, 'Products', 'include/Webservices/VtigerProductOperation.php', 'VtigerProductOperation', 1),
(15, 'Documents', 'include/Webservices/VtigerModuleOperation.php', 'VtigerModuleOperation', 1),
(16, 'Emails', 'include/Webservices/VtigerModuleOperation.php', 'VtigerModuleOperation', 1),
(17, 'HelpDesk', 'include/Webservices/VtigerModuleOperation.php', 'VtigerModuleOperation', 1),
(18, 'Events', 'include/Webservices/VtigerModuleOperation.php', 'VtigerModuleOperation', 1),
(19, 'Users', 'include/Webservices/VtigerModuleOperation.php', 'VtigerModuleOperation', 1),
(20, 'Groups', 'include/Webservices/VtigerActorOperation.php', 'VtigerActorOperation', 0),
(21, 'Currency', 'include/Webservices/VtigerActorOperation.php', 'VtigerActorOperation', 0),
(22, 'DocumentFolders', 'include/Webservices/VtigerActorOperation.php', 'VtigerActorOperation', 0),
(23, 'CompanyDetails', 'include/Webservices/VtigerCompanyDetails.php', 'VtigerCompanyDetails', 0),
(24, 'ServiceContracts', 'include/Webservices/VtigerModuleOperation.php', 'VtigerModuleOperation', 1),
(25, 'PBXManager', 'include/Webservices/VtigerModuleOperation.php', 'VtigerModuleOperation', 1),
(26, 'Services', 'include/Webservices/VtigerProductOperation.php', 'VtigerProductOperation', 1),
(27, 'ModComments', 'include/Webservices/VtigerModuleOperation.php', 'VtigerModuleOperation', 1),
(28, 'Assets', 'include/Webservices/VtigerModuleOperation.php', 'VtigerModuleOperation', 1),
(29, 'SMSNotifier', 'include/Webservices/VtigerModuleOperation.php', 'VtigerModuleOperation', 1),
(30, 'ProjectMilestone', 'include/Webservices/VtigerModuleOperation.php', 'VtigerModuleOperation', 1),
(31, 'ProjectTask', 'include/Webservices/VtigerModuleOperation.php', 'VtigerModuleOperation', 1),
(32, 'Project', 'include/Webservices/VtigerModuleOperation.php', 'VtigerModuleOperation', 1),
(33, 'LineItem', 'include/Webservices/LineItem/VtigerLineItemOperation.php', 'VtigerLineItemOperation', 0),
(34, 'Tax', 'include/Webservices/LineItem/VtigerTaxOperation.php', 'VtigerTaxOperation', 0),
(35, 'ProductTaxes', 'include/Webservices/LineItem/VtigerProductTaxesOperation.php', 'VtigerProductTaxesOperation', 0),
(44, 'Subservices', 'include/Webservices/VtigerModuleOperation.php', 'VtigerModuleOperation', 1),
(48, 'Mainservicestype', 'include/Webservices/VtigerModuleOperation.php', 'VtigerModuleOperation', 1),
(49, 'Locationmap', 'include/Webservices/VtigerModuleOperation.php', 'VtigerModuleOperation', 1),
(50, 'EmployeeRoaster', 'include/Webservices/VtigerModuleOperation.php', 'VtigerModuleOperation', 1),
(51, 'Transaction', 'include/Webservices/VtigerModuleOperation.php', 'VtigerModuleOperation', 1);

-- --------------------------------------------------------

--
-- Table structure for table `vtiger_ws_entity_fieldtype`
--

CREATE TABLE `vtiger_ws_entity_fieldtype` (
  `fieldtypeid` int(19) NOT NULL,
  `table_name` varchar(50) NOT NULL,
  `field_name` varchar(50) NOT NULL,
  `fieldtype` varchar(200) NOT NULL
) ENGINE=InnoDB DEFAULT CHARSET=utf8;

--
-- Dumping data for table `vtiger_ws_entity_fieldtype`
--

INSERT INTO `vtiger_ws_entity_fieldtype` (`fieldtypeid`, `table_name`, `field_name`, `fieldtype`) VALUES
(1, 'vtiger_attachmentsfolder', 'createdby', 'reference'),
(2, 'vtiger_organizationdetails', 'logoname', 'file'),
(3, 'vtiger_organizationdetails', 'phone', 'phone'),
(4, 'vtiger_organizationdetails', 'fax', 'phone'),
(5, 'vtiger_organizationdetails', 'website', 'url'),
(6, 'vtiger_inventoryproductrel', 'productid', 'reference'),
(7, 'vtiger_inventoryproductrel', 'id', 'reference'),
(8, 'vtiger_inventoryproductrel', 'incrementondel', 'autogenerated'),
(9, 'vtiger_producttaxrel', 'productid', 'reference'),
(10, 'vtiger_producttaxrel', 'taxid', 'reference');

-- --------------------------------------------------------

--
-- Table structure for table `vtiger_ws_entity_fieldtype_seq`
--

CREATE TABLE `vtiger_ws_entity_fieldtype_seq` (
  `id` int(11) NOT NULL
) ENGINE=InnoDB DEFAULT CHARSET=utf8;

--
-- Dumping data for table `vtiger_ws_entity_fieldtype_seq`
--

INSERT INTO `vtiger_ws_entity_fieldtype_seq` (`id`) VALUES
(10);

-- --------------------------------------------------------

--
-- Table structure for table `vtiger_ws_entity_name`
--

CREATE TABLE `vtiger_ws_entity_name` (
  `entity_id` int(11) NOT NULL,
  `name_fields` varchar(50) NOT NULL,
  `index_field` varchar(50) NOT NULL,
  `table_name` varchar(50) NOT NULL
) ENGINE=InnoDB DEFAULT CHARSET=utf8;

--
-- Dumping data for table `vtiger_ws_entity_name`
--

INSERT INTO `vtiger_ws_entity_name` (`entity_id`, `name_fields`, `index_field`, `table_name`) VALUES
(20, 'groupname', 'groupid', 'vtiger_groups'),
(21, 'currency_name', 'id', 'vtiger_currency_info'),
(22, 'foldername', 'folderid', 'vtiger_attachmentsfolder'),
(23, 'organizationname', 'groupid', 'vtiger_organizationdetails'),
(34, 'taxlabel', 'taxid', 'vtiger_inventorytaxinfo');

-- --------------------------------------------------------

--
-- Table structure for table `vtiger_ws_entity_referencetype`
--

CREATE TABLE `vtiger_ws_entity_referencetype` (
  `fieldtypeid` int(19) NOT NULL,
  `type` varchar(25) NOT NULL
) ENGINE=InnoDB DEFAULT CHARSET=utf8;

--
-- Dumping data for table `vtiger_ws_entity_referencetype`
--

INSERT INTO `vtiger_ws_entity_referencetype` (`fieldtypeid`, `type`) VALUES
(5, 'Users'),
(6, 'Products'),
(7, 'Invoice'),
(7, 'PurchaseOrder'),
(7, 'Quotes'),
(7, 'SalesOrder'),
(9, 'Products'),
(10, 'Tax');

-- --------------------------------------------------------

--
-- Table structure for table `vtiger_ws_entity_seq`
--

CREATE TABLE `vtiger_ws_entity_seq` (
  `id` int(11) NOT NULL
) ENGINE=InnoDB DEFAULT CHARSET=utf8;

--
-- Dumping data for table `vtiger_ws_entity_seq`
--

INSERT INTO `vtiger_ws_entity_seq` (`id`) VALUES
(50);

-- --------------------------------------------------------

--
-- Table structure for table `vtiger_ws_entity_tables`
--

CREATE TABLE `vtiger_ws_entity_tables` (
  `webservice_entity_id` int(11) NOT NULL,
  `table_name` varchar(50) NOT NULL
) ENGINE=InnoDB DEFAULT CHARSET=utf8;

--
-- Dumping data for table `vtiger_ws_entity_tables`
--

INSERT INTO `vtiger_ws_entity_tables` (`webservice_entity_id`, `table_name`) VALUES
(20, 'vtiger_groups'),
(21, 'vtiger_currency_info'),
(22, 'vtiger_attachmentsfolder'),
(23, 'vtiger_organizationdetails'),
(33, 'vtiger_inventoryproductrel'),
(34, 'vtiger_inventorytaxinfo'),
(35, 'vtiger_producttaxrel');

-- --------------------------------------------------------

--
-- Table structure for table `vtiger_ws_fieldinfo`
--

CREATE TABLE `vtiger_ws_fieldinfo` (
  `id` varchar(64) NOT NULL,
  `property_name` varchar(32) DEFAULT NULL,
  `property_value` varchar(64) DEFAULT NULL
) ENGINE=InnoDB DEFAULT CHARSET=utf8;

--
-- Dumping data for table `vtiger_ws_fieldinfo`
--

INSERT INTO `vtiger_ws_fieldinfo` (`id`, `property_name`, `property_value`) VALUES
('vtiger_organizationdetails.organization_id', 'upload.path', '1');

-- --------------------------------------------------------

--
-- Table structure for table `vtiger_ws_fieldtype`
--

CREATE TABLE `vtiger_ws_fieldtype` (
  `fieldtypeid` int(19) NOT NULL,
  `uitype` varchar(30) NOT NULL,
  `fieldtype` varchar(200) NOT NULL
) ENGINE=InnoDB DEFAULT CHARSET=utf8;

--
-- Dumping data for table `vtiger_ws_fieldtype`
--

INSERT INTO `vtiger_ws_fieldtype` (`fieldtypeid`, `uitype`, `fieldtype`) VALUES
(1, '15', 'picklist'),
(2, '16', 'picklist'),
(3, '19', 'text'),
(4, '20', 'text'),
(5, '21', 'text'),
(6, '24', 'text'),
(7, '3', 'autogenerated'),
(8, '11', 'phone'),
(9, '33', 'multipicklist'),
(10, '17', 'url'),
(11, '85', 'skype'),
(12, '56', 'boolean'),
(13, '156', 'boolean'),
(14, '53', 'owner'),
(15, '61', 'file'),
(16, '28', 'file'),
(17, '13', 'email'),
(18, '71', 'currency'),
(19, '72', 'currency'),
(20, '50', 'reference'),
(21, '51', 'reference'),
(22, '57', 'reference'),
(23, '58', 'reference'),
(24, '73', 'reference'),
(25, '75', 'reference'),
(26, '76', 'reference'),
(27, '78', 'reference'),
(28, '80', 'reference'),
(29, '81', 'reference'),
(30, '101', 'reference'),
(31, '52', 'reference'),
(32, '357', 'reference'),
(33, '59', 'reference'),
(34, '66', 'reference'),
(35, '77', 'reference'),
(36, '68', 'reference'),
(37, '117', 'reference'),
(38, '26', 'reference'),
(39, '10', 'reference'),
(40, '98', 'reference'),
(41, '69', 'image');

-- --------------------------------------------------------

--
-- Table structure for table `vtiger_ws_operation`
--

CREATE TABLE `vtiger_ws_operation` (
  `operationid` int(11) NOT NULL,
  `name` varchar(128) NOT NULL,
  `handler_path` varchar(255) NOT NULL,
  `handler_method` varchar(64) NOT NULL,
  `type` varchar(8) NOT NULL,
  `prelogin` int(3) NOT NULL
) ENGINE=InnoDB DEFAULT CHARSET=utf8;

--
-- Dumping data for table `vtiger_ws_operation`
--

INSERT INTO `vtiger_ws_operation` (`operationid`, `name`, `handler_path`, `handler_method`, `type`, `prelogin`) VALUES
(1, 'login', 'include/Webservices/Login.php', 'vtws_login', 'POST', 1),
(2, 'retrieve', 'include/Webservices/Retrieve.php', 'vtws_retrieve', 'GET', 0),
(3, 'create', 'include/Webservices/Create.php', 'vtws_create', 'POST', 0),
(4, 'update', 'include/Webservices/Update.php', 'vtws_update', 'POST', 0),
(5, 'delete', 'include/Webservices/Delete.php', 'vtws_delete', 'POST', 0),
(6, 'sync', 'include/Webservices/GetUpdates.php', 'vtws_sync', 'GET', 0),
(7, 'query', 'include/Webservices/Query.php', 'vtws_query', 'GET', 0),
(8, 'logout', 'include/Webservices/Logout.php', 'vtws_logout', 'POST', 0),
(9, 'listtypes', 'include/Webservices/ModuleTypes.php', 'vtws_listtypes', 'GET', 0),
(10, 'getchallenge', 'include/Webservices/AuthToken.php', 'vtws_getchallenge', 'GET', 1),
(11, 'describe', 'include/Webservices/DescribeObject.php', 'vtws_describe', 'GET', 0),
(12, 'extendsession', 'include/Webservices/ExtendSession.php', 'vtws_extendSession', 'POST', 1),
(13, 'convertlead', 'include/Webservices/ConvertLead.php', 'vtws_convertlead', 'POST', 0),
(14, 'revise', 'include/Webservices/Revise.php', 'vtws_revise', 'POST', 0),
(15, 'changePassword', 'include/Webservices/ChangePassword.php', 'vtws_changePassword', 'POST', 0),
(16, 'deleteUser', 'include/Webservices/DeleteUser.php', 'vtws_deleteUser', 'POST', 0),
(17, 'mobile.fetchallalerts', 'modules/Mobile/api/wsapi.php', 'mobile_ws_fetchAllAlerts', 'POST', 0),
(18, 'mobile.alertdetailswithmessage', 'modules/Mobile/api/wsapi.php', 'mobile_ws_alertDetailsWithMessage', 'POST', 0),
(19, 'mobile.fetchmodulefilters', 'modules/Mobile/api/wsapi.php', 'mobile_ws_fetchModuleFilters', 'POST', 0),
(20, 'mobile.fetchrecord', 'modules/Mobile/api/wsapi.php', 'mobile_ws_fetchRecord', 'POST', 0),
(21, 'mobile.fetchrecordwithgrouping', 'modules/Mobile/api/wsapi.php', 'mobile_ws_fetchRecordWithGrouping', 'POST', 0),
(22, 'mobile.filterdetailswithcount', 'modules/Mobile/api/wsapi.php', 'mobile_ws_filterDetailsWithCount', 'POST', 0),
(23, 'mobile.listmodulerecords', 'modules/Mobile/api/wsapi.php', 'mobile_ws_listModuleRecords', 'POST', 0),
(24, 'mobile.saverecord', 'modules/Mobile/api/wsapi.php', 'mobile_ws_saveRecord', 'POST', 0),
(25, 'mobile.syncModuleRecords', 'modules/Mobile/api/wsapi.php', 'mobile_ws_syncModuleRecords', 'POST', 0),
(26, 'mobile.query', 'modules/Mobile/api/wsapi.php', 'mobile_ws_query', 'POST', 0),
(27, 'mobile.querywithgrouping', 'modules/Mobile/api/wsapi.php', 'mobile_ws_queryWithGrouping', 'POST', 0),
(28, 'wsapp_register', 'modules/WSAPP/api/ws/Register.php', 'wsapp_register', 'POST', 0),
(29, 'wsapp_deregister', 'modules/WSAPP/api/ws/DeRegister.php', 'wsapp_deregister', 'POST', 0),
(30, 'wsapp_get', 'modules/WSAPP/api/ws/Get.php', 'wsapp_get', 'POST', 0),
(31, 'wsapp_put', 'modules/WSAPP/api/ws/Put.php', 'wsapp_put', 'POST', 0),
(32, 'wsapp_map', 'modules/WSAPP/api/ws/Map.php', 'wsapp_map', 'POST', 0),
(33, 'retrieve_inventory', 'include/Webservices/LineItem/RetrieveInventory.php', 'vtws_retrieve_inventory', 'GET', 0),
(34, 'relatedtypes', 'include/Webservices/RelatedTypes.php', 'vtws_relatedtypes', 'GET', 0),
(35, 'retrieve_related', 'include/Webservices/RetrieveRelated.php', 'vtws_retrieve_related', 'GET', 0),
(36, 'query_related', 'include/Webservices/QueryRelated.php', 'vtws_query_related', 'GET', 0),
(37, 'add_related', 'include/Webservices/AddRelated.php', 'vtws_add_related', 'POST', 0),
(38, 'files_retrieve', 'include/Webservices/FileRetrieve.php', 'vtws_file_retrieve', 'GET', 0);

-- --------------------------------------------------------

--
-- Table structure for table `vtiger_ws_operation_parameters`
--

CREATE TABLE `vtiger_ws_operation_parameters` (
  `operationid` int(11) NOT NULL,
  `name` varchar(128) NOT NULL,
  `type` varchar(64) NOT NULL,
  `sequence` int(11) NOT NULL
) ENGINE=InnoDB DEFAULT CHARSET=utf8;

--
-- Dumping data for table `vtiger_ws_operation_parameters`
--

INSERT INTO `vtiger_ws_operation_parameters` (`operationid`, `name`, `type`, `sequence`) VALUES
(1, 'accessKey', 'String', 2),
(1, 'username', 'String', 1),
(2, 'id', 'String', 1),
(3, 'element', 'encoded', 2),
(3, 'elementType', 'String', 1),
(4, 'element', 'encoded', 1),
(5, 'id', 'String', 1),
(6, 'elementType', 'String', 2),
(6, 'modifiedTime', 'DateTime', 1),
(7, 'query', 'String', 1),
(8, 'sessionName', 'String', 1),
(9, 'fieldTypeList', 'encoded', 1),
(10, 'username', 'String', 1),
(11, 'elementType', 'String', 1),
(13, 'accountName', 'String', 3),
(13, 'assignedTo', 'String', 2),
(13, 'avoidPotential', 'Boolean', 4),
(13, 'leadId', 'String', 1),
(13, 'potential', 'Encoded', 5),
(14, 'element', 'Encoded', 1),
(15, 'confirmPassword', 'String', 4),
(15, 'id', 'String', 1),
(15, 'newPassword', 'String', 3),
(15, 'oldPassword', 'String', 2),
(16, 'id', 'String', 1),
(16, 'newOwnerId', 'String', 2),
(18, 'alertid', 'string', 1),
(19, 'module', 'string', 1),
(20, 'record', 'string', 1),
(21, 'record', 'string', 1),
(22, 'filterid', 'string', 1),
(23, 'elements', 'encoded', 1),
(24, 'module', 'string', 1),
(24, 'record', 'string', 2),
(24, 'values', 'encoded', 3),
(25, 'module', 'string', 1),
(25, 'page', 'string', 3),
(25, 'syncToken', 'string', 2),
(26, 'module', 'string', 1),
(26, 'page', 'string', 3),
(26, 'query', 'string', 2),
(27, 'module', 'string', 1),
(27, 'page', 'string', 3),
(27, 'query', 'string', 2),
(28, 'synctype', 'string', 2),
(28, 'type', 'string', 1),
(29, 'key', 'string', 2),
(29, 'type', 'string', 1),
(30, 'key', 'string', 1),
(30, 'module', 'string', 2),
(30, 'token', 'string', 3),
(31, 'element', 'encoded', 2),
(31, 'key', 'string', 1),
(32, 'element', 'encoded', 2),
(32, 'key', 'string', 1),
(33, 'id', 'String', 1),
(34, 'elementType', 'string', 1),
(35, 'id', 'string', 1),
(35, 'relatedLabel', 'string', 3),
(35, 'relatedType', 'string', 2),
(36, 'id', 'string', 2),
(36, 'query', 'string', 1),
(36, 'relatedLabel', 'string', 3),
(37, 'relatedRecordId', 'string', 2),
(37, 'relationIdLabel', 'string', 3),
(37, 'sourceRecordId', 'string', 1),
(38, 'id', 'string', 1);

-- --------------------------------------------------------

--
-- Table structure for table `vtiger_ws_operation_seq`
--

CREATE TABLE `vtiger_ws_operation_seq` (
  `id` int(11) NOT NULL
) ENGINE=InnoDB DEFAULT CHARSET=utf8;

--
-- Dumping data for table `vtiger_ws_operation_seq`
--

INSERT INTO `vtiger_ws_operation_seq` (`id`) VALUES
(38);

-- --------------------------------------------------------

--
-- Table structure for table `vtiger_ws_referencetype`
--

CREATE TABLE `vtiger_ws_referencetype` (
  `fieldtypeid` int(19) NOT NULL,
  `type` varchar(25) NOT NULL
) ENGINE=InnoDB DEFAULT CHARSET=utf8;

--
-- Dumping data for table `vtiger_ws_referencetype`
--

INSERT INTO `vtiger_ws_referencetype` (`fieldtypeid`, `type`) VALUES
(20, 'Accounts'),
(21, 'Accounts'),
(22, 'Contacts'),
(23, 'Campaigns'),
(24, 'Accounts'),
(25, 'Vendors'),
(26, 'Potentials'),
(27, 'Quotes'),
(28, 'SalesOrder'),
(29, 'Vendors'),
(30, 'Users'),
(31, 'Users'),
(32, 'Accounts'),
(32, 'Contacts'),
(32, 'Leads'),
(32, 'Users'),
(32, 'Vendors'),
(33, 'Products'),
(34, 'Accounts'),
(34, 'Campaigns'),
(34, 'HelpDesk'),
(34, 'Invoice'),
(34, 'Leads'),
(34, 'Potentials'),
(34, 'PurchaseOrder'),
(34, 'Quotes'),
(34, 'SalesOrder'),
(35, 'Users'),
(36, 'Accounts'),
(36, 'Contacts'),
(37, 'Currency'),
(38, 'DocumentFolders');

-- --------------------------------------------------------

--
-- Table structure for table `vtiger_ws_userauthtoken`
--

CREATE TABLE `vtiger_ws_userauthtoken` (
  `userid` int(19) NOT NULL,
  `token` varchar(36) NOT NULL,
  `expiretime` int(19) NOT NULL
) ENGINE=InnoDB DEFAULT CHARSET=utf8;

--
-- Dumping data for table `vtiger_ws_userauthtoken`
--

INSERT INTO `vtiger_ws_userauthtoken` (`userid`, `token`, `expiretime`) VALUES
(1, '608a849874546', 1619690948),
(11, '602baabb5e961', 1613474791),
(12, '602b83c9cd53b', 1613464821);

--
-- Indexes for dumped tables
--

--
-- Indexes for table `com_vtiger_workflows`
--
ALTER TABLE `com_vtiger_workflows`
  ADD PRIMARY KEY (`workflow_id`),
  ADD UNIQUE KEY `com_vtiger_workflows_idx` (`workflow_id`);

--
-- Indexes for table `com_vtiger_workflowtasks`
--
ALTER TABLE `com_vtiger_workflowtasks`
  ADD PRIMARY KEY (`task_id`),
  ADD UNIQUE KEY `com_vtiger_workflowtasks_idx` (`task_id`);

--
-- Indexes for table `com_vtiger_workflowtasks_entitymethod`
--
ALTER TABLE `com_vtiger_workflowtasks_entitymethod`
  ADD PRIMARY KEY (`workflowtasks_entitymethod_id`),
  ADD UNIQUE KEY `com_vtiger_workflowtasks_entitymethod_idx` (`workflowtasks_entitymethod_id`);

--
-- Indexes for table `com_vtiger_workflowtemplates`
--
ALTER TABLE `com_vtiger_workflowtemplates`
  ADD PRIMARY KEY (`template_id`);

--
-- Indexes for table `com_vtiger_workflow_activatedonce`
--
ALTER TABLE `com_vtiger_workflow_activatedonce`
  ADD PRIMARY KEY (`workflow_id`,`entity_id`);

--
-- Indexes for table `vtiger_account`
--
ALTER TABLE `vtiger_account`
  ADD PRIMARY KEY (`accountid`),
  ADD KEY `account_account_type_idx` (`account_type`),
  ADD KEY `email_idx` (`email1`,`email2`);

--
-- Indexes for table `vtiger_accountbillads`
--
ALTER TABLE `vtiger_accountbillads`
  ADD PRIMARY KEY (`accountaddressid`);

--
-- Indexes for table `vtiger_accountrating`
--
ALTER TABLE `vtiger_accountrating`
  ADD PRIMARY KEY (`accountratingid`),
  ADD UNIQUE KEY `accountrating_rating_idx` (`rating`);

--
-- Indexes for table `vtiger_accountscf`
--
ALTER TABLE `vtiger_accountscf`
  ADD PRIMARY KEY (`accountid`);

--
-- Indexes for table `vtiger_accountshipads`
--
ALTER TABLE `vtiger_accountshipads`
  ADD PRIMARY KEY (`accountaddressid`);

--
-- Indexes for table `vtiger_accounttype`
--
ALTER TABLE `vtiger_accounttype`
  ADD PRIMARY KEY (`accounttypeid`),
  ADD UNIQUE KEY `accounttype_accounttype_idx` (`accounttype`);

--
-- Indexes for table `vtiger_actionmapping`
--
ALTER TABLE `vtiger_actionmapping`
  ADD PRIMARY KEY (`actionid`,`actionname`);

--
-- Indexes for table `vtiger_activity`
--
ALTER TABLE `vtiger_activity`
  ADD PRIMARY KEY (`activityid`),
  ADD KEY `activity_activityid_subject_idx` (`activityid`,`subject`),
  ADD KEY `activity_activitytype_date_start_idx` (`activitytype`,`date_start`),
  ADD KEY `activity_date_start_due_date_idx` (`date_start`,`due_date`),
  ADD KEY `activity_date_start_time_start_idx` (`date_start`,`time_start`),
  ADD KEY `activity_eventstatus_idx` (`eventstatus`),
  ADD KEY `activity_status_idx` (`status`);

--
-- Indexes for table `vtiger_activitycf`
--
ALTER TABLE `vtiger_activitycf`
  ADD PRIMARY KEY (`activityid`);

--
-- Indexes for table `vtiger_activityproductrel`
--
ALTER TABLE `vtiger_activityproductrel`
  ADD PRIMARY KEY (`activityid`,`productid`),
  ADD KEY `activityproductrel_activityid_idx` (`activityid`),
  ADD KEY `activityproductrel_productid_idx` (`productid`);

--
-- Indexes for table `vtiger_activitytype`
--
ALTER TABLE `vtiger_activitytype`
  ADD PRIMARY KEY (`activitytypeid`),
  ADD UNIQUE KEY `activitytype_activitytype_idx` (`activitytype`);

--
-- Indexes for table `vtiger_activity_reminder`
--
ALTER TABLE `vtiger_activity_reminder`
  ADD PRIMARY KEY (`activity_id`,`recurringid`);

--
-- Indexes for table `vtiger_activity_reminder_popup`
--
ALTER TABLE `vtiger_activity_reminder_popup`
  ADD PRIMARY KEY (`reminderid`);

--
-- Indexes for table `vtiger_activity_view`
--
ALTER TABLE `vtiger_activity_view`
  ADD PRIMARY KEY (`activity_viewid`);

--
-- Indexes for table `vtiger_announcement`
--
ALTER TABLE `vtiger_announcement`
  ADD PRIMARY KEY (`creatorid`),
  ADD KEY `announcement_creatorid_idx` (`creatorid`);

--
-- Indexes for table `vtiger_app2tab`
--
ALTER TABLE `vtiger_app2tab`
  ADD KEY `vtiger_app2tab_fk_tab` (`tabid`);

--
-- Indexes for table `vtiger_assets`
--
ALTER TABLE `vtiger_assets`
  ADD PRIMARY KEY (`assetsid`);

--
-- Indexes for table `vtiger_assetscf`
--
ALTER TABLE `vtiger_assetscf`
  ADD PRIMARY KEY (`assetsid`);

--
-- Indexes for table `vtiger_assetstatus`
--
ALTER TABLE `vtiger_assetstatus`
  ADD PRIMARY KEY (`assetstatusid`);

--
-- Indexes for table `vtiger_asteriskincomingevents`
--
ALTER TABLE `vtiger_asteriskincomingevents`
  ADD PRIMARY KEY (`uid`);

--
-- Indexes for table `vtiger_attachments`
--
ALTER TABLE `vtiger_attachments`
  ADD PRIMARY KEY (`attachmentsid`),
  ADD KEY `attachments_attachmentsid_idx` (`attachmentsid`);

--
-- Indexes for table `vtiger_attachmentsfolder`
--
ALTER TABLE `vtiger_attachmentsfolder`
  ADD PRIMARY KEY (`folderid`);

--
-- Indexes for table `vtiger_audit_trial`
--
ALTER TABLE `vtiger_audit_trial`
  ADD PRIMARY KEY (`auditid`);

--
-- Indexes for table `vtiger_blocks`
--
ALTER TABLE `vtiger_blocks`
  ADD PRIMARY KEY (`blockid`),
  ADD KEY `block_tabid_idx` (`tabid`);

--
-- Indexes for table `vtiger_calendarsharedtype`
--
ALTER TABLE `vtiger_calendarsharedtype`
  ADD PRIMARY KEY (`calendarsharedtypeid`);

--
-- Indexes for table `vtiger_calendar_default_activitytypes`
--
ALTER TABLE `vtiger_calendar_default_activitytypes`
  ADD PRIMARY KEY (`id`);

--
-- Indexes for table `vtiger_calendar_user_activitytypes`
--
ALTER TABLE `vtiger_calendar_user_activitytypes`
  ADD PRIMARY KEY (`id`);

--
-- Indexes for table `vtiger_callduration`
--
ALTER TABLE `vtiger_callduration`
  ADD PRIMARY KEY (`calldurationid`);

--
-- Indexes for table `vtiger_campaign`
--
ALTER TABLE `vtiger_campaign`
  ADD PRIMARY KEY (`campaignid`),
  ADD KEY `campaign_campaignstatus_idx` (`campaignstatus`),
  ADD KEY `campaign_campaignname_idx` (`campaignname`),
  ADD KEY `campaign_campaignid_idx` (`campaignid`);

--
-- Indexes for table `vtiger_campaigncontrel`
--
ALTER TABLE `vtiger_campaigncontrel`
  ADD PRIMARY KEY (`campaignid`,`contactid`,`campaignrelstatusid`),
  ADD KEY `campaigncontrel_contractid_idx` (`contactid`);

--
-- Indexes for table `vtiger_campaignleadrel`
--
ALTER TABLE `vtiger_campaignleadrel`
  ADD PRIMARY KEY (`campaignid`,`leadid`,`campaignrelstatusid`),
  ADD KEY `campaignleadrel_leadid_campaignid_idx` (`leadid`,`campaignid`);

--
-- Indexes for table `vtiger_campaignscf`
--
ALTER TABLE `vtiger_campaignscf`
  ADD PRIMARY KEY (`campaignid`);

--
-- Indexes for table `vtiger_campaignstatus`
--
ALTER TABLE `vtiger_campaignstatus`
  ADD PRIMARY KEY (`campaignstatusid`),
  ADD KEY `campaignstatus_campaignstatus_idx` (`campaignstatus`);

--
-- Indexes for table `vtiger_campaigntype`
--
ALTER TABLE `vtiger_campaigntype`
  ADD PRIMARY KEY (`campaigntypeid`),
  ADD UNIQUE KEY `campaigntype_campaigntype_idx` (`campaigntype`);

--
-- Indexes for table `vtiger_carrier`
--
ALTER TABLE `vtiger_carrier`
  ADD PRIMARY KEY (`carrierid`),
  ADD UNIQUE KEY `carrier_carrier_idx` (`carrier`);

--
-- Indexes for table `vtiger_cf_963`
--
ALTER TABLE `vtiger_cf_963`
  ADD PRIMARY KEY (`cf_963id`);

--
-- Indexes for table `vtiger_cntactivityrel`
--
ALTER TABLE `vtiger_cntactivityrel`
  ADD PRIMARY KEY (`contactid`,`activityid`),
  ADD KEY `cntactivityrel_contactid_idx` (`contactid`),
  ADD KEY `cntactivityrel_activityid_idx` (`activityid`);

--
-- Indexes for table `vtiger_contactaddress`
--
ALTER TABLE `vtiger_contactaddress`
  ADD PRIMARY KEY (`contactaddressid`);

--
-- Indexes for table `vtiger_contactdetails`
--
ALTER TABLE `vtiger_contactdetails`
  ADD PRIMARY KEY (`contactid`),
  ADD KEY `contactdetails_accountid_idx` (`accountid`),
  ADD KEY `email_idx` (`email`);

--
-- Indexes for table `vtiger_contactscf`
--
ALTER TABLE `vtiger_contactscf`
  ADD PRIMARY KEY (`contactid`);

--
-- Indexes for table `vtiger_contactsubdetails`
--
ALTER TABLE `vtiger_contactsubdetails`
  ADD PRIMARY KEY (`contactsubscriptionid`);

--
-- Indexes for table `vtiger_contpotentialrel`
--
ALTER TABLE `vtiger_contpotentialrel`
  ADD PRIMARY KEY (`contactid`,`potentialid`),
  ADD KEY `contpotentialrel_potentialid_idx` (`potentialid`),
  ADD KEY `contpotentialrel_contactid_idx` (`contactid`);

--
-- Indexes for table `vtiger_contract_priority`
--
ALTER TABLE `vtiger_contract_priority`
  ADD PRIMARY KEY (`contract_priorityid`);

--
-- Indexes for table `vtiger_contract_status`
--
ALTER TABLE `vtiger_contract_status`
  ADD PRIMARY KEY (`contract_statusid`);

--
-- Indexes for table `vtiger_contract_type`
--
ALTER TABLE `vtiger_contract_type`
  ADD PRIMARY KEY (`contract_typeid`);

--
-- Indexes for table `vtiger_convertleadmapping`
--
ALTER TABLE `vtiger_convertleadmapping`
  ADD PRIMARY KEY (`cfmid`);

--
-- Indexes for table `vtiger_convertpotentialmapping`
--
ALTER TABLE `vtiger_convertpotentialmapping`
  ADD PRIMARY KEY (`cfmid`);

--
-- Indexes for table `vtiger_crmentity`
--
ALTER TABLE `vtiger_crmentity`
  ADD PRIMARY KEY (`crmid`),
  ADD KEY `crmentity_smcreatorid_idx` (`smcreatorid`),
  ADD KEY `crmentity_modifiedby_idx` (`modifiedby`),
  ADD KEY `crmentity_deleted_idx` (`deleted`),
  ADD KEY `crm_ownerid_del_setype_idx` (`smownerid`,`deleted`,`setype`),
  ADD KEY `vtiger_crmentity_labelidx` (`label`);

--
-- Indexes for table `vtiger_crmentityrel`
--
ALTER TABLE `vtiger_crmentityrel`
  ADD KEY `crmid_idx` (`crmid`),
  ADD KEY `relcrmid_idx` (`relcrmid`);

--
-- Indexes for table `vtiger_crmentity_user_field`
--
ALTER TABLE `vtiger_crmentity_user_field`
  ADD KEY `record_user_idx` (`recordid`,`userid`);

--
-- Indexes for table `vtiger_cron_task`
--
ALTER TABLE `vtiger_cron_task`
  ADD PRIMARY KEY (`id`),
  ADD UNIQUE KEY `name` (`name`),
  ADD UNIQUE KEY `handler_file` (`handler_file`);

--
-- Indexes for table `vtiger_currencies`
--
ALTER TABLE `vtiger_currencies`
  ADD PRIMARY KEY (`currencyid`);

--
-- Indexes for table `vtiger_currency`
--
ALTER TABLE `vtiger_currency`
  ADD PRIMARY KEY (`currencyid`),
  ADD UNIQUE KEY `currency_currency_idx` (`currency`);

--
-- Indexes for table `vtiger_currency_decimal_separator`
--
ALTER TABLE `vtiger_currency_decimal_separator`
  ADD PRIMARY KEY (`currency_decimal_separatorid`);

--
-- Indexes for table `vtiger_currency_grouping_pattern`
--
ALTER TABLE `vtiger_currency_grouping_pattern`
  ADD PRIMARY KEY (`currency_grouping_patternid`);

--
-- Indexes for table `vtiger_currency_grouping_separator`
--
ALTER TABLE `vtiger_currency_grouping_separator`
  ADD PRIMARY KEY (`currency_grouping_separatorid`);

--
-- Indexes for table `vtiger_currency_info`
--
ALTER TABLE `vtiger_currency_info`
  ADD PRIMARY KEY (`id`);

--
-- Indexes for table `vtiger_currency_symbol_placement`
--
ALTER TABLE `vtiger_currency_symbol_placement`
  ADD PRIMARY KEY (`currency_symbol_placementid`);

--
-- Indexes for table `vtiger_customaction`
--
ALTER TABLE `vtiger_customaction`
  ADD KEY `customaction_cvid_idx` (`cvid`);

--
-- Indexes for table `vtiger_customerdetails`
--
ALTER TABLE `vtiger_customerdetails`
  ADD PRIMARY KEY (`customerid`);

--
-- Indexes for table `vtiger_customerportal_fields`
--
ALTER TABLE `vtiger_customerportal_fields`
  ADD PRIMARY KEY (`tabid`);

--
-- Indexes for table `vtiger_customerportal_prefs`
--
ALTER TABLE `vtiger_customerportal_prefs`
  ADD PRIMARY KEY (`tabid`,`prefkey`);

--
-- Indexes for table `vtiger_customerportal_relatedmoduleinfo`
--
ALTER TABLE `vtiger_customerportal_relatedmoduleinfo`
  ADD PRIMARY KEY (`tabid`);

--
-- Indexes for table `vtiger_customerportal_tabs`
--
ALTER TABLE `vtiger_customerportal_tabs`
  ADD PRIMARY KEY (`tabid`);

--
-- Indexes for table `vtiger_custommodule`
--
ALTER TABLE `vtiger_custommodule`
  ADD PRIMARY KEY (`custommoduleid`);

--
-- Indexes for table `vtiger_custommodulecf`
--
ALTER TABLE `vtiger_custommodulecf`
  ADD PRIMARY KEY (`custommoduleid`);

--
-- Indexes for table `vtiger_customview`
--
ALTER TABLE `vtiger_customview`
  ADD PRIMARY KEY (`cvid`),
  ADD KEY `customview_entitytype_idx` (`entitytype`);

--
-- Indexes for table `vtiger_cv2group`
--
ALTER TABLE `vtiger_cv2group`
  ADD KEY `vtiger_cv2group_ibfk_1` (`cvid`),
  ADD KEY `vtiger_groups_ibfk_1` (`groupid`);

--
-- Indexes for table `vtiger_cv2role`
--
ALTER TABLE `vtiger_cv2role`
  ADD KEY `vtiger_cv2role_ibfk_1` (`cvid`),
  ADD KEY `vtiger_role_ibfk_1` (`roleid`);

--
-- Indexes for table `vtiger_cv2rs`
--
ALTER TABLE `vtiger_cv2rs`
  ADD KEY `vtiger_cv2role_ibfk_1` (`cvid`),
  ADD KEY `vtiger_rolesd_ibfk_1` (`rsid`);

--
-- Indexes for table `vtiger_cv2users`
--
ALTER TABLE `vtiger_cv2users`
  ADD KEY `vtiger_cv2users_ibfk_1` (`cvid`),
  ADD KEY `vtiger_users_ibfk_1` (`userid`);

--
-- Indexes for table `vtiger_cvadvfilter`
--
ALTER TABLE `vtiger_cvadvfilter`
  ADD PRIMARY KEY (`cvid`,`columnindex`),
  ADD KEY `cvadvfilter_cvid_idx` (`cvid`);

--
-- Indexes for table `vtiger_cvadvfilter_grouping`
--
ALTER TABLE `vtiger_cvadvfilter_grouping`
  ADD PRIMARY KEY (`groupid`,`cvid`);

--
-- Indexes for table `vtiger_cvcolumnlist`
--
ALTER TABLE `vtiger_cvcolumnlist`
  ADD PRIMARY KEY (`cvid`,`columnindex`),
  ADD KEY `cvcolumnlist_columnindex_idx` (`columnindex`),
  ADD KEY `cvcolumnlist_cvid_idx` (`cvid`);

--
-- Indexes for table `vtiger_cvstdfilter`
--
ALTER TABLE `vtiger_cvstdfilter`
  ADD KEY `cvstdfilter_cvid_idx` (`cvid`);

--
-- Indexes for table `vtiger_dashboard_tabs`
--
ALTER TABLE `vtiger_dashboard_tabs`
  ADD PRIMARY KEY (`id`),
  ADD UNIQUE KEY `tabname` (`tabname`,`userid`),
  ADD KEY `vtiger_dashboard_tabs_ibfk_1` (`userid`);

--
-- Indexes for table `vtiger_datashare_grp2grp`
--
ALTER TABLE `vtiger_datashare_grp2grp`
  ADD PRIMARY KEY (`shareid`),
  ADD KEY `datashare_grp2grp_share_groupid_idx` (`share_groupid`),
  ADD KEY `datashare_grp2grp_to_groupid_idx` (`to_groupid`);

--
-- Indexes for table `vtiger_datashare_grp2role`
--
ALTER TABLE `vtiger_datashare_grp2role`
  ADD PRIMARY KEY (`shareid`),
  ADD KEY `idx_datashare_grp2role_share_groupid` (`share_groupid`),
  ADD KEY `idx_datashare_grp2role_to_roleid` (`to_roleid`);

--
-- Indexes for table `vtiger_datashare_grp2rs`
--
ALTER TABLE `vtiger_datashare_grp2rs`
  ADD PRIMARY KEY (`shareid`),
  ADD KEY `datashare_grp2rs_share_groupid_idx` (`share_groupid`),
  ADD KEY `datashare_grp2rs_to_roleandsubid_idx` (`to_roleandsubid`);

--
-- Indexes for table `vtiger_datashare_module_rel`
--
ALTER TABLE `vtiger_datashare_module_rel`
  ADD PRIMARY KEY (`shareid`),
  ADD KEY `idx_datashare_module_rel_tabid` (`tabid`);

--
-- Indexes for table `vtiger_datashare_relatedmodules`
--
ALTER TABLE `vtiger_datashare_relatedmodules`
  ADD PRIMARY KEY (`datashare_relatedmodule_id`),
  ADD KEY `datashare_relatedmodules_tabid_idx` (`tabid`),
  ADD KEY `datashare_relatedmodules_relatedto_tabid_idx` (`relatedto_tabid`);

--
-- Indexes for table `vtiger_datashare_relatedmodule_permission`
--
ALTER TABLE `vtiger_datashare_relatedmodule_permission`
  ADD PRIMARY KEY (`shareid`,`datashare_relatedmodule_id`),
  ADD KEY `datashare_relatedmodule_permission_shareid_permissions_idx` (`shareid`,`permission`);

--
-- Indexes for table `vtiger_datashare_role2group`
--
ALTER TABLE `vtiger_datashare_role2group`
  ADD PRIMARY KEY (`shareid`),
  ADD KEY `idx_datashare_role2group_share_roleid` (`share_roleid`),
  ADD KEY `idx_datashare_role2group_to_groupid` (`to_groupid`);

--
-- Indexes for table `vtiger_datashare_role2role`
--
ALTER TABLE `vtiger_datashare_role2role`
  ADD PRIMARY KEY (`shareid`),
  ADD KEY `datashare_role2role_share_roleid_idx` (`share_roleid`),
  ADD KEY `datashare_role2role_to_roleid_idx` (`to_roleid`);

--
-- Indexes for table `vtiger_datashare_role2rs`
--
ALTER TABLE `vtiger_datashare_role2rs`
  ADD PRIMARY KEY (`shareid`),
  ADD KEY `datashare_role2s_share_roleid_idx` (`share_roleid`),
  ADD KEY `datashare_role2s_to_roleandsubid_idx` (`to_roleandsubid`);

--
-- Indexes for table `vtiger_datashare_rs2grp`
--
ALTER TABLE `vtiger_datashare_rs2grp`
  ADD PRIMARY KEY (`shareid`),
  ADD KEY `datashare_rs2grp_share_roleandsubid_idx` (`share_roleandsubid`),
  ADD KEY `datashare_rs2grp_to_groupid_idx` (`to_groupid`);

--
-- Indexes for table `vtiger_datashare_rs2role`
--
ALTER TABLE `vtiger_datashare_rs2role`
  ADD PRIMARY KEY (`shareid`),
  ADD KEY `datashare_rs2role_share_roleandsubid_idx` (`share_roleandsubid`),
  ADD KEY `datashare_rs2role_to_roleid_idx` (`to_roleid`);

--
-- Indexes for table `vtiger_datashare_rs2rs`
--
ALTER TABLE `vtiger_datashare_rs2rs`
  ADD PRIMARY KEY (`shareid`),
  ADD KEY `datashare_rs2rs_share_roleandsubid_idx` (`share_roleandsubid`),
  ADD KEY `idx_datashare_rs2rs_to_roleandsubid_idx` (`to_roleandsubid`);

--
-- Indexes for table `vtiger_date_format`
--
ALTER TABLE `vtiger_date_format`
  ADD PRIMARY KEY (`date_formatid`);

--
-- Indexes for table `vtiger_dayoftheweek`
--
ALTER TABLE `vtiger_dayoftheweek`
  ADD PRIMARY KEY (`dayoftheweekid`);

--
-- Indexes for table `vtiger_defaultactivitytype`
--
ALTER TABLE `vtiger_defaultactivitytype`
  ADD PRIMARY KEY (`defaultactivitytypeid`);

--
-- Indexes for table `vtiger_defaultcalendarview`
--
ALTER TABLE `vtiger_defaultcalendarview`
  ADD PRIMARY KEY (`defaultcalendarviewid`);

--
-- Indexes for table `vtiger_defaultcv`
--
ALTER TABLE `vtiger_defaultcv`
  ADD PRIMARY KEY (`tabid`);

--
-- Indexes for table `vtiger_defaulteventstatus`
--
ALTER TABLE `vtiger_defaulteventstatus`
  ADD PRIMARY KEY (`defaulteventstatusid`);

--
-- Indexes for table `vtiger_defaultlandingpage`
--
ALTER TABLE `vtiger_defaultlandingpage`
  ADD PRIMARY KEY (`defaultlandingpageid`);

--
-- Indexes for table `vtiger_default_record_view`
--
ALTER TABLE `vtiger_default_record_view`
  ADD PRIMARY KEY (`default_record_viewid`);

--
-- Indexes for table `vtiger_def_org_field`
--
ALTER TABLE `vtiger_def_org_field`
  ADD PRIMARY KEY (`fieldid`),
  ADD KEY `def_org_field_tabid_fieldid_idx` (`tabid`,`fieldid`),
  ADD KEY `def_org_field_tabid_idx` (`tabid`),
  ADD KEY `def_org_field_visible_fieldid_idx` (`visible`,`fieldid`);

--
-- Indexes for table `vtiger_def_org_share`
--
ALTER TABLE `vtiger_def_org_share`
  ADD PRIMARY KEY (`ruleid`),
  ADD KEY `fk_1_vtiger_def_org_share` (`permission`);

--
-- Indexes for table `vtiger_durationhrs`
--
ALTER TABLE `vtiger_durationhrs`
  ADD PRIMARY KEY (`hrsid`);

--
-- Indexes for table `vtiger_durationmins`
--
ALTER TABLE `vtiger_durationmins`
  ADD PRIMARY KEY (`minsid`);

--
-- Indexes for table `vtiger_duration_minutes`
--
ALTER TABLE `vtiger_duration_minutes`
  ADD PRIMARY KEY (`minutesid`);

--
-- Indexes for table `vtiger_emaildetails`
--
ALTER TABLE `vtiger_emaildetails`
  ADD PRIMARY KEY (`emailid`);

--
-- Indexes for table `vtiger_emailslookup`
--
ALTER TABLE `vtiger_emailslookup`
  ADD UNIQUE KEY `emailslookup_crmid_setype_fieldname_uk` (`crmid`,`setype`,`fieldid`),
  ADD KEY `emailslookup_fieldid_setype_idx` (`fieldid`,`setype`);

--
-- Indexes for table `vtiger_emails_recipientprefs`
--
ALTER TABLE `vtiger_emails_recipientprefs`
  ADD PRIMARY KEY (`id`);

--
-- Indexes for table `vtiger_emailtemplates`
--
ALTER TABLE `vtiger_emailtemplates`
  ADD PRIMARY KEY (`templateid`),
  ADD KEY `emailtemplates_foldernamd_templatename_subject_idx` (`foldername`,`templatename`,`subject`);

--
-- Indexes for table `vtiger_email_track`
--
ALTER TABLE `vtiger_email_track`
  ADD UNIQUE KEY `link_tabidtype_idx` (`crmid`,`mailid`);

--
-- Indexes for table `vtiger_employeeroaster`
--
ALTER TABLE `vtiger_employeeroaster`
  ADD PRIMARY KEY (`employeeroasterid`);

--
-- Indexes for table `vtiger_employeeroastercf`
--
ALTER TABLE `vtiger_employeeroastercf`
  ADD PRIMARY KEY (`employeeroasterid`);

--
-- Indexes for table `vtiger_employees`
--
ALTER TABLE `vtiger_employees`
  ADD PRIMARY KEY (`employeesid`);

--
-- Indexes for table `vtiger_employeescf`
--
ALTER TABLE `vtiger_employeescf`
  ADD PRIMARY KEY (`employeesid`);

--
-- Indexes for table `vtiger_employee_roster`
--
ALTER TABLE `vtiger_employee_roster`
  ADD PRIMARY KEY (`id`);

--
-- Indexes for table `vtiger_employee_tracker`
--
ALTER TABLE `vtiger_employee_tracker`
  ADD PRIMARY KEY (`id`);

--
-- Indexes for table `vtiger_entityname`
--
ALTER TABLE `vtiger_entityname`
  ADD PRIMARY KEY (`tabid`),
  ADD KEY `entityname_tabid_idx` (`tabid`);

--
-- Indexes for table `vtiger_eventhandlers`
--
ALTER TABLE `vtiger_eventhandlers`
  ADD PRIMARY KEY (`eventhandler_id`,`event_name`,`handler_class`),
  ADD UNIQUE KEY `eventhandler_idx` (`eventhandler_id`);

--
-- Indexes for table `vtiger_eventhandler_module`
--
ALTER TABLE `vtiger_eventhandler_module`
  ADD PRIMARY KEY (`eventhandler_module_id`);

--
-- Indexes for table `vtiger_eventstatus`
--
ALTER TABLE `vtiger_eventstatus`
  ADD PRIMARY KEY (`eventstatusid`);

--
-- Indexes for table `vtiger_expectedresponse`
--
ALTER TABLE `vtiger_expectedresponse`
  ADD PRIMARY KEY (`expectedresponseid`),
  ADD UNIQUE KEY `CampaignExpRes_UK01` (`expectedresponse`);

--
-- Indexes for table `vtiger_extnstore_users`
--
ALTER TABLE `vtiger_extnstore_users`
  ADD PRIMARY KEY (`id`);

--
-- Indexes for table `vtiger_faq`
--
ALTER TABLE `vtiger_faq`
  ADD PRIMARY KEY (`id`),
  ADD KEY `faq_id_idx` (`id`);

--
-- Indexes for table `vtiger_faqcategories`
--
ALTER TABLE `vtiger_faqcategories`
  ADD PRIMARY KEY (`faqcategories_id`);

--
-- Indexes for table `vtiger_faqcf`
--
ALTER TABLE `vtiger_faqcf`
  ADD PRIMARY KEY (`faqid`);

--
-- Indexes for table `vtiger_faqcomments`
--
ALTER TABLE `vtiger_faqcomments`
  ADD PRIMARY KEY (`commentid`),
  ADD KEY `faqcomments_faqid_idx` (`faqid`);

--
-- Indexes for table `vtiger_faqstatus`
--
ALTER TABLE `vtiger_faqstatus`
  ADD PRIMARY KEY (`faqstatus_id`);

--
-- Indexes for table `vtiger_field`
--
ALTER TABLE `vtiger_field`
  ADD PRIMARY KEY (`fieldid`),
  ADD KEY `field_tabid_idx` (`tabid`),
  ADD KEY `field_fieldname_idx` (`fieldname`),
  ADD KEY `field_block_idx` (`block`),
  ADD KEY `field_displaytype_idx` (`displaytype`);

--
-- Indexes for table `vtiger_franchise_detail`
--
ALTER TABLE `vtiger_franchise_detail`
  ADD PRIMARY KEY (`id`);

--
-- Indexes for table `vtiger_freetagged_objects`
--
ALTER TABLE `vtiger_freetagged_objects`
  ADD PRIMARY KEY (`tag_id`,`tagger_id`,`object_id`),
  ADD KEY `freetagged_objects_tag_id_tagger_id_object_id_idx` (`tag_id`,`tagger_id`,`object_id`);

--
-- Indexes for table `vtiger_freetags`
--
ALTER TABLE `vtiger_freetags`
  ADD PRIMARY KEY (`id`);

--
-- Indexes for table `vtiger_glacct`
--
ALTER TABLE `vtiger_glacct`
  ADD PRIMARY KEY (`glacctid`),
  ADD UNIQUE KEY `glacct_glacct_idx` (`glacct`);

--
-- Indexes for table `vtiger_group2grouprel`
--
ALTER TABLE `vtiger_group2grouprel`
  ADD PRIMARY KEY (`groupid`,`containsgroupid`);

--
-- Indexes for table `vtiger_group2role`
--
ALTER TABLE `vtiger_group2role`
  ADD PRIMARY KEY (`groupid`,`roleid`),
  ADD KEY `fk_2_vtiger_group2role` (`roleid`);

--
-- Indexes for table `vtiger_group2rs`
--
ALTER TABLE `vtiger_group2rs`
  ADD PRIMARY KEY (`groupid`,`roleandsubid`),
  ADD KEY `fk_2_vtiger_group2rs` (`roleandsubid`);

--
-- Indexes for table `vtiger_groups`
--
ALTER TABLE `vtiger_groups`
  ADD PRIMARY KEY (`groupid`),
  ADD UNIQUE KEY `groups_groupname_idx` (`groupname`);

--
-- Indexes for table `vtiger_homedashbd`
--
ALTER TABLE `vtiger_homedashbd`
  ADD PRIMARY KEY (`stuffid`),
  ADD KEY `stuff_stuffid_idx` (`stuffid`);

--
-- Indexes for table `vtiger_homedefault`
--
ALTER TABLE `vtiger_homedefault`
  ADD PRIMARY KEY (`stuffid`),
  ADD KEY `stuff_stuffid_idx` (`stuffid`);

--
-- Indexes for table `vtiger_homemodule`
--
ALTER TABLE `vtiger_homemodule`
  ADD PRIMARY KEY (`stuffid`),
  ADD KEY `stuff_stuffid_idx` (`stuffid`);

--
-- Indexes for table `vtiger_homemoduleflds`
--
ALTER TABLE `vtiger_homemoduleflds`
  ADD KEY `stuff_stuffid_idx` (`stuffid`);

--
-- Indexes for table `vtiger_homereportchart`
--
ALTER TABLE `vtiger_homereportchart`
  ADD PRIMARY KEY (`stuffid`);

--
-- Indexes for table `vtiger_homerss`
--
ALTER TABLE `vtiger_homerss`
  ADD PRIMARY KEY (`stuffid`),
  ADD KEY `stuff_stuffid_idx` (`stuffid`);

--
-- Indexes for table `vtiger_homestuff`
--
ALTER TABLE `vtiger_homestuff`
  ADD PRIMARY KEY (`stuffid`),
  ADD KEY `stuff_stuffid_idx` (`stuffid`),
  ADD KEY `fk_1_vtiger_homestuff` (`userid`);

--
-- Indexes for table `vtiger_home_layout`
--
ALTER TABLE `vtiger_home_layout`
  ADD PRIMARY KEY (`userid`);

--
-- Indexes for table `vtiger_hour_format`
--
ALTER TABLE `vtiger_hour_format`
  ADD PRIMARY KEY (`hour_formatid`);

--
-- Indexes for table `vtiger_import_locks`
--
ALTER TABLE `vtiger_import_locks`
  ADD PRIMARY KEY (`vtiger_import_lock_id`);

--
-- Indexes for table `vtiger_import_maps`
--
ALTER TABLE `vtiger_import_maps`
  ADD PRIMARY KEY (`id`),
  ADD KEY `import_maps_assigned_user_id_module_name_deleted_idx` (`assigned_user_id`,`module`,`name`,`deleted`);

--
-- Indexes for table `vtiger_import_queue`
--
ALTER TABLE `vtiger_import_queue`
  ADD PRIMARY KEY (`importid`);

--
-- Indexes for table `vtiger_industry`
--
ALTER TABLE `vtiger_industry`
  ADD PRIMARY KEY (`industryid`),
  ADD UNIQUE KEY `industry_industry_idx` (`industry`);

--
-- Indexes for table `vtiger_inventorycharges`
--
ALTER TABLE `vtiger_inventorycharges`
  ADD PRIMARY KEY (`chargeid`);

--
-- Indexes for table `vtiger_inventorynotification`
--
ALTER TABLE `vtiger_inventorynotification`
  ADD PRIMARY KEY (`notificationid`);

--
-- Indexes for table `vtiger_inventoryproductrel`
--
ALTER TABLE `vtiger_inventoryproductrel`
  ADD PRIMARY KEY (`lineitem_id`),
  ADD KEY `inventoryproductrel_id_idx` (`id`),
  ADD KEY `inventoryproductrel_productid_idx` (`productid`);

--
-- Indexes for table `vtiger_inventoryshippingrel`
--
ALTER TABLE `vtiger_inventoryshippingrel`
  ADD KEY `inventoryishippingrel_id_idx` (`id`);

--
-- Indexes for table `vtiger_inventorytaxinfo`
--
ALTER TABLE `vtiger_inventorytaxinfo`
  ADD PRIMARY KEY (`taxid`),
  ADD KEY `inventorytaxinfo_taxname_idx` (`taxname`);

--
-- Indexes for table `vtiger_inventory_tandc`
--
ALTER TABLE `vtiger_inventory_tandc`
  ADD PRIMARY KEY (`id`);

--
-- Indexes for table `vtiger_invitees`
--
ALTER TABLE `vtiger_invitees`
  ADD PRIMARY KEY (`activityid`,`inviteeid`);

--
-- Indexes for table `vtiger_invoice`
--
ALTER TABLE `vtiger_invoice`
  ADD PRIMARY KEY (`invoiceid`),
  ADD KEY `invoice_purchaseorderid_idx` (`invoiceid`),
  ADD KEY `fk_2_vtiger_invoice` (`salesorderid`);

--
-- Indexes for table `vtiger_invoicebillads`
--
ALTER TABLE `vtiger_invoicebillads`
  ADD PRIMARY KEY (`invoicebilladdressid`);

--
-- Indexes for table `vtiger_invoicecf`
--
ALTER TABLE `vtiger_invoicecf`
  ADD PRIMARY KEY (`invoiceid`);

--
-- Indexes for table `vtiger_invoiceshipads`
--
ALTER TABLE `vtiger_invoiceshipads`
  ADD PRIMARY KEY (`invoiceshipaddressid`);

--
-- Indexes for table `vtiger_invoicestatus`
--
ALTER TABLE `vtiger_invoicestatus`
  ADD PRIMARY KEY (`invoicestatusid`),
  ADD UNIQUE KEY `invoicestatus_invoiestatus_idx` (`invoicestatus`);

--
-- Indexes for table `vtiger_invoicestatushistory`
--
ALTER TABLE `vtiger_invoicestatushistory`
  ADD PRIMARY KEY (`historyid`),
  ADD KEY `invoicestatushistory_invoiceid_idx` (`invoiceid`);

--
-- Indexes for table `vtiger_invoice_recurring_info`
--
ALTER TABLE `vtiger_invoice_recurring_info`
  ADD PRIMARY KEY (`salesorderid`);

--
-- Indexes for table `vtiger_language`
--
ALTER TABLE `vtiger_language`
  ADD PRIMARY KEY (`id`);

--
-- Indexes for table `vtiger_leadaddress`
--
ALTER TABLE `vtiger_leadaddress`
  ADD PRIMARY KEY (`leadaddressid`);

--
-- Indexes for table `vtiger_leaddetails`
--
ALTER TABLE `vtiger_leaddetails`
  ADD PRIMARY KEY (`leadid`),
  ADD KEY `leaddetails_converted_leadstatus_idx` (`converted`,`leadstatus`),
  ADD KEY `email_idx` (`email`);

--
-- Indexes for table `vtiger_leadscf`
--
ALTER TABLE `vtiger_leadscf`
  ADD PRIMARY KEY (`leadid`);

--
-- Indexes for table `vtiger_leadsource`
--
ALTER TABLE `vtiger_leadsource`
  ADD PRIMARY KEY (`leadsourceid`);

--
-- Indexes for table `vtiger_leadstage`
--
ALTER TABLE `vtiger_leadstage`
  ADD PRIMARY KEY (`leadstageid`),
  ADD UNIQUE KEY `leadstage_stage_idx` (`stage`);

--
-- Indexes for table `vtiger_leadstatus`
--
ALTER TABLE `vtiger_leadstatus`
  ADD PRIMARY KEY (`leadstatusid`);

--
-- Indexes for table `vtiger_leadsubdetails`
--
ALTER TABLE `vtiger_leadsubdetails`
  ADD PRIMARY KEY (`leadsubscriptionid`);

--
-- Indexes for table `vtiger_lead_view`
--
ALTER TABLE `vtiger_lead_view`
  ADD PRIMARY KEY (`lead_viewid`);

--
-- Indexes for table `vtiger_links`
--
ALTER TABLE `vtiger_links`
  ADD PRIMARY KEY (`linkid`),
  ADD KEY `link_tabidtype_idx` (`tabid`,`linktype`);

--
-- Indexes for table `vtiger_locationmap`
--
ALTER TABLE `vtiger_locationmap`
  ADD PRIMARY KEY (`locationmapid`);

--
-- Indexes for table `vtiger_locationmapcf`
--
ALTER TABLE `vtiger_locationmapcf`
  ADD PRIMARY KEY (`locationmapid`);

--
-- Indexes for table `vtiger_loginhistory`
--
ALTER TABLE `vtiger_loginhistory`
  ADD PRIMARY KEY (`login_id`);

--
-- Indexes for table `vtiger_mailer_queue`
--
ALTER TABLE `vtiger_mailer_queue`
  ADD PRIMARY KEY (`id`);

--
-- Indexes for table `vtiger_mailmanager_mailattachments`
--
ALTER TABLE `vtiger_mailmanager_mailattachments`
  ADD KEY `userid_muid_idx` (`userid`,`muid`);

--
-- Indexes for table `vtiger_mailmanager_mailrecord`
--
ALTER TABLE `vtiger_mailmanager_mailrecord`
  ADD KEY `userid_lastsavedtime_idx` (`userid`,`lastsavedtime`),
  ADD KEY `userid_muid_idx` (`userid`,`muid`);

--
-- Indexes for table `vtiger_mailscanner`
--
ALTER TABLE `vtiger_mailscanner`
  ADD PRIMARY KEY (`scannerid`);

--
-- Indexes for table `vtiger_mailscanner_actions`
--
ALTER TABLE `vtiger_mailscanner_actions`
  ADD PRIMARY KEY (`actionid`);

--
-- Indexes for table `vtiger_mailscanner_folders`
--
ALTER TABLE `vtiger_mailscanner_folders`
  ADD PRIMARY KEY (`folderid`),
  ADD KEY `folderid_idx` (`folderid`);

--
-- Indexes for table `vtiger_mailscanner_ids`
--
ALTER TABLE `vtiger_mailscanner_ids`
  ADD KEY `scanner_message_ids_idx` (`scannerid`,`messageid`(255)),
  ADD KEY `messageids_crmid_idx` (`crmid`);

--
-- Indexes for table `vtiger_mailscanner_rules`
--
ALTER TABLE `vtiger_mailscanner_rules`
  ADD PRIMARY KEY (`ruleid`);

--
-- Indexes for table `vtiger_mail_accounts`
--
ALTER TABLE `vtiger_mail_accounts`
  ADD PRIMARY KEY (`account_id`);

--
-- Indexes for table `vtiger_mainservicestype`
--
ALTER TABLE `vtiger_mainservicestype`
  ADD PRIMARY KEY (`mainservicestypeid`);

--
-- Indexes for table `vtiger_mainservicestypecf`
--
ALTER TABLE `vtiger_mainservicestypecf`
  ADD PRIMARY KEY (`mainservicestypeid`);

--
-- Indexes for table `vtiger_Mainservicestype_user_field`
--
ALTER TABLE `vtiger_Mainservicestype_user_field`
  ADD KEY `record_user_idx` (`recordid`,`userid`);

--
-- Indexes for table `vtiger_mainservicestype_user_field`
--
ALTER TABLE `vtiger_mainservicestype_user_field`
  ADD KEY `record_user_idx` (`recordid`,`userid`);

--
-- Indexes for table `vtiger_manufacturer`
--
ALTER TABLE `vtiger_manufacturer`
  ADD PRIMARY KEY (`manufacturerid`),
  ADD UNIQUE KEY `manufacturer_manufacturer_idx` (`manufacturer`);

--
-- Indexes for table `vtiger_mobile_alerts`
--
ALTER TABLE `vtiger_mobile_alerts`
  ADD PRIMARY KEY (`id`);

--
-- Indexes for table `vtiger_modcomments`
--
ALTER TABLE `vtiger_modcomments`
  ADD KEY `relatedto_idx` (`related_to`),
  ADD KEY `fk_crmid_vtiger_modcomments` (`modcommentsid`);

--
-- Indexes for table `vtiger_modcommentscf`
--
ALTER TABLE `vtiger_modcommentscf`
  ADD PRIMARY KEY (`modcommentsid`);

--
-- Indexes for table `vtiger_modentity_num`
--
ALTER TABLE `vtiger_modentity_num`
  ADD PRIMARY KEY (`num_id`),
  ADD UNIQUE KEY `num_idx` (`num_id`),
  ADD KEY `semodule_active_idx` (`semodule`,`active`);

--
-- Indexes for table `vtiger_modtracker_basic`
--
ALTER TABLE `vtiger_modtracker_basic`
  ADD PRIMARY KEY (`id`),
  ADD KEY `crmidx` (`crmid`),
  ADD KEY `idx` (`id`);

--
-- Indexes for table `vtiger_modtracker_detail`
--
ALTER TABLE `vtiger_modtracker_detail`
  ADD KEY `idx` (`id`);

--
-- Indexes for table `vtiger_modtracker_relations`
--
ALTER TABLE `vtiger_modtracker_relations`
  ADD PRIMARY KEY (`id`);

--
-- Indexes for table `vtiger_modtracker_tabs`
--
ALTER TABLE `vtiger_modtracker_tabs`
  ADD PRIMARY KEY (`tabid`);

--
-- Indexes for table `vtiger_module_dashboard_widgets`
--
ALTER TABLE `vtiger_module_dashboard_widgets`
  ADD PRIMARY KEY (`id`),
  ADD KEY `dashboardtabid` (`dashboardtabid`);

--
-- Indexes for table `vtiger_newsetting`
--
ALTER TABLE `vtiger_newsetting`
  ADD PRIMARY KEY (`newsettingid`);

--
-- Indexes for table `vtiger_newsettingcf`
--
ALTER TABLE `vtiger_newsettingcf`
  ADD PRIMARY KEY (`newsettingid`);

--
-- Indexes for table `vtiger_notes`
--
ALTER TABLE `vtiger_notes`
  ADD PRIMARY KEY (`notesid`),
  ADD KEY `notes_title_idx` (`title`),
  ADD KEY `notes_notesid_idx` (`notesid`);

--
-- Indexes for table `vtiger_notescf`
--
ALTER TABLE `vtiger_notescf`
  ADD PRIMARY KEY (`notesid`);

--
-- Indexes for table `vtiger_notificationscheduler`
--
ALTER TABLE `vtiger_notificationscheduler`
  ADD PRIMARY KEY (`schedulednotificationid`),
  ADD UNIQUE KEY `notificationscheduler_schedulednotificationname_idx` (`schedulednotificationname`);

--
-- Indexes for table `vtiger_no_of_currency_decimals`
--
ALTER TABLE `vtiger_no_of_currency_decimals`
  ADD PRIMARY KEY (`no_of_currency_decimalsid`);

--
-- Indexes for table `vtiger_opportunitystage`
--
ALTER TABLE `vtiger_opportunitystage`
  ADD PRIMARY KEY (`potstageid`),
  ADD UNIQUE KEY `opportunitystage_stage_idx` (`stage`);

--
-- Indexes for table `vtiger_opportunity_type`
--
ALTER TABLE `vtiger_opportunity_type`
  ADD PRIMARY KEY (`opptypeid`),
  ADD UNIQUE KEY `opportunity_type_opportunity_type_idx` (`opportunity_type`);

--
-- Indexes for table `vtiger_organizationdetails`
--
ALTER TABLE `vtiger_organizationdetails`
  ADD PRIMARY KEY (`organization_id`);

--
-- Indexes for table `vtiger_org_share_action2tab`
--
ALTER TABLE `vtiger_org_share_action2tab`
  ADD PRIMARY KEY (`share_action_id`,`tabid`),
  ADD KEY `fk_2_vtiger_org_share_action2tab` (`tabid`);

--
-- Indexes for table `vtiger_org_share_action_mapping`
--
ALTER TABLE `vtiger_org_share_action_mapping`
  ADD PRIMARY KEY (`share_action_id`);

--
-- Indexes for table `vtiger_othereventduration`
--
ALTER TABLE `vtiger_othereventduration`
  ADD PRIMARY KEY (`othereventdurationid`);

--
-- Indexes for table `vtiger_parenttab`
--
ALTER TABLE `vtiger_parenttab`
  ADD PRIMARY KEY (`parenttabid`),
  ADD KEY `parenttab_parenttabid_parenttabl_label_visible_idx` (`parenttabid`,`parenttab_label`,`visible`);

--
-- Indexes for table `vtiger_parenttabrel`
--
ALTER TABLE `vtiger_parenttabrel`
  ADD KEY `parenttabrel_tabid_parenttabid_idx` (`tabid`,`parenttabid`),
  ADD KEY `fk_2_vtiger_parenttabrel` (`parenttabid`);

--
-- Indexes for table `vtiger_pbxmanager`
--
ALTER TABLE `vtiger_pbxmanager`
  ADD PRIMARY KEY (`pbxmanagerid`),
  ADD KEY `index_sourceuuid` (`sourceuuid`),
  ADD KEY `index_pbxmanager_id` (`pbxmanagerid`);

--
-- Indexes for table `vtiger_pbxmanagercf`
--
ALTER TABLE `vtiger_pbxmanagercf`
  ADD PRIMARY KEY (`pbxmanagerid`);

--
-- Indexes for table `vtiger_pbxmanager_gateway`
--
ALTER TABLE `vtiger_pbxmanager_gateway`
  ADD PRIMARY KEY (`id`);

--
-- Indexes for table `vtiger_pbxmanager_phonelookup`
--
ALTER TABLE `vtiger_pbxmanager_phonelookup`
  ADD UNIQUE KEY `unique_key` (`crmid`,`setype`,`fieldname`),
  ADD KEY `index_phone_number` (`fnumber`,`rnumber`);

--
-- Indexes for table `vtiger_picklist`
--
ALTER TABLE `vtiger_picklist`
  ADD PRIMARY KEY (`picklistid`),
  ADD UNIQUE KEY `picklist_name_idx` (`name`);

--
-- Indexes for table `vtiger_picklist_dependency`
--
ALTER TABLE `vtiger_picklist_dependency`
  ADD PRIMARY KEY (`id`);

--
-- Indexes for table `vtiger_picklist_transitions`
--
ALTER TABLE `vtiger_picklist_transitions`
  ADD PRIMARY KEY (`fieldname`);

--
-- Indexes for table `vtiger_pobillads`
--
ALTER TABLE `vtiger_pobillads`
  ADD PRIMARY KEY (`pobilladdressid`);

--
-- Indexes for table `vtiger_portal`
--
ALTER TABLE `vtiger_portal`
  ADD PRIMARY KEY (`portalid`),
  ADD KEY `portal_portalname_idx` (`portalname`);

--
-- Indexes for table `vtiger_portalinfo`
--
ALTER TABLE `vtiger_portalinfo`
  ADD PRIMARY KEY (`id`);

--
-- Indexes for table `vtiger_poshipads`
--
ALTER TABLE `vtiger_poshipads`
  ADD PRIMARY KEY (`poshipaddressid`);

--
-- Indexes for table `vtiger_postatus`
--
ALTER TABLE `vtiger_postatus`
  ADD PRIMARY KEY (`postatusid`),
  ADD UNIQUE KEY `postatus_postatus_idx` (`postatus`);

--
-- Indexes for table `vtiger_postatushistory`
--
ALTER TABLE `vtiger_postatushistory`
  ADD PRIMARY KEY (`historyid`),
  ADD KEY `postatushistory_purchaseorderid_idx` (`purchaseorderid`);

--
-- Indexes for table `vtiger_potential`
--
ALTER TABLE `vtiger_potential`
  ADD PRIMARY KEY (`potentialid`),
  ADD KEY `potential_relatedto_idx` (`related_to`),
  ADD KEY `potentail_sales_stage_idx` (`sales_stage`),
  ADD KEY `potentail_sales_stage_amount_idx` (`amount`,`sales_stage`);

--
-- Indexes for table `vtiger_potentialscf`
--
ALTER TABLE `vtiger_potentialscf`
  ADD PRIMARY KEY (`potentialid`);

--
-- Indexes for table `vtiger_potstagehistory`
--
ALTER TABLE `vtiger_potstagehistory`
  ADD PRIMARY KEY (`historyid`),
  ADD KEY `potstagehistory_potentialid_idx` (`potentialid`);

--
-- Indexes for table `vtiger_pricebook`
--
ALTER TABLE `vtiger_pricebook`
  ADD PRIMARY KEY (`pricebookid`);

--
-- Indexes for table `vtiger_pricebookcf`
--
ALTER TABLE `vtiger_pricebookcf`
  ADD PRIMARY KEY (`pricebookid`);

--
-- Indexes for table `vtiger_pricebookproductrel`
--
ALTER TABLE `vtiger_pricebookproductrel`
  ADD PRIMARY KEY (`pricebookid`,`productid`),
  ADD KEY `pricebookproductrel_pricebookid_idx` (`pricebookid`),
  ADD KEY `pricebookproductrel_productid_idx` (`productid`);

--
-- Indexes for table `vtiger_priority`
--
ALTER TABLE `vtiger_priority`
  ADD PRIMARY KEY (`priorityid`),
  ADD UNIQUE KEY `priority_priority_idx` (`priority`);

--
-- Indexes for table `vtiger_productcategory`
--
ALTER TABLE `vtiger_productcategory`
  ADD PRIMARY KEY (`productcategoryid`),
  ADD UNIQUE KEY `productcategory_productcategory_idx` (`productcategory`);

--
-- Indexes for table `vtiger_productcf`
--
ALTER TABLE `vtiger_productcf`
  ADD PRIMARY KEY (`productid`);

--
-- Indexes for table `vtiger_products`
--
ALTER TABLE `vtiger_products`
  ADD PRIMARY KEY (`productid`);

--
-- Indexes for table `vtiger_producttaxrel`
--
ALTER TABLE `vtiger_producttaxrel`
  ADD KEY `producttaxrel_productid_idx` (`productid`),
  ADD KEY `producttaxrel_taxid_idx` (`taxid`);

--
-- Indexes for table `vtiger_profile`
--
ALTER TABLE `vtiger_profile`
  ADD PRIMARY KEY (`profileid`);

--
-- Indexes for table `vtiger_profile2field`
--
ALTER TABLE `vtiger_profile2field`
  ADD PRIMARY KEY (`profileid`,`fieldid`),
  ADD KEY `profile2field_profileid_tabid_fieldname_idx` (`profileid`,`tabid`),
  ADD KEY `profile2field_tabid_profileid_idx` (`tabid`,`profileid`),
  ADD KEY `profile2field_visible_profileid_idx` (`visible`,`profileid`);

--
-- Indexes for table `vtiger_profile2globalpermissions`
--
ALTER TABLE `vtiger_profile2globalpermissions`
  ADD PRIMARY KEY (`profileid`,`globalactionid`),
  ADD KEY `idx_profile2globalpermissions` (`profileid`,`globalactionid`);

--
-- Indexes for table `vtiger_profile2standardpermissions`
--
ALTER TABLE `vtiger_profile2standardpermissions`
  ADD PRIMARY KEY (`profileid`,`tabid`,`operation`),
  ADD KEY `profile2standardpermissions_profileid_tabid_operation_idx` (`profileid`,`tabid`,`operation`);

--
-- Indexes for table `vtiger_profile2tab`
--
ALTER TABLE `vtiger_profile2tab`
  ADD KEY `profile2tab_profileid_tabid_idx` (`profileid`,`tabid`);

--
-- Indexes for table `vtiger_profile2utility`
--
ALTER TABLE `vtiger_profile2utility`
  ADD PRIMARY KEY (`profileid`,`tabid`,`activityid`),
  ADD KEY `profile2utility_profileid_tabid_activityid_idx` (`profileid`,`tabid`,`activityid`);

--
-- Indexes for table `vtiger_progress`
--
ALTER TABLE `vtiger_progress`
  ADD PRIMARY KEY (`progressid`);

--
-- Indexes for table `vtiger_project`
--
ALTER TABLE `vtiger_project`
  ADD PRIMARY KEY (`projectid`);

--
-- Indexes for table `vtiger_projectcf`
--
ALTER TABLE `vtiger_projectcf`
  ADD PRIMARY KEY (`projectid`);

--
-- Indexes for table `vtiger_projectmilestone`
--
ALTER TABLE `vtiger_projectmilestone`
  ADD PRIMARY KEY (`projectmilestoneid`);

--
-- Indexes for table `vtiger_projectmilestonecf`
--
ALTER TABLE `vtiger_projectmilestonecf`
  ADD PRIMARY KEY (`projectmilestoneid`);

--
-- Indexes for table `vtiger_projectmilestonetype`
--
ALTER TABLE `vtiger_projectmilestonetype`
  ADD PRIMARY KEY (`projectmilestonetypeid`);

--
-- Indexes for table `vtiger_projectpriority`
--
ALTER TABLE `vtiger_projectpriority`
  ADD PRIMARY KEY (`projectpriorityid`);

--
-- Indexes for table `vtiger_projectstatus`
--
ALTER TABLE `vtiger_projectstatus`
  ADD PRIMARY KEY (`projectstatusid`);

--
-- Indexes for table `vtiger_projecttask`
--
ALTER TABLE `vtiger_projecttask`
  ADD PRIMARY KEY (`projecttaskid`);

--
-- Indexes for table `vtiger_projecttaskcf`
--
ALTER TABLE `vtiger_projecttaskcf`
  ADD PRIMARY KEY (`projecttaskid`);

--
-- Indexes for table `vtiger_projecttaskpriority`
--
ALTER TABLE `vtiger_projecttaskpriority`
  ADD PRIMARY KEY (`projecttaskpriorityid`);

--
-- Indexes for table `vtiger_projecttaskprogress`
--
ALTER TABLE `vtiger_projecttaskprogress`
  ADD PRIMARY KEY (`projecttaskprogressid`);

--
-- Indexes for table `vtiger_projecttaskstatus`
--
ALTER TABLE `vtiger_projecttaskstatus`
  ADD PRIMARY KEY (`projecttaskstatusid`);

--
-- Indexes for table `vtiger_projecttasktype`
--
ALTER TABLE `vtiger_projecttasktype`
  ADD PRIMARY KEY (`projecttasktypeid`);

--
-- Indexes for table `vtiger_projecttask_status_color`
--
ALTER TABLE `vtiger_projecttask_status_color`
  ADD UNIQUE KEY `status` (`status`);

--
-- Indexes for table `vtiger_projecttype`
--
ALTER TABLE `vtiger_projecttype`
  ADD PRIMARY KEY (`projecttypeid`);

--
-- Indexes for table `vtiger_purchaseorder`
--
ALTER TABLE `vtiger_purchaseorder`
  ADD PRIMARY KEY (`purchaseorderid`),
  ADD KEY `purchaseorder_vendorid_idx` (`vendorid`),
  ADD KEY `purchaseorder_quoteid_idx` (`quoteid`),
  ADD KEY `purchaseorder_contactid_idx` (`contactid`);

--
-- Indexes for table `vtiger_purchaseordercf`
--
ALTER TABLE `vtiger_purchaseordercf`
  ADD PRIMARY KEY (`purchaseorderid`);

--
-- Indexes for table `vtiger_quotes`
--
ALTER TABLE `vtiger_quotes`
  ADD PRIMARY KEY (`quoteid`),
  ADD KEY `quote_quotestage_idx` (`quotestage`),
  ADD KEY `quotes_potentialid_idx` (`potentialid`),
  ADD KEY `quotes_contactid_idx` (`contactid`);

--
-- Indexes for table `vtiger_quotesbillads`
--
ALTER TABLE `vtiger_quotesbillads`
  ADD PRIMARY KEY (`quotebilladdressid`);

--
-- Indexes for table `vtiger_quotescf`
--
ALTER TABLE `vtiger_quotescf`
  ADD PRIMARY KEY (`quoteid`);

--
-- Indexes for table `vtiger_quotesshipads`
--
ALTER TABLE `vtiger_quotesshipads`
  ADD PRIMARY KEY (`quoteshipaddressid`);

--
-- Indexes for table `vtiger_quotestage`
--
ALTER TABLE `vtiger_quotestage`
  ADD PRIMARY KEY (`quotestageid`),
  ADD UNIQUE KEY `quotestage_quotestage_idx` (`quotestage`);

--
-- Indexes for table `vtiger_quotestagehistory`
--
ALTER TABLE `vtiger_quotestagehistory`
  ADD PRIMARY KEY (`historyid`),
  ADD KEY `quotestagehistory_quoteid_idx` (`quoteid`);

--
-- Indexes for table `vtiger_rating`
--
ALTER TABLE `vtiger_rating`
  ADD PRIMARY KEY (`rating_id`);

--
-- Indexes for table `vtiger_recurringevents`
--
ALTER TABLE `vtiger_recurringevents`
  ADD PRIMARY KEY (`recurringid`),
  ADD KEY `fk_1_vtiger_recurringevents` (`activityid`);

--
-- Indexes for table `vtiger_recurringtype`
--
ALTER TABLE `vtiger_recurringtype`
  ADD PRIMARY KEY (`recurringeventid`),
  ADD UNIQUE KEY `recurringtype_status_idx` (`recurringtype`);

--
-- Indexes for table `vtiger_relatedlists`
--
ALTER TABLE `vtiger_relatedlists`
  ADD PRIMARY KEY (`relation_id`),
  ADD KEY `relatedlists_relation_id_idx` (`relation_id`);

--
-- Indexes for table `vtiger_relcriteria`
--
ALTER TABLE `vtiger_relcriteria`
  ADD PRIMARY KEY (`queryid`,`columnindex`),
  ADD KEY `relcriteria_queryid_idx` (`queryid`);

--
-- Indexes for table `vtiger_relcriteria_grouping`
--
ALTER TABLE `vtiger_relcriteria_grouping`
  ADD PRIMARY KEY (`groupid`,`queryid`);

--
-- Indexes for table `vtiger_reminder_interval`
--
ALTER TABLE `vtiger_reminder_interval`
  ADD PRIMARY KEY (`reminder_intervalid`);

--
-- Indexes for table `vtiger_report`
--
ALTER TABLE `vtiger_report`
  ADD PRIMARY KEY (`reportid`),
  ADD KEY `report_queryid_idx` (`queryid`),
  ADD KEY `report_folderid_idx` (`folderid`);

--
-- Indexes for table `vtiger_reportdatefilter`
--
ALTER TABLE `vtiger_reportdatefilter`
  ADD PRIMARY KEY (`datefilterid`),
  ADD KEY `reportdatefilter_datefilterid_idx` (`datefilterid`);

--
-- Indexes for table `vtiger_reportfolder`
--
ALTER TABLE `vtiger_reportfolder`
  ADD PRIMARY KEY (`folderid`);

--
-- Indexes for table `vtiger_reportgroupbycolumn`
--
ALTER TABLE `vtiger_reportgroupbycolumn`
  ADD KEY `fk_1_vtiger_reportgroupbycolumn` (`reportid`);

--
-- Indexes for table `vtiger_reportmodules`
--
ALTER TABLE `vtiger_reportmodules`
  ADD PRIMARY KEY (`reportmodulesid`);

--
-- Indexes for table `vtiger_reportsortcol`
--
ALTER TABLE `vtiger_reportsortcol`
  ADD PRIMARY KEY (`sortcolid`,`reportid`),
  ADD KEY `fk_1_vtiger_reportsortcol` (`reportid`);

--
-- Indexes for table `vtiger_reportsummary`
--
ALTER TABLE `vtiger_reportsummary`
  ADD PRIMARY KEY (`reportsummaryid`,`summarytype`,`columnname`),
  ADD KEY `reportsummary_reportsummaryid_idx` (`reportsummaryid`);

--
-- Indexes for table `vtiger_reporttype`
--
ALTER TABLE `vtiger_reporttype`
  ADD PRIMARY KEY (`reportid`);

--
-- Indexes for table `vtiger_report_sharegroups`
--
ALTER TABLE `vtiger_report_sharegroups`
  ADD KEY `vtiger_report_sharegroups_ibfk_1` (`reportid`),
  ADD KEY `vtiger_groups_groupid_ibfk_1` (`groupid`);

--
-- Indexes for table `vtiger_report_sharerole`
--
ALTER TABLE `vtiger_report_sharerole`
  ADD KEY `vtiger_report_sharerole_ibfk_1` (`reportid`),
  ADD KEY `vtiger_role_roleid_ibfk_1` (`roleid`);

--
-- Indexes for table `vtiger_report_sharers`
--
ALTER TABLE `vtiger_report_sharers`
  ADD KEY `vtiger_report_sharers_ibfk_1` (`reportid`),
  ADD KEY `vtiger_rolesd_rsid_ibfk_1` (`rsid`);

--
-- Indexes for table `vtiger_report_shareusers`
--
ALTER TABLE `vtiger_report_shareusers`
  ADD KEY `vtiger_report_shareusers_ibfk_1` (`reportid`),
  ADD KEY `vtiger_users_userid_ibfk_1` (`userid`);

--
-- Indexes for table `vtiger_role`
--
ALTER TABLE `vtiger_role`
  ADD PRIMARY KEY (`roleid`);

--
-- Indexes for table `vtiger_role2picklist`
--
ALTER TABLE `vtiger_role2picklist`
  ADD PRIMARY KEY (`roleid`,`picklistvalueid`,`picklistid`),
  ADD KEY `role2picklist_roleid_picklistid_idx` (`roleid`,`picklistid`,`picklistvalueid`),
  ADD KEY `fk_2_vtiger_role2picklist` (`picklistid`);

--
-- Indexes for table `vtiger_role2profile`
--
ALTER TABLE `vtiger_role2profile`
  ADD PRIMARY KEY (`roleid`,`profileid`),
  ADD KEY `role2profile_roleid_profileid_idx` (`roleid`,`profileid`);

--
-- Indexes for table `vtiger_rollupcomments_settings`
--
ALTER TABLE `vtiger_rollupcomments_settings`
  ADD PRIMARY KEY (`rollupid`);

--
-- Indexes for table `vtiger_rowheight`
--
ALTER TABLE `vtiger_rowheight`
  ADD PRIMARY KEY (`rowheightid`);

--
-- Indexes for table `vtiger_rss`
--
ALTER TABLE `vtiger_rss`
  ADD PRIMARY KEY (`rssid`);

--
-- Indexes for table `vtiger_salesmanactivityrel`
--
ALTER TABLE `vtiger_salesmanactivityrel`
  ADD PRIMARY KEY (`smid`,`activityid`),
  ADD KEY `salesmanactivityrel_activityid_idx` (`activityid`),
  ADD KEY `salesmanactivityrel_smid_idx` (`smid`);

--
-- Indexes for table `vtiger_salesmanattachmentsrel`
--
ALTER TABLE `vtiger_salesmanattachmentsrel`
  ADD PRIMARY KEY (`smid`,`attachmentsid`),
  ADD KEY `salesmanattachmentsrel_smid_idx` (`smid`),
  ADD KEY `salesmanattachmentsrel_attachmentsid_idx` (`attachmentsid`);

--
-- Indexes for table `vtiger_salesmanticketrel`
--
ALTER TABLE `vtiger_salesmanticketrel`
  ADD PRIMARY KEY (`smid`,`id`),
  ADD KEY `salesmanticketrel_smid_idx` (`smid`),
  ADD KEY `salesmanticketrel_id_idx` (`id`);

--
-- Indexes for table `vtiger_salesorder`
--
ALTER TABLE `vtiger_salesorder`
  ADD PRIMARY KEY (`salesorderid`),
  ADD KEY `salesorder_vendorid_idx` (`vendorid`),
  ADD KEY `salesorder_contactid_idx` (`contactid`);

--
-- Indexes for table `vtiger_salesordercf`
--
ALTER TABLE `vtiger_salesordercf`
  ADD PRIMARY KEY (`salesorderid`);

--
-- Indexes for table `vtiger_sales_stage`
--
ALTER TABLE `vtiger_sales_stage`
  ADD PRIMARY KEY (`sales_stage_id`);

--
-- Indexes for table `vtiger_salutationtype`
--
ALTER TABLE `vtiger_salutationtype`
  ADD PRIMARY KEY (`salutationid`);

--
-- Indexes for table `vtiger_scheduled_reports`
--
ALTER TABLE `vtiger_scheduled_reports`
  ADD PRIMARY KEY (`reportid`);

--
-- Indexes for table `vtiger_seactivityrel`
--
ALTER TABLE `vtiger_seactivityrel`
  ADD PRIMARY KEY (`crmid`,`activityid`),
  ADD KEY `seactivityrel_activityid_idx` (`activityid`),
  ADD KEY `seactivityrel_crmid_idx` (`crmid`);

--
-- Indexes for table `vtiger_seattachmentsrel`
--
ALTER TABLE `vtiger_seattachmentsrel`
  ADD PRIMARY KEY (`crmid`,`attachmentsid`),
  ADD KEY `seattachmentsrel_attachmentsid_idx` (`attachmentsid`),
  ADD KEY `seattachmentsrel_crmid_idx` (`crmid`),
  ADD KEY `seattachmentsrel_attachmentsid_crmid_idx` (`attachmentsid`,`crmid`);

--
-- Indexes for table `vtiger_selectcolumn`
--
ALTER TABLE `vtiger_selectcolumn`
  ADD PRIMARY KEY (`queryid`,`columnindex`),
  ADD KEY `selectcolumn_queryid_idx` (`queryid`);

--
-- Indexes for table `vtiger_selectquery`
--
ALTER TABLE `vtiger_selectquery`
  ADD PRIMARY KEY (`queryid`),
  ADD KEY `selectquery_queryid_idx` (`queryid`);

--
-- Indexes for table `vtiger_senotesrel`
--
ALTER TABLE `vtiger_senotesrel`
  ADD PRIMARY KEY (`crmid`,`notesid`),
  ADD KEY `senotesrel_notesid_idx` (`notesid`),
  ADD KEY `senotesrel_crmid_idx` (`crmid`);

--
-- Indexes for table `vtiger_seproductsrel`
--
ALTER TABLE `vtiger_seproductsrel`
  ADD PRIMARY KEY (`crmid`,`productid`),
  ADD KEY `seproductsrel_productid_idx` (`productid`),
  ADD KEY `seproductrel_crmid_idx` (`crmid`);

--
-- Indexes for table `vtiger_service`
--
ALTER TABLE `vtiger_service`
  ADD PRIMARY KEY (`serviceid`);

--
-- Indexes for table `vtiger_servicecategory`
--
ALTER TABLE `vtiger_servicecategory`
  ADD PRIMARY KEY (`servicecategoryid`);

--
-- Indexes for table `vtiger_servicecf`
--
ALTER TABLE `vtiger_servicecf`
  ADD PRIMARY KEY (`serviceid`);

--
-- Indexes for table `vtiger_servicecontracts`
--
ALTER TABLE `vtiger_servicecontracts`
  ADD KEY `fk_crmid_vtiger_servicecontracts` (`servicecontractsid`);

--
-- Indexes for table `vtiger_servicecontractscf`
--
ALTER TABLE `vtiger_servicecontractscf`
  ADD PRIMARY KEY (`servicecontractsid`);

--
-- Indexes for table `vtiger_service_usageunit`
--
ALTER TABLE `vtiger_service_usageunit`
  ADD PRIMARY KEY (`service_usageunitid`);

--
-- Indexes for table `vtiger_seticketsrel`
--
ALTER TABLE `vtiger_seticketsrel`
  ADD PRIMARY KEY (`crmid`,`ticketid`),
  ADD KEY `seticketsrel_crmid_idx` (`crmid`),
  ADD KEY `seticketsrel_ticketid_idx` (`ticketid`);

--
-- Indexes for table `vtiger_settings_blocks`
--
ALTER TABLE `vtiger_settings_blocks`
  ADD PRIMARY KEY (`blockid`);

--
-- Indexes for table `vtiger_settings_field`
--
ALTER TABLE `vtiger_settings_field`
  ADD PRIMARY KEY (`fieldid`),
  ADD KEY `fk_1_vtiger_settings_field` (`blockid`);

--
-- Indexes for table `vtiger_sharedcalendar`
--
ALTER TABLE `vtiger_sharedcalendar`
  ADD PRIMARY KEY (`userid`,`sharedid`);

--
-- Indexes for table `vtiger_shippingtaxinfo`
--
ALTER TABLE `vtiger_shippingtaxinfo`
  ADD PRIMARY KEY (`taxid`),
  ADD KEY `shippingtaxinfo_taxname_idx` (`taxname`);

--
-- Indexes for table `vtiger_shorturls`
--
ALTER TABLE `vtiger_shorturls`
  ADD PRIMARY KEY (`id`),
  ADD KEY `uid` (`uid`);

--
-- Indexes for table `vtiger_smsnotifier`
--
ALTER TABLE `vtiger_smsnotifier`
  ADD PRIMARY KEY (`smsnotifierid`);

--
-- Indexes for table `vtiger_smsnotifiercf`
--
ALTER TABLE `vtiger_smsnotifiercf`
  ADD PRIMARY KEY (`smsnotifierid`);

--
-- Indexes for table `vtiger_smsnotifier_servers`
--
ALTER TABLE `vtiger_smsnotifier_servers`
  ADD PRIMARY KEY (`id`);

--
-- Indexes for table `vtiger_smsnotifier_status`
--
ALTER TABLE `vtiger_smsnotifier_status`
  ADD PRIMARY KEY (`statusid`);

--
-- Indexes for table `vtiger_sobillads`
--
ALTER TABLE `vtiger_sobillads`
  ADD PRIMARY KEY (`sobilladdressid`);

--
-- Indexes for table `vtiger_soshipads`
--
ALTER TABLE `vtiger_soshipads`
  ADD PRIMARY KEY (`soshipaddressid`);

--
-- Indexes for table `vtiger_sostatus`
--
ALTER TABLE `vtiger_sostatus`
  ADD PRIMARY KEY (`sostatusid`),
  ADD UNIQUE KEY `sostatus_sostatus_idx` (`sostatus`);

--
-- Indexes for table `vtiger_sostatushistory`
--
ALTER TABLE `vtiger_sostatushistory`
  ADD PRIMARY KEY (`historyid`),
  ADD KEY `sostatushistory_salesorderid_idx` (`salesorderid`);

--
-- Indexes for table `vtiger_start_hour`
--
ALTER TABLE `vtiger_start_hour`
  ADD PRIMARY KEY (`start_hourid`);

--
-- Indexes for table `vtiger_status`
--
ALTER TABLE `vtiger_status`
  ADD PRIMARY KEY (`statusid`);

--
-- Indexes for table `vtiger_store`
--
ALTER TABLE `vtiger_store`
  ADD PRIMARY KEY (`storeid`);

--
-- Indexes for table `vtiger_store1`
--
ALTER TABLE `vtiger_store1`
  ADD PRIMARY KEY (`store1id`);

--
-- Indexes for table `vtiger_store1cf`
--
ALTER TABLE `vtiger_store1cf`
  ADD PRIMARY KEY (`store1id`);

--
-- Indexes for table `vtiger_storecf`
--
ALTER TABLE `vtiger_storecf`
  ADD PRIMARY KEY (`storeid`);

--
-- Indexes for table `vtiger_subservices`
--
ALTER TABLE `vtiger_subservices`
  ADD PRIMARY KEY (`subservicesid`);

--
-- Indexes for table `vtiger_subservicescf`
--
ALTER TABLE `vtiger_subservicescf`
  ADD PRIMARY KEY (`subservicesid`);

--
-- Indexes for table `vtiger_Subservices_user_field`
--
ALTER TABLE `vtiger_Subservices_user_field`
  ADD KEY `record_user_idx` (`recordid`,`userid`);

--
-- Indexes for table `vtiger_subservices_user_field`
--
ALTER TABLE `vtiger_subservices_user_field`
  ADD KEY `record_user_idx` (`recordid`,`userid`);

--
-- Indexes for table `vtiger_systems`
--
ALTER TABLE `vtiger_systems`
  ADD PRIMARY KEY (`id`);

--
-- Indexes for table `vtiger_tab`
--
ALTER TABLE `vtiger_tab`
  ADD PRIMARY KEY (`tabid`),
  ADD UNIQUE KEY `tab_name_idx` (`name`),
  ADD KEY `tab_modifiedby_idx` (`modifiedby`),
  ADD KEY `tab_tabid_idx` (`tabid`);

--
-- Indexes for table `vtiger_tab_info`
--
ALTER TABLE `vtiger_tab_info`
  ADD KEY `fk_1_vtiger_tab_info` (`tabid`);

--
-- Indexes for table `vtiger_taskpriority`
--
ALTER TABLE `vtiger_taskpriority`
  ADD PRIMARY KEY (`taskpriorityid`);

--
-- Indexes for table `vtiger_taskstatus`
--
ALTER TABLE `vtiger_taskstatus`
  ADD PRIMARY KEY (`taskstatusid`);

--
-- Indexes for table `vtiger_taxclass`
--
ALTER TABLE `vtiger_taxclass`
  ADD PRIMARY KEY (`taxclassid`),
  ADD UNIQUE KEY `taxclass_carrier_idx` (`taxclass`);

--
-- Indexes for table `vtiger_taxregions`
--
ALTER TABLE `vtiger_taxregions`
  ADD PRIMARY KEY (`regionid`);

--
-- Indexes for table `vtiger_ticketcategories`
--
ALTER TABLE `vtiger_ticketcategories`
  ADD PRIMARY KEY (`ticketcategories_id`);

--
-- Indexes for table `vtiger_ticketcf`
--
ALTER TABLE `vtiger_ticketcf`
  ADD PRIMARY KEY (`ticketid`);

--
-- Indexes for table `vtiger_ticketcomments`
--
ALTER TABLE `vtiger_ticketcomments`
  ADD PRIMARY KEY (`commentid`),
  ADD KEY `ticketcomments_ticketid_idx` (`ticketid`);

--
-- Indexes for table `vtiger_ticketpriorities`
--
ALTER TABLE `vtiger_ticketpriorities`
  ADD PRIMARY KEY (`ticketpriorities_id`);

--
-- Indexes for table `vtiger_ticketseverities`
--
ALTER TABLE `vtiger_ticketseverities`
  ADD PRIMARY KEY (`ticketseverities_id`);

--
-- Indexes for table `vtiger_ticketstatus`
--
ALTER TABLE `vtiger_ticketstatus`
  ADD PRIMARY KEY (`ticketstatus_id`);

--
-- Indexes for table `vtiger_time_zone`
--
ALTER TABLE `vtiger_time_zone`
  ADD PRIMARY KEY (`time_zoneid`);

--
-- Indexes for table `vtiger_tmp_read_group_rel_sharing_per`
--
ALTER TABLE `vtiger_tmp_read_group_rel_sharing_per`
  ADD PRIMARY KEY (`userid`,`tabid`,`relatedtabid`,`sharedgroupid`),
  ADD KEY `tmp_read_group_rel_sharing_per_userid_sharedgroupid_tabid` (`userid`,`sharedgroupid`,`tabid`);

--
-- Indexes for table `vtiger_tmp_read_group_sharing_per`
--
ALTER TABLE `vtiger_tmp_read_group_sharing_per`
  ADD PRIMARY KEY (`userid`,`tabid`,`sharedgroupid`),
  ADD KEY `tmp_read_group_sharing_per_userid_sharedgroupid_idx` (`userid`,`sharedgroupid`);

--
-- Indexes for table `vtiger_tmp_read_user_rel_sharing_per`
--
ALTER TABLE `vtiger_tmp_read_user_rel_sharing_per`
  ADD PRIMARY KEY (`userid`,`tabid`,`relatedtabid`,`shareduserid`),
  ADD KEY `tmp_read_user_rel_sharing_per_userid_shared_reltabid_idx` (`userid`,`shareduserid`,`relatedtabid`);

--
-- Indexes for table `vtiger_tmp_read_user_sharing_per`
--
ALTER TABLE `vtiger_tmp_read_user_sharing_per`
  ADD PRIMARY KEY (`userid`,`tabid`,`shareduserid`),
  ADD KEY `tmp_read_user_sharing_per_userid_shareduserid_idx` (`userid`,`shareduserid`);

--
-- Indexes for table `vtiger_tmp_write_group_rel_sharing_per`
--
ALTER TABLE `vtiger_tmp_write_group_rel_sharing_per`
  ADD PRIMARY KEY (`userid`,`tabid`,`relatedtabid`,`sharedgroupid`),
  ADD KEY `tmp_write_group_rel_sharing_per_userid_sharedgroupid_tabid_idx` (`userid`,`sharedgroupid`,`tabid`);

--
-- Indexes for table `vtiger_tmp_write_group_sharing_per`
--
ALTER TABLE `vtiger_tmp_write_group_sharing_per`
  ADD PRIMARY KEY (`userid`,`tabid`,`sharedgroupid`),
  ADD KEY `tmp_write_group_sharing_per_UK1` (`userid`,`sharedgroupid`);

--
-- Indexes for table `vtiger_tmp_write_user_rel_sharing_per`
--
ALTER TABLE `vtiger_tmp_write_user_rel_sharing_per`
  ADD PRIMARY KEY (`userid`,`tabid`,`relatedtabid`,`shareduserid`),
  ADD KEY `tmp_write_user_rel_sharing_per_userid_sharduserid_tabid_idx` (`userid`,`shareduserid`,`tabid`);

--
-- Indexes for table `vtiger_tmp_write_user_sharing_per`
--
ALTER TABLE `vtiger_tmp_write_user_sharing_per`
  ADD PRIMARY KEY (`userid`,`tabid`,`shareduserid`),
  ADD KEY `tmp_write_user_sharing_per_userid_shareduserid_idx` (`userid`,`shareduserid`);

--
-- Indexes for table `vtiger_tracker`
--
ALTER TABLE `vtiger_tracker`
  ADD PRIMARY KEY (`id`);

--
-- Indexes for table `vtiger_tracking_unit`
--
ALTER TABLE `vtiger_tracking_unit`
  ADD PRIMARY KEY (`tracking_unitid`);

--
-- Indexes for table `vtiger_transaction`
--
ALTER TABLE `vtiger_transaction`
  ADD PRIMARY KEY (`transactionid`);

--
-- Indexes for table `vtiger_transactioncf`
--
ALTER TABLE `vtiger_transactioncf`
  ADD PRIMARY KEY (`transactionid`);

--
-- Indexes for table `vtiger_transaction_user_field`
--
ALTER TABLE `vtiger_transaction_user_field`
  ADD KEY `record_user_idx` (`recordid`,`userid`);

--
-- Indexes for table `vtiger_troubletickets`
--
ALTER TABLE `vtiger_troubletickets`
  ADD PRIMARY KEY (`ticketid`),
  ADD KEY `troubletickets_ticketid_idx` (`ticketid`),
  ADD KEY `troubletickets_status_idx` (`status`);

--
-- Indexes for table `vtiger_usageunit`
--
ALTER TABLE `vtiger_usageunit`
  ADD PRIMARY KEY (`usageunitid`),
  ADD UNIQUE KEY `usageunit_usageunit_idx` (`usageunit`);

--
-- Indexes for table `vtiger_user2mergefields`
--
ALTER TABLE `vtiger_user2mergefields`
  ADD KEY `userid_tabid_idx` (`userid`,`tabid`);

--
-- Indexes for table `vtiger_user2role`
--
ALTER TABLE `vtiger_user2role`
  ADD PRIMARY KEY (`userid`),
  ADD KEY `user2role_roleid_idx` (`roleid`);

--
-- Indexes for table `vtiger_users`
--
ALTER TABLE `vtiger_users`
  ADD PRIMARY KEY (`id`),
  ADD KEY `user_user_name_idx` (`user_name`),
  ADD KEY `user_user_password_idx` (`user_password`);

--
-- Indexes for table `vtiger_users2group`
--
ALTER TABLE `vtiger_users2group`
  ADD PRIMARY KEY (`groupid`,`userid`),
  ADD KEY `users2group_groupname_uerid_idx` (`groupid`,`userid`),
  ADD KEY `fk_2_vtiger_users2group` (`userid`);

--
-- Indexes for table `vtiger_users_last_import`
--
ALTER TABLE `vtiger_users_last_import`
  ADD PRIMARY KEY (`id`),
  ADD KEY `idx_user_id` (`assigned_user_id`);

--
-- Indexes for table `vtiger_user_module_preferences`
--
ALTER TABLE `vtiger_user_module_preferences`
  ADD PRIMARY KEY (`userid`,`tabid`),
  ADD KEY `fk_2_vtiger_user_module_preferences` (`tabid`);

--
-- Indexes for table `vtiger_vendor`
--
ALTER TABLE `vtiger_vendor`
  ADD PRIMARY KEY (`vendorid`);

--
-- Indexes for table `vtiger_vendorcf`
--
ALTER TABLE `vtiger_vendorcf`
  ADD PRIMARY KEY (`vendorid`);

--
-- Indexes for table `vtiger_vendorcontactrel`
--
ALTER TABLE `vtiger_vendorcontactrel`
  ADD PRIMARY KEY (`vendorid`,`contactid`),
  ADD KEY `vendorcontactrel_vendorid_idx` (`vendorid`),
  ADD KEY `vendorcontactrel_contact_idx` (`contactid`);

--
-- Indexes for table `vtiger_version`
--
ALTER TABLE `vtiger_version`
  ADD PRIMARY KEY (`id`);

--
-- Indexes for table `vtiger_visibility`
--
ALTER TABLE `vtiger_visibility`
  ADD PRIMARY KEY (`visibilityid`),
  ADD UNIQUE KEY `visibility_visibility_idx` (`visibility`);

--
-- Indexes for table `vtiger_webforms`
--
ALTER TABLE `vtiger_webforms`
  ADD PRIMARY KEY (`id`),
  ADD UNIQUE KEY `webformname` (`name`),
  ADD UNIQUE KEY `publicid` (`id`),
  ADD KEY `webforms_webforms_id_idx` (`id`);

--
-- Indexes for table `vtiger_webforms_field`
--
ALTER TABLE `vtiger_webforms_field`
  ADD PRIMARY KEY (`id`),
  ADD KEY `webforms_webforms_field_idx` (`id`),
  ADD KEY `fk_1_vtiger_webforms_field` (`webformid`),
  ADD KEY `fk_2_vtiger_webforms_field` (`fieldname`);

--
-- Indexes for table `vtiger_webform_file_fields`
--
ALTER TABLE `vtiger_webform_file_fields`
  ADD PRIMARY KEY (`id`),
  ADD KEY `fk_vtiger_webforms` (`webformid`);

--
-- Indexes for table `vtiger_wordtemplates`
--
ALTER TABLE `vtiger_wordtemplates`
  ADD PRIMARY KEY (`templateid`);

--
-- Indexes for table `vtiger_wsapp`
--
ALTER TABLE `vtiger_wsapp`
  ADD PRIMARY KEY (`appid`);

--
-- Indexes for table `vtiger_wsapp_logs_basic`
--
ALTER TABLE `vtiger_wsapp_logs_basic`
  ADD PRIMARY KEY (`id`);

--
-- Indexes for table `vtiger_wsapp_logs_details`
--
ALTER TABLE `vtiger_wsapp_logs_details`
  ADD KEY `vtiger_wsapp_logs_basic_ibfk_1` (`id`);

--
-- Indexes for table `vtiger_wsapp_recordmapping`
--
ALTER TABLE `vtiger_wsapp_recordmapping`
  ADD PRIMARY KEY (`id`);

--
-- Indexes for table `vtiger_wsapp_sync_state`
--
ALTER TABLE `vtiger_wsapp_sync_state`
  ADD PRIMARY KEY (`id`);

--
-- Indexes for table `vtiger_ws_entity`
--
ALTER TABLE `vtiger_ws_entity`
  ADD PRIMARY KEY (`id`);

--
-- Indexes for table `vtiger_ws_entity_fieldtype`
--
ALTER TABLE `vtiger_ws_entity_fieldtype`
  ADD PRIMARY KEY (`fieldtypeid`),
  ADD UNIQUE KEY `vtiger_idx_1_tablename_fieldname` (`table_name`,`field_name`);

--
-- Indexes for table `vtiger_ws_entity_name`
--
ALTER TABLE `vtiger_ws_entity_name`
  ADD PRIMARY KEY (`entity_id`);

--
-- Indexes for table `vtiger_ws_entity_referencetype`
--
ALTER TABLE `vtiger_ws_entity_referencetype`
  ADD PRIMARY KEY (`fieldtypeid`,`type`);

--
-- Indexes for table `vtiger_ws_entity_tables`
--
ALTER TABLE `vtiger_ws_entity_tables`
  ADD PRIMARY KEY (`webservice_entity_id`,`table_name`);

--
-- Indexes for table `vtiger_ws_fieldinfo`
--
ALTER TABLE `vtiger_ws_fieldinfo`
  ADD PRIMARY KEY (`id`);

--
-- Indexes for table `vtiger_ws_fieldtype`
--
ALTER TABLE `vtiger_ws_fieldtype`
  ADD PRIMARY KEY (`fieldtypeid`),
  ADD UNIQUE KEY `uitype_idx` (`uitype`);

--
-- Indexes for table `vtiger_ws_operation`
--
ALTER TABLE `vtiger_ws_operation`
  ADD PRIMARY KEY (`operationid`);

--
-- Indexes for table `vtiger_ws_operation_parameters`
--
ALTER TABLE `vtiger_ws_operation_parameters`
  ADD PRIMARY KEY (`operationid`,`name`);

--
-- Indexes for table `vtiger_ws_referencetype`
--
ALTER TABLE `vtiger_ws_referencetype`
  ADD PRIMARY KEY (`fieldtypeid`,`type`);

--
-- Indexes for table `vtiger_ws_userauthtoken`
--
ALTER TABLE `vtiger_ws_userauthtoken`
  ADD PRIMARY KEY (`userid`,`expiretime`),
  ADD UNIQUE KEY `userid_idx` (`userid`);

--
-- AUTO_INCREMENT for dumped tables
--

--
-- AUTO_INCREMENT for table `com_vtiger_workflows`
--
ALTER TABLE `com_vtiger_workflows`
  MODIFY `workflow_id` int(11) NOT NULL AUTO_INCREMENT, AUTO_INCREMENT=25;

--
-- AUTO_INCREMENT for table `com_vtiger_workflowtasks`
--
ALTER TABLE `com_vtiger_workflowtasks`
  MODIFY `task_id` int(11) NOT NULL AUTO_INCREMENT, AUTO_INCREMENT=29;

--
-- AUTO_INCREMENT for table `com_vtiger_workflowtemplates`
--
ALTER TABLE `com_vtiger_workflowtemplates`
  MODIFY `template_id` int(11) NOT NULL AUTO_INCREMENT;

--
-- AUTO_INCREMENT for table `vtiger_accountrating`
--
ALTER TABLE `vtiger_accountrating`
  MODIFY `accountratingid` int(19) NOT NULL AUTO_INCREMENT;

--
-- AUTO_INCREMENT for table `vtiger_accounttype`
--
ALTER TABLE `vtiger_accounttype`
  MODIFY `accounttypeid` int(19) NOT NULL AUTO_INCREMENT, AUTO_INCREMENT=12;

--
-- AUTO_INCREMENT for table `vtiger_activitytype`
--
ALTER TABLE `vtiger_activitytype`
  MODIFY `activitytypeid` int(19) NOT NULL AUTO_INCREMENT, AUTO_INCREMENT=6;

--
-- AUTO_INCREMENT for table `vtiger_activity_reminder_popup`
--
ALTER TABLE `vtiger_activity_reminder_popup`
  MODIFY `reminderid` int(19) NOT NULL AUTO_INCREMENT, AUTO_INCREMENT=8;

--
-- AUTO_INCREMENT for table `vtiger_activity_view`
--
ALTER TABLE `vtiger_activity_view`
  MODIFY `activity_viewid` int(19) NOT NULL AUTO_INCREMENT, AUTO_INCREMENT=6;

--
-- AUTO_INCREMENT for table `vtiger_assetstatus`
--
ALTER TABLE `vtiger_assetstatus`
  MODIFY `assetstatusid` int(11) NOT NULL AUTO_INCREMENT, AUTO_INCREMENT=3;

--
-- AUTO_INCREMENT for table `vtiger_attachmentsfolder`
--
ALTER TABLE `vtiger_attachmentsfolder`
  MODIFY `folderid` int(19) NOT NULL AUTO_INCREMENT, AUTO_INCREMENT=2;

--
-- AUTO_INCREMENT for table `vtiger_calendarsharedtype`
--
ALTER TABLE `vtiger_calendarsharedtype`
  MODIFY `calendarsharedtypeid` int(11) NOT NULL AUTO_INCREMENT, AUTO_INCREMENT=4;

--
-- AUTO_INCREMENT for table `vtiger_callduration`
--
ALTER TABLE `vtiger_callduration`
  MODIFY `calldurationid` int(11) NOT NULL AUTO_INCREMENT, AUTO_INCREMENT=6;

--
-- AUTO_INCREMENT for table `vtiger_campaignstatus`
--
ALTER TABLE `vtiger_campaignstatus`
  MODIFY `campaignstatusid` int(19) NOT NULL AUTO_INCREMENT, AUTO_INCREMENT=7;

--
-- AUTO_INCREMENT for table `vtiger_campaigntype`
--
ALTER TABLE `vtiger_campaigntype`
  MODIFY `campaigntypeid` int(19) NOT NULL AUTO_INCREMENT, AUTO_INCREMENT=14;

--
-- AUTO_INCREMENT for table `vtiger_carrier`
--
ALTER TABLE `vtiger_carrier`
  MODIFY `carrierid` int(19) NOT NULL AUTO_INCREMENT, AUTO_INCREMENT=6;

--
-- AUTO_INCREMENT for table `vtiger_cf_963`
--
ALTER TABLE `vtiger_cf_963`
  MODIFY `cf_963id` int(11) NOT NULL AUTO_INCREMENT, AUTO_INCREMENT=7;

--
-- AUTO_INCREMENT for table `vtiger_contract_priority`
--
ALTER TABLE `vtiger_contract_priority`
  MODIFY `contract_priorityid` int(11) NOT NULL AUTO_INCREMENT, AUTO_INCREMENT=4;

--
-- AUTO_INCREMENT for table `vtiger_contract_status`
--
ALTER TABLE `vtiger_contract_status`
  MODIFY `contract_statusid` int(11) NOT NULL AUTO_INCREMENT, AUTO_INCREMENT=7;

--
-- AUTO_INCREMENT for table `vtiger_contract_type`
--
ALTER TABLE `vtiger_contract_type`
  MODIFY `contract_typeid` int(11) NOT NULL AUTO_INCREMENT, AUTO_INCREMENT=4;

--
-- AUTO_INCREMENT for table `vtiger_convertleadmapping`
--
ALTER TABLE `vtiger_convertleadmapping`
  MODIFY `cfmid` int(19) NOT NULL AUTO_INCREMENT, AUTO_INCREMENT=31;

--
-- AUTO_INCREMENT for table `vtiger_convertpotentialmapping`
--
ALTER TABLE `vtiger_convertpotentialmapping`
  MODIFY `cfmid` int(19) NOT NULL AUTO_INCREMENT, AUTO_INCREMENT=3;

--
-- AUTO_INCREMENT for table `vtiger_cron_task`
--
ALTER TABLE `vtiger_cron_task`
  MODIFY `id` int(11) NOT NULL AUTO_INCREMENT, AUTO_INCREMENT=8;

--
-- AUTO_INCREMENT for table `vtiger_currencies`
--
ALTER TABLE `vtiger_currencies`
  MODIFY `currencyid` int(19) NOT NULL AUTO_INCREMENT, AUTO_INCREMENT=139;

--
-- AUTO_INCREMENT for table `vtiger_currency`
--
ALTER TABLE `vtiger_currency`
  MODIFY `currencyid` int(19) NOT NULL AUTO_INCREMENT;

--
-- AUTO_INCREMENT for table `vtiger_currency_decimal_separator`
--
ALTER TABLE `vtiger_currency_decimal_separator`
  MODIFY `currency_decimal_separatorid` int(19) NOT NULL AUTO_INCREMENT, AUTO_INCREMENT=6;

--
-- AUTO_INCREMENT for table `vtiger_currency_grouping_pattern`
--
ALTER TABLE `vtiger_currency_grouping_pattern`
  MODIFY `currency_grouping_patternid` int(19) NOT NULL AUTO_INCREMENT, AUTO_INCREMENT=5;

--
-- AUTO_INCREMENT for table `vtiger_currency_grouping_separator`
--
ALTER TABLE `vtiger_currency_grouping_separator`
  MODIFY `currency_grouping_separatorid` int(19) NOT NULL AUTO_INCREMENT, AUTO_INCREMENT=6;

--
-- AUTO_INCREMENT for table `vtiger_currency_info`
--
ALTER TABLE `vtiger_currency_info`
  MODIFY `id` int(11) NOT NULL AUTO_INCREMENT, AUTO_INCREMENT=2;

--
-- AUTO_INCREMENT for table `vtiger_currency_symbol_placement`
--
ALTER TABLE `vtiger_currency_symbol_placement`
  MODIFY `currency_symbol_placementid` int(19) NOT NULL AUTO_INCREMENT, AUTO_INCREMENT=3;

--
-- AUTO_INCREMENT for table `vtiger_dashboard_tabs`
--
ALTER TABLE `vtiger_dashboard_tabs`
  MODIFY `id` int(19) NOT NULL AUTO_INCREMENT, AUTO_INCREMENT=81;

--
-- AUTO_INCREMENT for table `vtiger_date_format`
--
ALTER TABLE `vtiger_date_format`
  MODIFY `date_formatid` int(19) NOT NULL AUTO_INCREMENT, AUTO_INCREMENT=6;

--
-- AUTO_INCREMENT for table `vtiger_dayoftheweek`
--
ALTER TABLE `vtiger_dayoftheweek`
  MODIFY `dayoftheweekid` int(11) NOT NULL AUTO_INCREMENT, AUTO_INCREMENT=8;

--
-- AUTO_INCREMENT for table `vtiger_defaultactivitytype`
--
ALTER TABLE `vtiger_defaultactivitytype`
  MODIFY `defaultactivitytypeid` int(11) NOT NULL AUTO_INCREMENT, AUTO_INCREMENT=3;

--
-- AUTO_INCREMENT for table `vtiger_defaultcalendarview`
--
ALTER TABLE `vtiger_defaultcalendarview`
  MODIFY `defaultcalendarviewid` int(11) NOT NULL AUTO_INCREMENT, AUTO_INCREMENT=4;

--
-- AUTO_INCREMENT for table `vtiger_defaulteventstatus`
--
ALTER TABLE `vtiger_defaulteventstatus`
  MODIFY `defaulteventstatusid` int(11) NOT NULL AUTO_INCREMENT, AUTO_INCREMENT=4;

--
-- AUTO_INCREMENT for table `vtiger_defaultlandingpage`
--
ALTER TABLE `vtiger_defaultlandingpage`
  MODIFY `defaultlandingpageid` int(11) NOT NULL AUTO_INCREMENT, AUTO_INCREMENT=3;

--
-- AUTO_INCREMENT for table `vtiger_default_record_view`
--
ALTER TABLE `vtiger_default_record_view`
  MODIFY `default_record_viewid` int(11) NOT NULL AUTO_INCREMENT, AUTO_INCREMENT=3;

--
-- AUTO_INCREMENT for table `vtiger_def_org_share`
--
ALTER TABLE `vtiger_def_org_share`
  MODIFY `ruleid` int(11) NOT NULL AUTO_INCREMENT, AUTO_INCREMENT=31;

--
-- AUTO_INCREMENT for table `vtiger_durationhrs`
--
ALTER TABLE `vtiger_durationhrs`
  MODIFY `hrsid` int(19) NOT NULL AUTO_INCREMENT;

--
-- AUTO_INCREMENT for table `vtiger_durationmins`
--
ALTER TABLE `vtiger_durationmins`
  MODIFY `minsid` int(19) NOT NULL AUTO_INCREMENT;

--
-- AUTO_INCREMENT for table `vtiger_duration_minutes`
--
ALTER TABLE `vtiger_duration_minutes`
  MODIFY `minutesid` int(19) NOT NULL AUTO_INCREMENT, AUTO_INCREMENT=5;

--
-- AUTO_INCREMENT for table `vtiger_emails_recipientprefs`
--
ALTER TABLE `vtiger_emails_recipientprefs`
  MODIFY `id` int(11) NOT NULL AUTO_INCREMENT;

--
-- AUTO_INCREMENT for table `vtiger_emailtemplates`
--
ALTER TABLE `vtiger_emailtemplates`
  MODIFY `templateid` int(19) NOT NULL AUTO_INCREMENT, AUTO_INCREMENT=17;

--
-- AUTO_INCREMENT for table `vtiger_employee_roster`
--
ALTER TABLE `vtiger_employee_roster`
  MODIFY `id` int(255) NOT NULL AUTO_INCREMENT, AUTO_INCREMENT=209;

--
-- AUTO_INCREMENT for table `vtiger_employee_tracker`
--
ALTER TABLE `vtiger_employee_tracker`
  MODIFY `id` int(255) NOT NULL AUTO_INCREMENT, AUTO_INCREMENT=31;

--
-- AUTO_INCREMENT for table `vtiger_eventhandlers`
--
ALTER TABLE `vtiger_eventhandlers`
  MODIFY `eventhandler_id` int(11) NOT NULL AUTO_INCREMENT, AUTO_INCREMENT=36;

--
-- AUTO_INCREMENT for table `vtiger_eventhandler_module`
--
ALTER TABLE `vtiger_eventhandler_module`
  MODIFY `eventhandler_module_id` int(11) NOT NULL AUTO_INCREMENT, AUTO_INCREMENT=6;

--
-- AUTO_INCREMENT for table `vtiger_eventstatus`
--
ALTER TABLE `vtiger_eventstatus`
  MODIFY `eventstatusid` int(19) NOT NULL AUTO_INCREMENT, AUTO_INCREMENT=4;

--
-- AUTO_INCREMENT for table `vtiger_expectedresponse`
--
ALTER TABLE `vtiger_expectedresponse`
  MODIFY `expectedresponseid` int(19) NOT NULL AUTO_INCREMENT, AUTO_INCREMENT=6;

--
-- AUTO_INCREMENT for table `vtiger_extnstore_users`
--
ALTER TABLE `vtiger_extnstore_users`
  MODIFY `id` int(11) NOT NULL AUTO_INCREMENT;

--
-- AUTO_INCREMENT for table `vtiger_faq`
--
ALTER TABLE `vtiger_faq`
  MODIFY `id` int(11) NOT NULL AUTO_INCREMENT, AUTO_INCREMENT=21;

--
-- AUTO_INCREMENT for table `vtiger_faqcategories`
--
ALTER TABLE `vtiger_faqcategories`
  MODIFY `faqcategories_id` int(19) NOT NULL AUTO_INCREMENT, AUTO_INCREMENT=2;

--
-- AUTO_INCREMENT for table `vtiger_faqcomments`
--
ALTER TABLE `vtiger_faqcomments`
  MODIFY `commentid` int(19) NOT NULL AUTO_INCREMENT;

--
-- AUTO_INCREMENT for table `vtiger_faqstatus`
--
ALTER TABLE `vtiger_faqstatus`
  MODIFY `faqstatus_id` int(19) NOT NULL AUTO_INCREMENT, AUTO_INCREMENT=5;

--
-- AUTO_INCREMENT for table `vtiger_field`
--
ALTER TABLE `vtiger_field`
  MODIFY `fieldid` int(19) NOT NULL AUTO_INCREMENT, AUTO_INCREMENT=965;

--
-- AUTO_INCREMENT for table `vtiger_franchise_detail`
--
ALTER TABLE `vtiger_franchise_detail`
  MODIFY `id` int(255) NOT NULL AUTO_INCREMENT, AUTO_INCREMENT=78;

--
-- AUTO_INCREMENT for table `vtiger_glacct`
--
ALTER TABLE `vtiger_glacct`
  MODIFY `glacctid` int(19) NOT NULL AUTO_INCREMENT, AUTO_INCREMENT=10;

--
-- AUTO_INCREMENT for table `vtiger_hour_format`
--
ALTER TABLE `vtiger_hour_format`
  MODIFY `hour_formatid` int(11) NOT NULL AUTO_INCREMENT, AUTO_INCREMENT=3;

--
-- AUTO_INCREMENT for table `vtiger_import_maps`
--
ALTER TABLE `vtiger_import_maps`
  MODIFY `id` int(19) NOT NULL AUTO_INCREMENT;

--
-- AUTO_INCREMENT for table `vtiger_industry`
--
ALTER TABLE `vtiger_industry`
  MODIFY `industryid` int(19) NOT NULL AUTO_INCREMENT, AUTO_INCREMENT=33;

--
-- AUTO_INCREMENT for table `vtiger_inventorycharges`
--
ALTER TABLE `vtiger_inventorycharges`
  MODIFY `chargeid` int(5) NOT NULL AUTO_INCREMENT, AUTO_INCREMENT=2;

--
-- AUTO_INCREMENT for table `vtiger_inventorynotification`
--
ALTER TABLE `vtiger_inventorynotification`
  MODIFY `notificationid` int(19) NOT NULL AUTO_INCREMENT, AUTO_INCREMENT=4;

--
-- AUTO_INCREMENT for table `vtiger_inventoryproductrel`
--
ALTER TABLE `vtiger_inventoryproductrel`
  MODIFY `lineitem_id` int(11) NOT NULL AUTO_INCREMENT;

--
-- AUTO_INCREMENT for table `vtiger_invoicestatus`
--
ALTER TABLE `vtiger_invoicestatus`
  MODIFY `invoicestatusid` int(19) NOT NULL AUTO_INCREMENT, AUTO_INCREMENT=8;

--
-- AUTO_INCREMENT for table `vtiger_invoicestatushistory`
--
ALTER TABLE `vtiger_invoicestatushistory`
  MODIFY `historyid` int(19) NOT NULL AUTO_INCREMENT;

--
-- AUTO_INCREMENT for table `vtiger_language`
--
ALTER TABLE `vtiger_language`
  MODIFY `id` int(11) NOT NULL AUTO_INCREMENT, AUTO_INCREMENT=17;

--
-- AUTO_INCREMENT for table `vtiger_leadsource`
--
ALTER TABLE `vtiger_leadsource`
  MODIFY `leadsourceid` int(19) NOT NULL AUTO_INCREMENT, AUTO_INCREMENT=14;

--
-- AUTO_INCREMENT for table `vtiger_leadstage`
--
ALTER TABLE `vtiger_leadstage`
  MODIFY `leadstageid` int(19) NOT NULL AUTO_INCREMENT;

--
-- AUTO_INCREMENT for table `vtiger_leadstatus`
--
ALTER TABLE `vtiger_leadstatus`
  MODIFY `leadstatusid` int(19) NOT NULL AUTO_INCREMENT, AUTO_INCREMENT=13;

--
-- AUTO_INCREMENT for table `vtiger_lead_view`
--
ALTER TABLE `vtiger_lead_view`
  MODIFY `lead_viewid` int(19) NOT NULL AUTO_INCREMENT, AUTO_INCREMENT=4;

--
-- AUTO_INCREMENT for table `vtiger_loginhistory`
--
ALTER TABLE `vtiger_loginhistory`
  MODIFY `login_id` int(11) NOT NULL AUTO_INCREMENT, AUTO_INCREMENT=529;

--
-- AUTO_INCREMENT for table `vtiger_mailscanner`
--
ALTER TABLE `vtiger_mailscanner`
  MODIFY `scannerid` int(11) NOT NULL AUTO_INCREMENT;

--
-- AUTO_INCREMENT for table `vtiger_mailscanner_actions`
--
ALTER TABLE `vtiger_mailscanner_actions`
  MODIFY `actionid` int(11) NOT NULL AUTO_INCREMENT;

--
-- AUTO_INCREMENT for table `vtiger_mailscanner_folders`
--
ALTER TABLE `vtiger_mailscanner_folders`
  MODIFY `folderid` int(11) NOT NULL AUTO_INCREMENT;

--
-- AUTO_INCREMENT for table `vtiger_mailscanner_rules`
--
ALTER TABLE `vtiger_mailscanner_rules`
  MODIFY `ruleid` int(11) NOT NULL AUTO_INCREMENT;

--
-- AUTO_INCREMENT for table `vtiger_manufacturer`
--
ALTER TABLE `vtiger_manufacturer`
  MODIFY `manufacturerid` int(19) NOT NULL AUTO_INCREMENT, AUTO_INCREMENT=5;

--
-- AUTO_INCREMENT for table `vtiger_mobile_alerts`
--
ALTER TABLE `vtiger_mobile_alerts`
  MODIFY `id` int(11) NOT NULL AUTO_INCREMENT, AUTO_INCREMENT=8;

--
-- AUTO_INCREMENT for table `vtiger_module_dashboard_widgets`
--
ALTER TABLE `vtiger_module_dashboard_widgets`
  MODIFY `id` int(19) NOT NULL AUTO_INCREMENT, AUTO_INCREMENT=14;

--
-- AUTO_INCREMENT for table `vtiger_notificationscheduler`
--
ALTER TABLE `vtiger_notificationscheduler`
  MODIFY `schedulednotificationid` int(19) NOT NULL AUTO_INCREMENT, AUTO_INCREMENT=9;

--
-- AUTO_INCREMENT for table `vtiger_no_of_currency_decimals`
--
ALTER TABLE `vtiger_no_of_currency_decimals`
  MODIFY `no_of_currency_decimalsid` int(11) NOT NULL AUTO_INCREMENT, AUTO_INCREMENT=8;

--
-- AUTO_INCREMENT for table `vtiger_opportunitystage`
--
ALTER TABLE `vtiger_opportunitystage`
  MODIFY `potstageid` int(19) NOT NULL AUTO_INCREMENT;

--
-- AUTO_INCREMENT for table `vtiger_opportunity_type`
--
ALTER TABLE `vtiger_opportunity_type`
  MODIFY `opptypeid` int(19) NOT NULL AUTO_INCREMENT, AUTO_INCREMENT=4;

--
-- AUTO_INCREMENT for table `vtiger_othereventduration`
--
ALTER TABLE `vtiger_othereventduration`
  MODIFY `othereventdurationid` int(11) NOT NULL AUTO_INCREMENT, AUTO_INCREMENT=6;

--
-- AUTO_INCREMENT for table `vtiger_pbxmanager`
--
ALTER TABLE `vtiger_pbxmanager`
  MODIFY `pbxmanagerid` int(20) NOT NULL AUTO_INCREMENT;

--
-- AUTO_INCREMENT for table `vtiger_pbxmanager_gateway`
--
ALTER TABLE `vtiger_pbxmanager_gateway`
  MODIFY `id` int(11) NOT NULL AUTO_INCREMENT;

--
-- AUTO_INCREMENT for table `vtiger_picklist`
--
ALTER TABLE `vtiger_picklist`
  MODIFY `picklistid` int(11) NOT NULL AUTO_INCREMENT, AUTO_INCREMENT=50;

--
-- AUTO_INCREMENT for table `vtiger_postatus`
--
ALTER TABLE `vtiger_postatus`
  MODIFY `postatusid` int(19) NOT NULL AUTO_INCREMENT, AUTO_INCREMENT=6;

--
-- AUTO_INCREMENT for table `vtiger_postatushistory`
--
ALTER TABLE `vtiger_postatushistory`
  MODIFY `historyid` int(19) NOT NULL AUTO_INCREMENT;

--
-- AUTO_INCREMENT for table `vtiger_potstagehistory`
--
ALTER TABLE `vtiger_potstagehistory`
  MODIFY `historyid` int(19) NOT NULL AUTO_INCREMENT;

--
-- AUTO_INCREMENT for table `vtiger_priority`
--
ALTER TABLE `vtiger_priority`
  MODIFY `priorityid` int(19) NOT NULL AUTO_INCREMENT;

--
-- AUTO_INCREMENT for table `vtiger_productcategory`
--
ALTER TABLE `vtiger_productcategory`
  MODIFY `productcategoryid` int(19) NOT NULL AUTO_INCREMENT, AUTO_INCREMENT=5;

--
-- AUTO_INCREMENT for table `vtiger_profile`
--
ALTER TABLE `vtiger_profile`
  MODIFY `profileid` int(10) NOT NULL AUTO_INCREMENT, AUTO_INCREMENT=8;

--
-- AUTO_INCREMENT for table `vtiger_progress`
--
ALTER TABLE `vtiger_progress`
  MODIFY `progressid` int(11) NOT NULL AUTO_INCREMENT, AUTO_INCREMENT=12;

--
-- AUTO_INCREMENT for table `vtiger_projectmilestonetype`
--
ALTER TABLE `vtiger_projectmilestonetype`
  MODIFY `projectmilestonetypeid` int(11) NOT NULL AUTO_INCREMENT, AUTO_INCREMENT=5;

--
-- AUTO_INCREMENT for table `vtiger_projectpriority`
--
ALTER TABLE `vtiger_projectpriority`
  MODIFY `projectpriorityid` int(11) NOT NULL AUTO_INCREMENT, AUTO_INCREMENT=5;

--
-- AUTO_INCREMENT for table `vtiger_projectstatus`
--
ALTER TABLE `vtiger_projectstatus`
  MODIFY `projectstatusid` int(11) NOT NULL AUTO_INCREMENT, AUTO_INCREMENT=10;

--
-- AUTO_INCREMENT for table `vtiger_projecttaskpriority`
--
ALTER TABLE `vtiger_projecttaskpriority`
  MODIFY `projecttaskpriorityid` int(11) NOT NULL AUTO_INCREMENT, AUTO_INCREMENT=5;

--
-- AUTO_INCREMENT for table `vtiger_projecttaskprogress`
--
ALTER TABLE `vtiger_projecttaskprogress`
  MODIFY `projecttaskprogressid` int(11) NOT NULL AUTO_INCREMENT, AUTO_INCREMENT=12;

--
-- AUTO_INCREMENT for table `vtiger_projecttaskstatus`
--
ALTER TABLE `vtiger_projecttaskstatus`
  MODIFY `projecttaskstatusid` int(11) NOT NULL AUTO_INCREMENT, AUTO_INCREMENT=7;

--
-- AUTO_INCREMENT for table `vtiger_projecttasktype`
--
ALTER TABLE `vtiger_projecttasktype`
  MODIFY `projecttasktypeid` int(11) NOT NULL AUTO_INCREMENT, AUTO_INCREMENT=5;

--
-- AUTO_INCREMENT for table `vtiger_projecttype`
--
ALTER TABLE `vtiger_projecttype`
  MODIFY `projecttypeid` int(11) NOT NULL AUTO_INCREMENT, AUTO_INCREMENT=5;

--
-- AUTO_INCREMENT for table `vtiger_quotestage`
--
ALTER TABLE `vtiger_quotestage`
  MODIFY `quotestageid` int(19) NOT NULL AUTO_INCREMENT, AUTO_INCREMENT=6;

--
-- AUTO_INCREMENT for table `vtiger_quotestagehistory`
--
ALTER TABLE `vtiger_quotestagehistory`
  MODIFY `historyid` int(19) NOT NULL AUTO_INCREMENT;

--
-- AUTO_INCREMENT for table `vtiger_rating`
--
ALTER TABLE `vtiger_rating`
  MODIFY `rating_id` int(19) NOT NULL AUTO_INCREMENT, AUTO_INCREMENT=7;

--
-- AUTO_INCREMENT for table `vtiger_recurringevents`
--
ALTER TABLE `vtiger_recurringevents`
  MODIFY `recurringid` int(19) NOT NULL AUTO_INCREMENT;

--
-- AUTO_INCREMENT for table `vtiger_recurringtype`
--
ALTER TABLE `vtiger_recurringtype`
  MODIFY `recurringeventid` int(19) NOT NULL AUTO_INCREMENT, AUTO_INCREMENT=6;

--
-- AUTO_INCREMENT for table `vtiger_reminder_interval`
--
ALTER TABLE `vtiger_reminder_interval`
  MODIFY `reminder_intervalid` int(19) NOT NULL AUTO_INCREMENT, AUTO_INCREMENT=9;

--
-- AUTO_INCREMENT for table `vtiger_reportfolder`
--
ALTER TABLE `vtiger_reportfolder`
  MODIFY `folderid` int(19) NOT NULL AUTO_INCREMENT, AUTO_INCREMENT=13;

--
-- AUTO_INCREMENT for table `vtiger_rollupcomments_settings`
--
ALTER TABLE `vtiger_rollupcomments_settings`
  MODIFY `rollupid` int(19) NOT NULL AUTO_INCREMENT;

--
-- AUTO_INCREMENT for table `vtiger_rowheight`
--
ALTER TABLE `vtiger_rowheight`
  MODIFY `rowheightid` int(11) NOT NULL AUTO_INCREMENT, AUTO_INCREMENT=4;

--
-- AUTO_INCREMENT for table `vtiger_sales_stage`
--
ALTER TABLE `vtiger_sales_stage`
  MODIFY `sales_stage_id` int(19) NOT NULL AUTO_INCREMENT, AUTO_INCREMENT=11;

--
-- AUTO_INCREMENT for table `vtiger_salutationtype`
--
ALTER TABLE `vtiger_salutationtype`
  MODIFY `salutationid` int(19) NOT NULL AUTO_INCREMENT, AUTO_INCREMENT=7;

--
-- AUTO_INCREMENT for table `vtiger_servicecategory`
--
ALTER TABLE `vtiger_servicecategory`
  MODIFY `servicecategoryid` int(11) NOT NULL AUTO_INCREMENT, AUTO_INCREMENT=7;

--
-- AUTO_INCREMENT for table `vtiger_service_usageunit`
--
ALTER TABLE `vtiger_service_usageunit`
  MODIFY `service_usageunitid` int(11) NOT NULL AUTO_INCREMENT, AUTO_INCREMENT=4;

--
-- AUTO_INCREMENT for table `vtiger_shorturls`
--
ALTER TABLE `vtiger_shorturls`
  MODIFY `id` int(11) NOT NULL AUTO_INCREMENT, AUTO_INCREMENT=14;

--
-- AUTO_INCREMENT for table `vtiger_smsnotifier_servers`
--
ALTER TABLE `vtiger_smsnotifier_servers`
  MODIFY `id` int(11) NOT NULL AUTO_INCREMENT;

--
-- AUTO_INCREMENT for table `vtiger_smsnotifier_status`
--
ALTER TABLE `vtiger_smsnotifier_status`
  MODIFY `statusid` int(11) NOT NULL AUTO_INCREMENT;

--
-- AUTO_INCREMENT for table `vtiger_sostatus`
--
ALTER TABLE `vtiger_sostatus`
  MODIFY `sostatusid` int(19) NOT NULL AUTO_INCREMENT, AUTO_INCREMENT=5;

--
-- AUTO_INCREMENT for table `vtiger_sostatushistory`
--
ALTER TABLE `vtiger_sostatushistory`
  MODIFY `historyid` int(19) NOT NULL AUTO_INCREMENT;

--
-- AUTO_INCREMENT for table `vtiger_start_hour`
--
ALTER TABLE `vtiger_start_hour`
  MODIFY `start_hourid` int(11) NOT NULL AUTO_INCREMENT, AUTO_INCREMENT=25;

--
-- AUTO_INCREMENT for table `vtiger_status`
--
ALTER TABLE `vtiger_status`
  MODIFY `statusid` int(19) NOT NULL AUTO_INCREMENT, AUTO_INCREMENT=3;

--
-- AUTO_INCREMENT for table `vtiger_taskpriority`
--
ALTER TABLE `vtiger_taskpriority`
  MODIFY `taskpriorityid` int(19) NOT NULL AUTO_INCREMENT, AUTO_INCREMENT=4;

--
-- AUTO_INCREMENT for table `vtiger_taskstatus`
--
ALTER TABLE `vtiger_taskstatus`
  MODIFY `taskstatusid` int(19) NOT NULL AUTO_INCREMENT, AUTO_INCREMENT=7;

--
-- AUTO_INCREMENT for table `vtiger_taxclass`
--
ALTER TABLE `vtiger_taxclass`
  MODIFY `taxclassid` int(19) NOT NULL AUTO_INCREMENT, AUTO_INCREMENT=3;

--
-- AUTO_INCREMENT for table `vtiger_taxregions`
--
ALTER TABLE `vtiger_taxregions`
  MODIFY `regionid` int(10) NOT NULL AUTO_INCREMENT;

--
-- AUTO_INCREMENT for table `vtiger_ticketcategories`
--
ALTER TABLE `vtiger_ticketcategories`
  MODIFY `ticketcategories_id` int(19) NOT NULL AUTO_INCREMENT, AUTO_INCREMENT=4;

--
-- AUTO_INCREMENT for table `vtiger_ticketcomments`
--
ALTER TABLE `vtiger_ticketcomments`
  MODIFY `commentid` int(19) NOT NULL AUTO_INCREMENT;

--
-- AUTO_INCREMENT for table `vtiger_ticketpriorities`
--
ALTER TABLE `vtiger_ticketpriorities`
  MODIFY `ticketpriorities_id` int(19) NOT NULL AUTO_INCREMENT, AUTO_INCREMENT=5;

--
-- AUTO_INCREMENT for table `vtiger_ticketseverities`
--
ALTER TABLE `vtiger_ticketseverities`
  MODIFY `ticketseverities_id` int(19) NOT NULL AUTO_INCREMENT, AUTO_INCREMENT=5;

--
-- AUTO_INCREMENT for table `vtiger_ticketstatus`
--
ALTER TABLE `vtiger_ticketstatus`
  MODIFY `ticketstatus_id` int(19) NOT NULL AUTO_INCREMENT, AUTO_INCREMENT=5;

--
-- AUTO_INCREMENT for table `vtiger_time_zone`
--
ALTER TABLE `vtiger_time_zone`
  MODIFY `time_zoneid` int(19) NOT NULL AUTO_INCREMENT, AUTO_INCREMENT=98;

--
-- AUTO_INCREMENT for table `vtiger_tracker`
--
ALTER TABLE `vtiger_tracker`
  MODIFY `id` int(11) NOT NULL AUTO_INCREMENT;

--
-- AUTO_INCREMENT for table `vtiger_tracking_unit`
--
ALTER TABLE `vtiger_tracking_unit`
  MODIFY `tracking_unitid` int(11) NOT NULL AUTO_INCREMENT, AUTO_INCREMENT=5;

--
-- AUTO_INCREMENT for table `vtiger_usageunit`
--
ALTER TABLE `vtiger_usageunit`
  MODIFY `usageunitid` int(19) NOT NULL AUTO_INCREMENT, AUTO_INCREMENT=17;

--
-- AUTO_INCREMENT for table `vtiger_users`
--
ALTER TABLE `vtiger_users`
  MODIFY `id` int(11) NOT NULL AUTO_INCREMENT, AUTO_INCREMENT=24;

--
-- AUTO_INCREMENT for table `vtiger_users_last_import`
--
ALTER TABLE `vtiger_users_last_import`
  MODIFY `id` int(36) NOT NULL AUTO_INCREMENT;

--
-- AUTO_INCREMENT for table `vtiger_version`
--
ALTER TABLE `vtiger_version`
  MODIFY `id` int(11) NOT NULL AUTO_INCREMENT, AUTO_INCREMENT=2;

--
-- AUTO_INCREMENT for table `vtiger_visibility`
--
ALTER TABLE `vtiger_visibility`
  MODIFY `visibilityid` int(19) NOT NULL AUTO_INCREMENT, AUTO_INCREMENT=3;

--
-- AUTO_INCREMENT for table `vtiger_webforms`
--
ALTER TABLE `vtiger_webforms`
  MODIFY `id` int(19) NOT NULL AUTO_INCREMENT;

--
-- AUTO_INCREMENT for table `vtiger_webforms_field`
--
ALTER TABLE `vtiger_webforms_field`
  MODIFY `id` int(19) NOT NULL AUTO_INCREMENT;

--
-- AUTO_INCREMENT for table `vtiger_webform_file_fields`
--
ALTER TABLE `vtiger_webform_file_fields`
  MODIFY `id` int(19) NOT NULL AUTO_INCREMENT;

--
-- AUTO_INCREMENT for table `vtiger_wsapp`
--
ALTER TABLE `vtiger_wsapp`
  MODIFY `appid` int(11) NOT NULL AUTO_INCREMENT, AUTO_INCREMENT=2;

--
-- AUTO_INCREMENT for table `vtiger_wsapp_logs_basic`
--
ALTER TABLE `vtiger_wsapp_logs_basic`
  MODIFY `id` int(25) NOT NULL AUTO_INCREMENT;

--
-- AUTO_INCREMENT for table `vtiger_wsapp_recordmapping`
--
ALTER TABLE `vtiger_wsapp_recordmapping`
  MODIFY `id` int(19) NOT NULL AUTO_INCREMENT;

--
-- AUTO_INCREMENT for table `vtiger_wsapp_sync_state`
--
ALTER TABLE `vtiger_wsapp_sync_state`
  MODIFY `id` int(19) NOT NULL AUTO_INCREMENT;

--
-- AUTO_INCREMENT for table `vtiger_ws_entity`
--
ALTER TABLE `vtiger_ws_entity`
  MODIFY `id` int(11) NOT NULL AUTO_INCREMENT, AUTO_INCREMENT=52;

--
-- AUTO_INCREMENT for table `vtiger_ws_entity_fieldtype`
--
ALTER TABLE `vtiger_ws_entity_fieldtype`
  MODIFY `fieldtypeid` int(19) NOT NULL AUTO_INCREMENT, AUTO_INCREMENT=11;

--
-- AUTO_INCREMENT for table `vtiger_ws_fieldtype`
--
ALTER TABLE `vtiger_ws_fieldtype`
  MODIFY `fieldtypeid` int(19) NOT NULL AUTO_INCREMENT, AUTO_INCREMENT=42;

--
-- AUTO_INCREMENT for table `vtiger_ws_operation`
--
ALTER TABLE `vtiger_ws_operation`
  MODIFY `operationid` int(11) NOT NULL AUTO_INCREMENT, AUTO_INCREMENT=39;

--
-- AUTO_INCREMENT for table `vtiger_ws_operation_parameters`
--
ALTER TABLE `vtiger_ws_operation_parameters`
  MODIFY `operationid` int(11) NOT NULL AUTO_INCREMENT, AUTO_INCREMENT=39;

--
-- Constraints for dumped tables
--

--
-- Constraints for table `vtiger_account`
--
ALTER TABLE `vtiger_account`
  ADD CONSTRAINT `fk_1_vtiger_account` FOREIGN KEY (`accountid`) REFERENCES `vtiger_crmentity` (`crmid`) ON DELETE CASCADE;

--
-- Constraints for table `vtiger_accountbillads`
--
ALTER TABLE `vtiger_accountbillads`
  ADD CONSTRAINT `fk_1_vtiger_accountbillads` FOREIGN KEY (`accountaddressid`) REFERENCES `vtiger_account` (`accountid`) ON DELETE CASCADE;

--
-- Constraints for table `vtiger_accountscf`
--
ALTER TABLE `vtiger_accountscf`
  ADD CONSTRAINT `fk_1_vtiger_accountscf` FOREIGN KEY (`accountid`) REFERENCES `vtiger_account` (`accountid`) ON DELETE CASCADE;

--
-- Constraints for table `vtiger_accountshipads`
--
ALTER TABLE `vtiger_accountshipads`
  ADD CONSTRAINT `fk_1_vtiger_accountshipads` FOREIGN KEY (`accountaddressid`) REFERENCES `vtiger_account` (`accountid`) ON DELETE CASCADE;

--
-- Constraints for table `vtiger_activity`
--
ALTER TABLE `vtiger_activity`
  ADD CONSTRAINT `fk_1_vtiger_activity` FOREIGN KEY (`activityid`) REFERENCES `vtiger_crmentity` (`crmid`) ON DELETE CASCADE;

--
-- Constraints for table `vtiger_activitycf`
--
ALTER TABLE `vtiger_activitycf`
  ADD CONSTRAINT `fk_activityid_vtiger_activitycf` FOREIGN KEY (`activityid`) REFERENCES `vtiger_activity` (`activityid`) ON DELETE CASCADE;

--
-- Constraints for table `vtiger_activityproductrel`
--
ALTER TABLE `vtiger_activityproductrel`
  ADD CONSTRAINT `fk_2_vtiger_activityproductrel` FOREIGN KEY (`productid`) REFERENCES `vtiger_products` (`productid`) ON DELETE CASCADE;

--
-- Constraints for table `vtiger_activity_reminder`
--
ALTER TABLE `vtiger_activity_reminder`
  ADD CONSTRAINT `fk_activityid_vtiger_activity_reminder` FOREIGN KEY (`activity_id`) REFERENCES `vtiger_activity` (`activityid`) ON DELETE CASCADE;

--
-- Constraints for table `vtiger_app2tab`
--
ALTER TABLE `vtiger_app2tab`
  ADD CONSTRAINT `vtiger_app2tab_fk_tab` FOREIGN KEY (`tabid`) REFERENCES `vtiger_tab` (`tabid`) ON DELETE CASCADE;

--
-- Constraints for table `vtiger_assets`
--
ALTER TABLE `vtiger_assets`
  ADD CONSTRAINT `fk_1_vtiger_assets` FOREIGN KEY (`assetsid`) REFERENCES `vtiger_crmentity` (`crmid`) ON DELETE CASCADE;

--
-- Constraints for table `vtiger_assetscf`
--
ALTER TABLE `vtiger_assetscf`
  ADD CONSTRAINT `fk_assetsid_vtiger_assetscf` FOREIGN KEY (`assetsid`) REFERENCES `vtiger_assets` (`assetsid`) ON DELETE CASCADE;

--
-- Constraints for table `vtiger_attachments`
--
ALTER TABLE `vtiger_attachments`
  ADD CONSTRAINT `fk_1_vtiger_attachments` FOREIGN KEY (`attachmentsid`) REFERENCES `vtiger_crmentity` (`crmid`) ON DELETE CASCADE;

--
-- Constraints for table `vtiger_blocks`
--
ALTER TABLE `vtiger_blocks`
  ADD CONSTRAINT `fk_1_vtiger_blocks` FOREIGN KEY (`tabid`) REFERENCES `vtiger_tab` (`tabid`) ON DELETE CASCADE;

--
-- Constraints for table `vtiger_campaign`
--
ALTER TABLE `vtiger_campaign`
  ADD CONSTRAINT `fk_crmid_vtiger_campaign` FOREIGN KEY (`campaignid`) REFERENCES `vtiger_crmentity` (`crmid`) ON DELETE CASCADE;

--
-- Constraints for table `vtiger_campaigncontrel`
--
ALTER TABLE `vtiger_campaigncontrel`
  ADD CONSTRAINT `fk_2_vtiger_campaigncontrel` FOREIGN KEY (`contactid`) REFERENCES `vtiger_contactdetails` (`contactid`) ON DELETE CASCADE;

--
-- Constraints for table `vtiger_campaignleadrel`
--
ALTER TABLE `vtiger_campaignleadrel`
  ADD CONSTRAINT `fk_2_vtiger_campaignleadrel` FOREIGN KEY (`leadid`) REFERENCES `vtiger_leaddetails` (`leadid`) ON DELETE CASCADE;

--
-- Constraints for table `vtiger_campaignscf`
--
ALTER TABLE `vtiger_campaignscf`
  ADD CONSTRAINT `fk_1_vtiger_campaignscf` FOREIGN KEY (`campaignid`) REFERENCES `vtiger_campaign` (`campaignid`) ON DELETE CASCADE;

--
-- Constraints for table `vtiger_cntactivityrel`
--
ALTER TABLE `vtiger_cntactivityrel`
  ADD CONSTRAINT `fk_2_vtiger_cntactivityrel` FOREIGN KEY (`contactid`) REFERENCES `vtiger_contactdetails` (`contactid`) ON DELETE CASCADE;

--
-- Constraints for table `vtiger_contactaddress`
--
ALTER TABLE `vtiger_contactaddress`
  ADD CONSTRAINT `fk_1_vtiger_contactaddress` FOREIGN KEY (`contactaddressid`) REFERENCES `vtiger_contactdetails` (`contactid`) ON DELETE CASCADE;

--
-- Constraints for table `vtiger_contactdetails`
--
ALTER TABLE `vtiger_contactdetails`
  ADD CONSTRAINT `fk_1_vtiger_contactdetails` FOREIGN KEY (`contactid`) REFERENCES `vtiger_crmentity` (`crmid`) ON DELETE CASCADE;

--
-- Constraints for table `vtiger_contactscf`
--
ALTER TABLE `vtiger_contactscf`
  ADD CONSTRAINT `fk_1_vtiger_contactscf` FOREIGN KEY (`contactid`) REFERENCES `vtiger_contactdetails` (`contactid`) ON DELETE CASCADE;

--
-- Constraints for table `vtiger_contactsubdetails`
--
ALTER TABLE `vtiger_contactsubdetails`
  ADD CONSTRAINT `fk_1_vtiger_contactsubdetails` FOREIGN KEY (`contactsubscriptionid`) REFERENCES `vtiger_contactdetails` (`contactid`) ON DELETE CASCADE;

--
-- Constraints for table `vtiger_contpotentialrel`
--
ALTER TABLE `vtiger_contpotentialrel`
  ADD CONSTRAINT `fk_2_vtiger_contpotentialrel` FOREIGN KEY (`potentialid`) REFERENCES `vtiger_potential` (`potentialid`) ON DELETE CASCADE;

--
-- Constraints for table `vtiger_crmentity_user_field`
--
ALTER TABLE `vtiger_crmentity_user_field`
  ADD CONSTRAINT `fk_vtiger_crmentity_user_field_recordid` FOREIGN KEY (`recordid`) REFERENCES `vtiger_crmentity` (`crmid`) ON DELETE CASCADE;

--
-- Constraints for table `vtiger_customaction`
--
ALTER TABLE `vtiger_customaction`
  ADD CONSTRAINT `fk_1_vtiger_customaction` FOREIGN KEY (`cvid`) REFERENCES `vtiger_customview` (`cvid`) ON DELETE CASCADE;

--
-- Constraints for table `vtiger_customerdetails`
--
ALTER TABLE `vtiger_customerdetails`
  ADD CONSTRAINT `fk_1_vtiger_customerdetails` FOREIGN KEY (`customerid`) REFERENCES `vtiger_contactdetails` (`contactid`) ON DELETE CASCADE;

--
-- Constraints for table `vtiger_customview`
--
ALTER TABLE `vtiger_customview`
  ADD CONSTRAINT `fk_1_vtiger_customview` FOREIGN KEY (`entitytype`) REFERENCES `vtiger_tab` (`name`) ON DELETE CASCADE;

--
-- Constraints for table `vtiger_cv2group`
--
ALTER TABLE `vtiger_cv2group`
  ADD CONSTRAINT `vtiger_customview_ibfk_2` FOREIGN KEY (`cvid`) REFERENCES `vtiger_customview` (`cvid`) ON DELETE CASCADE,
  ADD CONSTRAINT `vtiger_groups_ibfk_1` FOREIGN KEY (`groupid`) REFERENCES `vtiger_groups` (`groupid`) ON DELETE CASCADE;

--
-- Constraints for table `vtiger_cv2role`
--
ALTER TABLE `vtiger_cv2role`
  ADD CONSTRAINT `vtiger_customview_ibfk_3` FOREIGN KEY (`cvid`) REFERENCES `vtiger_customview` (`cvid`) ON DELETE CASCADE,
  ADD CONSTRAINT `vtiger_role_ibfk_1` FOREIGN KEY (`roleid`) REFERENCES `vtiger_role` (`roleid`) ON DELETE CASCADE;

--
-- Constraints for table `vtiger_cv2rs`
--
ALTER TABLE `vtiger_cv2rs`
  ADD CONSTRAINT `vtiger_customview_ibfk_4` FOREIGN KEY (`cvid`) REFERENCES `vtiger_customview` (`cvid`) ON DELETE CASCADE,
  ADD CONSTRAINT `vtiger_rolesd_ibfk_1` FOREIGN KEY (`rsid`) REFERENCES `vtiger_role` (`roleid`) ON DELETE CASCADE;

--
-- Constraints for table `vtiger_cv2users`
--
ALTER TABLE `vtiger_cv2users`
  ADD CONSTRAINT `vtiger_customview_ibfk_1` FOREIGN KEY (`cvid`) REFERENCES `vtiger_customview` (`cvid`) ON DELETE CASCADE,
  ADD CONSTRAINT `vtiger_users_ibfk_1` FOREIGN KEY (`userid`) REFERENCES `vtiger_users` (`id`) ON DELETE CASCADE;

--
-- Constraints for table `vtiger_cvadvfilter`
--
ALTER TABLE `vtiger_cvadvfilter`
  ADD CONSTRAINT `fk_1_vtiger_cvadvfilter` FOREIGN KEY (`cvid`) REFERENCES `vtiger_customview` (`cvid`) ON DELETE CASCADE;

--
-- Constraints for table `vtiger_cvcolumnlist`
--
ALTER TABLE `vtiger_cvcolumnlist`
  ADD CONSTRAINT `fk_1_vtiger_cvcolumnlist` FOREIGN KEY (`cvid`) REFERENCES `vtiger_customview` (`cvid`) ON DELETE CASCADE;

--
-- Constraints for table `vtiger_cvstdfilter`
--
ALTER TABLE `vtiger_cvstdfilter`
  ADD CONSTRAINT `fk_1_vtiger_cvstdfilter` FOREIGN KEY (`cvid`) REFERENCES `vtiger_customview` (`cvid`) ON DELETE CASCADE;

--
-- Constraints for table `vtiger_dashboard_tabs`
--
ALTER TABLE `vtiger_dashboard_tabs`
  ADD CONSTRAINT `vtiger_dashboard_tabs_ibfk_1` FOREIGN KEY (`userid`) REFERENCES `vtiger_users` (`id`) ON DELETE CASCADE;

--
-- Constraints for table `vtiger_datashare_grp2grp`
--
ALTER TABLE `vtiger_datashare_grp2grp`
  ADD CONSTRAINT `fk_3_vtiger_datashare_grp2grp` FOREIGN KEY (`to_groupid`) REFERENCES `vtiger_groups` (`groupid`) ON DELETE CASCADE;

--
-- Constraints for table `vtiger_datashare_grp2role`
--
ALTER TABLE `vtiger_datashare_grp2role`
  ADD CONSTRAINT `fk_3_vtiger_datashare_grp2role` FOREIGN KEY (`to_roleid`) REFERENCES `vtiger_role` (`roleid`) ON DELETE CASCADE;

--
-- Constraints for table `vtiger_datashare_grp2rs`
--
ALTER TABLE `vtiger_datashare_grp2rs`
  ADD CONSTRAINT `fk_3_vtiger_datashare_grp2rs` FOREIGN KEY (`to_roleandsubid`) REFERENCES `vtiger_role` (`roleid`) ON DELETE CASCADE;

--
-- Constraints for table `vtiger_datashare_module_rel`
--
ALTER TABLE `vtiger_datashare_module_rel`
  ADD CONSTRAINT `fk_1_vtiger_datashare_module_rel` FOREIGN KEY (`tabid`) REFERENCES `vtiger_tab` (`tabid`) ON DELETE CASCADE;

--
-- Constraints for table `vtiger_datashare_relatedmodules`
--
ALTER TABLE `vtiger_datashare_relatedmodules`
  ADD CONSTRAINT `fk_2_vtiger_datashare_relatedmodules` FOREIGN KEY (`tabid`) REFERENCES `vtiger_tab` (`tabid`) ON DELETE CASCADE;

--
-- Constraints for table `vtiger_datashare_role2group`
--
ALTER TABLE `vtiger_datashare_role2group`
  ADD CONSTRAINT `fk_3_vtiger_datashare_role2group` FOREIGN KEY (`share_roleid`) REFERENCES `vtiger_role` (`roleid`) ON DELETE CASCADE;

--
-- Constraints for table `vtiger_datashare_role2role`
--
ALTER TABLE `vtiger_datashare_role2role`
  ADD CONSTRAINT `fk_3_vtiger_datashare_role2role` FOREIGN KEY (`to_roleid`) REFERENCES `vtiger_role` (`roleid`) ON DELETE CASCADE;

--
-- Constraints for table `vtiger_datashare_role2rs`
--
ALTER TABLE `vtiger_datashare_role2rs`
  ADD CONSTRAINT `fk_3_vtiger_datashare_role2rs` FOREIGN KEY (`to_roleandsubid`) REFERENCES `vtiger_role` (`roleid`) ON DELETE CASCADE;

--
-- Constraints for table `vtiger_datashare_rs2grp`
--
ALTER TABLE `vtiger_datashare_rs2grp`
  ADD CONSTRAINT `fk_3_vtiger_datashare_rs2grp` FOREIGN KEY (`share_roleandsubid`) REFERENCES `vtiger_role` (`roleid`) ON DELETE CASCADE;

--
-- Constraints for table `vtiger_datashare_rs2role`
--
ALTER TABLE `vtiger_datashare_rs2role`
  ADD CONSTRAINT `fk_3_vtiger_datashare_rs2role` FOREIGN KEY (`to_roleid`) REFERENCES `vtiger_role` (`roleid`) ON DELETE CASCADE;

--
-- Constraints for table `vtiger_datashare_rs2rs`
--
ALTER TABLE `vtiger_datashare_rs2rs`
  ADD CONSTRAINT `fk_3_vtiger_datashare_rs2rs` FOREIGN KEY (`to_roleandsubid`) REFERENCES `vtiger_role` (`roleid`) ON DELETE CASCADE;

--
-- Constraints for table `vtiger_defaultcv`
--
ALTER TABLE `vtiger_defaultcv`
  ADD CONSTRAINT `fk_1_vtiger_defaultcv` FOREIGN KEY (`tabid`) REFERENCES `vtiger_tab` (`tabid`) ON DELETE CASCADE;

--
-- Constraints for table `vtiger_def_org_share`
--
ALTER TABLE `vtiger_def_org_share`
  ADD CONSTRAINT `fk_1_vtiger_def_org_share` FOREIGN KEY (`permission`) REFERENCES `vtiger_org_share_action_mapping` (`share_action_id`) ON DELETE CASCADE;

--
-- Constraints for table `vtiger_emailslookup`
--
ALTER TABLE `vtiger_emailslookup`
  ADD CONSTRAINT `emailslookup_crmid_fk` FOREIGN KEY (`crmid`) REFERENCES `vtiger_crmentity` (`crmid`) ON DELETE CASCADE;

--
-- Constraints for table `vtiger_entityname`
--
ALTER TABLE `vtiger_entityname`
  ADD CONSTRAINT `fk_1_vtiger_entityname` FOREIGN KEY (`tabid`) REFERENCES `vtiger_tab` (`tabid`) ON DELETE CASCADE;

--
-- Constraints for table `vtiger_faq`
--
ALTER TABLE `vtiger_faq`
  ADD CONSTRAINT `fk_1_vtiger_faq` FOREIGN KEY (`id`) REFERENCES `vtiger_crmentity` (`crmid`) ON DELETE CASCADE;

--
-- Constraints for table `vtiger_faqcf`
--
ALTER TABLE `vtiger_faqcf`
  ADD CONSTRAINT `fk_1_vtiger_faqcf` FOREIGN KEY (`faqid`) REFERENCES `vtiger_faq` (`id`) ON DELETE CASCADE;

--
-- Constraints for table `vtiger_faqcomments`
--
ALTER TABLE `vtiger_faqcomments`
  ADD CONSTRAINT `fk_1_vtiger_faqcomments` FOREIGN KEY (`faqid`) REFERENCES `vtiger_faq` (`id`) ON DELETE CASCADE;

--
-- Constraints for table `vtiger_field`
--
ALTER TABLE `vtiger_field`
  ADD CONSTRAINT `fk_1_vtiger_field` FOREIGN KEY (`tabid`) REFERENCES `vtiger_tab` (`tabid`) ON DELETE CASCADE;

--
-- Constraints for table `vtiger_group2grouprel`
--
ALTER TABLE `vtiger_group2grouprel`
  ADD CONSTRAINT `fk_2_vtiger_group2grouprel` FOREIGN KEY (`groupid`) REFERENCES `vtiger_groups` (`groupid`) ON DELETE CASCADE ON UPDATE CASCADE;

--
-- Constraints for table `vtiger_group2role`
--
ALTER TABLE `vtiger_group2role`
  ADD CONSTRAINT `fk_2_vtiger_group2role` FOREIGN KEY (`roleid`) REFERENCES `vtiger_role` (`roleid`) ON DELETE CASCADE;

--
-- Constraints for table `vtiger_group2rs`
--
ALTER TABLE `vtiger_group2rs`
  ADD CONSTRAINT `fk_2_vtiger_group2rs` FOREIGN KEY (`roleandsubid`) REFERENCES `vtiger_role` (`roleid`) ON DELETE CASCADE;

--
-- Constraints for table `vtiger_homedashbd`
--
ALTER TABLE `vtiger_homedashbd`
  ADD CONSTRAINT `fk_1_vtiger_homedashbd` FOREIGN KEY (`stuffid`) REFERENCES `vtiger_homestuff` (`stuffid`) ON DELETE CASCADE;

--
-- Constraints for table `vtiger_homedefault`
--
ALTER TABLE `vtiger_homedefault`
  ADD CONSTRAINT `fk_1_vtiger_homedefault` FOREIGN KEY (`stuffid`) REFERENCES `vtiger_homestuff` (`stuffid`) ON DELETE CASCADE;

--
-- Constraints for table `vtiger_homemodule`
--
ALTER TABLE `vtiger_homemodule`
  ADD CONSTRAINT `fk_1_vtiger_homemodule` FOREIGN KEY (`stuffid`) REFERENCES `vtiger_homestuff` (`stuffid`) ON DELETE CASCADE;

--
-- Constraints for table `vtiger_homemoduleflds`
--
ALTER TABLE `vtiger_homemoduleflds`
  ADD CONSTRAINT `fk_1_vtiger_homemoduleflds` FOREIGN KEY (`stuffid`) REFERENCES `vtiger_homemodule` (`stuffid`) ON DELETE CASCADE;

--
-- Constraints for table `vtiger_homerss`
--
ALTER TABLE `vtiger_homerss`
  ADD CONSTRAINT `fk_1_vtiger_homerss` FOREIGN KEY (`stuffid`) REFERENCES `vtiger_homestuff` (`stuffid`) ON DELETE CASCADE;

--
-- Constraints for table `vtiger_homestuff`
--
ALTER TABLE `vtiger_homestuff`
  ADD CONSTRAINT `fk_1_vtiger_homestuff` FOREIGN KEY (`userid`) REFERENCES `vtiger_users` (`id`) ON DELETE CASCADE;

--
-- Constraints for table `vtiger_inventoryproductrel`
--
ALTER TABLE `vtiger_inventoryproductrel`
  ADD CONSTRAINT `fk_crmid_vtiger_inventoryproductrel` FOREIGN KEY (`id`) REFERENCES `vtiger_crmentity` (`crmid`) ON DELETE CASCADE;

--
-- Constraints for table `vtiger_invoice`
--
ALTER TABLE `vtiger_invoice`
  ADD CONSTRAINT `fk_2_vtiger_invoice` FOREIGN KEY (`salesorderid`) REFERENCES `vtiger_salesorder` (`salesorderid`) ON DELETE CASCADE,
  ADD CONSTRAINT `fk_crmid_vtiger_invoice` FOREIGN KEY (`invoiceid`) REFERENCES `vtiger_crmentity` (`crmid`) ON DELETE CASCADE;

--
-- Constraints for table `vtiger_invoicebillads`
--
ALTER TABLE `vtiger_invoicebillads`
  ADD CONSTRAINT `fk_1_vtiger_invoicebillads` FOREIGN KEY (`invoicebilladdressid`) REFERENCES `vtiger_invoice` (`invoiceid`) ON DELETE CASCADE;

--
-- Constraints for table `vtiger_invoicecf`
--
ALTER TABLE `vtiger_invoicecf`
  ADD CONSTRAINT `fk_1_vtiger_invoicecf` FOREIGN KEY (`invoiceid`) REFERENCES `vtiger_invoice` (`invoiceid`) ON DELETE CASCADE;

--
-- Constraints for table `vtiger_invoiceshipads`
--
ALTER TABLE `vtiger_invoiceshipads`
  ADD CONSTRAINT `fk_1_vtiger_invoiceshipads` FOREIGN KEY (`invoiceshipaddressid`) REFERENCES `vtiger_invoice` (`invoiceid`) ON DELETE CASCADE;

--
-- Constraints for table `vtiger_invoicestatushistory`
--
ALTER TABLE `vtiger_invoicestatushistory`
  ADD CONSTRAINT `fk_1_vtiger_invoicestatushistory` FOREIGN KEY (`invoiceid`) REFERENCES `vtiger_invoice` (`invoiceid`) ON DELETE CASCADE;

--
-- Constraints for table `vtiger_invoice_recurring_info`
--
ALTER TABLE `vtiger_invoice_recurring_info`
  ADD CONSTRAINT `fk_salesorderid_vtiger_invoice_recurring_info` FOREIGN KEY (`salesorderid`) REFERENCES `vtiger_salesorder` (`salesorderid`) ON DELETE CASCADE;

--
-- Constraints for table `vtiger_leadaddress`
--
ALTER TABLE `vtiger_leadaddress`
  ADD CONSTRAINT `fk_1_vtiger_leadaddress` FOREIGN KEY (`leadaddressid`) REFERENCES `vtiger_leaddetails` (`leadid`) ON DELETE CASCADE;

--
-- Constraints for table `vtiger_leaddetails`
--
ALTER TABLE `vtiger_leaddetails`
  ADD CONSTRAINT `fk_1_vtiger_leaddetails` FOREIGN KEY (`leadid`) REFERENCES `vtiger_crmentity` (`crmid`) ON DELETE CASCADE;

--
-- Constraints for table `vtiger_leadscf`
--
ALTER TABLE `vtiger_leadscf`
  ADD CONSTRAINT `fk_1_vtiger_leadscf` FOREIGN KEY (`leadid`) REFERENCES `vtiger_leaddetails` (`leadid`) ON DELETE CASCADE;

--
-- Constraints for table `vtiger_leadsubdetails`
--
ALTER TABLE `vtiger_leadsubdetails`
  ADD CONSTRAINT `fk_1_vtiger_leadsubdetails` FOREIGN KEY (`leadsubscriptionid`) REFERENCES `vtiger_leaddetails` (`leadid`) ON DELETE CASCADE;

--
-- Constraints for table `vtiger_modcomments`
--
ALTER TABLE `vtiger_modcomments`
  ADD CONSTRAINT `fk_crmid_vtiger_modcomments` FOREIGN KEY (`modcommentsid`) REFERENCES `vtiger_crmentity` (`crmid`) ON DELETE CASCADE;

--
-- Constraints for table `vtiger_modcommentscf`
--
ALTER TABLE `vtiger_modcommentscf`
  ADD CONSTRAINT `fk_modcommentsid_vtiger_modcommentscf` FOREIGN KEY (`modcommentsid`) REFERENCES `vtiger_modcomments` (`modcommentsid`) ON DELETE CASCADE;

--
-- Constraints for table `vtiger_module_dashboard_widgets`
--
ALTER TABLE `vtiger_module_dashboard_widgets`
  ADD CONSTRAINT `vtiger_module_dashboard_widgets_ibfk_1` FOREIGN KEY (`dashboardtabid`) REFERENCES `vtiger_dashboard_tabs` (`id`) ON DELETE CASCADE;

--
-- Constraints for table `vtiger_notes`
--
ALTER TABLE `vtiger_notes`
  ADD CONSTRAINT `fk_1_vtiger_notes` FOREIGN KEY (`notesid`) REFERENCES `vtiger_crmentity` (`crmid`) ON DELETE CASCADE;

--
-- Constraints for table `vtiger_notescf`
--
ALTER TABLE `vtiger_notescf`
  ADD CONSTRAINT `fk_notesid_vtiger_notescf` FOREIGN KEY (`notesid`) REFERENCES `vtiger_notes` (`notesid`) ON DELETE CASCADE;

--
-- Constraints for table `vtiger_org_share_action2tab`
--
ALTER TABLE `vtiger_org_share_action2tab`
  ADD CONSTRAINT `fk_2_vtiger_org_share_action2tab` FOREIGN KEY (`tabid`) REFERENCES `vtiger_tab` (`tabid`) ON DELETE CASCADE;

--
-- Constraints for table `vtiger_parenttabrel`
--
ALTER TABLE `vtiger_parenttabrel`
  ADD CONSTRAINT `fk_1_vtiger_parenttabrel` FOREIGN KEY (`tabid`) REFERENCES `vtiger_tab` (`tabid`) ON DELETE CASCADE,
  ADD CONSTRAINT `fk_2_vtiger_parenttabrel` FOREIGN KEY (`parenttabid`) REFERENCES `vtiger_parenttab` (`parenttabid`) ON DELETE CASCADE;

--
-- Constraints for table `vtiger_pbxmanager`
--
ALTER TABLE `vtiger_pbxmanager`
  ADD CONSTRAINT `fk_crmid_vtiger_pbxmanager` FOREIGN KEY (`pbxmanagerid`) REFERENCES `vtiger_crmentity` (`crmid`) ON DELETE CASCADE;

--
-- Constraints for table `vtiger_pbxmanagercf`
--
ALTER TABLE `vtiger_pbxmanagercf`
  ADD CONSTRAINT `fk_pbxmanagerid_vtiger_pbxmanagercf` FOREIGN KEY (`pbxmanagerid`) REFERENCES `vtiger_pbxmanager` (`pbxmanagerid`) ON DELETE CASCADE;

--
-- Constraints for table `vtiger_pbxmanager_phonelookup`
--
ALTER TABLE `vtiger_pbxmanager_phonelookup`
  ADD CONSTRAINT `vtiger_pbxmanager_phonelookup_ibfk_1` FOREIGN KEY (`crmid`) REFERENCES `vtiger_crmentity` (`crmid`) ON DELETE CASCADE;

--
-- Constraints for table `vtiger_pobillads`
--
ALTER TABLE `vtiger_pobillads`
  ADD CONSTRAINT `fk_1_vtiger_pobillads` FOREIGN KEY (`pobilladdressid`) REFERENCES `vtiger_purchaseorder` (`purchaseorderid`) ON DELETE CASCADE;

--
-- Constraints for table `vtiger_portalinfo`
--
ALTER TABLE `vtiger_portalinfo`
  ADD CONSTRAINT `fk_1_vtiger_portalinfo` FOREIGN KEY (`id`) REFERENCES `vtiger_contactdetails` (`contactid`) ON DELETE CASCADE;

--
-- Constraints for table `vtiger_poshipads`
--
ALTER TABLE `vtiger_poshipads`
  ADD CONSTRAINT `fk_1_vtiger_poshipads` FOREIGN KEY (`poshipaddressid`) REFERENCES `vtiger_purchaseorder` (`purchaseorderid`) ON DELETE CASCADE;

--
-- Constraints for table `vtiger_postatushistory`
--
ALTER TABLE `vtiger_postatushistory`
  ADD CONSTRAINT `fk_1_vtiger_postatushistory` FOREIGN KEY (`purchaseorderid`) REFERENCES `vtiger_purchaseorder` (`purchaseorderid`) ON DELETE CASCADE;

--
-- Constraints for table `vtiger_potential`
--
ALTER TABLE `vtiger_potential`
  ADD CONSTRAINT `fk_1_vtiger_potential` FOREIGN KEY (`potentialid`) REFERENCES `vtiger_crmentity` (`crmid`) ON DELETE CASCADE;

--
-- Constraints for table `vtiger_potentialscf`
--
ALTER TABLE `vtiger_potentialscf`
  ADD CONSTRAINT `fk_1_vtiger_potentialscf` FOREIGN KEY (`potentialid`) REFERENCES `vtiger_potential` (`potentialid`) ON DELETE CASCADE;

--
-- Constraints for table `vtiger_potstagehistory`
--
ALTER TABLE `vtiger_potstagehistory`
  ADD CONSTRAINT `fk_1_vtiger_potstagehistory` FOREIGN KEY (`potentialid`) REFERENCES `vtiger_potential` (`potentialid`) ON DELETE CASCADE;

--
-- Constraints for table `vtiger_pricebook`
--
ALTER TABLE `vtiger_pricebook`
  ADD CONSTRAINT `fk_1_vtiger_pricebook` FOREIGN KEY (`pricebookid`) REFERENCES `vtiger_crmentity` (`crmid`) ON DELETE CASCADE;

--
-- Constraints for table `vtiger_pricebookcf`
--
ALTER TABLE `vtiger_pricebookcf`
  ADD CONSTRAINT `fk_1_vtiger_pricebookcf` FOREIGN KEY (`pricebookid`) REFERENCES `vtiger_pricebook` (`pricebookid`) ON DELETE CASCADE;

--
-- Constraints for table `vtiger_pricebookproductrel`
--
ALTER TABLE `vtiger_pricebookproductrel`
  ADD CONSTRAINT `fk_1_vtiger_pricebookproductrel` FOREIGN KEY (`pricebookid`) REFERENCES `vtiger_pricebook` (`pricebookid`) ON DELETE CASCADE;

--
-- Constraints for table `vtiger_productcf`
--
ALTER TABLE `vtiger_productcf`
  ADD CONSTRAINT `fk_1_vtiger_productcf` FOREIGN KEY (`productid`) REFERENCES `vtiger_products` (`productid`) ON DELETE CASCADE;

--
-- Constraints for table `vtiger_products`
--
ALTER TABLE `vtiger_products`
  ADD CONSTRAINT `fk_1_vtiger_products` FOREIGN KEY (`productid`) REFERENCES `vtiger_crmentity` (`crmid`) ON DELETE CASCADE;

--
-- Constraints for table `vtiger_producttaxrel`
--
ALTER TABLE `vtiger_producttaxrel`
  ADD CONSTRAINT `fk_crmid_vtiger_producttaxrel` FOREIGN KEY (`productid`) REFERENCES `vtiger_crmentity` (`crmid`) ON DELETE CASCADE;

--
-- Constraints for table `vtiger_profile2globalpermissions`
--
ALTER TABLE `vtiger_profile2globalpermissions`
  ADD CONSTRAINT `fk_1_vtiger_profile2globalpermissions` FOREIGN KEY (`profileid`) REFERENCES `vtiger_profile` (`profileid`) ON DELETE CASCADE;

--
-- Constraints for table `vtiger_project`
--
ALTER TABLE `vtiger_project`
  ADD CONSTRAINT `fk_crmid_vtiger_project` FOREIGN KEY (`projectid`) REFERENCES `vtiger_crmentity` (`crmid`) ON DELETE CASCADE;

--
-- Constraints for table `vtiger_projectcf`
--
ALTER TABLE `vtiger_projectcf`
  ADD CONSTRAINT `fk_projectid_vtiger_projectcf` FOREIGN KEY (`projectid`) REFERENCES `vtiger_project` (`projectid`) ON DELETE CASCADE;

--
-- Constraints for table `vtiger_projectmilestone`
--
ALTER TABLE `vtiger_projectmilestone`
  ADD CONSTRAINT `fk_crmid_vtiger_projectmilestone` FOREIGN KEY (`projectmilestoneid`) REFERENCES `vtiger_crmentity` (`crmid`) ON DELETE CASCADE;

--
-- Constraints for table `vtiger_projectmilestonecf`
--
ALTER TABLE `vtiger_projectmilestonecf`
  ADD CONSTRAINT `fk_projectmilestoneid_vtiger_projectmilestonecf` FOREIGN KEY (`projectmilestoneid`) REFERENCES `vtiger_projectmilestone` (`projectmilestoneid`) ON DELETE CASCADE;

--
-- Constraints for table `vtiger_projecttask`
--
ALTER TABLE `vtiger_projecttask`
  ADD CONSTRAINT `fk_crmid_vtiger_projecttask` FOREIGN KEY (`projecttaskid`) REFERENCES `vtiger_crmentity` (`crmid`) ON DELETE CASCADE;

--
-- Constraints for table `vtiger_projecttaskcf`
--
ALTER TABLE `vtiger_projecttaskcf`
  ADD CONSTRAINT `fk_projecttaskid_vtiger_projecttaskcf` FOREIGN KEY (`projecttaskid`) REFERENCES `vtiger_projecttask` (`projecttaskid`) ON DELETE CASCADE;

--
-- Constraints for table `vtiger_purchaseorder`
--
ALTER TABLE `vtiger_purchaseorder`
  ADD CONSTRAINT `fk_4_vtiger_purchaseorder` FOREIGN KEY (`vendorid`) REFERENCES `vtiger_vendor` (`vendorid`) ON DELETE CASCADE,
  ADD CONSTRAINT `fk_crmid_vtiger_purchaseorder` FOREIGN KEY (`purchaseorderid`) REFERENCES `vtiger_crmentity` (`crmid`) ON DELETE CASCADE;

--
-- Constraints for table `vtiger_purchaseordercf`
--
ALTER TABLE `vtiger_purchaseordercf`
  ADD CONSTRAINT `fk_1_vtiger_purchaseordercf` FOREIGN KEY (`purchaseorderid`) REFERENCES `vtiger_purchaseorder` (`purchaseorderid`) ON DELETE CASCADE;

--
-- Constraints for table `vtiger_quotes`
--
ALTER TABLE `vtiger_quotes`
  ADD CONSTRAINT `fk_3_vtiger_quotes` FOREIGN KEY (`potentialid`) REFERENCES `vtiger_potential` (`potentialid`) ON DELETE CASCADE,
  ADD CONSTRAINT `fk_crmid_vtiger_quotes` FOREIGN KEY (`quoteid`) REFERENCES `vtiger_crmentity` (`crmid`) ON DELETE CASCADE;

--
-- Constraints for table `vtiger_quotesbillads`
--
ALTER TABLE `vtiger_quotesbillads`
  ADD CONSTRAINT `fk_1_vtiger_quotesbillads` FOREIGN KEY (`quotebilladdressid`) REFERENCES `vtiger_quotes` (`quoteid`) ON DELETE CASCADE;

--
-- Constraints for table `vtiger_quotescf`
--
ALTER TABLE `vtiger_quotescf`
  ADD CONSTRAINT `fk_1_vtiger_quotescf` FOREIGN KEY (`quoteid`) REFERENCES `vtiger_quotes` (`quoteid`) ON DELETE CASCADE;

--
-- Constraints for table `vtiger_quotesshipads`
--
ALTER TABLE `vtiger_quotesshipads`
  ADD CONSTRAINT `fk_1_vtiger_quotesshipads` FOREIGN KEY (`quoteshipaddressid`) REFERENCES `vtiger_quotes` (`quoteid`) ON DELETE CASCADE;

--
-- Constraints for table `vtiger_quotestagehistory`
--
ALTER TABLE `vtiger_quotestagehistory`
  ADD CONSTRAINT `fk_1_vtiger_quotestagehistory` FOREIGN KEY (`quoteid`) REFERENCES `vtiger_quotes` (`quoteid`) ON DELETE CASCADE;

--
-- Constraints for table `vtiger_recurringevents`
--
ALTER TABLE `vtiger_recurringevents`
  ADD CONSTRAINT `fk_1_vtiger_recurringevents` FOREIGN KEY (`activityid`) REFERENCES `vtiger_activity` (`activityid`) ON DELETE CASCADE;

--
-- Constraints for table `vtiger_relcriteria`
--
ALTER TABLE `vtiger_relcriteria`
  ADD CONSTRAINT `fk_1_vtiger_relcriteria` FOREIGN KEY (`queryid`) REFERENCES `vtiger_selectquery` (`queryid`) ON DELETE CASCADE;

--
-- Constraints for table `vtiger_report`
--
ALTER TABLE `vtiger_report`
  ADD CONSTRAINT `fk_2_vtiger_report` FOREIGN KEY (`queryid`) REFERENCES `vtiger_selectquery` (`queryid`) ON DELETE CASCADE;

--
-- Constraints for table `vtiger_reportdatefilter`
--
ALTER TABLE `vtiger_reportdatefilter`
  ADD CONSTRAINT `fk_1_vtiger_reportdatefilter` FOREIGN KEY (`datefilterid`) REFERENCES `vtiger_report` (`reportid`) ON DELETE CASCADE;

--
-- Constraints for table `vtiger_reportgroupbycolumn`
--
ALTER TABLE `vtiger_reportgroupbycolumn`
  ADD CONSTRAINT `fk_1_vtiger_reportgroupbycolumn` FOREIGN KEY (`reportid`) REFERENCES `vtiger_report` (`reportid`) ON DELETE CASCADE;

--
-- Constraints for table `vtiger_reportmodules`
--
ALTER TABLE `vtiger_reportmodules`
  ADD CONSTRAINT `fk_1_vtiger_reportmodules` FOREIGN KEY (`reportmodulesid`) REFERENCES `vtiger_report` (`reportid`) ON DELETE CASCADE;

--
-- Constraints for table `vtiger_reportsortcol`
--
ALTER TABLE `vtiger_reportsortcol`
  ADD CONSTRAINT `fk_1_vtiger_reportsortcol` FOREIGN KEY (`reportid`) REFERENCES `vtiger_report` (`reportid`) ON DELETE CASCADE;

--
-- Constraints for table `vtiger_reportsummary`
--
ALTER TABLE `vtiger_reportsummary`
  ADD CONSTRAINT `fk_1_vtiger_reportsummary` FOREIGN KEY (`reportsummaryid`) REFERENCES `vtiger_report` (`reportid`) ON DELETE CASCADE;

--
-- Constraints for table `vtiger_reporttype`
--
ALTER TABLE `vtiger_reporttype`
  ADD CONSTRAINT `fk_1_vtiger_reporttype` FOREIGN KEY (`reportid`) REFERENCES `vtiger_report` (`reportid`) ON DELETE CASCADE;

--
-- Constraints for table `vtiger_report_sharegroups`
--
ALTER TABLE `vtiger_report_sharegroups`
  ADD CONSTRAINT `vtiger_groups_groupid_ibfk_1` FOREIGN KEY (`groupid`) REFERENCES `vtiger_groups` (`groupid`) ON DELETE CASCADE,
  ADD CONSTRAINT `vtiger_report_reportid_ibfk_2` FOREIGN KEY (`reportid`) REFERENCES `vtiger_report` (`reportid`) ON DELETE CASCADE;

--
-- Constraints for table `vtiger_report_sharerole`
--
ALTER TABLE `vtiger_report_sharerole`
  ADD CONSTRAINT `vtiger_report_reportid_ibfk_3` FOREIGN KEY (`reportid`) REFERENCES `vtiger_report` (`reportid`) ON DELETE CASCADE,
  ADD CONSTRAINT `vtiger_role_roleid_ibfk_1` FOREIGN KEY (`roleid`) REFERENCES `vtiger_role` (`roleid`) ON DELETE CASCADE;

--
-- Constraints for table `vtiger_report_sharers`
--
ALTER TABLE `vtiger_report_sharers`
  ADD CONSTRAINT `vtiger_report_reportid_ibfk_4` FOREIGN KEY (`reportid`) REFERENCES `vtiger_report` (`reportid`) ON DELETE CASCADE,
  ADD CONSTRAINT `vtiger_rolesd_rsid_ibfk_1` FOREIGN KEY (`rsid`) REFERENCES `vtiger_role` (`roleid`) ON DELETE CASCADE;

--
-- Constraints for table `vtiger_report_shareusers`
--
ALTER TABLE `vtiger_report_shareusers`
  ADD CONSTRAINT `vtiger_reports_reportid_ibfk_1` FOREIGN KEY (`reportid`) REFERENCES `vtiger_report` (`reportid`) ON DELETE CASCADE,
  ADD CONSTRAINT `vtiger_users_userid_ibfk_1` FOREIGN KEY (`userid`) REFERENCES `vtiger_users` (`id`) ON DELETE CASCADE;

--
-- Constraints for table `vtiger_role2picklist`
--
ALTER TABLE `vtiger_role2picklist`
  ADD CONSTRAINT `fk_1_vtiger_role2picklist` FOREIGN KEY (`roleid`) REFERENCES `vtiger_role` (`roleid`) ON DELETE CASCADE,
  ADD CONSTRAINT `fk_2_vtiger_role2picklist` FOREIGN KEY (`picklistid`) REFERENCES `vtiger_picklist` (`picklistid`) ON DELETE CASCADE;

--
-- Constraints for table `vtiger_salesmanactivityrel`
--
ALTER TABLE `vtiger_salesmanactivityrel`
  ADD CONSTRAINT `fk_2_vtiger_salesmanactivityrel` FOREIGN KEY (`smid`) REFERENCES `vtiger_users` (`id`) ON DELETE CASCADE;

--
-- Constraints for table `vtiger_salesmanattachmentsrel`
--
ALTER TABLE `vtiger_salesmanattachmentsrel`
  ADD CONSTRAINT `fk_2_vtiger_salesmanattachmentsrel` FOREIGN KEY (`attachmentsid`) REFERENCES `vtiger_attachments` (`attachmentsid`) ON DELETE CASCADE;

--
-- Constraints for table `vtiger_salesmanticketrel`
--
ALTER TABLE `vtiger_salesmanticketrel`
  ADD CONSTRAINT `fk_2_vtiger_salesmanticketrel` FOREIGN KEY (`smid`) REFERENCES `vtiger_users` (`id`) ON DELETE CASCADE;

--
-- Constraints for table `vtiger_salesorder`
--
ALTER TABLE `vtiger_salesorder`
  ADD CONSTRAINT `fk_3_vtiger_salesorder` FOREIGN KEY (`vendorid`) REFERENCES `vtiger_vendor` (`vendorid`) ON DELETE CASCADE,
  ADD CONSTRAINT `fk_crmid_vtiger_salesorder` FOREIGN KEY (`salesorderid`) REFERENCES `vtiger_crmentity` (`crmid`) ON DELETE CASCADE;

--
-- Constraints for table `vtiger_salesordercf`
--
ALTER TABLE `vtiger_salesordercf`
  ADD CONSTRAINT `fk_1_vtiger_salesordercf` FOREIGN KEY (`salesorderid`) REFERENCES `vtiger_salesorder` (`salesorderid`) ON DELETE CASCADE;

--
-- Constraints for table `vtiger_seactivityrel`
--
ALTER TABLE `vtiger_seactivityrel`
  ADD CONSTRAINT `fk_2_vtiger_seactivityrel` FOREIGN KEY (`crmid`) REFERENCES `vtiger_crmentity` (`crmid`) ON DELETE CASCADE;

--
-- Constraints for table `vtiger_seattachmentsrel`
--
ALTER TABLE `vtiger_seattachmentsrel`
  ADD CONSTRAINT `fk_2_vtiger_seattachmentsrel` FOREIGN KEY (`crmid`) REFERENCES `vtiger_crmentity` (`crmid`) ON DELETE CASCADE;

--
-- Constraints for table `vtiger_selectcolumn`
--
ALTER TABLE `vtiger_selectcolumn`
  ADD CONSTRAINT `fk_1_vtiger_selectcolumn` FOREIGN KEY (`queryid`) REFERENCES `vtiger_selectquery` (`queryid`) ON DELETE CASCADE;

--
-- Constraints for table `vtiger_senotesrel`
--
ALTER TABLE `vtiger_senotesrel`
  ADD CONSTRAINT `fk1_crmid` FOREIGN KEY (`crmid`) REFERENCES `vtiger_crmentity` (`crmid`) ON DELETE CASCADE,
  ADD CONSTRAINT `fk_2_vtiger_senotesrel` FOREIGN KEY (`notesid`) REFERENCES `vtiger_notes` (`notesid`) ON DELETE CASCADE;

--
-- Constraints for table `vtiger_seproductsrel`
--
ALTER TABLE `vtiger_seproductsrel`
  ADD CONSTRAINT `fk_2_vtiger_seproductsrel` FOREIGN KEY (`productid`) REFERENCES `vtiger_products` (`productid`) ON DELETE CASCADE;

--
-- Constraints for table `vtiger_service`
--
ALTER TABLE `vtiger_service`
  ADD CONSTRAINT `fk_1_vtiger_service` FOREIGN KEY (`serviceid`) REFERENCES `vtiger_crmentity` (`crmid`) ON DELETE CASCADE;

--
-- Constraints for table `vtiger_servicecf`
--
ALTER TABLE `vtiger_servicecf`
  ADD CONSTRAINT `fk_serviceid_vtiger_servicecf` FOREIGN KEY (`serviceid`) REFERENCES `vtiger_service` (`serviceid`) ON DELETE CASCADE;

--
-- Constraints for table `vtiger_servicecontracts`
--
ALTER TABLE `vtiger_servicecontracts`
  ADD CONSTRAINT `fk_crmid_vtiger_servicecontracts` FOREIGN KEY (`servicecontractsid`) REFERENCES `vtiger_crmentity` (`crmid`) ON DELETE CASCADE;

--
-- Constraints for table `vtiger_servicecontractscf`
--
ALTER TABLE `vtiger_servicecontractscf`
  ADD CONSTRAINT `fk_servicecontractsid_vtiger_servicecontractscf` FOREIGN KEY (`servicecontractsid`) REFERENCES `vtiger_servicecontracts` (`servicecontractsid`) ON DELETE CASCADE;

--
-- Constraints for table `vtiger_seticketsrel`
--
ALTER TABLE `vtiger_seticketsrel`
  ADD CONSTRAINT `fk_2_vtiger_seticketsrel` FOREIGN KEY (`ticketid`) REFERENCES `vtiger_troubletickets` (`ticketid`) ON DELETE CASCADE;

--
-- Constraints for table `vtiger_settings_field`
--
ALTER TABLE `vtiger_settings_field`
  ADD CONSTRAINT `fk_1_vtiger_settings_field` FOREIGN KEY (`blockid`) REFERENCES `vtiger_settings_blocks` (`blockid`) ON DELETE CASCADE;

--
-- Constraints for table `vtiger_smsnotifier`
--
ALTER TABLE `vtiger_smsnotifier`
  ADD CONSTRAINT `fk_crmid_vtiger_smsnotifier` FOREIGN KEY (`smsnotifierid`) REFERENCES `vtiger_crmentity` (`crmid`) ON DELETE CASCADE;

--
-- Constraints for table `vtiger_smsnotifiercf`
--
ALTER TABLE `vtiger_smsnotifiercf`
  ADD CONSTRAINT `fk_smsnotifierid_vtiger_smsnotifiercf` FOREIGN KEY (`smsnotifierid`) REFERENCES `vtiger_smsnotifier` (`smsnotifierid`) ON DELETE CASCADE;

--
-- Constraints for table `vtiger_sobillads`
--
ALTER TABLE `vtiger_sobillads`
  ADD CONSTRAINT `fk_1_vtiger_sobillads` FOREIGN KEY (`sobilladdressid`) REFERENCES `vtiger_salesorder` (`salesorderid`) ON DELETE CASCADE;

--
-- Constraints for table `vtiger_soshipads`
--
ALTER TABLE `vtiger_soshipads`
  ADD CONSTRAINT `fk_1_vtiger_soshipads` FOREIGN KEY (`soshipaddressid`) REFERENCES `vtiger_salesorder` (`salesorderid`) ON DELETE CASCADE;

--
-- Constraints for table `vtiger_sostatushistory`
--
ALTER TABLE `vtiger_sostatushistory`
  ADD CONSTRAINT `fk_1_vtiger_sostatushistory` FOREIGN KEY (`salesorderid`) REFERENCES `vtiger_salesorder` (`salesorderid`) ON DELETE CASCADE;

--
-- Constraints for table `vtiger_tab_info`
--
ALTER TABLE `vtiger_tab_info`
  ADD CONSTRAINT `fk_1_vtiger_tab_info` FOREIGN KEY (`tabid`) REFERENCES `vtiger_tab` (`tabid`) ON DELETE CASCADE ON UPDATE CASCADE;

--
-- Constraints for table `vtiger_ticketcf`
--
ALTER TABLE `vtiger_ticketcf`
  ADD CONSTRAINT `fk_1_vtiger_ticketcf` FOREIGN KEY (`ticketid`) REFERENCES `vtiger_troubletickets` (`ticketid`) ON DELETE CASCADE;

--
-- Constraints for table `vtiger_ticketcomments`
--
ALTER TABLE `vtiger_ticketcomments`
  ADD CONSTRAINT `fk_1_vtiger_ticketcomments` FOREIGN KEY (`ticketid`) REFERENCES `vtiger_troubletickets` (`ticketid`) ON DELETE CASCADE;

--
-- Constraints for table `vtiger_tmp_read_group_rel_sharing_per`
--
ALTER TABLE `vtiger_tmp_read_group_rel_sharing_per`
  ADD CONSTRAINT `fk_4_vtiger_tmp_read_group_rel_sharing_per` FOREIGN KEY (`userid`) REFERENCES `vtiger_users` (`id`) ON DELETE CASCADE;

--
-- Constraints for table `vtiger_tmp_read_group_sharing_per`
--
ALTER TABLE `vtiger_tmp_read_group_sharing_per`
  ADD CONSTRAINT `fk_3_vtiger_tmp_read_group_sharing_per` FOREIGN KEY (`userid`) REFERENCES `vtiger_users` (`id`) ON DELETE CASCADE;

--
-- Constraints for table `vtiger_tmp_read_user_rel_sharing_per`
--
ALTER TABLE `vtiger_tmp_read_user_rel_sharing_per`
  ADD CONSTRAINT `fk_4_vtiger_tmp_read_user_rel_sharing_per` FOREIGN KEY (`userid`) REFERENCES `vtiger_users` (`id`) ON DELETE CASCADE;

--
-- Constraints for table `vtiger_tmp_read_user_sharing_per`
--
ALTER TABLE `vtiger_tmp_read_user_sharing_per`
  ADD CONSTRAINT `fk_3_vtiger_tmp_read_user_sharing_per` FOREIGN KEY (`userid`) REFERENCES `vtiger_users` (`id`) ON DELETE CASCADE;

--
-- Constraints for table `vtiger_tmp_write_group_rel_sharing_per`
--
ALTER TABLE `vtiger_tmp_write_group_rel_sharing_per`
  ADD CONSTRAINT `fk_4_vtiger_tmp_write_group_rel_sharing_per` FOREIGN KEY (`userid`) REFERENCES `vtiger_users` (`id`) ON DELETE CASCADE;

--
-- Constraints for table `vtiger_tmp_write_group_sharing_per`
--
ALTER TABLE `vtiger_tmp_write_group_sharing_per`
  ADD CONSTRAINT `fk_3_vtiger_tmp_write_group_sharing_per` FOREIGN KEY (`userid`) REFERENCES `vtiger_users` (`id`) ON DELETE CASCADE;

--
-- Constraints for table `vtiger_tmp_write_user_rel_sharing_per`
--
ALTER TABLE `vtiger_tmp_write_user_rel_sharing_per`
  ADD CONSTRAINT `fk_4_vtiger_tmp_write_user_rel_sharing_per` FOREIGN KEY (`userid`) REFERENCES `vtiger_users` (`id`) ON DELETE CASCADE;

--
-- Constraints for table `vtiger_tmp_write_user_sharing_per`
--
ALTER TABLE `vtiger_tmp_write_user_sharing_per`
  ADD CONSTRAINT `fk_3_vtiger_tmp_write_user_sharing_per` FOREIGN KEY (`userid`) REFERENCES `vtiger_users` (`id`) ON DELETE CASCADE;

--
-- Constraints for table `vtiger_troubletickets`
--
ALTER TABLE `vtiger_troubletickets`
  ADD CONSTRAINT `fk_1_vtiger_troubletickets` FOREIGN KEY (`ticketid`) REFERENCES `vtiger_crmentity` (`crmid`) ON DELETE CASCADE;

--
-- Constraints for table `vtiger_user2role`
--
ALTER TABLE `vtiger_user2role`
  ADD CONSTRAINT `fk_2_vtiger_user2role` FOREIGN KEY (`userid`) REFERENCES `vtiger_users` (`id`) ON DELETE CASCADE;

--
-- Constraints for table `vtiger_users2group`
--
ALTER TABLE `vtiger_users2group`
  ADD CONSTRAINT `fk_2_vtiger_users2group` FOREIGN KEY (`userid`) REFERENCES `vtiger_users` (`id`) ON DELETE CASCADE;

--
-- Constraints for table `vtiger_user_module_preferences`
--
ALTER TABLE `vtiger_user_module_preferences`
  ADD CONSTRAINT `fk_2_vtiger_user_module_preferences` FOREIGN KEY (`tabid`) REFERENCES `vtiger_tab` (`tabid`) ON DELETE CASCADE ON UPDATE CASCADE;

--
-- Constraints for table `vtiger_vendor`
--
ALTER TABLE `vtiger_vendor`
  ADD CONSTRAINT `fk_1_vtiger_vendor` FOREIGN KEY (`vendorid`) REFERENCES `vtiger_crmentity` (`crmid`) ON DELETE CASCADE;

--
-- Constraints for table `vtiger_vendorcf`
--
ALTER TABLE `vtiger_vendorcf`
  ADD CONSTRAINT `fk_1_vtiger_vendorcf` FOREIGN KEY (`vendorid`) REFERENCES `vtiger_vendor` (`vendorid`) ON DELETE CASCADE;

--
-- Constraints for table `vtiger_vendorcontactrel`
--
ALTER TABLE `vtiger_vendorcontactrel`
  ADD CONSTRAINT `fk_2_vtiger_vendorcontactrel` FOREIGN KEY (`vendorid`) REFERENCES `vtiger_vendor` (`vendorid`) ON DELETE CASCADE;

--
-- Constraints for table `vtiger_webforms_field`
--
ALTER TABLE `vtiger_webforms_field`
  ADD CONSTRAINT `fk_1_vtiger_webforms_field` FOREIGN KEY (`webformid`) REFERENCES `vtiger_webforms` (`id`) ON DELETE CASCADE,
  ADD CONSTRAINT `fk_3_vtiger_webforms_field` FOREIGN KEY (`fieldname`) REFERENCES `vtiger_field` (`fieldname`) ON DELETE CASCADE;

--
-- Constraints for table `vtiger_webform_file_fields`
--
ALTER TABLE `vtiger_webform_file_fields`
  ADD CONSTRAINT `fk_vtiger_webforms` FOREIGN KEY (`webformid`) REFERENCES `vtiger_webforms` (`id`) ON DELETE CASCADE;

--
-- Constraints for table `vtiger_wsapp_logs_details`
--
ALTER TABLE `vtiger_wsapp_logs_details`
  ADD CONSTRAINT `vtiger_wsapp_logs_basic_ibfk_1` FOREIGN KEY (`id`) REFERENCES `vtiger_wsapp_logs_basic` (`id`) ON DELETE CASCADE;

--
-- Constraints for table `vtiger_ws_entity_referencetype`
--
ALTER TABLE `vtiger_ws_entity_referencetype`
  ADD CONSTRAINT `vtiger_fk_1_actors_referencetype` FOREIGN KEY (`fieldtypeid`) REFERENCES `vtiger_ws_entity_fieldtype` (`fieldtypeid`) ON DELETE CASCADE;

--
-- Constraints for table `vtiger_ws_entity_tables`
--
ALTER TABLE `vtiger_ws_entity_tables`
  ADD CONSTRAINT `fk_1_vtiger_ws_actor_tables` FOREIGN KEY (`webservice_entity_id`) REFERENCES `vtiger_ws_entity` (`id`) ON DELETE CASCADE;

--
-- Constraints for table `vtiger_ws_referencetype`
--
ALTER TABLE `vtiger_ws_referencetype`
  ADD CONSTRAINT `fk_1_vtiger_referencetype` FOREIGN KEY (`fieldtypeid`) REFERENCES `vtiger_ws_fieldtype` (`fieldtypeid`) ON DELETE CASCADE;
COMMIT;

/*!40101 SET CHARACTER_SET_CLIENT=@OLD_CHARACTER_SET_CLIENT */;
/*!40101 SET CHARACTER_SET_RESULTS=@OLD_CHARACTER_SET_RESULTS */;
/*!40101 SET COLLATION_CONNECTION=@OLD_COLLATION_CONNECTION */;
