<?xml version='1.0'?>
<schema>
	<tables>
		<table>
			<name>vtiger_mainservicestype</name>
			<sql><![CDATA[CREATE TABLE `vtiger_mainservicestype` (`mainservicestypeid` int(11) NOT NULL, `mainservicestypeno` varchar(100) default NULL, `mainservicestype_tks_servicena` varchar(255) default NULL ,`mainservicestype_tks_descripti` varchar(250) default NULL   , PRIMARY KEY (`mainservicestypeid`) ) ENGINE=InnoDB DEFAULT CHARSET=utf8]]></sql>
		</table>
		<table>
			<name>vtiger_mainservicestypecf</name>
			<sql><![CDATA[CREATE TABLE `vtiger_mainservicestypecf` (`mainservicestypeid` int(11) NOT NULL, PRIMARY KEY (`mainservicestypeid`) ) ENGINE=InnoDB DEFAULT CHARSET=utf8]]></sql>
		</table>
		<table>
			<name>vtiger_mainservicestype_user_field</name>
			<sql><![CDATA[CREATE TABLE `vtiger_mainservicestype_user_field` (`recordid` int(25) NOT NULL, `userid` int(25) NOT NULL, `starred` varchar(100) default NULL , KEY (`vtiger_mainservicestype_user_field`) ) ENGINE=InnoDB DEFAULT CHARSET=utf8]]></sql>
		</table>
	</tables>
</schema>
